user_id,experiment_id,group,enter_time,experiment_version
U000001,EXP_FINISH_PAGE_001,control,2026-05-15 00:00:00,v1
U000002,EXP_FINISH_PAGE_001,treatment,2026-06-24 15:00:00,v1
U000003,EXP_FINISH_PAGE_001,control,2026-06-17 08:00:00,v1
U000004,EXP_FINISH_PAGE_001,control,2026-05-15 00:00:00,v1
U000005,EXP_FINISH_PAGE_001,control,2026-05-17 18:00:00,v1
U000006,EXP_FINISH_PAGE_001,control,2026-06-22 14:00:00,v1
U000007,EXP_FINISH_PAGE_001,treatment,2026-05-16 20:00:00,v1
U000008,EXP_FINISH_PAGE_001,treatment,2026-05-15 00:00:00,v1
U000009,EXP_FINISH_PAGE_001,treatment,2026-06-10 20:00:00,v1
U000010,EXP_FINISH_PAGE_001,control,2026-05-15 00:00:00,v1
U000011,EXP_FINISH_PAGE_001,treatment,2026-05-15 00:00:00,v1
U000012,EXP_FINISH_PAGE_001,control,2026-06-29 19:00:00,v1
U000013,EXP_FINISH_PAGE_001,control,2026-05-17 11:00:00,v1
U000014,EXP_FINISH_PAGE_001,treatment,2026-06-20 19:00:00,v1
U000015,EXP_FINISH_PAGE_001,control,2026-05-15 00:00:00,v1
U000016,EXP_FINISH_PAGE_001,control,2026-05-25 16:00:00,v1
U000017,EXP_FINISH_PAGE_001,control,2026-06-24 11:00:00,v1
U000018,EXP_FINISH_PAGE_001,control,2026-05-24 16:00:00,v1
U000019,EXP_FINISH_PAGE_001,treatment,2026-05-15 09:00:00,v1
U000020,EXP_FINISH_PAGE_001,treatment,2026-06-23 11:00:00,v1
U000021,EXP_FINISH_PAGE_001,treatment,2026-06-07 21:00:00,v1
U000022,EXP_FINISH_PAGE_001,control,2026-05-31 10:00:00,v1
U000023,EXP_FINISH_PAGE_001,treatment,2026-06-06 21:00:00,v1
U000024,EXP_FINISH_PAGE_001,control,2026-05-15 00:00:00,v1
U000025,EXP_FINISH_PAGE_001,control,2026-06-02 08:00:00,v1
U000026,EXP_FINISH_PAGE_001,control,2026-05-24 09:00:00,v1
U000027,EXP_FINISH_PAGE_001,treatment,2026-05-15 00:00:00,v1
U000028,EXP_FINISH_PAGE_001,treatment,2026-06-24 08:00:00,v1
U000029,EXP_FINISH_PAGE_001,treatment,2026-05-15 00:00:00,v1
U000030,EXP_FINISH_PAGE_001,control,2026-05-15 00:00:00,v1
U000031,EXP_FINISH_PAGE_001,control,2026-06-14 18:00:00,v1
U000032,EXP_FINISH_PAGE_001,treatment,2026-05-15 00:00:00,v1
U000033,EXP_FINISH_PAGE_001,control,2026-06-03 11:00:00,v1
U000034,EXP_FINISH_PAGE_001,treatment,2026-06-17 16:00:00,v1
U000035,EXP_FINISH_PAGE_001,treatment,2026-05-15 00:00:00,v1
U000036,EXP_FINISH_PAGE_001,treatment,2026-06-02 12:00:00,v1
U000037,EXP_FINISH_PAGE_001,treatment,2026-05-15 00:00:00,v1
U000038,EXP_FINISH_PAGE_001,control,2026-05-15 00:00:00,v1
U000039,EXP_FINISH_PAGE_001,control,2026-06-20 16:00:00,v1
U000040,EXP_FINISH_PAGE_001,control,2026-06-02 08:00:00,v1
U000041,EXP_FINISH_PAGE_001,control,2026-06-01 16:00:00,v1
U000042,EXP_FINISH_PAGE_001,control,2026-06-27 21:00:00,v1
U000043,EXP_FINISH_PAGE_001,control,2026-05-26 11:00:00,v1
U000044,EXP_FINISH_PAGE_001,treatment,2026-05-30 12:00:00,v1
U000045,EXP_FINISH_PAGE_001,control,2026-06-25 13:00:00,v1
U000046,EXP_FINISH_PAGE_001,control,2026-06-12 17:00:00,v1
U000047,EXP_FINISH_PAGE_001,treatment,2026-06-27 16:00:00,v1
U000048,EXP_FINISH_PAGE_001,treatment,2026-06-26 13:00:00,v1
U000049,EXP_FINISH_PAGE_001,control,2026-05-19 15:00:00,v1
U000050,EXP_FINISH_PAGE_001,control,2026-05-15 00:00:00,v1
U000051,EXP_FINISH_PAGE_001,control,2026-05-15 00:00:00,v1
U000052,EXP_FINISH_PAGE_001,treatment,2026-06-03 21:00:00,v1
U000053,EXP_FINISH_PAGE_001,treatment,2026-05-16 21:00:00,v1
U000054,EXP_FINISH_PAGE_001,control,2026-05-17 15:00:00,v1
U000055,EXP_FINISH_PAGE_001,treatment,2026-05-26 16:00:00,v1
U000056,EXP_FINISH_PAGE_001,treatment,2026-05-31 21:00:00,v1
U000057,EXP_FINISH_PAGE_001,control,2026-06-21 16:00:00,v1
U000058,EXP_FINISH_PAGE_001,control,2026-05-15 00:00:00,v1
U000059,EXP_FINISH_PAGE_001,treatment,2026-05-15 00:00:00,v1
U000060,EXP_FINISH_PAGE_001,treatment,2026-05-20 18:00:00,v1
U000061,EXP_FINISH_PAGE_001,control,2026-06-06 09:00:00,v1
U000062,EXP_FINISH_PAGE_001,treatment,2026-06-25 20:00:00,v1
U000063,EXP_FINISH_PAGE_001,treatment,2026-06-27 18:00:00,v1
U000064,EXP_FINISH_PAGE_001,treatment,2026-06-09 14:00:00,v1
U000065,EXP_FINISH_PAGE_001,treatment,2026-06-07 14:00:00,v1
U000066,EXP_FINISH_PAGE_001,treatment,2026-05-29 14:00:00,v1
U000067,EXP_FINISH_PAGE_001,control,2026-06-17 21:00:00,v1
U000068,EXP_FINISH_PAGE_001,control,2026-05-26 09:00:00,v1
U000069,EXP_FINISH_PAGE_001,control,2026-05-28 12:00:00,v1
U000070,EXP_FINISH_PAGE_001,control,2026-06-06 16:00:00,v1
U000071,EXP_FINISH_PAGE_001,control,2026-06-20 19:00:00,v1
U000072,EXP_FINISH_PAGE_001,control,2026-05-27 13:00:00,v1
U000073,EXP_FINISH_PAGE_001,treatment,2026-06-18 16:00:00,v1
U000074,EXP_FINISH_PAGE_001,treatment,2026-05-29 09:00:00,v1
U000075,EXP_FINISH_PAGE_001,treatment,2026-06-20 14:00:00,v1
U000076,EXP_FINISH_PAGE_001,control,2026-05-16 21:00:00,v1
U000077,EXP_FINISH_PAGE_001,treatment,2026-06-25 18:00:00,v1
U000078,EXP_FINISH_PAGE_001,control,2026-05-15 00:00:00,v1
U000079,EXP_FINISH_PAGE_001,control,2026-06-19 20:00:00,v1
U000080,EXP_FINISH_PAGE_001,treatment,2026-05-25 20:00:00,v1
U000081,EXP_FINISH_PAGE_001,control,2026-05-15 00:00:00,v1
U000082,EXP_FINISH_PAGE_001,treatment,2026-06-13 21:00:00,v1
U000083,EXP_FINISH_PAGE_001,treatment,2026-06-27 21:00:00,v1
U000084,EXP_FINISH_PAGE_001,control,2026-05-19 15:00:00,v1
U000085,EXP_FINISH_PAGE_001,control,2026-05-27 20:00:00,v1
U000086,EXP_FINISH_PAGE_001,control,2026-06-23 11:00:00,v1
U000087,EXP_FINISH_PAGE_001,treatment,2026-06-02 18:00:00,v1
U000088,EXP_FINISH_PAGE_001,treatment,2026-06-24 18:00:00,v1
U000089,EXP_FINISH_PAGE_001,control,2026-06-25 09:00:00,v1
U000090,EXP_FINISH_PAGE_001,treatment,2026-06-11 19:00:00,v1
U000091,EXP_FINISH_PAGE_001,control,2026-06-21 12:00:00,v1
U000092,EXP_FINISH_PAGE_001,control,2026-05-20 21:00:00,v1
U000093,EXP_FINISH_PAGE_001,control,2026-06-26 20:00:00,v1
U000094,EXP_FINISH_PAGE_001,control,2026-05-15 00:00:00,v1
U000095,EXP_FINISH_PAGE_001,control,2026-06-03 17:00:00,v1
U000096,EXP_FINISH_PAGE_001,control,2026-06-22 12:00:00,v1
U000097,EXP_FINISH_PAGE_001,treatment,2026-06-06 20:00:00,v1
U000098,EXP_FINISH_PAGE_001,treatment,2026-05-15 00:00:00,v1
U000099,EXP_FINISH_PAGE_001,treatment,2026-05-15 17:00:00,v1
U000100,EXP_FINISH_PAGE_001,treatment,2026-05-15 00:00:00,v1
U000101,EXP_FINISH_PAGE_001,treatment,2026-05-15 00:00:00,v1
U000102,EXP_FINISH_PAGE_001,control,2026-05-17 13:00:00,v1
U000103,EXP_FINISH_PAGE_001,control,2026-06-19 17:00:00,v1
U000104,EXP_FINISH_PAGE_001,control,2026-06-06 19:00:00,v1
U000105,EXP_FINISH_PAGE_001,control,2026-06-08 20:00:00,v1
U000106,EXP_FINISH_PAGE_001,control,2026-06-03 08:00:00,v1
U000107,EXP_FINISH_PAGE_001,control,2026-06-15 13:00:00,v1
U000108,EXP_FINISH_PAGE_001,treatment,2026-05-15 00:00:00,v1
U000109,EXP_FINISH_PAGE_001,treatment,2026-05-15 10:00:00,v1
U000110,EXP_FINISH_PAGE_001,treatment,2026-06-24 20:00:00,v1
U000111,EXP_FINISH_PAGE_001,control,2026-05-15 00:00:00,v1
U000112,EXP_FINISH_PAGE_001,treatment,2026-06-14 09:00:00,v1
U000113,EXP_FINISH_PAGE_001,treatment,2026-06-20 13:00:00,v1
U000114,EXP_FINISH_PAGE_001,control,2026-05-31 18:00:00,v1
U000115,EXP_FINISH_PAGE_001,treatment,2026-05-27 18:00:00,v1
U000116,EXP_FINISH_PAGE_001,control,2026-05-15 20:00:00,v1
U000117,EXP_FINISH_PAGE_001,control,2026-05-29 14:00:00,v1
U000118,EXP_FINISH_PAGE_001,treatment,2026-05-15 00:00:00,v1
U000119,EXP_FINISH_PAGE_001,treatment,2026-05-27 14:00:00,v1
U000120,EXP_FINISH_PAGE_001,treatment,2026-05-20 12:00:00,v1
U000121,EXP_FINISH_PAGE_001,control,2026-06-02 20:00:00,v1
U000122,EXP_FINISH_PAGE_001,treatment,2026-06-20 17:00:00,v1
U000123,EXP_FINISH_PAGE_001,treatment,2026-06-23 13:00:00,v1
U000124,EXP_FINISH_PAGE_001,treatment,2026-05-23 13:00:00,v1
U000125,EXP_FINISH_PAGE_001,treatment,2026-05-30 20:00:00,v1
U000126,EXP_FINISH_PAGE_001,treatment,2026-05-15 00:00:00,v1
U000127,EXP_FINISH_PAGE_001,control,2026-06-07 12:00:00,v1
U000128,EXP_FINISH_PAGE_001,treatment,2026-05-15 00:00:00,v1
U000129,EXP_FINISH_PAGE_001,treatment,2026-06-19 17:00:00,v1
U000130,EXP_FINISH_PAGE_001,control,2026-06-06 13:00:00,v1
U000131,EXP_FINISH_PAGE_001,control,2026-05-15 00:00:00,v1
U000132,EXP_FINISH_PAGE_001,control,2026-06-21 13:00:00,v1
U000133,EXP_FINISH_PAGE_001,treatment,2026-05-15 17:00:00,v1
U000134,EXP_FINISH_PAGE_001,treatment,2026-05-15 00:00:00,v1
U000135,EXP_FINISH_PAGE_001,control,2026-06-26 21:00:00,v1
U000136,EXP_FINISH_PAGE_001,control,2026-05-26 18:00:00,v1
U000137,EXP_FINISH_PAGE_001,treatment,2026-06-18 16:00:00,v1
U000138,EXP_FINISH_PAGE_001,treatment,2026-05-15 00:00:00,v1
U000139,EXP_FINISH_PAGE_001,control,2026-06-01 17:00:00,v1
U000140,EXP_FINISH_PAGE_001,treatment,2026-06-03 17:00:00,v1
U000141,EXP_FINISH_PAGE_001,control,2026-05-28 08:00:00,v1
U000142,EXP_FINISH_PAGE_001,control,2026-05-15 00:00:00,v1
U000143,EXP_FINISH_PAGE_001,control,2026-05-15 00:00:00,v1
U000144,EXP_FINISH_PAGE_001,control,2026-05-15 00:00:00,v1
U000145,EXP_FINISH_PAGE_001,control,2026-05-15 00:00:00,v1
U000146,EXP_FINISH_PAGE_001,treatment,2026-05-26 18:00:00,v1
U000147,EXP_FINISH_PAGE_001,treatment,2026-06-17 17:00:00,v1
U000148,EXP_FINISH_PAGE_001,treatment,2026-06-25 15:00:00,v1
U000149,EXP_FINISH_PAGE_001,control,2026-06-06 21:00:00,v1
U000150,EXP_FINISH_PAGE_001,treatment,2026-05-15 00:00:00,v1
U000151,EXP_FINISH_PAGE_001,treatment,2026-06-04 12:00:00,v1
U000152,EXP_FINISH_PAGE_001,control,2026-06-09 12:00:00,v1
U000153,EXP_FINISH_PAGE_001,treatment,2026-05-15 00:00:00,v1
U000154,EXP_FINISH_PAGE_001,treatment,2026-06-09 18:00:00,v1
U000155,EXP_FINISH_PAGE_001,control,2026-05-27 09:00:00,v1
U000156,EXP_FINISH_PAGE_001,treatment,2026-05-20 21:00:00,v1
U000157,EXP_FINISH_PAGE_001,control,2026-05-15 00:00:00,v1
U000158,EXP_FINISH_PAGE_001,treatment,2026-05-15 00:00:00,v1
U000159,EXP_FINISH_PAGE_001,treatment,2026-05-18 09:00:00,v1
U000160,EXP_FINISH_PAGE_001,control,2026-05-23 20:00:00,v1
U000161,EXP_FINISH_PAGE_001,control,2026-05-15 00:00:00,v1
U000162,EXP_FINISH_PAGE_001,treatment,2026-05-15 00:00:00,v1
U000163,EXP_FINISH_PAGE_001,control,2026-06-29 08:00:00,v1
U000164,EXP_FINISH_PAGE_001,treatment,2026-05-15 00:00:00,v1
U000165,EXP_FINISH_PAGE_001,control,2026-05-31 18:00:00,v1
U000166,EXP_FINISH_PAGE_001,treatment,2026-05-15 00:00:00,v1
U000167,EXP_FINISH_PAGE_001,control,2026-05-17 17:00:00,v1
U000168,EXP_FINISH_PAGE_001,control,2026-05-15 00:00:00,v1
U000169,EXP_FINISH_PAGE_001,control,2026-06-05 20:00:00,v1
U000170,EXP_FINISH_PAGE_001,treatment,2026-06-11 19:00:00,v1
U000171,EXP_FINISH_PAGE_001,control,2026-05-29 18:00:00,v1
U000172,EXP_FINISH_PAGE_001,treatment,2026-06-12 13:00:00,v1
U000173,EXP_FINISH_PAGE_001,control,2026-05-15 00:00:00,v1
U000174,EXP_FINISH_PAGE_001,treatment,2026-05-20 08:00:00,v1
U000175,EXP_FINISH_PAGE_001,treatment,2026-05-15 00:00:00,v1
U000176,EXP_FINISH_PAGE_001,control,2026-06-25 13:00:00,v1
U000177,EXP_FINISH_PAGE_001,treatment,2026-05-15 00:00:00,v1
U000178,EXP_FINISH_PAGE_001,treatment,2026-06-04 16:00:00,v1
U000179,EXP_FINISH_PAGE_001,control,2026-05-15 00:00:00,v1
U000180,EXP_FINISH_PAGE_001,control,2026-06-03 08:00:00,v1
U000181,EXP_FINISH_PAGE_001,control,2026-06-17 21:00:00,v1
U000182,EXP_FINISH_PAGE_001,treatment,2026-06-11 11:00:00,v1
U000183,EXP_FINISH_PAGE_001,treatment,2026-06-27 10:00:00,v1
U000184,EXP_FINISH_PAGE_001,control,2026-05-30 13:00:00,v1
U000185,EXP_FINISH_PAGE_001,treatment,2026-06-16 17:00:00,v1
U000186,EXP_FINISH_PAGE_001,treatment,2026-05-25 15:00:00,v1
U000187,EXP_FINISH_PAGE_001,treatment,2026-06-10 17:00:00,v1
U000188,EXP_FINISH_PAGE_001,treatment,2026-06-28 09:00:00,v1
U000189,EXP_FINISH_PAGE_001,treatment,2026-05-23 13:00:00,v1
U000190,EXP_FINISH_PAGE_001,control,2026-05-15 00:00:00,v1
U000191,EXP_FINISH_PAGE_001,control,2026-06-12 09:00:00,v1
U000192,EXP_FINISH_PAGE_001,control,2026-06-20 13:00:00,v1
U000193,EXP_FINISH_PAGE_001,treatment,2026-06-06 19:00:00,v1
U000194,EXP_FINISH_PAGE_001,treatment,2026-06-12 10:00:00,v1
U000195,EXP_FINISH_PAGE_001,treatment,2026-05-15 00:00:00,v1
U000196,EXP_FINISH_PAGE_001,treatment,2026-06-05 14:00:00,v1
U000197,EXP_FINISH_PAGE_001,control,2026-06-19 20:00:00,v1
U000198,EXP_FINISH_PAGE_001,treatment,2026-06-21 14:00:00,v1
U000199,EXP_FINISH_PAGE_001,control,2026-06-27 10:00:00,v1
U000200,EXP_FINISH_PAGE_001,treatment,2026-05-22 15:00:00,v1
U000201,EXP_FINISH_PAGE_001,treatment,2026-05-20 16:00:00,v1
U000202,EXP_FINISH_PAGE_001,control,2026-05-30 08:00:00,v1
U000203,EXP_FINISH_PAGE_001,control,2026-06-04 21:00:00,v1
U000204,EXP_FINISH_PAGE_001,treatment,2026-05-30 16:00:00,v1
U000205,EXP_FINISH_PAGE_001,control,2026-06-06 18:00:00,v1
U000206,EXP_FINISH_PAGE_001,control,2026-06-05 09:00:00,v1
U000207,EXP_FINISH_PAGE_001,treatment,2026-05-19 15:00:00,v1
U000208,EXP_FINISH_PAGE_001,treatment,2026-05-15 00:00:00,v1
U000209,EXP_FINISH_PAGE_001,treatment,2026-06-29 18:00:00,v1
U000210,EXP_FINISH_PAGE_001,control,2026-05-29 19:00:00,v1
U000211,EXP_FINISH_PAGE_001,treatment,2026-06-22 09:00:00,v1
U000212,EXP_FINISH_PAGE_001,control,2026-06-12 14:00:00,v1
U000213,EXP_FINISH_PAGE_001,control,2026-06-16 10:00:00,v1
U000214,EXP_FINISH_PAGE_001,treatment,2026-05-15 00:00:00,v1
U000215,EXP_FINISH_PAGE_001,treatment,2026-05-15 15:00:00,v1
U000216,EXP_FINISH_PAGE_001,control,2026-05-15 00:00:00,v1
U000217,EXP_FINISH_PAGE_001,control,2026-06-24 16:00:00,v1
U000218,EXP_FINISH_PAGE_001,treatment,2026-05-20 14:00:00,v1
U000219,EXP_FINISH_PAGE_001,control,2026-05-22 11:00:00,v1
U000220,EXP_FINISH_PAGE_001,treatment,2026-06-20 15:00:00,v1
U000221,EXP_FINISH_PAGE_001,control,2026-05-15 00:00:00,v1
U000222,EXP_FINISH_PAGE_001,treatment,2026-05-27 11:00:00,v1
U000223,EXP_FINISH_PAGE_001,control,2026-05-15 00:00:00,v1
U000224,EXP_FINISH_PAGE_001,control,2026-06-14 11:00:00,v1
U000225,EXP_FINISH_PAGE_001,control,2026-06-19 19:00:00,v1
U000226,EXP_FINISH_PAGE_001,control,2026-05-21 11:00:00,v1
U000227,EXP_FINISH_PAGE_001,treatment,2026-05-24 13:00:00,v1
U000228,EXP_FINISH_PAGE_001,treatment,2026-05-15 00:00:00,v1
U000229,EXP_FINISH_PAGE_001,control,2026-06-14 17:00:00,v1
U000230,EXP_FINISH_PAGE_001,control,2026-05-15 00:00:00,v1
U000231,EXP_FINISH_PAGE_001,treatment,2026-06-03 11:00:00,v1
U000232,EXP_FINISH_PAGE_001,control,2026-06-14 21:00:00,v1
U000233,EXP_FINISH_PAGE_001,control,2026-06-10 12:00:00,v1
U000234,EXP_FINISH_PAGE_001,treatment,2026-06-16 12:00:00,v1
U000235,EXP_FINISH_PAGE_001,treatment,2026-05-31 15:00:00,v1
U000236,EXP_FINISH_PAGE_001,control,2026-06-24 08:00:00,v1
U000237,EXP_FINISH_PAGE_001,control,2026-06-14 16:00:00,v1
U000238,EXP_FINISH_PAGE_001,control,2026-06-28 17:00:00,v1
U000239,EXP_FINISH_PAGE_001,control,2026-05-15 00:00:00,v1
U000240,EXP_FINISH_PAGE_001,treatment,2026-06-26 17:00:00,v1
U000241,EXP_FINISH_PAGE_001,treatment,2026-05-15 00:00:00,v1
U000242,EXP_FINISH_PAGE_001,control,2026-05-15 00:00:00,v1
U000243,EXP_FINISH_PAGE_001,control,2026-06-07 12:00:00,v1
U000244,EXP_FINISH_PAGE_001,control,2026-05-15 00:00:00,v1
U000245,EXP_FINISH_PAGE_001,treatment,2026-05-26 12:00:00,v1
U000246,EXP_FINISH_PAGE_001,treatment,2026-06-07 17:00:00,v1
U000247,EXP_FINISH_PAGE_001,treatment,2026-05-15 00:00:00,v1
U000248,EXP_FINISH_PAGE_001,control,2026-05-22 08:00:00,v1
U000249,EXP_FINISH_PAGE_001,control,2026-05-27 20:00:00,v1
U000250,EXP_FINISH_PAGE_001,treatment,2026-05-15 00:00:00,v1
U000251,EXP_FINISH_PAGE_001,treatment,2026-05-15 00:00:00,v1
U000252,EXP_FINISH_PAGE_001,control,2026-05-18 17:00:00,v1
U000253,EXP_FINISH_PAGE_001,control,2026-05-15 12:00:00,v1
U000254,EXP_FINISH_PAGE_001,treatment,2026-05-15 00:00:00,v1
U000255,EXP_FINISH_PAGE_001,treatment,2026-05-15 00:00:00,v1
U000256,EXP_FINISH_PAGE_001,treatment,2026-06-13 19:00:00,v1
U000257,EXP_FINISH_PAGE_001,treatment,2026-05-25 12:00:00,v1
U000258,EXP_FINISH_PAGE_001,treatment,2026-06-11 12:00:00,v1
U000259,EXP_FINISH_PAGE_001,control,2026-06-03 14:00:00,v1
U000260,EXP_FINISH_PAGE_001,treatment,2026-05-15 00:00:00,v1
U000261,EXP_FINISH_PAGE_001,treatment,2026-06-26 17:00:00,v1
U000262,EXP_FINISH_PAGE_001,control,2026-06-23 09:00:00,v1
U000263,EXP_FINISH_PAGE_001,control,2026-05-15 00:00:00,v1
U000264,EXP_FINISH_PAGE_001,control,2026-05-15 00:00:00,v1
U000265,EXP_FINISH_PAGE_001,control,2026-06-13 11:00:00,v1
U000266,EXP_FINISH_PAGE_001,treatment,2026-06-14 21:00:00,v1
U000267,EXP_FINISH_PAGE_001,control,2026-05-17 19:00:00,v1
U000268,EXP_FINISH_PAGE_001,treatment,2026-06-13 21:00:00,v1
U000269,EXP_FINISH_PAGE_001,treatment,2026-05-15 15:00:00,v1
U000270,EXP_FINISH_PAGE_001,treatment,2026-05-22 09:00:00,v1
U000271,EXP_FINISH_PAGE_001,treatment,2026-05-15 00:00:00,v1
U000272,EXP_FINISH_PAGE_001,control,2026-06-09 12:00:00,v1
U000273,EXP_FINISH_PAGE_001,control,2026-05-15 00:00:00,v1
U000274,EXP_FINISH_PAGE_001,control,2026-05-17 09:00:00,v1
U000275,EXP_FINISH_PAGE_001,control,2026-05-27 19:00:00,v1
U000276,EXP_FINISH_PAGE_001,control,2026-05-15 00:00:00,v1
U000277,EXP_FINISH_PAGE_001,treatment,2026-06-10 18:00:00,v1
U000278,EXP_FINISH_PAGE_001,control,2026-06-19 19:00:00,v1
U000279,EXP_FINISH_PAGE_001,control,2026-06-13 13:00:00,v1
U000280,EXP_FINISH_PAGE_001,treatment,2026-06-28 21:00:00,v1
U000281,EXP_FINISH_PAGE_001,treatment,2026-05-15 00:00:00,v1
U000282,EXP_FINISH_PAGE_001,treatment,2026-05-15 14:00:00,v1
U000283,EXP_FINISH_PAGE_001,treatment,2026-06-28 19:00:00,v1
U000284,EXP_FINISH_PAGE_001,control,2026-05-16 21:00:00,v1
U000285,EXP_FINISH_PAGE_001,treatment,2026-06-23 14:00:00,v1
U000286,EXP_FINISH_PAGE_001,treatment,2026-06-22 11:00:00,v1
U000287,EXP_FINISH_PAGE_001,control,2026-05-17 21:00:00,v1
U000288,EXP_FINISH_PAGE_001,control,2026-05-19 13:00:00,v1
U000289,EXP_FINISH_PAGE_001,control,2026-06-18 15:00:00,v1
U000290,EXP_FINISH_PAGE_001,control,2026-05-31 09:00:00,v1
U000291,EXP_FINISH_PAGE_001,treatment,2026-06-11 20:00:00,v1
U000292,EXP_FINISH_PAGE_001,control,2026-05-15 00:00:00,v1
U000293,EXP_FINISH_PAGE_001,treatment,2026-05-22 16:00:00,v1
U000294,EXP_FINISH_PAGE_001,control,2026-06-10 21:00:00,v1
U000295,EXP_FINISH_PAGE_001,control,2026-06-20 19:00:00,v1
U000296,EXP_FINISH_PAGE_001,treatment,2026-05-24 18:00:00,v1
U000297,EXP_FINISH_PAGE_001,treatment,2026-05-26 10:00:00,v1
U000298,EXP_FINISH_PAGE_001,treatment,2026-05-24 15:00:00,v1
U000299,EXP_FINISH_PAGE_001,treatment,2026-06-25 16:00:00,v1
U000300,EXP_FINISH_PAGE_001,control,2026-05-19 15:00:00,v1
U000301,EXP_FINISH_PAGE_001,treatment,2026-05-15 00:00:00,v1
U000302,EXP_FINISH_PAGE_001,control,2026-05-15 00:00:00,v1
U000303,EXP_FINISH_PAGE_001,control,2026-06-02 10:00:00,v1
U000304,EXP_FINISH_PAGE_001,control,2026-06-29 09:00:00,v1
U000305,EXP_FINISH_PAGE_001,treatment,2026-06-04 20:00:00,v1
U000306,EXP_FINISH_PAGE_001,treatment,2026-06-12 13:00:00,v1
U000307,EXP_FINISH_PAGE_001,control,2026-05-15 00:00:00,v1
U000308,EXP_FINISH_PAGE_001,treatment,2026-06-27 17:00:00,v1
U000309,EXP_FINISH_PAGE_001,treatment,2026-06-06 13:00:00,v1
U000310,EXP_FINISH_PAGE_001,treatment,2026-05-15 00:00:00,v1
U000311,EXP_FINISH_PAGE_001,control,2026-06-16 19:00:00,v1
U000312,EXP_FINISH_PAGE_001,treatment,2026-05-15 00:00:00,v1
U000313,EXP_FINISH_PAGE_001,control,2026-05-18 08:00:00,v1
U000314,EXP_FINISH_PAGE_001,control,2026-06-27 08:00:00,v1
U000315,EXP_FINISH_PAGE_001,treatment,2026-06-26 19:00:00,v1
U000316,EXP_FINISH_PAGE_001,control,2026-06-01 20:00:00,v1
U000317,EXP_FINISH_PAGE_001,control,2026-06-14 11:00:00,v1
U000318,EXP_FINISH_PAGE_001,control,2026-06-14 21:00:00,v1
U000319,EXP_FINISH_PAGE_001,control,2026-06-22 19:00:00,v1
U000320,EXP_FINISH_PAGE_001,treatment,2026-05-26 13:00:00,v1
U000321,EXP_FINISH_PAGE_001,control,2026-05-24 15:00:00,v1
U000322,EXP_FINISH_PAGE_001,treatment,2026-05-24 12:00:00,v1
U000323,EXP_FINISH_PAGE_001,treatment,2026-06-26 10:00:00,v1
U000324,EXP_FINISH_PAGE_001,control,2026-06-16 13:00:00,v1
U000325,EXP_FINISH_PAGE_001,treatment,2026-05-15 19:00:00,v1
U000326,EXP_FINISH_PAGE_001,treatment,2026-05-27 21:00:00,v1
U000327,EXP_FINISH_PAGE_001,treatment,2026-05-17 21:00:00,v1
U000328,EXP_FINISH_PAGE_001,treatment,2026-06-23 20:00:00,v1
U000329,EXP_FINISH_PAGE_001,control,2026-05-15 00:00:00,v1
U000330,EXP_FINISH_PAGE_001,treatment,2026-05-15 00:00:00,v1
U000331,EXP_FINISH_PAGE_001,control,2026-06-05 14:00:00,v1
U000332,EXP_FINISH_PAGE_001,treatment,2026-06-27 11:00:00,v1
U000333,EXP_FINISH_PAGE_001,treatment,2026-06-14 12:00:00,v1
U000334,EXP_FINISH_PAGE_001,control,2026-05-25 10:00:00,v1
U000335,EXP_FINISH_PAGE_001,treatment,2026-05-23 17:00:00,v1
U000336,EXP_FINISH_PAGE_001,control,2026-06-05 16:00:00,v1
U000337,EXP_FINISH_PAGE_001,control,2026-05-22 10:00:00,v1
U000338,EXP_FINISH_PAGE_001,control,2026-05-24 14:00:00,v1
U000339,EXP_FINISH_PAGE_001,control,2026-05-26 10:00:00,v1
U000340,EXP_FINISH_PAGE_001,treatment,2026-06-15 20:00:00,v1
U000341,EXP_FINISH_PAGE_001,control,2026-05-15 13:00:00,v1
U000342,EXP_FINISH_PAGE_001,treatment,2026-05-27 14:00:00,v1
U000343,EXP_FINISH_PAGE_001,control,2026-06-14 11:00:00,v1
U000344,EXP_FINISH_PAGE_001,control,2026-05-28 12:00:00,v1
U000345,EXP_FINISH_PAGE_001,control,2026-05-15 00:00:00,v1
U000346,EXP_FINISH_PAGE_001,control,2026-06-24 09:00:00,v1
U000347,EXP_FINISH_PAGE_001,control,2026-05-15 00:00:00,v1
U000348,EXP_FINISH_PAGE_001,control,2026-05-16 09:00:00,v1
U000349,EXP_FINISH_PAGE_001,control,2026-05-15 00:00:00,v1
U000350,EXP_FINISH_PAGE_001,treatment,2026-05-15 00:00:00,v1
U000351,EXP_FINISH_PAGE_001,treatment,2026-05-15 00:00:00,v1
U000352,EXP_FINISH_PAGE_001,treatment,2026-06-02 14:00:00,v1
U000353,EXP_FINISH_PAGE_001,treatment,2026-05-24 15:00:00,v1
U000354,EXP_FINISH_PAGE_001,control,2026-05-24 11:00:00,v1
U000355,EXP_FINISH_PAGE_001,treatment,2026-06-27 09:00:00,v1
U000356,EXP_FINISH_PAGE_001,treatment,2026-06-05 11:00:00,v1
U000357,EXP_FINISH_PAGE_001,control,2026-06-26 09:00:00,v1
U000358,EXP_FINISH_PAGE_001,control,2026-05-15 00:00:00,v1
U000359,EXP_FINISH_PAGE_001,treatment,2026-06-11 15:00:00,v1
U000360,EXP_FINISH_PAGE_001,treatment,2026-05-27 20:00:00,v1
U000361,EXP_FINISH_PAGE_001,control,2026-05-15 00:00:00,v1
U000362,EXP_FINISH_PAGE_001,control,2026-06-19 15:00:00,v1
U000363,EXP_FINISH_PAGE_001,control,2026-06-27 08:00:00,v1
U000364,EXP_FINISH_PAGE_001,treatment,2026-05-22 13:00:00,v1
U000365,EXP_FINISH_PAGE_001,control,2026-06-20 16:00:00,v1
U000366,EXP_FINISH_PAGE_001,control,2026-05-18 10:00:00,v1
U000367,EXP_FINISH_PAGE_001,treatment,2026-05-15 15:00:00,v1
U000368,EXP_FINISH_PAGE_001,control,2026-05-18 16:00:00,v1
U000369,EXP_FINISH_PAGE_001,treatment,2026-06-01 10:00:00,v1
U000370,EXP_FINISH_PAGE_001,control,2026-06-14 18:00:00,v1
U000371,EXP_FINISH_PAGE_001,control,2026-05-15 00:00:00,v1
U000372,EXP_FINISH_PAGE_001,control,2026-05-21 17:00:00,v1
U000373,EXP_FINISH_PAGE_001,control,2026-05-15 00:00:00,v1
U000374,EXP_FINISH_PAGE_001,treatment,2026-05-19 08:00:00,v1
U000375,EXP_FINISH_PAGE_001,treatment,2026-06-04 13:00:00,v1
U000376,EXP_FINISH_PAGE_001,treatment,2026-05-15 00:00:00,v1
U000377,EXP_FINISH_PAGE_001,treatment,2026-05-18 13:00:00,v1
U000378,EXP_FINISH_PAGE_001,treatment,2026-05-16 09:00:00,v1
U000379,EXP_FINISH_PAGE_001,control,2026-05-16 19:00:00,v1
U000380,EXP_FINISH_PAGE_001,treatment,2026-06-13 12:00:00,v1
U000381,EXP_FINISH_PAGE_001,treatment,2026-06-17 08:00:00,v1
U000382,EXP_FINISH_PAGE_001,control,2026-06-20 08:00:00,v1
U000383,EXP_FINISH_PAGE_001,control,2026-06-12 20:00:00,v1
U000384,EXP_FINISH_PAGE_001,control,2026-05-15 00:00:00,v1
U000385,EXP_FINISH_PAGE_001,treatment,2026-06-21 15:00:00,v1
U000386,EXP_FINISH_PAGE_001,control,2026-06-23 19:00:00,v1
U000387,EXP_FINISH_PAGE_001,treatment,2026-05-15 00:00:00,v1
U000388,EXP_FINISH_PAGE_001,treatment,2026-05-19 13:00:00,v1
U000389,EXP_FINISH_PAGE_001,treatment,2026-05-15 00:00:00,v1
U000390,EXP_FINISH_PAGE_001,control,2026-06-15 16:00:00,v1
U000391,EXP_FINISH_PAGE_001,treatment,2026-06-28 21:00:00,v1
U000392,EXP_FINISH_PAGE_001,treatment,2026-05-21 15:00:00,v1
U000393,EXP_FINISH_PAGE_001,treatment,2026-05-19 20:00:00,v1
U000394,EXP_FINISH_PAGE_001,control,2026-05-31 12:00:00,v1
U000395,EXP_FINISH_PAGE_001,control,2026-05-27 14:00:00,v1
U000396,EXP_FINISH_PAGE_001,control,2026-06-11 12:00:00,v1
U000397,EXP_FINISH_PAGE_001,control,2026-05-15 00:00:00,v1
U000398,EXP_FINISH_PAGE_001,control,2026-05-15 00:00:00,v1
U000399,EXP_FINISH_PAGE_001,treatment,2026-05-29 12:00:00,v1
U000400,EXP_FINISH_PAGE_001,treatment,2026-05-15 00:00:00,v1
U000401,EXP_FINISH_PAGE_001,treatment,2026-06-22 17:00:00,v1
U000402,EXP_FINISH_PAGE_001,control,2026-05-15 00:00:00,v1
U000403,EXP_FINISH_PAGE_001,control,2026-05-15 00:00:00,v1
U000404,EXP_FINISH_PAGE_001,control,2026-05-15 00:00:00,v1
U000405,EXP_FINISH_PAGE_001,treatment,2026-06-01 18:00:00,v1
U000406,EXP_FINISH_PAGE_001,control,2026-05-15 00:00:00,v1
U000407,EXP_FINISH_PAGE_001,control,2026-06-04 19:00:00,v1
U000408,EXP_FINISH_PAGE_001,control,2026-05-27 13:00:00,v1
U000409,EXP_FINISH_PAGE_001,control,2026-06-18 17:00:00,v1
U000410,EXP_FINISH_PAGE_001,treatment,2026-05-24 17:00:00,v1
U000411,EXP_FINISH_PAGE_001,control,2026-06-16 14:00:00,v1
U000412,EXP_FINISH_PAGE_001,treatment,2026-05-15 00:00:00,v1
U000413,EXP_FINISH_PAGE_001,treatment,2026-06-16 08:00:00,v1
U000414,EXP_FINISH_PAGE_001,treatment,2026-06-20 11:00:00,v1
U000415,EXP_FINISH_PAGE_001,treatment,2026-06-20 11:00:00,v1
U000416,EXP_FINISH_PAGE_001,treatment,2026-05-30 17:00:00,v1
U000417,EXP_FINISH_PAGE_001,control,2026-06-06 13:00:00,v1
U000418,EXP_FINISH_PAGE_001,control,2026-06-04 17:00:00,v1
U000419,EXP_FINISH_PAGE_001,control,2026-06-05 08:00:00,v1
U000420,EXP_FINISH_PAGE_001,control,2026-05-15 00:00:00,v1
U000421,EXP_FINISH_PAGE_001,treatment,2026-05-15 00:00:00,v1
U000422,EXP_FINISH_PAGE_001,control,2026-05-25 15:00:00,v1
U000423,EXP_FINISH_PAGE_001,control,2026-06-09 16:00:00,v1
U000424,EXP_FINISH_PAGE_001,control,2026-05-15 00:00:00,v1
U000425,EXP_FINISH_PAGE_001,control,2026-06-10 20:00:00,v1
U000426,EXP_FINISH_PAGE_001,treatment,2026-06-24 19:00:00,v1
U000427,EXP_FINISH_PAGE_001,treatment,2026-05-15 00:00:00,v1
U000428,EXP_FINISH_PAGE_001,control,2026-06-17 18:00:00,v1
U000429,EXP_FINISH_PAGE_001,control,2026-06-09 19:00:00,v1
U000430,EXP_FINISH_PAGE_001,treatment,2026-05-25 16:00:00,v1
U000431,EXP_FINISH_PAGE_001,treatment,2026-06-13 18:00:00,v1
U000432,EXP_FINISH_PAGE_001,control,2026-06-26 14:00:00,v1
U000433,EXP_FINISH_PAGE_001,control,2026-06-15 14:00:00,v1
U000434,EXP_FINISH_PAGE_001,control,2026-06-20 08:00:00,v1
U000435,EXP_FINISH_PAGE_001,control,2026-06-07 12:00:00,v1
U000436,EXP_FINISH_PAGE_001,treatment,2026-06-01 09:00:00,v1
U000437,EXP_FINISH_PAGE_001,treatment,2026-06-12 14:00:00,v1
U000438,EXP_FINISH_PAGE_001,treatment,2026-05-26 11:00:00,v1
U000439,EXP_FINISH_PAGE_001,control,2026-06-03 12:00:00,v1
U000440,EXP_FINISH_PAGE_001,control,2026-05-19 19:00:00,v1
U000441,EXP_FINISH_PAGE_001,control,2026-05-23 10:00:00,v1
U000442,EXP_FINISH_PAGE_001,control,2026-05-22 17:00:00,v1
U000443,EXP_FINISH_PAGE_001,control,2026-05-15 00:00:00,v1
U000444,EXP_FINISH_PAGE_001,treatment,2026-06-22 16:00:00,v1
U000445,EXP_FINISH_PAGE_001,control,2026-06-29 21:00:00,v1
U000446,EXP_FINISH_PAGE_001,treatment,2026-05-19 20:00:00,v1
U000447,EXP_FINISH_PAGE_001,control,2026-06-11 17:00:00,v1
U000448,EXP_FINISH_PAGE_001,treatment,2026-05-28 12:00:00,v1
U000449,EXP_FINISH_PAGE_001,control,2026-05-15 00:00:00,v1
U000450,EXP_FINISH_PAGE_001,control,2026-05-15 00:00:00,v1
U000451,EXP_FINISH_PAGE_001,treatment,2026-05-31 18:00:00,v1
U000452,EXP_FINISH_PAGE_001,control,2026-05-15 00:00:00,v1
U000453,EXP_FINISH_PAGE_001,control,2026-06-15 15:00:00,v1
U000454,EXP_FINISH_PAGE_001,control,2026-06-13 19:00:00,v1
U000455,EXP_FINISH_PAGE_001,control,2026-06-26 09:00:00,v1
U000456,EXP_FINISH_PAGE_001,treatment,2026-06-16 16:00:00,v1
U000457,EXP_FINISH_PAGE_001,control,2026-06-27 16:00:00,v1
U000458,EXP_FINISH_PAGE_001,control,2026-05-22 14:00:00,v1
U000459,EXP_FINISH_PAGE_001,control,2026-05-15 00:00:00,v1
U000460,EXP_FINISH_PAGE_001,control,2026-06-22 11:00:00,v1
U000461,EXP_FINISH_PAGE_001,control,2026-05-28 16:00:00,v1
U000462,EXP_FINISH_PAGE_001,treatment,2026-06-15 21:00:00,v1
U000463,EXP_FINISH_PAGE_001,control,2026-06-17 17:00:00,v1
U000464,EXP_FINISH_PAGE_001,control,2026-06-29 14:00:00,v1
U000465,EXP_FINISH_PAGE_001,treatment,2026-05-22 13:00:00,v1
U000466,EXP_FINISH_PAGE_001,control,2026-06-09 14:00:00,v1
U000467,EXP_FINISH_PAGE_001,treatment,2026-06-14 16:00:00,v1
U000468,EXP_FINISH_PAGE_001,treatment,2026-05-15 00:00:00,v1
U000469,EXP_FINISH_PAGE_001,control,2026-06-18 09:00:00,v1
U000470,EXP_FINISH_PAGE_001,treatment,2026-06-07 14:00:00,v1
U000471,EXP_FINISH_PAGE_001,control,2026-06-20 09:00:00,v1
U000472,EXP_FINISH_PAGE_001,control,2026-06-27 19:00:00,v1
U000473,EXP_FINISH_PAGE_001,treatment,2026-05-24 11:00:00,v1
U000474,EXP_FINISH_PAGE_001,control,2026-05-19 09:00:00,v1
U000475,EXP_FINISH_PAGE_001,control,2026-05-15 00:00:00,v1
U000476,EXP_FINISH_PAGE_001,control,2026-06-22 17:00:00,v1
U000477,EXP_FINISH_PAGE_001,control,2026-06-29 20:00:00,v1
U000478,EXP_FINISH_PAGE_001,treatment,2026-05-30 10:00:00,v1
U000479,EXP_FINISH_PAGE_001,control,2026-05-30 16:00:00,v1
U000480,EXP_FINISH_PAGE_001,control,2026-06-16 09:00:00,v1
U000481,EXP_FINISH_PAGE_001,control,2026-06-17 12:00:00,v1
U000482,EXP_FINISH_PAGE_001,treatment,2026-06-09 12:00:00,v1
U000483,EXP_FINISH_PAGE_001,control,2026-05-15 00:00:00,v1
U000484,EXP_FINISH_PAGE_001,treatment,2026-05-29 18:00:00,v1
U000485,EXP_FINISH_PAGE_001,treatment,2026-06-07 16:00:00,v1
U000486,EXP_FINISH_PAGE_001,control,2026-05-22 11:00:00,v1
U000487,EXP_FINISH_PAGE_001,control,2026-06-17 17:00:00,v1
U000488,EXP_FINISH_PAGE_001,treatment,2026-06-25 09:00:00,v1
U000489,EXP_FINISH_PAGE_001,control,2026-05-15 00:00:00,v1
U000490,EXP_FINISH_PAGE_001,treatment,2026-06-08 20:00:00,v1
U000491,EXP_FINISH_PAGE_001,control,2026-06-05 13:00:00,v1
U000492,EXP_FINISH_PAGE_001,control,2026-05-15 00:00:00,v1
U000493,EXP_FINISH_PAGE_001,treatment,2026-06-08 19:00:00,v1
U000494,EXP_FINISH_PAGE_001,control,2026-05-23 11:00:00,v1
U000495,EXP_FINISH_PAGE_001,treatment,2026-06-05 11:00:00,v1
U000496,EXP_FINISH_PAGE_001,treatment,2026-06-06 09:00:00,v1
U000497,EXP_FINISH_PAGE_001,control,2026-05-15 00:00:00,v1
U000498,EXP_FINISH_PAGE_001,control,2026-06-20 21:00:00,v1
U000499,EXP_FINISH_PAGE_001,treatment,2026-05-20 18:00:00,v1
U000500,EXP_FINISH_PAGE_001,treatment,2026-05-15 00:00:00,v1
U000501,EXP_FINISH_PAGE_001,control,2026-06-03 13:00:00,v1
U000502,EXP_FINISH_PAGE_001,treatment,2026-05-15 00:00:00,v1
U000503,EXP_FINISH_PAGE_001,treatment,2026-06-27 14:00:00,v1
U000504,EXP_FINISH_PAGE_001,control,2026-06-12 08:00:00,v1
U000505,EXP_FINISH_PAGE_001,treatment,2026-06-18 15:00:00,v1
U000506,EXP_FINISH_PAGE_001,treatment,2026-06-17 14:00:00,v1
U000507,EXP_FINISH_PAGE_001,treatment,2026-06-18 11:00:00,v1
U000508,EXP_FINISH_PAGE_001,control,2026-06-20 15:00:00,v1
U000509,EXP_FINISH_PAGE_001,control,2026-06-15 08:00:00,v1
U000510,EXP_FINISH_PAGE_001,treatment,2026-05-24 17:00:00,v1
U000511,EXP_FINISH_PAGE_001,treatment,2026-05-15 00:00:00,v1
U000512,EXP_FINISH_PAGE_001,treatment,2026-05-26 16:00:00,v1
U000513,EXP_FINISH_PAGE_001,treatment,2026-06-07 12:00:00,v1
U000514,EXP_FINISH_PAGE_001,control,2026-06-12 21:00:00,v1
U000515,EXP_FINISH_PAGE_001,control,2026-05-30 16:00:00,v1
U000516,EXP_FINISH_PAGE_001,control,2026-06-03 12:00:00,v1
U000517,EXP_FINISH_PAGE_001,control,2026-05-15 00:00:00,v1
U000518,EXP_FINISH_PAGE_001,control,2026-05-15 00:00:00,v1
U000519,EXP_FINISH_PAGE_001,treatment,2026-06-27 13:00:00,v1
U000520,EXP_FINISH_PAGE_001,control,2026-05-31 17:00:00,v1
U000521,EXP_FINISH_PAGE_001,treatment,2026-06-29 14:00:00,v1
U000522,EXP_FINISH_PAGE_001,control,2026-06-29 11:00:00,v1
U000523,EXP_FINISH_PAGE_001,treatment,2026-06-10 08:00:00,v1
U000524,EXP_FINISH_PAGE_001,treatment,2026-05-23 08:00:00,v1
U000525,EXP_FINISH_PAGE_001,treatment,2026-06-08 14:00:00,v1
U000526,EXP_FINISH_PAGE_001,control,2026-05-29 17:00:00,v1
U000527,EXP_FINISH_PAGE_001,treatment,2026-06-29 11:00:00,v1
U000528,EXP_FINISH_PAGE_001,treatment,2026-06-26 15:00:00,v1
U000529,EXP_FINISH_PAGE_001,control,2026-06-22 21:00:00,v1
U000530,EXP_FINISH_PAGE_001,control,2026-05-19 13:00:00,v1
U000531,EXP_FINISH_PAGE_001,control,2026-06-26 13:00:00,v1
U000532,EXP_FINISH_PAGE_001,control,2026-06-19 18:00:00,v1
U000533,EXP_FINISH_PAGE_001,treatment,2026-06-02 17:00:00,v1
U000534,EXP_FINISH_PAGE_001,control,2026-06-12 10:00:00,v1
U000535,EXP_FINISH_PAGE_001,treatment,2026-05-15 00:00:00,v1
U000536,EXP_FINISH_PAGE_001,control,2026-05-15 00:00:00,v1
U000537,EXP_FINISH_PAGE_001,treatment,2026-06-28 08:00:00,v1
U000538,EXP_FINISH_PAGE_001,treatment,2026-06-17 13:00:00,v1
U000539,EXP_FINISH_PAGE_001,treatment,2026-05-25 12:00:00,v1
U000540,EXP_FINISH_PAGE_001,control,2026-06-19 14:00:00,v1
U000541,EXP_FINISH_PAGE_001,treatment,2026-06-23 10:00:00,v1
U000542,EXP_FINISH_PAGE_001,control,2026-06-14 20:00:00,v1
U000543,EXP_FINISH_PAGE_001,treatment,2026-06-26 11:00:00,v1
U000544,EXP_FINISH_PAGE_001,control,2026-06-05 17:00:00,v1
U000545,EXP_FINISH_PAGE_001,control,2026-05-19 15:00:00,v1
U000546,EXP_FINISH_PAGE_001,treatment,2026-06-19 10:00:00,v1
U000547,EXP_FINISH_PAGE_001,control,2026-06-08 19:00:00,v1
U000548,EXP_FINISH_PAGE_001,control,2026-06-22 16:00:00,v1
U000549,EXP_FINISH_PAGE_001,control,2026-05-15 00:00:00,v1
U000550,EXP_FINISH_PAGE_001,control,2026-06-15 10:00:00,v1
U000551,EXP_FINISH_PAGE_001,control,2026-06-22 10:00:00,v1
U000552,EXP_FINISH_PAGE_001,control,2026-05-24 16:00:00,v1
U000553,EXP_FINISH_PAGE_001,treatment,2026-05-15 00:00:00,v1
U000554,EXP_FINISH_PAGE_001,control,2026-05-25 08:00:00,v1
U000555,EXP_FINISH_PAGE_001,control,2026-06-20 18:00:00,v1
U000556,EXP_FINISH_PAGE_001,control,2026-06-26 11:00:00,v1
U000557,EXP_FINISH_PAGE_001,control,2026-05-16 13:00:00,v1
U000558,EXP_FINISH_PAGE_001,treatment,2026-06-08 11:00:00,v1
U000559,EXP_FINISH_PAGE_001,treatment,2026-06-10 17:00:00,v1
U000560,EXP_FINISH_PAGE_001,control,2026-05-15 00:00:00,v1
U000561,EXP_FINISH_PAGE_001,treatment,2026-06-28 14:00:00,v1
U000562,EXP_FINISH_PAGE_001,treatment,2026-06-06 11:00:00,v1
U000563,EXP_FINISH_PAGE_001,treatment,2026-06-20 15:00:00,v1
U000564,EXP_FINISH_PAGE_001,treatment,2026-06-26 15:00:00,v1
U000565,EXP_FINISH_PAGE_001,control,2026-05-15 00:00:00,v1
U000566,EXP_FINISH_PAGE_001,treatment,2026-05-15 00:00:00,v1
U000567,EXP_FINISH_PAGE_001,treatment,2026-06-05 12:00:00,v1
U000568,EXP_FINISH_PAGE_001,treatment,2026-05-15 00:00:00,v1
U000569,EXP_FINISH_PAGE_001,treatment,2026-05-15 00:00:00,v1
U000570,EXP_FINISH_PAGE_001,treatment,2026-06-21 09:00:00,v1
U000571,EXP_FINISH_PAGE_001,treatment,2026-06-25 13:00:00,v1
U000572,EXP_FINISH_PAGE_001,control,2026-06-27 10:00:00,v1
U000573,EXP_FINISH_PAGE_001,treatment,2026-05-24 21:00:00,v1
U000574,EXP_FINISH_PAGE_001,control,2026-06-18 14:00:00,v1
U000575,EXP_FINISH_PAGE_001,control,2026-05-15 00:00:00,v1
U000576,EXP_FINISH_PAGE_001,control,2026-05-15 00:00:00,v1
U000577,EXP_FINISH_PAGE_001,treatment,2026-05-22 16:00:00,v1
U000578,EXP_FINISH_PAGE_001,treatment,2026-06-15 20:00:00,v1
U000579,EXP_FINISH_PAGE_001,control,2026-05-15 00:00:00,v1
U000580,EXP_FINISH_PAGE_001,treatment,2026-06-14 18:00:00,v1
U000581,EXP_FINISH_PAGE_001,control,2026-06-08 13:00:00,v1
U000582,EXP_FINISH_PAGE_001,control,2026-05-15 00:00:00,v1
U000583,EXP_FINISH_PAGE_001,control,2026-06-29 17:00:00,v1
U000584,EXP_FINISH_PAGE_001,control,2026-05-15 00:00:00,v1
U000585,EXP_FINISH_PAGE_001,treatment,2026-05-15 00:00:00,v1
U000586,EXP_FINISH_PAGE_001,control,2026-06-17 20:00:00,v1
U000587,EXP_FINISH_PAGE_001,control,2026-05-15 00:00:00,v1
U000588,EXP_FINISH_PAGE_001,control,2026-05-31 21:00:00,v1
U000589,EXP_FINISH_PAGE_001,treatment,2026-06-19 14:00:00,v1
U000590,EXP_FINISH_PAGE_001,treatment,2026-05-15 00:00:00,v1
U000591,EXP_FINISH_PAGE_001,treatment,2026-05-15 00:00:00,v1
U000592,EXP_FINISH_PAGE_001,treatment,2026-05-15 00:00:00,v1
U000593,EXP_FINISH_PAGE_001,control,2026-06-18 10:00:00,v1
U000594,EXP_FINISH_PAGE_001,treatment,2026-05-15 00:00:00,v1
U000595,EXP_FINISH_PAGE_001,control,2026-06-03 13:00:00,v1
U000596,EXP_FINISH_PAGE_001,treatment,2026-06-05 13:00:00,v1
U000597,EXP_FINISH_PAGE_001,control,2026-06-22 11:00:00,v1
U000598,EXP_FINISH_PAGE_001,control,2026-06-06 19:00:00,v1
U000599,EXP_FINISH_PAGE_001,control,2026-05-15 00:00:00,v1
U000600,EXP_FINISH_PAGE_001,treatment,2026-06-02 12:00:00,v1
U000601,EXP_FINISH_PAGE_001,control,2026-06-05 12:00:00,v1
U000602,EXP_FINISH_PAGE_001,control,2026-06-28 08:00:00,v1
U000603,EXP_FINISH_PAGE_001,control,2026-06-29 19:00:00,v1
U000604,EXP_FINISH_PAGE_001,treatment,2026-06-18 19:00:00,v1
U000605,EXP_FINISH_PAGE_001,treatment,2026-06-08 14:00:00,v1
U000606,EXP_FINISH_PAGE_001,control,2026-05-15 17:00:00,v1
U000607,EXP_FINISH_PAGE_001,treatment,2026-06-10 08:00:00,v1
U000608,EXP_FINISH_PAGE_001,treatment,2026-05-20 08:00:00,v1
U000609,EXP_FINISH_PAGE_001,treatment,2026-05-29 17:00:00,v1
U000610,EXP_FINISH_PAGE_001,control,2026-05-15 00:00:00,v1
U000611,EXP_FINISH_PAGE_001,control,2026-06-15 08:00:00,v1
U000612,EXP_FINISH_PAGE_001,control,2026-06-10 20:00:00,v1
U000613,EXP_FINISH_PAGE_001,control,2026-06-05 13:00:00,v1
U000614,EXP_FINISH_PAGE_001,control,2026-06-25 13:00:00,v1
U000615,EXP_FINISH_PAGE_001,control,2026-05-27 09:00:00,v1
U000616,EXP_FINISH_PAGE_001,treatment,2026-05-24 13:00:00,v1
U000617,EXP_FINISH_PAGE_001,treatment,2026-06-01 14:00:00,v1
U000618,EXP_FINISH_PAGE_001,treatment,2026-06-22 12:00:00,v1
U000619,EXP_FINISH_PAGE_001,control,2026-05-15 00:00:00,v1
U000620,EXP_FINISH_PAGE_001,control,2026-06-19 16:00:00,v1
U000621,EXP_FINISH_PAGE_001,treatment,2026-06-02 21:00:00,v1
U000622,EXP_FINISH_PAGE_001,control,2026-05-20 09:00:00,v1
U000623,EXP_FINISH_PAGE_001,treatment,2026-05-15 00:00:00,v1
U000624,EXP_FINISH_PAGE_001,treatment,2026-05-24 19:00:00,v1
U000625,EXP_FINISH_PAGE_001,control,2026-05-15 00:00:00,v1
U000626,EXP_FINISH_PAGE_001,control,2026-06-17 21:00:00,v1
U000627,EXP_FINISH_PAGE_001,treatment,2026-05-15 00:00:00,v1
U000628,EXP_FINISH_PAGE_001,treatment,2026-06-04 21:00:00,v1
U000629,EXP_FINISH_PAGE_001,control,2026-06-19 08:00:00,v1
U000630,EXP_FINISH_PAGE_001,control,2026-05-15 00:00:00,v1
U000631,EXP_FINISH_PAGE_001,treatment,2026-05-21 09:00:00,v1
U000632,EXP_FINISH_PAGE_001,control,2026-06-23 13:00:00,v1
U000633,EXP_FINISH_PAGE_001,treatment,2026-06-23 20:00:00,v1
U000634,EXP_FINISH_PAGE_001,treatment,2026-06-20 08:00:00,v1
U000635,EXP_FINISH_PAGE_001,control,2026-06-02 19:00:00,v1
U000636,EXP_FINISH_PAGE_001,treatment,2026-05-15 00:00:00,v1
U000637,EXP_FINISH_PAGE_001,control,2026-05-22 14:00:00,v1
U000638,EXP_FINISH_PAGE_001,treatment,2026-06-24 19:00:00,v1
U000639,EXP_FINISH_PAGE_001,control,2026-05-18 15:00:00,v1
U000640,EXP_FINISH_PAGE_001,control,2026-06-28 16:00:00,v1
U000641,EXP_FINISH_PAGE_001,treatment,2026-06-03 09:00:00,v1
U000642,EXP_FINISH_PAGE_001,treatment,2026-06-07 14:00:00,v1
U000643,EXP_FINISH_PAGE_001,treatment,2026-05-15 00:00:00,v1
U000644,EXP_FINISH_PAGE_001,treatment,2026-05-19 20:00:00,v1
U000645,EXP_FINISH_PAGE_001,treatment,2026-05-17 19:00:00,v1
U000646,EXP_FINISH_PAGE_001,control,2026-06-10 12:00:00,v1
U000647,EXP_FINISH_PAGE_001,treatment,2026-05-15 00:00:00,v1
U000648,EXP_FINISH_PAGE_001,treatment,2026-06-21 08:00:00,v1
U000649,EXP_FINISH_PAGE_001,control,2026-05-31 15:00:00,v1
U000650,EXP_FINISH_PAGE_001,control,2026-06-14 12:00:00,v1
U000651,EXP_FINISH_PAGE_001,treatment,2026-06-08 19:00:00,v1
U000652,EXP_FINISH_PAGE_001,treatment,2026-05-19 18:00:00,v1
U000653,EXP_FINISH_PAGE_001,control,2026-06-23 15:00:00,v1
U000654,EXP_FINISH_PAGE_001,control,2026-05-15 00:00:00,v1
U000655,EXP_FINISH_PAGE_001,treatment,2026-05-29 09:00:00,v1
U000656,EXP_FINISH_PAGE_001,treatment,2026-05-18 12:00:00,v1
U000657,EXP_FINISH_PAGE_001,treatment,2026-06-02 13:00:00,v1
U000658,EXP_FINISH_PAGE_001,control,2026-06-06 19:00:00,v1
U000659,EXP_FINISH_PAGE_001,treatment,2026-06-19 21:00:00,v1
U000660,EXP_FINISH_PAGE_001,control,2026-05-21 19:00:00,v1
U000661,EXP_FINISH_PAGE_001,treatment,2026-06-02 17:00:00,v1
U000662,EXP_FINISH_PAGE_001,treatment,2026-05-15 21:00:00,v1
U000663,EXP_FINISH_PAGE_001,control,2026-05-15 00:00:00,v1
U000664,EXP_FINISH_PAGE_001,control,2026-05-28 16:00:00,v1
U000665,EXP_FINISH_PAGE_001,treatment,2026-05-15 00:00:00,v1
U000666,EXP_FINISH_PAGE_001,treatment,2026-06-05 13:00:00,v1
U000667,EXP_FINISH_PAGE_001,treatment,2026-06-26 15:00:00,v1
U000668,EXP_FINISH_PAGE_001,control,2026-06-07 17:00:00,v1
U000669,EXP_FINISH_PAGE_001,control,2026-05-15 00:00:00,v1
U000670,EXP_FINISH_PAGE_001,treatment,2026-06-10 09:00:00,v1
U000671,EXP_FINISH_PAGE_001,control,2026-06-01 13:00:00,v1
U000672,EXP_FINISH_PAGE_001,treatment,2026-05-15 00:00:00,v1
U000673,EXP_FINISH_PAGE_001,control,2026-06-02 19:00:00,v1
U000674,EXP_FINISH_PAGE_001,treatment,2026-06-16 14:00:00,v1
U000675,EXP_FINISH_PAGE_001,treatment,2026-05-30 21:00:00,v1
U000676,EXP_FINISH_PAGE_001,control,2026-06-08 20:00:00,v1
U000677,EXP_FINISH_PAGE_001,control,2026-06-25 17:00:00,v1
U000678,EXP_FINISH_PAGE_001,treatment,2026-06-28 21:00:00,v1
U000679,EXP_FINISH_PAGE_001,treatment,2026-05-28 08:00:00,v1
U000680,EXP_FINISH_PAGE_001,control,2026-05-15 00:00:00,v1
U000681,EXP_FINISH_PAGE_001,treatment,2026-05-15 00:00:00,v1
U000682,EXP_FINISH_PAGE_001,treatment,2026-06-22 20:00:00,v1
U000683,EXP_FINISH_PAGE_001,control,2026-05-15 00:00:00,v1
U000684,EXP_FINISH_PAGE_001,control,2026-05-30 09:00:00,v1
U000685,EXP_FINISH_PAGE_001,control,2026-06-07 18:00:00,v1
U000686,EXP_FINISH_PAGE_001,treatment,2026-05-28 16:00:00,v1
U000687,EXP_FINISH_PAGE_001,treatment,2026-05-25 19:00:00,v1
U000688,EXP_FINISH_PAGE_001,control,2026-06-15 11:00:00,v1
U000689,EXP_FINISH_PAGE_001,treatment,2026-05-15 08:00:00,v1
U000690,EXP_FINISH_PAGE_001,treatment,2026-05-25 09:00:00,v1
U000691,EXP_FINISH_PAGE_001,control,2026-05-27 13:00:00,v1
U000692,EXP_FINISH_PAGE_001,control,2026-05-17 13:00:00,v1
U000693,EXP_FINISH_PAGE_001,treatment,2026-06-25 19:00:00,v1
U000694,EXP_FINISH_PAGE_001,treatment,2026-06-13 21:00:00,v1
U000695,EXP_FINISH_PAGE_001,control,2026-05-15 00:00:00,v1
U000696,EXP_FINISH_PAGE_001,control,2026-06-10 08:00:00,v1
U000697,EXP_FINISH_PAGE_001,control,2026-05-15 00:00:00,v1
U000698,EXP_FINISH_PAGE_001,control,2026-06-17 11:00:00,v1
U000699,EXP_FINISH_PAGE_001,control,2026-05-15 00:00:00,v1
U000700,EXP_FINISH_PAGE_001,control,2026-06-28 18:00:00,v1
U000701,EXP_FINISH_PAGE_001,treatment,2026-05-23 15:00:00,v1
U000702,EXP_FINISH_PAGE_001,control,2026-05-22 17:00:00,v1
U000703,EXP_FINISH_PAGE_001,control,2026-05-15 00:00:00,v1
U000704,EXP_FINISH_PAGE_001,control,2026-06-19 20:00:00,v1
U000705,EXP_FINISH_PAGE_001,treatment,2026-05-15 00:00:00,v1
U000706,EXP_FINISH_PAGE_001,control,2026-06-08 14:00:00,v1
U000707,EXP_FINISH_PAGE_001,control,2026-06-14 09:00:00,v1
U000708,EXP_FINISH_PAGE_001,control,2026-06-20 17:00:00,v1
U000709,EXP_FINISH_PAGE_001,treatment,2026-06-12 08:00:00,v1
U000710,EXP_FINISH_PAGE_001,treatment,2026-06-16 17:00:00,v1
U000711,EXP_FINISH_PAGE_001,treatment,2026-05-15 00:00:00,v1
U000712,EXP_FINISH_PAGE_001,treatment,2026-05-15 00:00:00,v1
U000713,EXP_FINISH_PAGE_001,treatment,2026-05-17 10:00:00,v1
U000714,EXP_FINISH_PAGE_001,treatment,2026-06-06 21:00:00,v1
U000715,EXP_FINISH_PAGE_001,control,2026-06-22 13:00:00,v1
U000716,EXP_FINISH_PAGE_001,treatment,2026-05-25 15:00:00,v1
U000717,EXP_FINISH_PAGE_001,treatment,2026-06-18 18:00:00,v1
U000718,EXP_FINISH_PAGE_001,control,2026-05-23 18:00:00,v1
U000719,EXP_FINISH_PAGE_001,control,2026-05-15 00:00:00,v1
U000720,EXP_FINISH_PAGE_001,control,2026-06-17 09:00:00,v1
U000721,EXP_FINISH_PAGE_001,treatment,2026-05-31 18:00:00,v1
U000722,EXP_FINISH_PAGE_001,control,2026-05-31 13:00:00,v1
U000723,EXP_FINISH_PAGE_001,control,2026-06-19 10:00:00,v1
U000724,EXP_FINISH_PAGE_001,treatment,2026-05-19 09:00:00,v1
U000725,EXP_FINISH_PAGE_001,treatment,2026-05-15 00:00:00,v1
U000726,EXP_FINISH_PAGE_001,control,2026-05-15 00:00:00,v1
U000727,EXP_FINISH_PAGE_001,control,2026-05-15 00:00:00,v1
U000728,EXP_FINISH_PAGE_001,treatment,2026-06-19 19:00:00,v1
U000729,EXP_FINISH_PAGE_001,control,2026-06-23 16:00:00,v1
U000730,EXP_FINISH_PAGE_001,control,2026-05-15 00:00:00,v1
U000731,EXP_FINISH_PAGE_001,treatment,2026-05-20 20:00:00,v1
U000732,EXP_FINISH_PAGE_001,control,2026-06-22 12:00:00,v1
U000733,EXP_FINISH_PAGE_001,control,2026-06-20 12:00:00,v1
U000734,EXP_FINISH_PAGE_001,control,2026-06-23 15:00:00,v1
U000735,EXP_FINISH_PAGE_001,treatment,2026-06-10 20:00:00,v1
U000736,EXP_FINISH_PAGE_001,treatment,2026-05-23 20:00:00,v1
U000737,EXP_FINISH_PAGE_001,treatment,2026-05-15 00:00:00,v1
U000738,EXP_FINISH_PAGE_001,treatment,2026-05-15 00:00:00,v1
U000739,EXP_FINISH_PAGE_001,control,2026-05-16 12:00:00,v1
U000740,EXP_FINISH_PAGE_001,control,2026-06-22 18:00:00,v1
U000741,EXP_FINISH_PAGE_001,treatment,2026-05-15 00:00:00,v1
U000742,EXP_FINISH_PAGE_001,control,2026-05-16 09:00:00,v1
U000743,EXP_FINISH_PAGE_001,treatment,2026-05-15 00:00:00,v1
U000744,EXP_FINISH_PAGE_001,control,2026-05-15 00:00:00,v1
U000745,EXP_FINISH_PAGE_001,treatment,2026-05-18 08:00:00,v1
U000746,EXP_FINISH_PAGE_001,treatment,2026-05-26 15:00:00,v1
U000747,EXP_FINISH_PAGE_001,control,2026-06-27 17:00:00,v1
U000748,EXP_FINISH_PAGE_001,control,2026-05-25 19:00:00,v1
U000749,EXP_FINISH_PAGE_001,control,2026-05-15 00:00:00,v1
U000750,EXP_FINISH_PAGE_001,treatment,2026-05-15 00:00:00,v1
U000751,EXP_FINISH_PAGE_001,treatment,2026-06-28 10:00:00,v1
U000752,EXP_FINISH_PAGE_001,treatment,2026-05-25 17:00:00,v1
U000753,EXP_FINISH_PAGE_001,treatment,2026-06-10 08:00:00,v1
U000754,EXP_FINISH_PAGE_001,control,2026-05-23 09:00:00,v1
U000755,EXP_FINISH_PAGE_001,treatment,2026-05-29 20:00:00,v1
U000756,EXP_FINISH_PAGE_001,treatment,2026-05-19 12:00:00,v1
U000757,EXP_FINISH_PAGE_001,treatment,2026-05-29 11:00:00,v1
U000758,EXP_FINISH_PAGE_001,treatment,2026-05-16 14:00:00,v1
U000759,EXP_FINISH_PAGE_001,treatment,2026-06-11 21:00:00,v1
U000760,EXP_FINISH_PAGE_001,control,2026-06-29 15:00:00,v1
U000761,EXP_FINISH_PAGE_001,control,2026-06-25 17:00:00,v1
U000762,EXP_FINISH_PAGE_001,treatment,2026-05-15 00:00:00,v1
U000763,EXP_FINISH_PAGE_001,treatment,2026-06-26 10:00:00,v1
U000764,EXP_FINISH_PAGE_001,treatment,2026-06-16 20:00:00,v1
U000765,EXP_FINISH_PAGE_001,treatment,2026-05-15 00:00:00,v1
U000766,EXP_FINISH_PAGE_001,treatment,2026-05-15 00:00:00,v1
U000767,EXP_FINISH_PAGE_001,treatment,2026-06-16 16:00:00,v1
U000768,EXP_FINISH_PAGE_001,control,2026-05-15 00:00:00,v1
U000769,EXP_FINISH_PAGE_001,treatment,2026-06-26 21:00:00,v1
U000770,EXP_FINISH_PAGE_001,treatment,2026-05-31 21:00:00,v1
U000771,EXP_FINISH_PAGE_001,control,2026-05-15 00:00:00,v1
U000772,EXP_FINISH_PAGE_001,treatment,2026-05-31 13:00:00,v1
U000773,EXP_FINISH_PAGE_001,control,2026-06-24 10:00:00,v1
U000774,EXP_FINISH_PAGE_001,control,2026-06-18 12:00:00,v1
U000775,EXP_FINISH_PAGE_001,control,2026-05-20 16:00:00,v1
U000776,EXP_FINISH_PAGE_001,treatment,2026-06-06 12:00:00,v1
U000777,EXP_FINISH_PAGE_001,treatment,2026-06-19 08:00:00,v1
U000778,EXP_FINISH_PAGE_001,treatment,2026-05-27 11:00:00,v1
U000779,EXP_FINISH_PAGE_001,control,2026-06-20 11:00:00,v1
U000780,EXP_FINISH_PAGE_001,treatment,2026-06-06 08:00:00,v1
U000781,EXP_FINISH_PAGE_001,treatment,2026-05-15 00:00:00,v1
U000782,EXP_FINISH_PAGE_001,treatment,2026-06-26 09:00:00,v1
U000783,EXP_FINISH_PAGE_001,control,2026-06-13 08:00:00,v1
U000784,EXP_FINISH_PAGE_001,treatment,2026-06-29 14:00:00,v1
U000785,EXP_FINISH_PAGE_001,treatment,2026-05-30 16:00:00,v1
U000786,EXP_FINISH_PAGE_001,control,2026-05-21 21:00:00,v1
U000787,EXP_FINISH_PAGE_001,treatment,2026-06-07 21:00:00,v1
U000788,EXP_FINISH_PAGE_001,treatment,2026-06-14 11:00:00,v1
U000789,EXP_FINISH_PAGE_001,control,2026-06-01 19:00:00,v1
U000790,EXP_FINISH_PAGE_001,treatment,2026-05-24 14:00:00,v1
U000791,EXP_FINISH_PAGE_001,treatment,2026-05-21 15:00:00,v1
U000792,EXP_FINISH_PAGE_001,control,2026-06-09 14:00:00,v1
U000793,EXP_FINISH_PAGE_001,control,2026-05-25 20:00:00,v1
U000794,EXP_FINISH_PAGE_001,control,2026-06-21 14:00:00,v1
U000795,EXP_FINISH_PAGE_001,control,2026-05-31 19:00:00,v1
U000796,EXP_FINISH_PAGE_001,treatment,2026-06-12 17:00:00,v1
U000797,EXP_FINISH_PAGE_001,treatment,2026-06-22 21:00:00,v1
U000798,EXP_FINISH_PAGE_001,treatment,2026-06-28 10:00:00,v1
U000799,EXP_FINISH_PAGE_001,control,2026-05-15 00:00:00,v1
U000800,EXP_FINISH_PAGE_001,treatment,2026-05-26 21:00:00,v1
U000801,EXP_FINISH_PAGE_001,treatment,2026-05-30 13:00:00,v1
U000802,EXP_FINISH_PAGE_001,control,2026-06-19 21:00:00,v1
U000803,EXP_FINISH_PAGE_001,control,2026-05-24 19:00:00,v1
U000804,EXP_FINISH_PAGE_001,control,2026-06-14 15:00:00,v1
U000805,EXP_FINISH_PAGE_001,control,2026-05-15 00:00:00,v1
U000806,EXP_FINISH_PAGE_001,control,2026-05-25 11:00:00,v1
U000807,EXP_FINISH_PAGE_001,control,2026-05-25 08:00:00,v1
U000808,EXP_FINISH_PAGE_001,treatment,2026-05-15 00:00:00,v1
U000809,EXP_FINISH_PAGE_001,treatment,2026-05-15 00:00:00,v1
U000810,EXP_FINISH_PAGE_001,treatment,2026-05-15 00:00:00,v1
U000811,EXP_FINISH_PAGE_001,treatment,2026-06-07 12:00:00,v1
U000812,EXP_FINISH_PAGE_001,control,2026-06-09 21:00:00,v1
U000813,EXP_FINISH_PAGE_001,control,2026-06-12 17:00:00,v1
U000814,EXP_FINISH_PAGE_001,treatment,2026-06-11 20:00:00,v1
U000815,EXP_FINISH_PAGE_001,treatment,2026-06-07 11:00:00,v1
U000816,EXP_FINISH_PAGE_001,control,2026-06-26 14:00:00,v1
U000817,EXP_FINISH_PAGE_001,control,2026-06-16 18:00:00,v1
U000818,EXP_FINISH_PAGE_001,control,2026-05-15 00:00:00,v1
U000819,EXP_FINISH_PAGE_001,control,2026-05-26 14:00:00,v1
U000820,EXP_FINISH_PAGE_001,treatment,2026-05-22 14:00:00,v1
U000821,EXP_FINISH_PAGE_001,control,2026-06-26 16:00:00,v1
U000822,EXP_FINISH_PAGE_001,control,2026-05-26 08:00:00,v1
U000823,EXP_FINISH_PAGE_001,control,2026-06-06 20:00:00,v1
U000824,EXP_FINISH_PAGE_001,control,2026-05-19 15:00:00,v1
U000825,EXP_FINISH_PAGE_001,control,2026-05-24 11:00:00,v1
U000826,EXP_FINISH_PAGE_001,control,2026-05-22 15:00:00,v1
U000827,EXP_FINISH_PAGE_001,treatment,2026-05-18 09:00:00,v1
U000828,EXP_FINISH_PAGE_001,control,2026-05-27 20:00:00,v1
U000829,EXP_FINISH_PAGE_001,control,2026-05-15 00:00:00,v1
U000830,EXP_FINISH_PAGE_001,control,2026-05-15 00:00:00,v1
U000831,EXP_FINISH_PAGE_001,control,2026-05-31 21:00:00,v1
U000832,EXP_FINISH_PAGE_001,control,2026-05-15 00:00:00,v1
U000833,EXP_FINISH_PAGE_001,treatment,2026-05-15 00:00:00,v1
U000834,EXP_FINISH_PAGE_001,treatment,2026-05-15 00:00:00,v1
U000835,EXP_FINISH_PAGE_001,treatment,2026-06-07 11:00:00,v1
U000836,EXP_FINISH_PAGE_001,control,2026-06-18 14:00:00,v1
U000837,EXP_FINISH_PAGE_001,control,2026-05-15 00:00:00,v1
U000838,EXP_FINISH_PAGE_001,treatment,2026-05-15 00:00:00,v1
U000839,EXP_FINISH_PAGE_001,control,2026-05-15 00:00:00,v1
U000840,EXP_FINISH_PAGE_001,treatment,2026-05-15 00:00:00,v1
U000841,EXP_FINISH_PAGE_001,control,2026-06-09 11:00:00,v1
U000842,EXP_FINISH_PAGE_001,treatment,2026-05-31 20:00:00,v1
U000843,EXP_FINISH_PAGE_001,treatment,2026-06-12 09:00:00,v1
U000844,EXP_FINISH_PAGE_001,treatment,2026-06-07 09:00:00,v1
U000845,EXP_FINISH_PAGE_001,treatment,2026-06-26 14:00:00,v1
U000846,EXP_FINISH_PAGE_001,control,2026-06-07 21:00:00,v1
U000847,EXP_FINISH_PAGE_001,treatment,2026-05-15 00:00:00,v1
U000848,EXP_FINISH_PAGE_001,treatment,2026-05-30 11:00:00,v1
U000849,EXP_FINISH_PAGE_001,treatment,2026-05-26 19:00:00,v1
U000850,EXP_FINISH_PAGE_001,control,2026-05-17 16:00:00,v1
U000851,EXP_FINISH_PAGE_001,treatment,2026-06-25 09:00:00,v1
U000852,EXP_FINISH_PAGE_001,control,2026-05-21 09:00:00,v1
U000853,EXP_FINISH_PAGE_001,control,2026-05-27 10:00:00,v1
U000854,EXP_FINISH_PAGE_001,control,2026-05-15 00:00:00,v1
U000855,EXP_FINISH_PAGE_001,control,2026-05-21 15:00:00,v1
U000856,EXP_FINISH_PAGE_001,control,2026-06-23 11:00:00,v1
U000857,EXP_FINISH_PAGE_001,treatment,2026-06-26 19:00:00,v1
U000858,EXP_FINISH_PAGE_001,treatment,2026-06-01 10:00:00,v1
U000859,EXP_FINISH_PAGE_001,treatment,2026-05-20 18:00:00,v1
U000860,EXP_FINISH_PAGE_001,treatment,2026-05-29 17:00:00,v1
U000861,EXP_FINISH_PAGE_001,control,2026-06-10 18:00:00,v1
U000862,EXP_FINISH_PAGE_001,treatment,2026-06-29 08:00:00,v1
U000863,EXP_FINISH_PAGE_001,control,2026-05-15 00:00:00,v1
U000864,EXP_FINISH_PAGE_001,treatment,2026-06-08 08:00:00,v1
U000865,EXP_FINISH_PAGE_001,treatment,2026-05-15 00:00:00,v1
U000866,EXP_FINISH_PAGE_001,control,2026-06-07 15:00:00,v1
U000867,EXP_FINISH_PAGE_001,control,2026-05-18 16:00:00,v1
U000868,EXP_FINISH_PAGE_001,treatment,2026-06-25 15:00:00,v1
U000869,EXP_FINISH_PAGE_001,control,2026-06-19 21:00:00,v1
U000870,EXP_FINISH_PAGE_001,treatment,2026-06-01 11:00:00,v1
U000871,EXP_FINISH_PAGE_001,control,2026-06-15 11:00:00,v1
U000872,EXP_FINISH_PAGE_001,control,2026-05-22 14:00:00,v1
U000873,EXP_FINISH_PAGE_001,control,2026-05-15 00:00:00,v1
U000874,EXP_FINISH_PAGE_001,treatment,2026-06-03 17:00:00,v1
U000875,EXP_FINISH_PAGE_001,treatment,2026-05-15 21:00:00,v1
U000876,EXP_FINISH_PAGE_001,control,2026-05-24 16:00:00,v1
U000877,EXP_FINISH_PAGE_001,treatment,2026-05-21 11:00:00,v1
U000878,EXP_FINISH_PAGE_001,control,2026-06-09 17:00:00,v1
U000879,EXP_FINISH_PAGE_001,treatment,2026-05-15 00:00:00,v1
U000880,EXP_FINISH_PAGE_001,control,2026-06-25 13:00:00,v1
U000881,EXP_FINISH_PAGE_001,control,2026-05-15 00:00:00,v1
U000882,EXP_FINISH_PAGE_001,treatment,2026-06-17 17:00:00,v1
U000883,EXP_FINISH_PAGE_001,treatment,2026-05-15 00:00:00,v1
U000884,EXP_FINISH_PAGE_001,control,2026-05-15 00:00:00,v1
U000885,EXP_FINISH_PAGE_001,treatment,2026-05-15 00:00:00,v1
U000886,EXP_FINISH_PAGE_001,control,2026-05-15 00:00:00,v1
U000887,EXP_FINISH_PAGE_001,treatment,2026-06-20 09:00:00,v1
U000888,EXP_FINISH_PAGE_001,control,2026-05-15 00:00:00,v1
U000889,EXP_FINISH_PAGE_001,control,2026-06-11 13:00:00,v1
U000890,EXP_FINISH_PAGE_001,control,2026-05-15 00:00:00,v1
U000891,EXP_FINISH_PAGE_001,control,2026-06-09 08:00:00,v1
U000892,EXP_FINISH_PAGE_001,control,2026-05-15 00:00:00,v1
U000893,EXP_FINISH_PAGE_001,treatment,2026-05-15 00:00:00,v1
U000894,EXP_FINISH_PAGE_001,control,2026-06-06 17:00:00,v1
U000895,EXP_FINISH_PAGE_001,control,2026-06-09 19:00:00,v1
U000896,EXP_FINISH_PAGE_001,treatment,2026-05-20 17:00:00,v1
U000897,EXP_FINISH_PAGE_001,treatment,2026-05-23 18:00:00,v1
U000898,EXP_FINISH_PAGE_001,control,2026-06-16 19:00:00,v1
U000899,EXP_FINISH_PAGE_001,control,2026-05-22 08:00:00,v1
U000900,EXP_FINISH_PAGE_001,treatment,2026-06-03 21:00:00,v1
U000901,EXP_FINISH_PAGE_001,control,2026-05-15 00:00:00,v1
U000902,EXP_FINISH_PAGE_001,treatment,2026-05-18 17:00:00,v1
U000903,EXP_FINISH_PAGE_001,treatment,2026-05-19 19:00:00,v1
U000904,EXP_FINISH_PAGE_001,control,2026-06-01 15:00:00,v1
U000905,EXP_FINISH_PAGE_001,treatment,2026-06-09 08:00:00,v1
U000906,EXP_FINISH_PAGE_001,control,2026-05-30 17:00:00,v1
U000907,EXP_FINISH_PAGE_001,control,2026-05-24 09:00:00,v1
U000908,EXP_FINISH_PAGE_001,control,2026-06-06 16:00:00,v1
U000909,EXP_FINISH_PAGE_001,treatment,2026-06-17 11:00:00,v1
U000910,EXP_FINISH_PAGE_001,treatment,2026-06-17 17:00:00,v1
U000911,EXP_FINISH_PAGE_001,treatment,2026-05-15 00:00:00,v1
U000912,EXP_FINISH_PAGE_001,treatment,2026-06-29 11:00:00,v1
U000913,EXP_FINISH_PAGE_001,treatment,2026-06-16 10:00:00,v1
U000914,EXP_FINISH_PAGE_001,treatment,2026-06-20 10:00:00,v1
U000915,EXP_FINISH_PAGE_001,treatment,2026-06-17 09:00:00,v1
U000916,EXP_FINISH_PAGE_001,treatment,2026-05-22 17:00:00,v1
U000917,EXP_FINISH_PAGE_001,treatment,2026-06-27 10:00:00,v1
U000918,EXP_FINISH_PAGE_001,control,2026-05-15 00:00:00,v1
U000919,EXP_FINISH_PAGE_001,treatment,2026-05-15 00:00:00,v1
U000920,EXP_FINISH_PAGE_001,treatment,2026-05-26 16:00:00,v1
U000921,EXP_FINISH_PAGE_001,control,2026-06-16 13:00:00,v1
U000922,EXP_FINISH_PAGE_001,treatment,2026-05-30 12:00:00,v1
U000923,EXP_FINISH_PAGE_001,control,2026-06-17 08:00:00,v1
U000924,EXP_FINISH_PAGE_001,treatment,2026-05-22 15:00:00,v1
U000925,EXP_FINISH_PAGE_001,treatment,2026-05-16 19:00:00,v1
U000926,EXP_FINISH_PAGE_001,treatment,2026-05-18 21:00:00,v1
U000927,EXP_FINISH_PAGE_001,control,2026-05-19 19:00:00,v1
U000928,EXP_FINISH_PAGE_001,treatment,2026-06-18 17:00:00,v1
U000929,EXP_FINISH_PAGE_001,treatment,2026-05-15 00:00:00,v1
U000930,EXP_FINISH_PAGE_001,treatment,2026-05-15 00:00:00,v1
U000931,EXP_FINISH_PAGE_001,treatment,2026-06-21 15:00:00,v1
U000932,EXP_FINISH_PAGE_001,control,2026-05-25 10:00:00,v1
U000933,EXP_FINISH_PAGE_001,treatment,2026-05-31 09:00:00,v1
U000934,EXP_FINISH_PAGE_001,control,2026-05-15 00:00:00,v1
U000935,EXP_FINISH_PAGE_001,treatment,2026-05-29 14:00:00,v1
U000936,EXP_FINISH_PAGE_001,control,2026-06-28 12:00:00,v1
U000937,EXP_FINISH_PAGE_001,treatment,2026-05-25 15:00:00,v1
U000938,EXP_FINISH_PAGE_001,control,2026-05-23 10:00:00,v1
U000939,EXP_FINISH_PAGE_001,control,2026-05-16 19:00:00,v1
U000940,EXP_FINISH_PAGE_001,control,2026-06-29 10:00:00,v1
U000941,EXP_FINISH_PAGE_001,control,2026-06-10 09:00:00,v1
U000942,EXP_FINISH_PAGE_001,control,2026-05-15 00:00:00,v1
U000943,EXP_FINISH_PAGE_001,treatment,2026-06-29 20:00:00,v1
U000944,EXP_FINISH_PAGE_001,control,2026-06-04 14:00:00,v1
U000945,EXP_FINISH_PAGE_001,control,2026-05-21 08:00:00,v1
U000946,EXP_FINISH_PAGE_001,treatment,2026-05-21 21:00:00,v1
U000947,EXP_FINISH_PAGE_001,control,2026-06-18 15:00:00,v1
U000948,EXP_FINISH_PAGE_001,treatment,2026-06-24 08:00:00,v1
U000949,EXP_FINISH_PAGE_001,control,2026-06-25 12:00:00,v1
U000950,EXP_FINISH_PAGE_001,treatment,2026-06-12 15:00:00,v1
U000951,EXP_FINISH_PAGE_001,control,2026-05-15 00:00:00,v1
U000952,EXP_FINISH_PAGE_001,treatment,2026-05-15 00:00:00,v1
U000953,EXP_FINISH_PAGE_001,control,2026-06-10 15:00:00,v1
U000954,EXP_FINISH_PAGE_001,treatment,2026-06-05 20:00:00,v1
U000955,EXP_FINISH_PAGE_001,treatment,2026-05-27 20:00:00,v1
U000956,EXP_FINISH_PAGE_001,control,2026-06-12 09:00:00,v1
U000957,EXP_FINISH_PAGE_001,treatment,2026-05-15 00:00:00,v1
U000958,EXP_FINISH_PAGE_001,treatment,2026-06-18 16:00:00,v1
U000959,EXP_FINISH_PAGE_001,treatment,2026-05-15 00:00:00,v1
U000960,EXP_FINISH_PAGE_001,control,2026-06-04 12:00:00,v1
U000961,EXP_FINISH_PAGE_001,control,2026-05-15 00:00:00,v1
U000962,EXP_FINISH_PAGE_001,control,2026-06-25 13:00:00,v1
U000963,EXP_FINISH_PAGE_001,treatment,2026-06-04 18:00:00,v1
U000964,EXP_FINISH_PAGE_001,treatment,2026-06-09 14:00:00,v1
U000965,EXP_FINISH_PAGE_001,treatment,2026-06-05 19:00:00,v1
U000966,EXP_FINISH_PAGE_001,treatment,2026-06-19 09:00:00,v1
U000967,EXP_FINISH_PAGE_001,control,2026-05-15 00:00:00,v1
U000968,EXP_FINISH_PAGE_001,treatment,2026-06-20 10:00:00,v1
U000969,EXP_FINISH_PAGE_001,control,2026-05-23 11:00:00,v1
U000970,EXP_FINISH_PAGE_001,control,2026-06-19 15:00:00,v1
U000971,EXP_FINISH_PAGE_001,control,2026-05-15 00:00:00,v1
U000972,EXP_FINISH_PAGE_001,treatment,2026-05-15 00:00:00,v1
U000973,EXP_FINISH_PAGE_001,control,2026-06-18 17:00:00,v1
U000974,EXP_FINISH_PAGE_001,control,2026-06-15 15:00:00,v1
U000975,EXP_FINISH_PAGE_001,control,2026-05-28 13:00:00,v1
U000976,EXP_FINISH_PAGE_001,treatment,2026-06-18 19:00:00,v1
U000977,EXP_FINISH_PAGE_001,treatment,2026-06-06 21:00:00,v1
U000978,EXP_FINISH_PAGE_001,control,2026-05-15 00:00:00,v1
U000979,EXP_FINISH_PAGE_001,control,2026-05-15 00:00:00,v1
U000980,EXP_FINISH_PAGE_001,treatment,2026-06-04 11:00:00,v1
U000981,EXP_FINISH_PAGE_001,control,2026-06-10 08:00:00,v1
U000982,EXP_FINISH_PAGE_001,control,2026-05-29 19:00:00,v1
U000983,EXP_FINISH_PAGE_001,control,2026-06-18 21:00:00,v1
U000984,EXP_FINISH_PAGE_001,control,2026-06-05 10:00:00,v1
U000985,EXP_FINISH_PAGE_001,control,2026-05-15 20:00:00,v1
U000986,EXP_FINISH_PAGE_001,treatment,2026-06-03 17:00:00,v1
U000987,EXP_FINISH_PAGE_001,treatment,2026-05-17 18:00:00,v1
U000988,EXP_FINISH_PAGE_001,treatment,2026-05-15 00:00:00,v1
U000989,EXP_FINISH_PAGE_001,treatment,2026-06-10 16:00:00,v1
U000990,EXP_FINISH_PAGE_001,treatment,2026-05-15 00:00:00,v1
U000991,EXP_FINISH_PAGE_001,control,2026-06-03 17:00:00,v1
U000992,EXP_FINISH_PAGE_001,control,2026-06-14 20:00:00,v1
U000993,EXP_FINISH_PAGE_001,control,2026-06-13 14:00:00,v1
U000994,EXP_FINISH_PAGE_001,control,2026-05-15 00:00:00,v1
U000995,EXP_FINISH_PAGE_001,control,2026-06-16 13:00:00,v1
U000996,EXP_FINISH_PAGE_001,treatment,2026-05-27 12:00:00,v1
U000997,EXP_FINISH_PAGE_001,control,2026-05-16 20:00:00,v1
U000998,EXP_FINISH_PAGE_001,treatment,2026-06-18 10:00:00,v1
U000999,EXP_FINISH_PAGE_001,control,2026-05-21 10:00:00,v1
U001000,EXP_FINISH_PAGE_001,treatment,2026-06-02 10:00:00,v1
U001001,EXP_FINISH_PAGE_001,treatment,2026-05-15 19:00:00,v1
U001002,EXP_FINISH_PAGE_001,control,2026-06-02 10:00:00,v1
U001003,EXP_FINISH_PAGE_001,treatment,2026-06-11 11:00:00,v1
U001004,EXP_FINISH_PAGE_001,treatment,2026-05-31 19:00:00,v1
U001005,EXP_FINISH_PAGE_001,treatment,2026-06-13 11:00:00,v1
U001006,EXP_FINISH_PAGE_001,control,2026-06-16 20:00:00,v1
U001007,EXP_FINISH_PAGE_001,treatment,2026-06-13 20:00:00,v1
U001008,EXP_FINISH_PAGE_001,control,2026-06-23 11:00:00,v1
U001009,EXP_FINISH_PAGE_001,treatment,2026-06-03 15:00:00,v1
U001010,EXP_FINISH_PAGE_001,control,2026-05-29 09:00:00,v1
U001011,EXP_FINISH_PAGE_001,control,2026-06-19 20:00:00,v1
U001012,EXP_FINISH_PAGE_001,control,2026-05-17 21:00:00,v1
U001013,EXP_FINISH_PAGE_001,treatment,2026-05-22 08:00:00,v1
U001014,EXP_FINISH_PAGE_001,treatment,2026-05-15 00:00:00,v1
U001015,EXP_FINISH_PAGE_001,control,2026-05-15 00:00:00,v1
U001016,EXP_FINISH_PAGE_001,control,2026-06-07 08:00:00,v1
U001017,EXP_FINISH_PAGE_001,treatment,2026-06-25 12:00:00,v1
U001018,EXP_FINISH_PAGE_001,treatment,2026-06-04 08:00:00,v1
U001019,EXP_FINISH_PAGE_001,treatment,2026-05-15 00:00:00,v1
U001020,EXP_FINISH_PAGE_001,control,2026-05-17 09:00:00,v1
U001021,EXP_FINISH_PAGE_001,treatment,2026-05-30 09:00:00,v1
U001022,EXP_FINISH_PAGE_001,control,2026-06-19 15:00:00,v1
U001023,EXP_FINISH_PAGE_001,treatment,2026-06-27 08:00:00,v1
U001024,EXP_FINISH_PAGE_001,treatment,2026-05-27 11:00:00,v1
U001025,EXP_FINISH_PAGE_001,control,2026-05-15 00:00:00,v1
U001026,EXP_FINISH_PAGE_001,control,2026-06-15 09:00:00,v1
U001027,EXP_FINISH_PAGE_001,treatment,2026-05-17 20:00:00,v1
U001028,EXP_FINISH_PAGE_001,control,2026-06-15 08:00:00,v1
U001029,EXP_FINISH_PAGE_001,control,2026-05-15 20:00:00,v1
U001030,EXP_FINISH_PAGE_001,control,2026-05-27 10:00:00,v1
U001031,EXP_FINISH_PAGE_001,treatment,2026-05-15 00:00:00,v1
U001032,EXP_FINISH_PAGE_001,control,2026-05-27 15:00:00,v1
U001033,EXP_FINISH_PAGE_001,treatment,2026-05-18 17:00:00,v1
U001034,EXP_FINISH_PAGE_001,treatment,2026-05-22 14:00:00,v1
U001035,EXP_FINISH_PAGE_001,treatment,2026-06-15 09:00:00,v1
U001036,EXP_FINISH_PAGE_001,control,2026-05-25 11:00:00,v1
U001037,EXP_FINISH_PAGE_001,treatment,2026-05-27 14:00:00,v1
U001038,EXP_FINISH_PAGE_001,control,2026-06-21 21:00:00,v1
U001039,EXP_FINISH_PAGE_001,control,2026-06-03 10:00:00,v1
U001040,EXP_FINISH_PAGE_001,control,2026-05-15 00:00:00,v1
U001041,EXP_FINISH_PAGE_001,control,2026-06-06 12:00:00,v1
U001042,EXP_FINISH_PAGE_001,treatment,2026-06-05 10:00:00,v1
U001043,EXP_FINISH_PAGE_001,control,2026-05-15 00:00:00,v1
U001044,EXP_FINISH_PAGE_001,control,2026-06-05 17:00:00,v1
U001045,EXP_FINISH_PAGE_001,treatment,2026-05-25 13:00:00,v1
U001046,EXP_FINISH_PAGE_001,control,2026-05-15 00:00:00,v1
U001047,EXP_FINISH_PAGE_001,control,2026-05-17 19:00:00,v1
U001048,EXP_FINISH_PAGE_001,treatment,2026-05-15 00:00:00,v1
U001049,EXP_FINISH_PAGE_001,control,2026-05-15 00:00:00,v1
U001050,EXP_FINISH_PAGE_001,control,2026-05-15 00:00:00,v1
U001051,EXP_FINISH_PAGE_001,control,2026-06-12 08:00:00,v1
U001052,EXP_FINISH_PAGE_001,control,2026-06-05 10:00:00,v1
U001053,EXP_FINISH_PAGE_001,treatment,2026-05-23 10:00:00,v1
U001054,EXP_FINISH_PAGE_001,treatment,2026-05-15 00:00:00,v1
U001055,EXP_FINISH_PAGE_001,treatment,2026-06-01 17:00:00,v1
U001056,EXP_FINISH_PAGE_001,control,2026-05-18 12:00:00,v1
U001057,EXP_FINISH_PAGE_001,control,2026-06-02 18:00:00,v1
U001058,EXP_FINISH_PAGE_001,treatment,2026-05-15 00:00:00,v1
U001059,EXP_FINISH_PAGE_001,treatment,2026-05-24 13:00:00,v1
U001060,EXP_FINISH_PAGE_001,control,2026-05-15 00:00:00,v1
U001061,EXP_FINISH_PAGE_001,control,2026-05-15 00:00:00,v1
U001062,EXP_FINISH_PAGE_001,control,2026-06-09 21:00:00,v1
U001063,EXP_FINISH_PAGE_001,control,2026-05-19 21:00:00,v1
U001064,EXP_FINISH_PAGE_001,control,2026-05-15 00:00:00,v1
U001065,EXP_FINISH_PAGE_001,control,2026-05-29 18:00:00,v1
U001066,EXP_FINISH_PAGE_001,control,2026-05-15 00:00:00,v1
U001067,EXP_FINISH_PAGE_001,control,2026-05-15 00:00:00,v1
U001068,EXP_FINISH_PAGE_001,treatment,2026-06-05 17:00:00,v1
U001069,EXP_FINISH_PAGE_001,control,2026-06-21 12:00:00,v1
U001070,EXP_FINISH_PAGE_001,treatment,2026-06-15 20:00:00,v1
U001071,EXP_FINISH_PAGE_001,treatment,2026-05-23 20:00:00,v1
U001072,EXP_FINISH_PAGE_001,control,2026-06-25 09:00:00,v1
U001073,EXP_FINISH_PAGE_001,treatment,2026-06-02 17:00:00,v1
U001074,EXP_FINISH_PAGE_001,control,2026-05-15 00:00:00,v1
U001075,EXP_FINISH_PAGE_001,treatment,2026-05-18 15:00:00,v1
U001076,EXP_FINISH_PAGE_001,control,2026-06-10 10:00:00,v1
U001077,EXP_FINISH_PAGE_001,treatment,2026-06-15 12:00:00,v1
U001078,EXP_FINISH_PAGE_001,treatment,2026-05-25 10:00:00,v1
U001079,EXP_FINISH_PAGE_001,control,2026-05-15 00:00:00,v1
U001080,EXP_FINISH_PAGE_001,control,2026-06-14 11:00:00,v1
U001081,EXP_FINISH_PAGE_001,treatment,2026-05-25 11:00:00,v1
U001082,EXP_FINISH_PAGE_001,control,2026-05-23 21:00:00,v1
U001083,EXP_FINISH_PAGE_001,treatment,2026-05-18 13:00:00,v1
U001084,EXP_FINISH_PAGE_001,control,2026-05-15 19:00:00,v1
U001085,EXP_FINISH_PAGE_001,treatment,2026-05-26 16:00:00,v1
U001086,EXP_FINISH_PAGE_001,control,2026-06-27 11:00:00,v1
U001087,EXP_FINISH_PAGE_001,treatment,2026-05-25 10:00:00,v1
U001088,EXP_FINISH_PAGE_001,treatment,2026-05-15 00:00:00,v1
U001089,EXP_FINISH_PAGE_001,treatment,2026-06-06 18:00:00,v1
U001090,EXP_FINISH_PAGE_001,treatment,2026-05-15 00:00:00,v1
U001091,EXP_FINISH_PAGE_001,control,2026-06-16 20:00:00,v1
U001092,EXP_FINISH_PAGE_001,control,2026-05-15 00:00:00,v1
U001093,EXP_FINISH_PAGE_001,control,2026-05-15 00:00:00,v1
U001094,EXP_FINISH_PAGE_001,control,2026-06-04 08:00:00,v1
U001095,EXP_FINISH_PAGE_001,treatment,2026-05-15 00:00:00,v1
U001096,EXP_FINISH_PAGE_001,control,2026-06-06 08:00:00,v1
U001097,EXP_FINISH_PAGE_001,control,2026-05-15 00:00:00,v1
U001098,EXP_FINISH_PAGE_001,treatment,2026-05-15 00:00:00,v1
U001099,EXP_FINISH_PAGE_001,control,2026-05-27 09:00:00,v1
U001100,EXP_FINISH_PAGE_001,control,2026-05-15 00:00:00,v1
U001101,EXP_FINISH_PAGE_001,treatment,2026-06-09 19:00:00,v1
U001102,EXP_FINISH_PAGE_001,treatment,2026-05-29 19:00:00,v1
U001103,EXP_FINISH_PAGE_001,treatment,2026-06-28 14:00:00,v1
U001104,EXP_FINISH_PAGE_001,control,2026-05-15 00:00:00,v1
U001105,EXP_FINISH_PAGE_001,control,2026-05-30 20:00:00,v1
U001106,EXP_FINISH_PAGE_001,treatment,2026-05-15 00:00:00,v1
U001107,EXP_FINISH_PAGE_001,control,2026-06-17 14:00:00,v1
U001108,EXP_FINISH_PAGE_001,treatment,2026-06-25 20:00:00,v1
U001109,EXP_FINISH_PAGE_001,treatment,2026-06-05 12:00:00,v1
U001110,EXP_FINISH_PAGE_001,control,2026-06-02 14:00:00,v1
U001111,EXP_FINISH_PAGE_001,control,2026-06-18 08:00:00,v1
U001112,EXP_FINISH_PAGE_001,control,2026-05-30 18:00:00,v1
U001113,EXP_FINISH_PAGE_001,treatment,2026-06-11 18:00:00,v1
U001114,EXP_FINISH_PAGE_001,control,2026-06-16 21:00:00,v1
U001115,EXP_FINISH_PAGE_001,treatment,2026-05-16 18:00:00,v1
U001116,EXP_FINISH_PAGE_001,control,2026-05-15 00:00:00,v1
U001117,EXP_FINISH_PAGE_001,control,2026-05-17 12:00:00,v1
U001118,EXP_FINISH_PAGE_001,treatment,2026-06-25 15:00:00,v1
U001119,EXP_FINISH_PAGE_001,control,2026-05-15 00:00:00,v1
U001120,EXP_FINISH_PAGE_001,control,2026-05-22 18:00:00,v1
U001121,EXP_FINISH_PAGE_001,control,2026-05-30 18:00:00,v1
U001122,EXP_FINISH_PAGE_001,control,2026-05-19 13:00:00,v1
U001123,EXP_FINISH_PAGE_001,treatment,2026-06-26 16:00:00,v1
U001124,EXP_FINISH_PAGE_001,control,2026-05-31 20:00:00,v1
U001125,EXP_FINISH_PAGE_001,treatment,2026-05-15 00:00:00,v1
U001126,EXP_FINISH_PAGE_001,control,2026-05-24 21:00:00,v1
U001127,EXP_FINISH_PAGE_001,treatment,2026-05-15 00:00:00,v1
U001128,EXP_FINISH_PAGE_001,control,2026-06-11 11:00:00,v1
U001129,EXP_FINISH_PAGE_001,treatment,2026-06-13 11:00:00,v1
U001130,EXP_FINISH_PAGE_001,control,2026-06-25 13:00:00,v1
U001131,EXP_FINISH_PAGE_001,control,2026-06-20 15:00:00,v1
U001132,EXP_FINISH_PAGE_001,control,2026-05-15 00:00:00,v1
U001133,EXP_FINISH_PAGE_001,control,2026-06-26 10:00:00,v1
U001134,EXP_FINISH_PAGE_001,treatment,2026-05-15 00:00:00,v1
U001135,EXP_FINISH_PAGE_001,treatment,2026-05-28 11:00:00,v1
U001136,EXP_FINISH_PAGE_001,treatment,2026-06-29 11:00:00,v1
U001137,EXP_FINISH_PAGE_001,treatment,2026-06-27 13:00:00,v1
U001138,EXP_FINISH_PAGE_001,control,2026-05-24 10:00:00,v1
U001139,EXP_FINISH_PAGE_001,control,2026-06-10 18:00:00,v1
U001140,EXP_FINISH_PAGE_001,treatment,2026-06-23 08:00:00,v1
U001141,EXP_FINISH_PAGE_001,treatment,2026-05-19 15:00:00,v1
U001142,EXP_FINISH_PAGE_001,control,2026-05-20 18:00:00,v1
U001143,EXP_FINISH_PAGE_001,control,2026-06-27 13:00:00,v1
U001144,EXP_FINISH_PAGE_001,treatment,2026-06-05 13:00:00,v1
U001145,EXP_FINISH_PAGE_001,control,2026-05-15 00:00:00,v1
U001146,EXP_FINISH_PAGE_001,control,2026-05-15 00:00:00,v1
U001147,EXP_FINISH_PAGE_001,control,2026-05-29 10:00:00,v1
U001148,EXP_FINISH_PAGE_001,control,2026-05-31 16:00:00,v1
U001149,EXP_FINISH_PAGE_001,control,2026-05-15 00:00:00,v1
U001150,EXP_FINISH_PAGE_001,control,2026-06-08 16:00:00,v1
U001151,EXP_FINISH_PAGE_001,treatment,2026-06-16 20:00:00,v1
U001152,EXP_FINISH_PAGE_001,control,2026-05-15 10:00:00,v1
U001153,EXP_FINISH_PAGE_001,treatment,2026-05-15 00:00:00,v1
U001154,EXP_FINISH_PAGE_001,treatment,2026-05-15 00:00:00,v1
U001155,EXP_FINISH_PAGE_001,control,2026-05-15 00:00:00,v1
U001156,EXP_FINISH_PAGE_001,treatment,2026-05-15 00:00:00,v1
U001157,EXP_FINISH_PAGE_001,treatment,2026-05-15 00:00:00,v1
U001158,EXP_FINISH_PAGE_001,control,2026-05-15 00:00:00,v1
U001159,EXP_FINISH_PAGE_001,treatment,2026-06-03 16:00:00,v1
U001160,EXP_FINISH_PAGE_001,control,2026-05-15 00:00:00,v1
U001161,EXP_FINISH_PAGE_001,treatment,2026-05-21 12:00:00,v1
U001162,EXP_FINISH_PAGE_001,control,2026-05-15 00:00:00,v1
U001163,EXP_FINISH_PAGE_001,treatment,2026-06-11 09:00:00,v1
U001164,EXP_FINISH_PAGE_001,treatment,2026-05-16 10:00:00,v1
U001165,EXP_FINISH_PAGE_001,treatment,2026-06-06 08:00:00,v1
U001166,EXP_FINISH_PAGE_001,control,2026-05-19 16:00:00,v1
U001167,EXP_FINISH_PAGE_001,control,2026-06-22 17:00:00,v1
U001168,EXP_FINISH_PAGE_001,control,2026-06-21 16:00:00,v1
U001169,EXP_FINISH_PAGE_001,control,2026-05-15 00:00:00,v1
U001170,EXP_FINISH_PAGE_001,treatment,2026-05-15 00:00:00,v1
U001171,EXP_FINISH_PAGE_001,treatment,2026-06-23 16:00:00,v1
U001172,EXP_FINISH_PAGE_001,treatment,2026-06-02 13:00:00,v1
U001173,EXP_FINISH_PAGE_001,control,2026-05-29 19:00:00,v1
U001174,EXP_FINISH_PAGE_001,control,2026-06-09 08:00:00,v1
U001175,EXP_FINISH_PAGE_001,treatment,2026-06-29 11:00:00,v1
U001176,EXP_FINISH_PAGE_001,treatment,2026-05-24 17:00:00,v1
U001177,EXP_FINISH_PAGE_001,treatment,2026-05-24 09:00:00,v1
U001178,EXP_FINISH_PAGE_001,treatment,2026-06-06 14:00:00,v1
U001179,EXP_FINISH_PAGE_001,control,2026-05-15 00:00:00,v1
U001180,EXP_FINISH_PAGE_001,treatment,2026-06-11 18:00:00,v1
U001181,EXP_FINISH_PAGE_001,treatment,2026-06-01 11:00:00,v1
U001182,EXP_FINISH_PAGE_001,treatment,2026-05-15 18:00:00,v1
U001183,EXP_FINISH_PAGE_001,control,2026-06-22 16:00:00,v1
U001184,EXP_FINISH_PAGE_001,control,2026-06-07 10:00:00,v1
U001185,EXP_FINISH_PAGE_001,control,2026-06-18 15:00:00,v1
U001186,EXP_FINISH_PAGE_001,treatment,2026-05-15 00:00:00,v1
U001187,EXP_FINISH_PAGE_001,control,2026-05-20 11:00:00,v1
U001188,EXP_FINISH_PAGE_001,control,2026-06-07 18:00:00,v1
U001189,EXP_FINISH_PAGE_001,treatment,2026-06-29 16:00:00,v1
U001190,EXP_FINISH_PAGE_001,control,2026-05-23 09:00:00,v1
U001191,EXP_FINISH_PAGE_001,control,2026-06-21 10:00:00,v1
U001192,EXP_FINISH_PAGE_001,treatment,2026-06-19 19:00:00,v1
U001193,EXP_FINISH_PAGE_001,control,2026-06-07 19:00:00,v1
U001194,EXP_FINISH_PAGE_001,control,2026-06-23 10:00:00,v1
U001195,EXP_FINISH_PAGE_001,treatment,2026-05-15 00:00:00,v1
U001196,EXP_FINISH_PAGE_001,treatment,2026-06-09 16:00:00,v1
U001197,EXP_FINISH_PAGE_001,treatment,2026-05-31 09:00:00,v1
U001198,EXP_FINISH_PAGE_001,control,2026-05-16 16:00:00,v1
U001199,EXP_FINISH_PAGE_001,treatment,2026-06-29 10:00:00,v1
U001200,EXP_FINISH_PAGE_001,control,2026-05-15 00:00:00,v1
U001201,EXP_FINISH_PAGE_001,control,2026-06-18 10:00:00,v1
U001202,EXP_FINISH_PAGE_001,treatment,2026-06-19 18:00:00,v1
U001203,EXP_FINISH_PAGE_001,control,2026-06-22 21:00:00,v1
U001204,EXP_FINISH_PAGE_001,control,2026-06-27 15:00:00,v1
U001205,EXP_FINISH_PAGE_001,treatment,2026-06-23 13:00:00,v1
U001206,EXP_FINISH_PAGE_001,treatment,2026-06-18 11:00:00,v1
U001207,EXP_FINISH_PAGE_001,control,2026-05-15 00:00:00,v1
U001208,EXP_FINISH_PAGE_001,control,2026-05-18 15:00:00,v1
U001209,EXP_FINISH_PAGE_001,treatment,2026-05-28 18:00:00,v1
U001210,EXP_FINISH_PAGE_001,treatment,2026-05-26 08:00:00,v1
U001211,EXP_FINISH_PAGE_001,control,2026-06-01 21:00:00,v1
U001212,EXP_FINISH_PAGE_001,control,2026-06-09 16:00:00,v1
U001213,EXP_FINISH_PAGE_001,treatment,2026-06-03 17:00:00,v1
U001214,EXP_FINISH_PAGE_001,control,2026-05-15 00:00:00,v1
U001215,EXP_FINISH_PAGE_001,control,2026-05-29 19:00:00,v1
U001216,EXP_FINISH_PAGE_001,control,2026-06-03 16:00:00,v1
U001217,EXP_FINISH_PAGE_001,control,2026-06-03 13:00:00,v1
U001218,EXP_FINISH_PAGE_001,treatment,2026-06-09 16:00:00,v1
U001219,EXP_FINISH_PAGE_001,control,2026-05-24 11:00:00,v1
U001220,EXP_FINISH_PAGE_001,treatment,2026-05-15 00:00:00,v1
U001221,EXP_FINISH_PAGE_001,control,2026-05-23 16:00:00,v1
U001222,EXP_FINISH_PAGE_001,treatment,2026-05-15 00:00:00,v1
U001223,EXP_FINISH_PAGE_001,treatment,2026-05-22 10:00:00,v1
U001224,EXP_FINISH_PAGE_001,treatment,2026-05-29 14:00:00,v1
U001225,EXP_FINISH_PAGE_001,control,2026-06-06 09:00:00,v1
U001226,EXP_FINISH_PAGE_001,treatment,2026-05-22 13:00:00,v1
U001227,EXP_FINISH_PAGE_001,treatment,2026-06-12 16:00:00,v1
U001228,EXP_FINISH_PAGE_001,control,2026-05-29 15:00:00,v1
U001229,EXP_FINISH_PAGE_001,treatment,2026-05-15 00:00:00,v1
U001230,EXP_FINISH_PAGE_001,control,2026-05-31 08:00:00,v1
U001231,EXP_FINISH_PAGE_001,treatment,2026-05-25 12:00:00,v1
U001232,EXP_FINISH_PAGE_001,control,2026-06-22 15:00:00,v1
U001233,EXP_FINISH_PAGE_001,treatment,2026-06-09 08:00:00,v1
U001234,EXP_FINISH_PAGE_001,treatment,2026-05-31 17:00:00,v1
U001235,EXP_FINISH_PAGE_001,control,2026-05-15 00:00:00,v1
U001236,EXP_FINISH_PAGE_001,control,2026-05-23 16:00:00,v1
U001237,EXP_FINISH_PAGE_001,control,2026-05-23 11:00:00,v1
U001238,EXP_FINISH_PAGE_001,control,2026-05-15 00:00:00,v1
U001239,EXP_FINISH_PAGE_001,treatment,2026-05-15 00:00:00,v1
U001240,EXP_FINISH_PAGE_001,treatment,2026-06-15 08:00:00,v1
U001241,EXP_FINISH_PAGE_001,treatment,2026-05-24 08:00:00,v1
U001242,EXP_FINISH_PAGE_001,control,2026-05-26 18:00:00,v1
U001243,EXP_FINISH_PAGE_001,control,2026-06-13 14:00:00,v1
U001244,EXP_FINISH_PAGE_001,control,2026-06-02 21:00:00,v1
U001245,EXP_FINISH_PAGE_001,treatment,2026-06-29 18:00:00,v1
U001246,EXP_FINISH_PAGE_001,control,2026-05-19 14:00:00,v1
U001247,EXP_FINISH_PAGE_001,treatment,2026-06-12 08:00:00,v1
U001248,EXP_FINISH_PAGE_001,control,2026-05-25 14:00:00,v1
U001249,EXP_FINISH_PAGE_001,control,2026-05-24 16:00:00,v1
U001250,EXP_FINISH_PAGE_001,treatment,2026-06-15 14:00:00,v1
U001251,EXP_FINISH_PAGE_001,treatment,2026-06-01 18:00:00,v1
U001252,EXP_FINISH_PAGE_001,control,2026-05-15 00:00:00,v1
U001253,EXP_FINISH_PAGE_001,control,2026-05-15 00:00:00,v1
U001254,EXP_FINISH_PAGE_001,control,2026-06-19 20:00:00,v1
U001255,EXP_FINISH_PAGE_001,control,2026-06-24 20:00:00,v1
U001256,EXP_FINISH_PAGE_001,control,2026-06-02 16:00:00,v1
U001257,EXP_FINISH_PAGE_001,treatment,2026-06-20 20:00:00,v1
U001258,EXP_FINISH_PAGE_001,treatment,2026-06-20 17:00:00,v1
U001259,EXP_FINISH_PAGE_001,control,2026-06-25 17:00:00,v1
U001260,EXP_FINISH_PAGE_001,treatment,2026-06-22 18:00:00,v1
U001261,EXP_FINISH_PAGE_001,treatment,2026-06-11 18:00:00,v1
U001262,EXP_FINISH_PAGE_001,treatment,2026-05-15 00:00:00,v1
U001263,EXP_FINISH_PAGE_001,treatment,2026-05-15 00:00:00,v1
U001264,EXP_FINISH_PAGE_001,control,2026-05-18 16:00:00,v1
U001265,EXP_FINISH_PAGE_001,treatment,2026-06-06 20:00:00,v1
U001266,EXP_FINISH_PAGE_001,control,2026-05-15 00:00:00,v1
U001267,EXP_FINISH_PAGE_001,treatment,2026-05-15 00:00:00,v1
U001268,EXP_FINISH_PAGE_001,control,2026-05-15 00:00:00,v1
U001269,EXP_FINISH_PAGE_001,treatment,2026-05-15 00:00:00,v1
U001270,EXP_FINISH_PAGE_001,control,2026-06-27 14:00:00,v1
U001271,EXP_FINISH_PAGE_001,control,2026-06-06 19:00:00,v1
U001272,EXP_FINISH_PAGE_001,control,2026-05-23 10:00:00,v1
U001273,EXP_FINISH_PAGE_001,control,2026-05-22 15:00:00,v1
U001274,EXP_FINISH_PAGE_001,treatment,2026-05-15 00:00:00,v1
U001275,EXP_FINISH_PAGE_001,control,2026-05-15 00:00:00,v1
U001276,EXP_FINISH_PAGE_001,control,2026-05-15 00:00:00,v1
U001277,EXP_FINISH_PAGE_001,treatment,2026-06-17 12:00:00,v1
U001278,EXP_FINISH_PAGE_001,treatment,2026-06-13 19:00:00,v1
U001279,EXP_FINISH_PAGE_001,treatment,2026-05-15 00:00:00,v1
U001280,EXP_FINISH_PAGE_001,treatment,2026-06-05 20:00:00,v1
U001281,EXP_FINISH_PAGE_001,treatment,2026-06-07 11:00:00,v1
U001282,EXP_FINISH_PAGE_001,treatment,2026-05-31 21:00:00,v1
U001283,EXP_FINISH_PAGE_001,control,2026-05-20 14:00:00,v1
U001284,EXP_FINISH_PAGE_001,treatment,2026-06-19 09:00:00,v1
U001285,EXP_FINISH_PAGE_001,control,2026-05-15 00:00:00,v1
U001286,EXP_FINISH_PAGE_001,treatment,2026-06-24 11:00:00,v1
U001287,EXP_FINISH_PAGE_001,treatment,2026-06-08 13:00:00,v1
U001288,EXP_FINISH_PAGE_001,treatment,2026-06-23 11:00:00,v1
U001289,EXP_FINISH_PAGE_001,control,2026-05-17 12:00:00,v1
U001290,EXP_FINISH_PAGE_001,control,2026-05-15 00:00:00,v1
U001291,EXP_FINISH_PAGE_001,control,2026-06-13 14:00:00,v1
U001292,EXP_FINISH_PAGE_001,treatment,2026-06-16 11:00:00,v1
U001293,EXP_FINISH_PAGE_001,control,2026-05-19 17:00:00,v1
U001294,EXP_FINISH_PAGE_001,control,2026-05-22 16:00:00,v1
U001295,EXP_FINISH_PAGE_001,treatment,2026-05-15 09:00:00,v1
U001296,EXP_FINISH_PAGE_001,treatment,2026-06-16 12:00:00,v1
U001297,EXP_FINISH_PAGE_001,control,2026-05-21 17:00:00,v1
U001298,EXP_FINISH_PAGE_001,treatment,2026-06-12 14:00:00,v1
U001299,EXP_FINISH_PAGE_001,treatment,2026-05-31 19:00:00,v1
U001300,EXP_FINISH_PAGE_001,control,2026-05-15 00:00:00,v1
U001301,EXP_FINISH_PAGE_001,treatment,2026-05-19 19:00:00,v1
U001302,EXP_FINISH_PAGE_001,treatment,2026-05-26 12:00:00,v1
U001303,EXP_FINISH_PAGE_001,control,2026-06-07 21:00:00,v1
U001304,EXP_FINISH_PAGE_001,control,2026-06-11 12:00:00,v1
U001305,EXP_FINISH_PAGE_001,control,2026-05-17 21:00:00,v1
U001306,EXP_FINISH_PAGE_001,control,2026-06-07 14:00:00,v1
U001307,EXP_FINISH_PAGE_001,treatment,2026-05-22 20:00:00,v1
U001308,EXP_FINISH_PAGE_001,treatment,2026-05-29 08:00:00,v1
U001309,EXP_FINISH_PAGE_001,treatment,2026-06-08 16:00:00,v1
U001310,EXP_FINISH_PAGE_001,control,2026-05-28 18:00:00,v1
U001311,EXP_FINISH_PAGE_001,control,2026-05-15 00:00:00,v1
U001312,EXP_FINISH_PAGE_001,control,2026-05-23 08:00:00,v1
U001313,EXP_FINISH_PAGE_001,control,2026-05-15 00:00:00,v1
U001314,EXP_FINISH_PAGE_001,treatment,2026-05-15 00:00:00,v1
U001315,EXP_FINISH_PAGE_001,treatment,2026-06-04 16:00:00,v1
U001316,EXP_FINISH_PAGE_001,control,2026-06-03 12:00:00,v1
U001317,EXP_FINISH_PAGE_001,control,2026-05-25 10:00:00,v1
U001318,EXP_FINISH_PAGE_001,treatment,2026-05-15 12:00:00,v1
U001319,EXP_FINISH_PAGE_001,treatment,2026-06-23 16:00:00,v1
U001320,EXP_FINISH_PAGE_001,control,2026-05-15 00:00:00,v1
U001321,EXP_FINISH_PAGE_001,treatment,2026-05-15 00:00:00,v1
U001322,EXP_FINISH_PAGE_001,control,2026-06-04 19:00:00,v1
U001323,EXP_FINISH_PAGE_001,treatment,2026-06-28 16:00:00,v1
U001324,EXP_FINISH_PAGE_001,control,2026-05-15 00:00:00,v1
U001325,EXP_FINISH_PAGE_001,control,2026-05-15 00:00:00,v1
U001326,EXP_FINISH_PAGE_001,control,2026-06-01 12:00:00,v1
U001327,EXP_FINISH_PAGE_001,treatment,2026-06-24 21:00:00,v1
U001328,EXP_FINISH_PAGE_001,treatment,2026-05-28 17:00:00,v1
U001329,EXP_FINISH_PAGE_001,control,2026-06-19 10:00:00,v1
U001330,EXP_FINISH_PAGE_001,treatment,2026-05-15 14:00:00,v1
U001331,EXP_FINISH_PAGE_001,treatment,2026-05-15 00:00:00,v1
U001332,EXP_FINISH_PAGE_001,treatment,2026-05-15 17:00:00,v1
U001333,EXP_FINISH_PAGE_001,control,2026-06-04 18:00:00,v1
U001334,EXP_FINISH_PAGE_001,control,2026-05-15 00:00:00,v1
U001335,EXP_FINISH_PAGE_001,treatment,2026-06-23 12:00:00,v1
U001336,EXP_FINISH_PAGE_001,control,2026-06-10 12:00:00,v1
U001337,EXP_FINISH_PAGE_001,control,2026-05-15 00:00:00,v1
U001338,EXP_FINISH_PAGE_001,treatment,2026-06-07 19:00:00,v1
U001339,EXP_FINISH_PAGE_001,treatment,2026-05-15 00:00:00,v1
U001340,EXP_FINISH_PAGE_001,control,2026-06-02 15:00:00,v1
U001341,EXP_FINISH_PAGE_001,control,2026-06-26 20:00:00,v1
U001342,EXP_FINISH_PAGE_001,control,2026-05-20 12:00:00,v1
U001343,EXP_FINISH_PAGE_001,treatment,2026-06-24 09:00:00,v1
U001344,EXP_FINISH_PAGE_001,treatment,2026-06-02 13:00:00,v1
U001345,EXP_FINISH_PAGE_001,treatment,2026-06-09 20:00:00,v1
U001346,EXP_FINISH_PAGE_001,treatment,2026-06-14 20:00:00,v1
U001347,EXP_FINISH_PAGE_001,control,2026-05-15 00:00:00,v1
U001348,EXP_FINISH_PAGE_001,treatment,2026-06-22 11:00:00,v1
U001349,EXP_FINISH_PAGE_001,treatment,2026-05-15 00:00:00,v1
U001350,EXP_FINISH_PAGE_001,treatment,2026-05-31 08:00:00,v1
U001351,EXP_FINISH_PAGE_001,treatment,2026-06-17 18:00:00,v1
U001352,EXP_FINISH_PAGE_001,treatment,2026-05-19 17:00:00,v1
U001353,EXP_FINISH_PAGE_001,treatment,2026-05-15 17:00:00,v1
U001354,EXP_FINISH_PAGE_001,treatment,2026-05-15 00:00:00,v1
U001355,EXP_FINISH_PAGE_001,treatment,2026-06-29 08:00:00,v1
U001356,EXP_FINISH_PAGE_001,control,2026-05-29 15:00:00,v1
U001357,EXP_FINISH_PAGE_001,treatment,2026-05-15 00:00:00,v1
U001358,EXP_FINISH_PAGE_001,control,2026-06-19 15:00:00,v1
U001359,EXP_FINISH_PAGE_001,control,2026-05-21 09:00:00,v1
U001360,EXP_FINISH_PAGE_001,control,2026-05-28 11:00:00,v1
U001361,EXP_FINISH_PAGE_001,control,2026-05-15 00:00:00,v1
U001362,EXP_FINISH_PAGE_001,treatment,2026-05-15 00:00:00,v1
U001363,EXP_FINISH_PAGE_001,control,2026-06-28 10:00:00,v1
U001364,EXP_FINISH_PAGE_001,treatment,2026-06-14 18:00:00,v1
U001365,EXP_FINISH_PAGE_001,control,2026-05-15 00:00:00,v1
U001366,EXP_FINISH_PAGE_001,control,2026-06-19 10:00:00,v1
U001367,EXP_FINISH_PAGE_001,treatment,2026-05-16 11:00:00,v1
U001368,EXP_FINISH_PAGE_001,control,2026-05-15 00:00:00,v1
U001369,EXP_FINISH_PAGE_001,treatment,2026-05-18 14:00:00,v1
U001370,EXP_FINISH_PAGE_001,treatment,2026-06-28 08:00:00,v1
U001371,EXP_FINISH_PAGE_001,control,2026-05-15 00:00:00,v1
U001372,EXP_FINISH_PAGE_001,control,2026-06-21 16:00:00,v1
U001373,EXP_FINISH_PAGE_001,control,2026-05-29 20:00:00,v1
U001374,EXP_FINISH_PAGE_001,treatment,2026-05-24 16:00:00,v1
U001375,EXP_FINISH_PAGE_001,control,2026-05-15 17:00:00,v1
U001376,EXP_FINISH_PAGE_001,control,2026-06-10 15:00:00,v1
U001377,EXP_FINISH_PAGE_001,control,2026-06-10 10:00:00,v1
U001378,EXP_FINISH_PAGE_001,control,2026-06-01 17:00:00,v1
U001379,EXP_FINISH_PAGE_001,treatment,2026-06-23 16:00:00,v1
U001380,EXP_FINISH_PAGE_001,treatment,2026-05-22 09:00:00,v1
U001381,EXP_FINISH_PAGE_001,control,2026-06-25 16:00:00,v1
U001382,EXP_FINISH_PAGE_001,treatment,2026-05-24 21:00:00,v1
U001383,EXP_FINISH_PAGE_001,control,2026-06-27 10:00:00,v1
U001384,EXP_FINISH_PAGE_001,treatment,2026-06-16 20:00:00,v1
U001385,EXP_FINISH_PAGE_001,control,2026-05-15 00:00:00,v1
U001386,EXP_FINISH_PAGE_001,control,2026-06-21 18:00:00,v1
U001387,EXP_FINISH_PAGE_001,control,2026-06-08 13:00:00,v1
U001388,EXP_FINISH_PAGE_001,control,2026-05-26 16:00:00,v1
U001389,EXP_FINISH_PAGE_001,treatment,2026-06-05 17:00:00,v1
U001390,EXP_FINISH_PAGE_001,control,2026-05-15 00:00:00,v1
U001391,EXP_FINISH_PAGE_001,control,2026-06-26 19:00:00,v1
U001392,EXP_FINISH_PAGE_001,treatment,2026-05-27 17:00:00,v1
U001393,EXP_FINISH_PAGE_001,control,2026-06-16 10:00:00,v1
U001394,EXP_FINISH_PAGE_001,treatment,2026-05-17 16:00:00,v1
U001395,EXP_FINISH_PAGE_001,control,2026-06-22 15:00:00,v1
U001396,EXP_FINISH_PAGE_001,control,2026-05-15 00:00:00,v1
U001397,EXP_FINISH_PAGE_001,control,2026-06-29 15:00:00,v1
U001398,EXP_FINISH_PAGE_001,treatment,2026-05-15 00:00:00,v1
U001399,EXP_FINISH_PAGE_001,treatment,2026-05-25 10:00:00,v1
U001400,EXP_FINISH_PAGE_001,treatment,2026-06-15 15:00:00,v1
U001401,EXP_FINISH_PAGE_001,control,2026-06-21 21:00:00,v1
U001402,EXP_FINISH_PAGE_001,control,2026-06-16 13:00:00,v1
U001403,EXP_FINISH_PAGE_001,treatment,2026-05-15 00:00:00,v1
U001404,EXP_FINISH_PAGE_001,control,2026-05-23 14:00:00,v1
U001405,EXP_FINISH_PAGE_001,control,2026-05-15 00:00:00,v1
U001406,EXP_FINISH_PAGE_001,control,2026-06-04 21:00:00,v1
U001407,EXP_FINISH_PAGE_001,control,2026-05-20 09:00:00,v1
U001408,EXP_FINISH_PAGE_001,control,2026-06-04 18:00:00,v1
U001409,EXP_FINISH_PAGE_001,treatment,2026-05-15 00:00:00,v1
U001410,EXP_FINISH_PAGE_001,treatment,2026-06-03 13:00:00,v1
U001411,EXP_FINISH_PAGE_001,treatment,2026-06-12 14:00:00,v1
U001412,EXP_FINISH_PAGE_001,treatment,2026-05-17 11:00:00,v1
U001413,EXP_FINISH_PAGE_001,control,2026-06-12 08:00:00,v1
U001414,EXP_FINISH_PAGE_001,treatment,2026-06-25 17:00:00,v1
U001415,EXP_FINISH_PAGE_001,treatment,2026-05-16 13:00:00,v1
U001416,EXP_FINISH_PAGE_001,control,2026-06-25 08:00:00,v1
U001417,EXP_FINISH_PAGE_001,treatment,2026-06-26 12:00:00,v1
U001418,EXP_FINISH_PAGE_001,control,2026-06-10 09:00:00,v1
U001419,EXP_FINISH_PAGE_001,control,2026-05-21 09:00:00,v1
U001420,EXP_FINISH_PAGE_001,control,2026-05-15 00:00:00,v1
U001421,EXP_FINISH_PAGE_001,control,2026-06-03 12:00:00,v1
U001422,EXP_FINISH_PAGE_001,treatment,2026-06-17 13:00:00,v1
U001423,EXP_FINISH_PAGE_001,control,2026-06-10 20:00:00,v1
U001424,EXP_FINISH_PAGE_001,treatment,2026-06-01 13:00:00,v1
U001425,EXP_FINISH_PAGE_001,treatment,2026-06-13 14:00:00,v1
U001426,EXP_FINISH_PAGE_001,treatment,2026-06-24 20:00:00,v1
U001427,EXP_FINISH_PAGE_001,treatment,2026-06-15 18:00:00,v1
U001428,EXP_FINISH_PAGE_001,treatment,2026-06-14 20:00:00,v1
U001429,EXP_FINISH_PAGE_001,control,2026-06-09 10:00:00,v1
U001430,EXP_FINISH_PAGE_001,control,2026-06-07 15:00:00,v1
U001431,EXP_FINISH_PAGE_001,control,2026-05-19 09:00:00,v1
U001432,EXP_FINISH_PAGE_001,treatment,2026-05-17 08:00:00,v1
U001433,EXP_FINISH_PAGE_001,treatment,2026-06-24 14:00:00,v1
U001434,EXP_FINISH_PAGE_001,control,2026-06-19 17:00:00,v1
U001435,EXP_FINISH_PAGE_001,treatment,2026-05-26 14:00:00,v1
U001436,EXP_FINISH_PAGE_001,treatment,2026-06-29 14:00:00,v1
U001437,EXP_FINISH_PAGE_001,treatment,2026-06-02 21:00:00,v1
U001438,EXP_FINISH_PAGE_001,treatment,2026-06-07 08:00:00,v1
U001439,EXP_FINISH_PAGE_001,treatment,2026-06-20 14:00:00,v1
U001440,EXP_FINISH_PAGE_001,control,2026-05-15 00:00:00,v1
U001441,EXP_FINISH_PAGE_001,control,2026-06-06 20:00:00,v1
U001442,EXP_FINISH_PAGE_001,treatment,2026-06-29 18:00:00,v1
U001443,EXP_FINISH_PAGE_001,control,2026-05-15 00:00:00,v1
U001444,EXP_FINISH_PAGE_001,control,2026-06-19 16:00:00,v1
U001445,EXP_FINISH_PAGE_001,control,2026-06-26 12:00:00,v1
U001446,EXP_FINISH_PAGE_001,treatment,2026-06-11 18:00:00,v1
U001447,EXP_FINISH_PAGE_001,control,2026-05-15 00:00:00,v1
U001448,EXP_FINISH_PAGE_001,treatment,2026-06-04 16:00:00,v1
U001449,EXP_FINISH_PAGE_001,control,2026-05-15 00:00:00,v1
U001450,EXP_FINISH_PAGE_001,control,2026-05-15 00:00:00,v1
U001451,EXP_FINISH_PAGE_001,control,2026-06-26 13:00:00,v1
U001452,EXP_FINISH_PAGE_001,control,2026-05-15 15:00:00,v1
U001453,EXP_FINISH_PAGE_001,control,2026-06-15 08:00:00,v1
U001454,EXP_FINISH_PAGE_001,control,2026-06-17 15:00:00,v1
U001455,EXP_FINISH_PAGE_001,control,2026-05-15 00:00:00,v1
U001456,EXP_FINISH_PAGE_001,treatment,2026-06-25 15:00:00,v1
U001457,EXP_FINISH_PAGE_001,treatment,2026-06-16 21:00:00,v1
U001458,EXP_FINISH_PAGE_001,control,2026-05-25 13:00:00,v1
U001459,EXP_FINISH_PAGE_001,treatment,2026-06-02 16:00:00,v1
U001460,EXP_FINISH_PAGE_001,control,2026-06-14 09:00:00,v1
U001461,EXP_FINISH_PAGE_001,treatment,2026-05-25 16:00:00,v1
U001462,EXP_FINISH_PAGE_001,control,2026-06-12 21:00:00,v1
U001463,EXP_FINISH_PAGE_001,treatment,2026-05-15 00:00:00,v1
U001464,EXP_FINISH_PAGE_001,treatment,2026-05-20 09:00:00,v1
U001465,EXP_FINISH_PAGE_001,treatment,2026-05-17 09:00:00,v1
U001466,EXP_FINISH_PAGE_001,control,2026-05-15 00:00:00,v1
U001467,EXP_FINISH_PAGE_001,treatment,2026-06-20 11:00:00,v1
U001468,EXP_FINISH_PAGE_001,control,2026-05-27 17:00:00,v1
U001469,EXP_FINISH_PAGE_001,control,2026-06-15 18:00:00,v1
U001470,EXP_FINISH_PAGE_001,control,2026-05-15 00:00:00,v1
U001471,EXP_FINISH_PAGE_001,control,2026-05-15 00:00:00,v1
U001472,EXP_FINISH_PAGE_001,treatment,2026-05-15 00:00:00,v1
U001473,EXP_FINISH_PAGE_001,treatment,2026-06-20 09:00:00,v1
U001474,EXP_FINISH_PAGE_001,treatment,2026-05-29 21:00:00,v1
U001475,EXP_FINISH_PAGE_001,control,2026-06-20 20:00:00,v1
U001476,EXP_FINISH_PAGE_001,treatment,2026-05-18 11:00:00,v1
U001477,EXP_FINISH_PAGE_001,treatment,2026-06-16 10:00:00,v1
U001478,EXP_FINISH_PAGE_001,control,2026-06-14 12:00:00,v1
U001479,EXP_FINISH_PAGE_001,treatment,2026-05-15 00:00:00,v1
U001480,EXP_FINISH_PAGE_001,control,2026-05-15 00:00:00,v1
U001481,EXP_FINISH_PAGE_001,treatment,2026-05-15 00:00:00,v1
U001482,EXP_FINISH_PAGE_001,treatment,2026-06-29 10:00:00,v1
U001483,EXP_FINISH_PAGE_001,treatment,2026-06-28 09:00:00,v1
U001484,EXP_FINISH_PAGE_001,control,2026-05-25 17:00:00,v1
U001485,EXP_FINISH_PAGE_001,treatment,2026-06-01 11:00:00,v1
U001486,EXP_FINISH_PAGE_001,control,2026-05-15 00:00:00,v1
U001487,EXP_FINISH_PAGE_001,treatment,2026-05-15 00:00:00,v1
U001488,EXP_FINISH_PAGE_001,control,2026-06-12 16:00:00,v1
U001489,EXP_FINISH_PAGE_001,treatment,2026-06-19 17:00:00,v1
U001490,EXP_FINISH_PAGE_001,treatment,2026-06-22 08:00:00,v1
U001491,EXP_FINISH_PAGE_001,treatment,2026-06-15 17:00:00,v1
U001492,EXP_FINISH_PAGE_001,treatment,2026-05-18 08:00:00,v1
U001493,EXP_FINISH_PAGE_001,treatment,2026-05-24 16:00:00,v1
U001494,EXP_FINISH_PAGE_001,control,2026-06-23 19:00:00,v1
U001495,EXP_FINISH_PAGE_001,control,2026-05-26 12:00:00,v1
U001496,EXP_FINISH_PAGE_001,control,2026-05-15 00:00:00,v1
U001497,EXP_FINISH_PAGE_001,treatment,2026-06-13 11:00:00,v1
U001498,EXP_FINISH_PAGE_001,treatment,2026-05-27 09:00:00,v1
U001499,EXP_FINISH_PAGE_001,control,2026-06-06 17:00:00,v1
U001500,EXP_FINISH_PAGE_001,control,2026-05-15 00:00:00,v1
U001501,EXP_FINISH_PAGE_001,treatment,2026-06-10 21:00:00,v1
U001502,EXP_FINISH_PAGE_001,treatment,2026-06-10 15:00:00,v1
U001503,EXP_FINISH_PAGE_001,control,2026-06-08 20:00:00,v1
U001504,EXP_FINISH_PAGE_001,treatment,2026-06-25 15:00:00,v1
U001505,EXP_FINISH_PAGE_001,control,2026-05-19 17:00:00,v1
U001506,EXP_FINISH_PAGE_001,treatment,2026-05-18 19:00:00,v1
U001507,EXP_FINISH_PAGE_001,control,2026-06-15 10:00:00,v1
U001508,EXP_FINISH_PAGE_001,control,2026-06-28 10:00:00,v1
U001509,EXP_FINISH_PAGE_001,control,2026-05-15 00:00:00,v1
U001510,EXP_FINISH_PAGE_001,control,2026-06-25 08:00:00,v1
U001511,EXP_FINISH_PAGE_001,treatment,2026-06-23 19:00:00,v1
U001512,EXP_FINISH_PAGE_001,control,2026-05-15 00:00:00,v1
U001513,EXP_FINISH_PAGE_001,control,2026-06-06 12:00:00,v1
U001514,EXP_FINISH_PAGE_001,treatment,2026-05-15 10:00:00,v1
U001515,EXP_FINISH_PAGE_001,treatment,2026-06-04 17:00:00,v1
U001516,EXP_FINISH_PAGE_001,treatment,2026-05-15 00:00:00,v1
U001517,EXP_FINISH_PAGE_001,control,2026-06-13 16:00:00,v1
U001518,EXP_FINISH_PAGE_001,treatment,2026-06-29 20:00:00,v1
U001519,EXP_FINISH_PAGE_001,control,2026-05-26 08:00:00,v1
U001520,EXP_FINISH_PAGE_001,treatment,2026-06-13 21:00:00,v1
U001521,EXP_FINISH_PAGE_001,control,2026-06-26 09:00:00,v1
U001522,EXP_FINISH_PAGE_001,treatment,2026-05-22 15:00:00,v1
U001523,EXP_FINISH_PAGE_001,control,2026-06-07 14:00:00,v1
U001524,EXP_FINISH_PAGE_001,treatment,2026-05-18 09:00:00,v1
U001525,EXP_FINISH_PAGE_001,control,2026-05-28 08:00:00,v1
U001526,EXP_FINISH_PAGE_001,treatment,2026-05-28 17:00:00,v1
U001527,EXP_FINISH_PAGE_001,control,2026-05-15 00:00:00,v1
U001528,EXP_FINISH_PAGE_001,treatment,2026-06-21 16:00:00,v1
U001529,EXP_FINISH_PAGE_001,control,2026-06-19 11:00:00,v1
U001530,EXP_FINISH_PAGE_001,treatment,2026-06-11 13:00:00,v1
U001531,EXP_FINISH_PAGE_001,treatment,2026-06-22 13:00:00,v1
U001532,EXP_FINISH_PAGE_001,control,2026-05-15 00:00:00,v1
U001533,EXP_FINISH_PAGE_001,control,2026-06-20 20:00:00,v1
U001534,EXP_FINISH_PAGE_001,treatment,2026-05-17 11:00:00,v1
U001535,EXP_FINISH_PAGE_001,treatment,2026-06-10 15:00:00,v1
U001536,EXP_FINISH_PAGE_001,treatment,2026-06-20 14:00:00,v1
U001537,EXP_FINISH_PAGE_001,control,2026-06-18 11:00:00,v1
U001538,EXP_FINISH_PAGE_001,treatment,2026-05-15 13:00:00,v1
U001539,EXP_FINISH_PAGE_001,control,2026-05-23 13:00:00,v1
U001540,EXP_FINISH_PAGE_001,treatment,2026-05-28 12:00:00,v1
U001541,EXP_FINISH_PAGE_001,treatment,2026-06-22 20:00:00,v1
U001542,EXP_FINISH_PAGE_001,treatment,2026-05-16 16:00:00,v1
U001543,EXP_FINISH_PAGE_001,treatment,2026-06-26 13:00:00,v1
U001544,EXP_FINISH_PAGE_001,control,2026-05-21 10:00:00,v1
U001545,EXP_FINISH_PAGE_001,treatment,2026-05-15 00:00:00,v1
U001546,EXP_FINISH_PAGE_001,treatment,2026-05-30 14:00:00,v1
U001547,EXP_FINISH_PAGE_001,treatment,2026-05-18 10:00:00,v1
U001548,EXP_FINISH_PAGE_001,control,2026-05-25 18:00:00,v1
U001549,EXP_FINISH_PAGE_001,control,2026-05-28 11:00:00,v1
U001550,EXP_FINISH_PAGE_001,treatment,2026-06-17 09:00:00,v1
U001551,EXP_FINISH_PAGE_001,control,2026-05-15 00:00:00,v1
U001552,EXP_FINISH_PAGE_001,treatment,2026-05-28 16:00:00,v1
U001553,EXP_FINISH_PAGE_001,treatment,2026-06-03 17:00:00,v1
U001554,EXP_FINISH_PAGE_001,treatment,2026-06-08 19:00:00,v1
U001555,EXP_FINISH_PAGE_001,control,2026-05-15 00:00:00,v1
U001556,EXP_FINISH_PAGE_001,treatment,2026-05-26 15:00:00,v1
U001557,EXP_FINISH_PAGE_001,treatment,2026-06-15 13:00:00,v1
U001558,EXP_FINISH_PAGE_001,treatment,2026-05-25 10:00:00,v1
U001559,EXP_FINISH_PAGE_001,control,2026-05-25 17:00:00,v1
U001560,EXP_FINISH_PAGE_001,treatment,2026-05-19 08:00:00,v1
U001561,EXP_FINISH_PAGE_001,treatment,2026-05-15 00:00:00,v1
U001562,EXP_FINISH_PAGE_001,treatment,2026-05-15 00:00:00,v1
U001563,EXP_FINISH_PAGE_001,treatment,2026-05-30 21:00:00,v1
U001564,EXP_FINISH_PAGE_001,control,2026-06-19 09:00:00,v1
U001565,EXP_FINISH_PAGE_001,control,2026-06-10 09:00:00,v1
U001566,EXP_FINISH_PAGE_001,treatment,2026-06-20 13:00:00,v1
U001567,EXP_FINISH_PAGE_001,treatment,2026-05-15 00:00:00,v1
U001568,EXP_FINISH_PAGE_001,treatment,2026-05-15 00:00:00,v1
U001569,EXP_FINISH_PAGE_001,control,2026-06-04 17:00:00,v1
U001570,EXP_FINISH_PAGE_001,control,2026-05-30 11:00:00,v1
U001571,EXP_FINISH_PAGE_001,control,2026-06-05 16:00:00,v1
U001572,EXP_FINISH_PAGE_001,control,2026-06-02 08:00:00,v1
U001573,EXP_FINISH_PAGE_001,treatment,2026-06-04 20:00:00,v1
U001574,EXP_FINISH_PAGE_001,control,2026-06-18 15:00:00,v1
U001575,EXP_FINISH_PAGE_001,control,2026-05-19 12:00:00,v1
U001576,EXP_FINISH_PAGE_001,control,2026-05-22 10:00:00,v1
U001577,EXP_FINISH_PAGE_001,control,2026-06-27 14:00:00,v1
U001578,EXP_FINISH_PAGE_001,treatment,2026-06-28 08:00:00,v1
U001579,EXP_FINISH_PAGE_001,treatment,2026-06-26 11:00:00,v1
U001580,EXP_FINISH_PAGE_001,treatment,2026-05-27 17:00:00,v1
U001581,EXP_FINISH_PAGE_001,treatment,2026-06-06 15:00:00,v1
U001582,EXP_FINISH_PAGE_001,treatment,2026-05-18 11:00:00,v1
U001583,EXP_FINISH_PAGE_001,control,2026-05-15 00:00:00,v1
U001584,EXP_FINISH_PAGE_001,control,2026-05-15 00:00:00,v1
U001585,EXP_FINISH_PAGE_001,control,2026-05-27 20:00:00,v1
U001586,EXP_FINISH_PAGE_001,control,2026-06-14 15:00:00,v1
U001587,EXP_FINISH_PAGE_001,treatment,2026-05-15 00:00:00,v1
U001588,EXP_FINISH_PAGE_001,treatment,2026-06-06 10:00:00,v1
U001589,EXP_FINISH_PAGE_001,treatment,2026-06-29 16:00:00,v1
U001590,EXP_FINISH_PAGE_001,treatment,2026-05-18 12:00:00,v1
U001591,EXP_FINISH_PAGE_001,control,2026-05-26 19:00:00,v1
U001592,EXP_FINISH_PAGE_001,treatment,2026-06-15 15:00:00,v1
U001593,EXP_FINISH_PAGE_001,treatment,2026-05-24 19:00:00,v1
U001594,EXP_FINISH_PAGE_001,control,2026-05-15 13:00:00,v1
U001595,EXP_FINISH_PAGE_001,treatment,2026-06-24 09:00:00,v1
U001596,EXP_FINISH_PAGE_001,treatment,2026-06-28 17:00:00,v1
U001597,EXP_FINISH_PAGE_001,control,2026-06-04 16:00:00,v1
U001598,EXP_FINISH_PAGE_001,treatment,2026-06-10 21:00:00,v1
U001599,EXP_FINISH_PAGE_001,control,2026-05-19 11:00:00,v1
U001600,EXP_FINISH_PAGE_001,control,2026-05-23 09:00:00,v1
U001601,EXP_FINISH_PAGE_001,treatment,2026-05-31 15:00:00,v1
U001602,EXP_FINISH_PAGE_001,treatment,2026-06-21 15:00:00,v1
U001603,EXP_FINISH_PAGE_001,treatment,2026-05-27 09:00:00,v1
U001604,EXP_FINISH_PAGE_001,control,2026-05-15 00:00:00,v1
U001605,EXP_FINISH_PAGE_001,control,2026-06-27 19:00:00,v1
U001606,EXP_FINISH_PAGE_001,treatment,2026-05-15 00:00:00,v1
U001607,EXP_FINISH_PAGE_001,control,2026-06-13 08:00:00,v1
U001608,EXP_FINISH_PAGE_001,treatment,2026-06-18 16:00:00,v1
U001609,EXP_FINISH_PAGE_001,treatment,2026-06-28 15:00:00,v1
U001610,EXP_FINISH_PAGE_001,control,2026-05-15 00:00:00,v1
U001611,EXP_FINISH_PAGE_001,control,2026-06-10 14:00:00,v1
U001612,EXP_FINISH_PAGE_001,control,2026-06-11 08:00:00,v1
U001613,EXP_FINISH_PAGE_001,control,2026-06-19 14:00:00,v1
U001614,EXP_FINISH_PAGE_001,treatment,2026-05-21 15:00:00,v1
U001615,EXP_FINISH_PAGE_001,control,2026-05-29 10:00:00,v1
U001616,EXP_FINISH_PAGE_001,control,2026-06-10 21:00:00,v1
U001617,EXP_FINISH_PAGE_001,treatment,2026-06-22 11:00:00,v1
U001618,EXP_FINISH_PAGE_001,control,2026-05-26 18:00:00,v1
U001619,EXP_FINISH_PAGE_001,control,2026-06-16 21:00:00,v1
U001620,EXP_FINISH_PAGE_001,control,2026-05-18 13:00:00,v1
U001621,EXP_FINISH_PAGE_001,control,2026-05-15 00:00:00,v1
U001622,EXP_FINISH_PAGE_001,control,2026-05-19 10:00:00,v1
U001623,EXP_FINISH_PAGE_001,treatment,2026-05-15 00:00:00,v1
U001624,EXP_FINISH_PAGE_001,treatment,2026-06-18 08:00:00,v1
U001625,EXP_FINISH_PAGE_001,control,2026-05-19 12:00:00,v1
U001626,EXP_FINISH_PAGE_001,control,2026-06-16 08:00:00,v1
U001627,EXP_FINISH_PAGE_001,control,2026-06-08 11:00:00,v1
U001628,EXP_FINISH_PAGE_001,control,2026-06-23 08:00:00,v1
U001629,EXP_FINISH_PAGE_001,control,2026-06-24 10:00:00,v1
U001630,EXP_FINISH_PAGE_001,control,2026-06-17 09:00:00,v1
U001631,EXP_FINISH_PAGE_001,treatment,2026-05-20 12:00:00,v1
U001632,EXP_FINISH_PAGE_001,treatment,2026-05-15 00:00:00,v1
U001633,EXP_FINISH_PAGE_001,control,2026-05-17 20:00:00,v1
U001634,EXP_FINISH_PAGE_001,control,2026-05-15 00:00:00,v1
U001635,EXP_FINISH_PAGE_001,control,2026-06-08 17:00:00,v1
U001636,EXP_FINISH_PAGE_001,control,2026-06-17 13:00:00,v1
U001637,EXP_FINISH_PAGE_001,treatment,2026-06-12 15:00:00,v1
U001638,EXP_FINISH_PAGE_001,treatment,2026-06-11 17:00:00,v1
U001639,EXP_FINISH_PAGE_001,control,2026-06-02 19:00:00,v1
U001640,EXP_FINISH_PAGE_001,control,2026-06-15 20:00:00,v1
U001641,EXP_FINISH_PAGE_001,treatment,2026-06-25 08:00:00,v1
U001642,EXP_FINISH_PAGE_001,control,2026-05-15 00:00:00,v1
U001643,EXP_FINISH_PAGE_001,treatment,2026-05-15 00:00:00,v1
U001644,EXP_FINISH_PAGE_001,control,2026-06-07 17:00:00,v1
U001645,EXP_FINISH_PAGE_001,treatment,2026-06-17 14:00:00,v1
U001646,EXP_FINISH_PAGE_001,control,2026-06-23 10:00:00,v1
U001647,EXP_FINISH_PAGE_001,control,2026-06-23 12:00:00,v1
U001648,EXP_FINISH_PAGE_001,treatment,2026-06-01 15:00:00,v1
U001649,EXP_FINISH_PAGE_001,control,2026-06-28 14:00:00,v1
U001650,EXP_FINISH_PAGE_001,control,2026-05-22 17:00:00,v1
U001651,EXP_FINISH_PAGE_001,treatment,2026-06-07 21:00:00,v1
U001652,EXP_FINISH_PAGE_001,treatment,2026-06-03 18:00:00,v1
U001653,EXP_FINISH_PAGE_001,control,2026-05-15 00:00:00,v1
U001654,EXP_FINISH_PAGE_001,treatment,2026-06-28 17:00:00,v1
U001655,EXP_FINISH_PAGE_001,control,2026-05-24 17:00:00,v1
U001656,EXP_FINISH_PAGE_001,control,2026-06-15 17:00:00,v1
U001657,EXP_FINISH_PAGE_001,control,2026-05-29 14:00:00,v1
U001658,EXP_FINISH_PAGE_001,treatment,2026-06-16 13:00:00,v1
U001659,EXP_FINISH_PAGE_001,treatment,2026-06-17 18:00:00,v1
U001660,EXP_FINISH_PAGE_001,treatment,2026-06-29 10:00:00,v1
U001661,EXP_FINISH_PAGE_001,control,2026-05-31 08:00:00,v1
U001662,EXP_FINISH_PAGE_001,treatment,2026-05-26 19:00:00,v1
U001663,EXP_FINISH_PAGE_001,treatment,2026-06-23 09:00:00,v1
U001664,EXP_FINISH_PAGE_001,treatment,2026-05-16 10:00:00,v1
U001665,EXP_FINISH_PAGE_001,control,2026-05-15 00:00:00,v1
U001666,EXP_FINISH_PAGE_001,treatment,2026-05-27 18:00:00,v1
U001667,EXP_FINISH_PAGE_001,control,2026-06-25 18:00:00,v1
U001668,EXP_FINISH_PAGE_001,control,2026-06-05 18:00:00,v1
U001669,EXP_FINISH_PAGE_001,control,2026-05-26 15:00:00,v1
U001670,EXP_FINISH_PAGE_001,treatment,2026-05-18 19:00:00,v1
U001671,EXP_FINISH_PAGE_001,control,2026-05-30 15:00:00,v1
U001672,EXP_FINISH_PAGE_001,control,2026-06-12 09:00:00,v1
U001673,EXP_FINISH_PAGE_001,control,2026-06-22 19:00:00,v1
U001674,EXP_FINISH_PAGE_001,control,2026-05-15 00:00:00,v1
U001675,EXP_FINISH_PAGE_001,treatment,2026-06-16 17:00:00,v1
U001676,EXP_FINISH_PAGE_001,treatment,2026-05-15 14:00:00,v1
U001677,EXP_FINISH_PAGE_001,control,2026-06-09 15:00:00,v1
U001678,EXP_FINISH_PAGE_001,treatment,2026-05-15 00:00:00,v1
U001679,EXP_FINISH_PAGE_001,control,2026-05-15 00:00:00,v1
U001680,EXP_FINISH_PAGE_001,treatment,2026-06-29 12:00:00,v1
U001681,EXP_FINISH_PAGE_001,control,2026-05-25 19:00:00,v1
U001682,EXP_FINISH_PAGE_001,control,2026-06-13 13:00:00,v1
U001683,EXP_FINISH_PAGE_001,control,2026-05-20 15:00:00,v1
U001684,EXP_FINISH_PAGE_001,control,2026-06-21 16:00:00,v1
U001685,EXP_FINISH_PAGE_001,treatment,2026-05-15 00:00:00,v1
U001686,EXP_FINISH_PAGE_001,control,2026-05-23 14:00:00,v1
U001687,EXP_FINISH_PAGE_001,treatment,2026-06-14 19:00:00,v1
U001688,EXP_FINISH_PAGE_001,treatment,2026-05-15 00:00:00,v1
U001689,EXP_FINISH_PAGE_001,control,2026-06-06 19:00:00,v1
U001690,EXP_FINISH_PAGE_001,control,2026-05-26 11:00:00,v1
U001691,EXP_FINISH_PAGE_001,treatment,2026-05-15 00:00:00,v1
U001692,EXP_FINISH_PAGE_001,control,2026-06-10 14:00:00,v1
U001693,EXP_FINISH_PAGE_001,control,2026-06-24 20:00:00,v1
U001694,EXP_FINISH_PAGE_001,treatment,2026-05-20 12:00:00,v1
U001695,EXP_FINISH_PAGE_001,treatment,2026-06-11 12:00:00,v1
U001696,EXP_FINISH_PAGE_001,treatment,2026-06-14 21:00:00,v1
U001697,EXP_FINISH_PAGE_001,treatment,2026-06-05 10:00:00,v1
U001698,EXP_FINISH_PAGE_001,control,2026-06-29 18:00:00,v1
U001699,EXP_FINISH_PAGE_001,control,2026-05-27 14:00:00,v1
U001700,EXP_FINISH_PAGE_001,control,2026-06-24 12:00:00,v1
U001701,EXP_FINISH_PAGE_001,treatment,2026-06-09 09:00:00,v1
U001702,EXP_FINISH_PAGE_001,treatment,2026-05-15 00:00:00,v1
U001703,EXP_FINISH_PAGE_001,treatment,2026-05-27 09:00:00,v1
U001704,EXP_FINISH_PAGE_001,treatment,2026-05-15 00:00:00,v1
U001705,EXP_FINISH_PAGE_001,control,2026-05-17 14:00:00,v1
U001706,EXP_FINISH_PAGE_001,treatment,2026-05-15 00:00:00,v1
U001707,EXP_FINISH_PAGE_001,control,2026-05-15 00:00:00,v1
U001708,EXP_FINISH_PAGE_001,treatment,2026-05-15 00:00:00,v1
U001709,EXP_FINISH_PAGE_001,treatment,2026-05-15 00:00:00,v1
U001710,EXP_FINISH_PAGE_001,treatment,2026-06-28 12:00:00,v1
U001711,EXP_FINISH_PAGE_001,control,2026-05-15 00:00:00,v1
U001712,EXP_FINISH_PAGE_001,treatment,2026-05-19 12:00:00,v1
U001713,EXP_FINISH_PAGE_001,treatment,2026-06-16 20:00:00,v1
U001714,EXP_FINISH_PAGE_001,control,2026-06-27 13:00:00,v1
U001715,EXP_FINISH_PAGE_001,treatment,2026-06-10 19:00:00,v1
U001716,EXP_FINISH_PAGE_001,treatment,2026-06-15 17:00:00,v1
U001717,EXP_FINISH_PAGE_001,treatment,2026-05-15 00:00:00,v1
U001718,EXP_FINISH_PAGE_001,treatment,2026-05-15 00:00:00,v1
U001719,EXP_FINISH_PAGE_001,treatment,2026-06-02 15:00:00,v1
U001720,EXP_FINISH_PAGE_001,control,2026-06-23 14:00:00,v1
U001721,EXP_FINISH_PAGE_001,control,2026-05-28 16:00:00,v1
U001722,EXP_FINISH_PAGE_001,treatment,2026-05-15 10:00:00,v1
U001723,EXP_FINISH_PAGE_001,treatment,2026-06-24 21:00:00,v1
U001724,EXP_FINISH_PAGE_001,control,2026-05-29 17:00:00,v1
U001725,EXP_FINISH_PAGE_001,treatment,2026-06-29 09:00:00,v1
U001726,EXP_FINISH_PAGE_001,control,2026-06-09 09:00:00,v1
U001727,EXP_FINISH_PAGE_001,treatment,2026-05-15 00:00:00,v1
U001728,EXP_FINISH_PAGE_001,treatment,2026-05-30 12:00:00,v1
U001729,EXP_FINISH_PAGE_001,control,2026-05-27 17:00:00,v1
U001730,EXP_FINISH_PAGE_001,treatment,2026-06-08 08:00:00,v1
U001731,EXP_FINISH_PAGE_001,control,2026-06-11 12:00:00,v1
U001732,EXP_FINISH_PAGE_001,treatment,2026-06-12 10:00:00,v1
U001733,EXP_FINISH_PAGE_001,control,2026-06-16 09:00:00,v1
U001734,EXP_FINISH_PAGE_001,treatment,2026-05-18 11:00:00,v1
U001735,EXP_FINISH_PAGE_001,control,2026-05-15 00:00:00,v1
U001736,EXP_FINISH_PAGE_001,treatment,2026-05-15 00:00:00,v1
U001737,EXP_FINISH_PAGE_001,treatment,2026-05-15 00:00:00,v1
U001738,EXP_FINISH_PAGE_001,control,2026-05-24 20:00:00,v1
U001739,EXP_FINISH_PAGE_001,control,2026-05-15 00:00:00,v1
U001740,EXP_FINISH_PAGE_001,control,2026-05-15 00:00:00,v1
U001741,EXP_FINISH_PAGE_001,treatment,2026-06-03 21:00:00,v1
U001742,EXP_FINISH_PAGE_001,treatment,2026-05-17 10:00:00,v1
U001743,EXP_FINISH_PAGE_001,treatment,2026-05-15 00:00:00,v1
U001744,EXP_FINISH_PAGE_001,treatment,2026-06-25 21:00:00,v1
U001745,EXP_FINISH_PAGE_001,treatment,2026-05-15 00:00:00,v1
U001746,EXP_FINISH_PAGE_001,control,2026-05-21 09:00:00,v1
U001747,EXP_FINISH_PAGE_001,control,2026-06-01 17:00:00,v1
U001748,EXP_FINISH_PAGE_001,control,2026-05-19 15:00:00,v1
U001749,EXP_FINISH_PAGE_001,control,2026-06-18 14:00:00,v1
U001750,EXP_FINISH_PAGE_001,control,2026-06-28 12:00:00,v1
U001751,EXP_FINISH_PAGE_001,treatment,2026-05-24 17:00:00,v1
U001752,EXP_FINISH_PAGE_001,treatment,2026-06-13 15:00:00,v1
U001753,EXP_FINISH_PAGE_001,treatment,2026-06-11 19:00:00,v1
U001754,EXP_FINISH_PAGE_001,treatment,2026-05-22 15:00:00,v1
U001755,EXP_FINISH_PAGE_001,treatment,2026-06-19 13:00:00,v1
U001756,EXP_FINISH_PAGE_001,control,2026-06-14 20:00:00,v1
U001757,EXP_FINISH_PAGE_001,control,2026-06-26 10:00:00,v1
U001758,EXP_FINISH_PAGE_001,treatment,2026-06-19 09:00:00,v1
U001759,EXP_FINISH_PAGE_001,treatment,2026-05-15 20:00:00,v1
U001760,EXP_FINISH_PAGE_001,treatment,2026-05-15 00:00:00,v1
U001761,EXP_FINISH_PAGE_001,control,2026-05-15 00:00:00,v1
U001762,EXP_FINISH_PAGE_001,control,2026-06-15 14:00:00,v1
U001763,EXP_FINISH_PAGE_001,treatment,2026-05-15 00:00:00,v1
U001764,EXP_FINISH_PAGE_001,treatment,2026-05-15 00:00:00,v1
U001765,EXP_FINISH_PAGE_001,treatment,2026-05-26 12:00:00,v1
U001766,EXP_FINISH_PAGE_001,treatment,2026-05-29 19:00:00,v1
U001767,EXP_FINISH_PAGE_001,treatment,2026-06-23 17:00:00,v1
U001768,EXP_FINISH_PAGE_001,control,2026-06-22 14:00:00,v1
U001769,EXP_FINISH_PAGE_001,control,2026-06-02 09:00:00,v1
U001770,EXP_FINISH_PAGE_001,treatment,2026-06-12 21:00:00,v1
U001771,EXP_FINISH_PAGE_001,treatment,2026-06-22 08:00:00,v1
U001772,EXP_FINISH_PAGE_001,control,2026-06-27 09:00:00,v1
U001773,EXP_FINISH_PAGE_001,treatment,2026-05-19 18:00:00,v1
U001774,EXP_FINISH_PAGE_001,control,2026-06-10 10:00:00,v1
U001775,EXP_FINISH_PAGE_001,control,2026-05-15 00:00:00,v1
U001776,EXP_FINISH_PAGE_001,treatment,2026-05-15 00:00:00,v1
U001777,EXP_FINISH_PAGE_001,treatment,2026-06-23 10:00:00,v1
U001778,EXP_FINISH_PAGE_001,treatment,2026-06-24 13:00:00,v1
U001779,EXP_FINISH_PAGE_001,treatment,2026-06-15 10:00:00,v1
U001780,EXP_FINISH_PAGE_001,treatment,2026-06-10 13:00:00,v1
U001781,EXP_FINISH_PAGE_001,control,2026-06-10 11:00:00,v1
U001782,EXP_FINISH_PAGE_001,control,2026-05-15 00:00:00,v1
U001783,EXP_FINISH_PAGE_001,control,2026-05-17 20:00:00,v1
U001784,EXP_FINISH_PAGE_001,control,2026-06-19 18:00:00,v1
U001785,EXP_FINISH_PAGE_001,control,2026-06-04 11:00:00,v1
U001786,EXP_FINISH_PAGE_001,control,2026-06-10 12:00:00,v1
U001787,EXP_FINISH_PAGE_001,treatment,2026-06-22 21:00:00,v1
U001788,EXP_FINISH_PAGE_001,control,2026-06-26 12:00:00,v1
U001789,EXP_FINISH_PAGE_001,treatment,2026-05-15 00:00:00,v1
U001790,EXP_FINISH_PAGE_001,treatment,2026-06-14 12:00:00,v1
U001791,EXP_FINISH_PAGE_001,control,2026-05-20 20:00:00,v1
U001792,EXP_FINISH_PAGE_001,control,2026-06-08 14:00:00,v1
U001793,EXP_FINISH_PAGE_001,treatment,2026-06-02 14:00:00,v1
U001794,EXP_FINISH_PAGE_001,control,2026-06-26 12:00:00,v1
U001795,EXP_FINISH_PAGE_001,treatment,2026-05-26 15:00:00,v1
U001796,EXP_FINISH_PAGE_001,control,2026-06-18 13:00:00,v1
U001797,EXP_FINISH_PAGE_001,control,2026-05-19 11:00:00,v1
U001798,EXP_FINISH_PAGE_001,control,2026-05-15 00:00:00,v1
U001799,EXP_FINISH_PAGE_001,control,2026-06-11 11:00:00,v1
U001800,EXP_FINISH_PAGE_001,treatment,2026-06-18 21:00:00,v1
U001801,EXP_FINISH_PAGE_001,control,2026-05-21 16:00:00,v1
U001802,EXP_FINISH_PAGE_001,control,2026-06-15 18:00:00,v1
U001803,EXP_FINISH_PAGE_001,control,2026-05-25 18:00:00,v1
U001804,EXP_FINISH_PAGE_001,treatment,2026-05-15 00:00:00,v1
U001805,EXP_FINISH_PAGE_001,treatment,2026-05-15 00:00:00,v1
U001806,EXP_FINISH_PAGE_001,treatment,2026-05-31 11:00:00,v1
U001807,EXP_FINISH_PAGE_001,treatment,2026-06-03 17:00:00,v1
U001808,EXP_FINISH_PAGE_001,control,2026-06-11 09:00:00,v1
U001809,EXP_FINISH_PAGE_001,control,2026-05-21 12:00:00,v1
U001810,EXP_FINISH_PAGE_001,control,2026-06-27 12:00:00,v1
U001811,EXP_FINISH_PAGE_001,control,2026-06-14 11:00:00,v1
U001812,EXP_FINISH_PAGE_001,treatment,2026-06-05 13:00:00,v1
U001813,EXP_FINISH_PAGE_001,treatment,2026-05-31 18:00:00,v1
U001814,EXP_FINISH_PAGE_001,control,2026-05-15 17:00:00,v1
U001815,EXP_FINISH_PAGE_001,treatment,2026-05-16 21:00:00,v1
U001816,EXP_FINISH_PAGE_001,treatment,2026-05-15 00:00:00,v1
U001817,EXP_FINISH_PAGE_001,control,2026-06-23 21:00:00,v1
U001818,EXP_FINISH_PAGE_001,control,2026-05-16 13:00:00,v1
U001819,EXP_FINISH_PAGE_001,treatment,2026-05-15 09:00:00,v1
U001820,EXP_FINISH_PAGE_001,control,2026-06-23 21:00:00,v1
U001821,EXP_FINISH_PAGE_001,control,2026-05-16 15:00:00,v1
U001822,EXP_FINISH_PAGE_001,treatment,2026-06-12 11:00:00,v1
U001823,EXP_FINISH_PAGE_001,control,2026-06-26 10:00:00,v1
U001824,EXP_FINISH_PAGE_001,treatment,2026-05-15 19:00:00,v1
U001825,EXP_FINISH_PAGE_001,control,2026-06-19 08:00:00,v1
U001826,EXP_FINISH_PAGE_001,control,2026-05-15 00:00:00,v1
U001827,EXP_FINISH_PAGE_001,control,2026-06-25 12:00:00,v1
U001828,EXP_FINISH_PAGE_001,control,2026-05-15 00:00:00,v1
U001829,EXP_FINISH_PAGE_001,control,2026-05-15 00:00:00,v1
U001830,EXP_FINISH_PAGE_001,control,2026-05-15 00:00:00,v1
U001831,EXP_FINISH_PAGE_001,treatment,2026-06-28 15:00:00,v1
U001832,EXP_FINISH_PAGE_001,treatment,2026-06-22 20:00:00,v1
U001833,EXP_FINISH_PAGE_001,control,2026-05-17 16:00:00,v1
U001834,EXP_FINISH_PAGE_001,treatment,2026-06-21 13:00:00,v1
U001835,EXP_FINISH_PAGE_001,control,2026-06-22 08:00:00,v1
U001836,EXP_FINISH_PAGE_001,treatment,2026-06-19 09:00:00,v1
U001837,EXP_FINISH_PAGE_001,control,2026-06-20 11:00:00,v1
U001838,EXP_FINISH_PAGE_001,treatment,2026-05-17 14:00:00,v1
U001839,EXP_FINISH_PAGE_001,control,2026-05-15 00:00:00,v1
U001840,EXP_FINISH_PAGE_001,control,2026-06-27 11:00:00,v1
U001841,EXP_FINISH_PAGE_001,treatment,2026-05-15 00:00:00,v1
U001842,EXP_FINISH_PAGE_001,control,2026-05-15 00:00:00,v1
U001843,EXP_FINISH_PAGE_001,treatment,2026-05-17 15:00:00,v1
U001844,EXP_FINISH_PAGE_001,control,2026-05-15 00:00:00,v1
U001845,EXP_FINISH_PAGE_001,control,2026-05-16 15:00:00,v1
U001846,EXP_FINISH_PAGE_001,control,2026-05-25 16:00:00,v1
U001847,EXP_FINISH_PAGE_001,control,2026-05-15 00:00:00,v1
U001848,EXP_FINISH_PAGE_001,treatment,2026-05-26 13:00:00,v1
U001849,EXP_FINISH_PAGE_001,treatment,2026-06-27 21:00:00,v1
U001850,EXP_FINISH_PAGE_001,treatment,2026-05-15 00:00:00,v1
U001851,EXP_FINISH_PAGE_001,control,2026-06-12 16:00:00,v1
U001852,EXP_FINISH_PAGE_001,treatment,2026-05-15 00:00:00,v1
U001853,EXP_FINISH_PAGE_001,treatment,2026-06-12 10:00:00,v1
U001854,EXP_FINISH_PAGE_001,control,2026-06-20 11:00:00,v1
U001855,EXP_FINISH_PAGE_001,control,2026-05-15 00:00:00,v1
U001856,EXP_FINISH_PAGE_001,treatment,2026-06-27 08:00:00,v1
U001857,EXP_FINISH_PAGE_001,control,2026-05-21 15:00:00,v1
U001858,EXP_FINISH_PAGE_001,treatment,2026-06-04 10:00:00,v1
U001859,EXP_FINISH_PAGE_001,treatment,2026-05-15 16:00:00,v1
U001860,EXP_FINISH_PAGE_001,control,2026-06-04 18:00:00,v1
U001861,EXP_FINISH_PAGE_001,treatment,2026-06-19 13:00:00,v1
U001862,EXP_FINISH_PAGE_001,control,2026-06-20 11:00:00,v1
U001863,EXP_FINISH_PAGE_001,control,2026-05-15 00:00:00,v1
U001864,EXP_FINISH_PAGE_001,control,2026-06-11 09:00:00,v1
U001865,EXP_FINISH_PAGE_001,treatment,2026-06-27 20:00:00,v1
U001866,EXP_FINISH_PAGE_001,control,2026-06-23 17:00:00,v1
U001867,EXP_FINISH_PAGE_001,control,2026-06-24 13:00:00,v1
U001868,EXP_FINISH_PAGE_001,control,2026-06-21 08:00:00,v1
U001869,EXP_FINISH_PAGE_001,control,2026-06-14 14:00:00,v1
U001870,EXP_FINISH_PAGE_001,treatment,2026-05-26 15:00:00,v1
U001871,EXP_FINISH_PAGE_001,treatment,2026-05-15 00:00:00,v1
U001872,EXP_FINISH_PAGE_001,treatment,2026-05-21 08:00:00,v1
U001873,EXP_FINISH_PAGE_001,treatment,2026-06-17 21:00:00,v1
U001874,EXP_FINISH_PAGE_001,treatment,2026-05-15 10:00:00,v1
U001875,EXP_FINISH_PAGE_001,treatment,2026-05-15 00:00:00,v1
U001876,EXP_FINISH_PAGE_001,control,2026-06-19 21:00:00,v1
U001877,EXP_FINISH_PAGE_001,control,2026-05-27 11:00:00,v1
U001878,EXP_FINISH_PAGE_001,control,2026-05-15 00:00:00,v1
U001879,EXP_FINISH_PAGE_001,control,2026-05-15 00:00:00,v1
U001880,EXP_FINISH_PAGE_001,control,2026-06-08 19:00:00,v1
U001881,EXP_FINISH_PAGE_001,treatment,2026-05-16 21:00:00,v1
U001882,EXP_FINISH_PAGE_001,treatment,2026-06-09 10:00:00,v1
U001883,EXP_FINISH_PAGE_001,control,2026-06-08 11:00:00,v1
U001884,EXP_FINISH_PAGE_001,treatment,2026-05-15 00:00:00,v1
U001885,EXP_FINISH_PAGE_001,control,2026-06-22 18:00:00,v1
U001886,EXP_FINISH_PAGE_001,control,2026-06-10 17:00:00,v1
U001887,EXP_FINISH_PAGE_001,treatment,2026-05-21 13:00:00,v1
U001888,EXP_FINISH_PAGE_001,treatment,2026-06-05 20:00:00,v1
U001889,EXP_FINISH_PAGE_001,treatment,2026-06-07 16:00:00,v1
U001890,EXP_FINISH_PAGE_001,control,2026-06-22 15:00:00,v1
U001891,EXP_FINISH_PAGE_001,treatment,2026-05-15 00:00:00,v1
U001892,EXP_FINISH_PAGE_001,treatment,2026-06-08 20:00:00,v1
U001893,EXP_FINISH_PAGE_001,control,2026-06-26 14:00:00,v1
U001894,EXP_FINISH_PAGE_001,treatment,2026-06-11 08:00:00,v1
U001895,EXP_FINISH_PAGE_001,control,2026-05-15 00:00:00,v1
U001896,EXP_FINISH_PAGE_001,control,2026-06-03 13:00:00,v1
U001897,EXP_FINISH_PAGE_001,treatment,2026-05-31 15:00:00,v1
U001898,EXP_FINISH_PAGE_001,treatment,2026-05-30 10:00:00,v1
U001899,EXP_FINISH_PAGE_001,control,2026-05-27 09:00:00,v1
U001900,EXP_FINISH_PAGE_001,treatment,2026-06-15 12:00:00,v1
U001901,EXP_FINISH_PAGE_001,treatment,2026-06-04 14:00:00,v1
U001902,EXP_FINISH_PAGE_001,control,2026-05-15 21:00:00,v1
U001903,EXP_FINISH_PAGE_001,control,2026-06-18 10:00:00,v1
U001904,EXP_FINISH_PAGE_001,control,2026-06-20 08:00:00,v1
U001905,EXP_FINISH_PAGE_001,treatment,2026-06-12 15:00:00,v1
U001906,EXP_FINISH_PAGE_001,treatment,2026-06-25 10:00:00,v1
U001907,EXP_FINISH_PAGE_001,treatment,2026-05-25 17:00:00,v1
U001908,EXP_FINISH_PAGE_001,treatment,2026-05-15 00:00:00,v1
U001909,EXP_FINISH_PAGE_001,treatment,2026-05-21 19:00:00,v1
U001910,EXP_FINISH_PAGE_001,control,2026-05-15 00:00:00,v1
U001911,EXP_FINISH_PAGE_001,treatment,2026-06-18 16:00:00,v1
U001912,EXP_FINISH_PAGE_001,control,2026-05-26 16:00:00,v1
U001913,EXP_FINISH_PAGE_001,treatment,2026-05-15 16:00:00,v1
U001914,EXP_FINISH_PAGE_001,treatment,2026-06-04 16:00:00,v1
U001915,EXP_FINISH_PAGE_001,control,2026-05-26 09:00:00,v1
U001916,EXP_FINISH_PAGE_001,control,2026-06-27 20:00:00,v1
U001917,EXP_FINISH_PAGE_001,control,2026-06-28 18:00:00,v1
U001918,EXP_FINISH_PAGE_001,control,2026-06-19 14:00:00,v1
U001919,EXP_FINISH_PAGE_001,control,2026-06-07 11:00:00,v1
U001920,EXP_FINISH_PAGE_001,treatment,2026-06-27 14:00:00,v1
U001921,EXP_FINISH_PAGE_001,treatment,2026-05-19 08:00:00,v1
U001922,EXP_FINISH_PAGE_001,control,2026-05-20 08:00:00,v1
U001923,EXP_FINISH_PAGE_001,control,2026-06-25 16:00:00,v1
U001924,EXP_FINISH_PAGE_001,treatment,2026-06-08 15:00:00,v1
U001925,EXP_FINISH_PAGE_001,treatment,2026-05-15 00:00:00,v1
U001926,EXP_FINISH_PAGE_001,control,2026-06-27 08:00:00,v1
U001927,EXP_FINISH_PAGE_001,treatment,2026-05-15 00:00:00,v1
U001928,EXP_FINISH_PAGE_001,control,2026-06-29 16:00:00,v1
U001929,EXP_FINISH_PAGE_001,treatment,2026-06-23 15:00:00,v1
U001930,EXP_FINISH_PAGE_001,treatment,2026-05-15 00:00:00,v1
U001931,EXP_FINISH_PAGE_001,treatment,2026-05-15 00:00:00,v1
U001932,EXP_FINISH_PAGE_001,treatment,2026-05-15 00:00:00,v1
U001933,EXP_FINISH_PAGE_001,treatment,2026-05-15 21:00:00,v1
U001934,EXP_FINISH_PAGE_001,control,2026-06-07 10:00:00,v1
U001935,EXP_FINISH_PAGE_001,treatment,2026-06-11 15:00:00,v1
U001936,EXP_FINISH_PAGE_001,treatment,2026-05-24 19:00:00,v1
U001937,EXP_FINISH_PAGE_001,treatment,2026-06-01 13:00:00,v1
U001938,EXP_FINISH_PAGE_001,control,2026-06-27 09:00:00,v1
U001939,EXP_FINISH_PAGE_001,treatment,2026-06-29 12:00:00,v1
U001940,EXP_FINISH_PAGE_001,control,2026-05-15 00:00:00,v1
U001941,EXP_FINISH_PAGE_001,control,2026-06-16 14:00:00,v1
U001942,EXP_FINISH_PAGE_001,treatment,2026-06-15 16:00:00,v1
U001943,EXP_FINISH_PAGE_001,control,2026-05-21 08:00:00,v1
U001944,EXP_FINISH_PAGE_001,treatment,2026-05-15 00:00:00,v1
U001945,EXP_FINISH_PAGE_001,control,2026-06-16 14:00:00,v1
U001946,EXP_FINISH_PAGE_001,control,2026-05-19 21:00:00,v1
U001947,EXP_FINISH_PAGE_001,treatment,2026-05-20 10:00:00,v1
U001948,EXP_FINISH_PAGE_001,treatment,2026-06-17 17:00:00,v1
U001949,EXP_FINISH_PAGE_001,treatment,2026-06-10 15:00:00,v1
U001950,EXP_FINISH_PAGE_001,control,2026-06-08 17:00:00,v1
U001951,EXP_FINISH_PAGE_001,treatment,2026-06-07 21:00:00,v1
U001952,EXP_FINISH_PAGE_001,treatment,2026-05-15 12:00:00,v1
U001953,EXP_FINISH_PAGE_001,control,2026-06-14 12:00:00,v1
U001954,EXP_FINISH_PAGE_001,control,2026-05-15 00:00:00,v1
U001955,EXP_FINISH_PAGE_001,control,2026-05-15 19:00:00,v1
U001956,EXP_FINISH_PAGE_001,treatment,2026-05-23 10:00:00,v1
U001957,EXP_FINISH_PAGE_001,treatment,2026-05-15 00:00:00,v1
U001958,EXP_FINISH_PAGE_001,control,2026-06-29 15:00:00,v1
U001959,EXP_FINISH_PAGE_001,treatment,2026-06-14 21:00:00,v1
U001960,EXP_FINISH_PAGE_001,control,2026-05-15 00:00:00,v1
U001961,EXP_FINISH_PAGE_001,treatment,2026-06-04 21:00:00,v1
U001962,EXP_FINISH_PAGE_001,treatment,2026-05-15 00:00:00,v1
U001963,EXP_FINISH_PAGE_001,control,2026-06-27 19:00:00,v1
U001964,EXP_FINISH_PAGE_001,control,2026-05-15 00:00:00,v1
U001965,EXP_FINISH_PAGE_001,control,2026-05-15 00:00:00,v1
U001966,EXP_FINISH_PAGE_001,treatment,2026-05-27 15:00:00,v1
U001967,EXP_FINISH_PAGE_001,control,2026-05-15 17:00:00,v1
U001968,EXP_FINISH_PAGE_001,control,2026-05-18 08:00:00,v1
U001969,EXP_FINISH_PAGE_001,control,2026-06-12 15:00:00,v1
U001970,EXP_FINISH_PAGE_001,control,2026-05-15 00:00:00,v1
U001971,EXP_FINISH_PAGE_001,control,2026-05-22 19:00:00,v1
U001972,EXP_FINISH_PAGE_001,control,2026-05-25 09:00:00,v1
U001973,EXP_FINISH_PAGE_001,control,2026-05-23 13:00:00,v1
U001974,EXP_FINISH_PAGE_001,control,2026-05-23 16:00:00,v1
U001975,EXP_FINISH_PAGE_001,treatment,2026-05-27 15:00:00,v1
U001976,EXP_FINISH_PAGE_001,treatment,2026-05-15 00:00:00,v1
U001977,EXP_FINISH_PAGE_001,control,2026-06-12 10:00:00,v1
U001978,EXP_FINISH_PAGE_001,control,2026-06-05 13:00:00,v1
U001979,EXP_FINISH_PAGE_001,control,2026-05-21 20:00:00,v1
U001980,EXP_FINISH_PAGE_001,treatment,2026-06-20 12:00:00,v1
U001981,EXP_FINISH_PAGE_001,treatment,2026-06-25 18:00:00,v1
U001982,EXP_FINISH_PAGE_001,control,2026-06-26 08:00:00,v1
U001983,EXP_FINISH_PAGE_001,treatment,2026-05-27 19:00:00,v1
U001984,EXP_FINISH_PAGE_001,control,2026-06-26 12:00:00,v1
U001985,EXP_FINISH_PAGE_001,control,2026-06-20 18:00:00,v1
U001986,EXP_FINISH_PAGE_001,control,2026-06-29 17:00:00,v1
U001987,EXP_FINISH_PAGE_001,treatment,2026-05-20 10:00:00,v1
U001988,EXP_FINISH_PAGE_001,treatment,2026-06-05 18:00:00,v1
U001989,EXP_FINISH_PAGE_001,treatment,2026-06-07 18:00:00,v1
U001990,EXP_FINISH_PAGE_001,treatment,2026-06-01 13:00:00,v1
U001991,EXP_FINISH_PAGE_001,treatment,2026-05-15 00:00:00,v1
U001992,EXP_FINISH_PAGE_001,control,2026-05-25 12:00:00,v1
U001993,EXP_FINISH_PAGE_001,control,2026-06-14 08:00:00,v1
U001994,EXP_FINISH_PAGE_001,treatment,2026-05-29 09:00:00,v1
U001995,EXP_FINISH_PAGE_001,control,2026-05-28 11:00:00,v1
U001996,EXP_FINISH_PAGE_001,control,2026-06-15 09:00:00,v1
U001997,EXP_FINISH_PAGE_001,treatment,2026-05-15 17:00:00,v1
U001998,EXP_FINISH_PAGE_001,control,2026-06-25 12:00:00,v1
U001999,EXP_FINISH_PAGE_001,control,2026-06-01 08:00:00,v1
U002000,EXP_FINISH_PAGE_001,treatment,2026-05-15 00:00:00,v1
U002001,EXP_FINISH_PAGE_001,treatment,2026-05-15 00:00:00,v1
U002002,EXP_FINISH_PAGE_001,treatment,2026-05-25 19:00:00,v1
U002003,EXP_FINISH_PAGE_001,treatment,2026-06-03 18:00:00,v1
U002004,EXP_FINISH_PAGE_001,control,2026-06-24 16:00:00,v1
U002005,EXP_FINISH_PAGE_001,treatment,2026-05-15 00:00:00,v1
U002006,EXP_FINISH_PAGE_001,control,2026-06-17 14:00:00,v1
U002007,EXP_FINISH_PAGE_001,control,2026-06-12 14:00:00,v1
U002008,EXP_FINISH_PAGE_001,treatment,2026-05-15 00:00:00,v1
U002009,EXP_FINISH_PAGE_001,treatment,2026-05-20 15:00:00,v1
U002010,EXP_FINISH_PAGE_001,treatment,2026-05-15 00:00:00,v1
U002011,EXP_FINISH_PAGE_001,treatment,2026-05-15 00:00:00,v1
U002012,EXP_FINISH_PAGE_001,treatment,2026-06-11 08:00:00,v1
U002013,EXP_FINISH_PAGE_001,control,2026-05-15 00:00:00,v1
U002014,EXP_FINISH_PAGE_001,treatment,2026-06-06 14:00:00,v1
U002015,EXP_FINISH_PAGE_001,treatment,2026-06-05 08:00:00,v1
U002016,EXP_FINISH_PAGE_001,treatment,2026-06-21 17:00:00,v1
U002017,EXP_FINISH_PAGE_001,treatment,2026-05-30 15:00:00,v1
U002018,EXP_FINISH_PAGE_001,treatment,2026-06-19 20:00:00,v1
U002019,EXP_FINISH_PAGE_001,control,2026-05-15 00:00:00,v1
U002020,EXP_FINISH_PAGE_001,control,2026-05-15 00:00:00,v1
U002021,EXP_FINISH_PAGE_001,treatment,2026-05-27 08:00:00,v1
U002022,EXP_FINISH_PAGE_001,control,2026-06-14 14:00:00,v1
U002023,EXP_FINISH_PAGE_001,treatment,2026-05-19 08:00:00,v1
U002024,EXP_FINISH_PAGE_001,treatment,2026-06-04 21:00:00,v1
U002025,EXP_FINISH_PAGE_001,control,2026-06-28 14:00:00,v1
U002026,EXP_FINISH_PAGE_001,treatment,2026-06-11 11:00:00,v1
U002027,EXP_FINISH_PAGE_001,control,2026-05-29 11:00:00,v1
U002028,EXP_FINISH_PAGE_001,treatment,2026-06-23 18:00:00,v1
U002029,EXP_FINISH_PAGE_001,treatment,2026-05-20 08:00:00,v1
U002030,EXP_FINISH_PAGE_001,control,2026-05-15 00:00:00,v1
U002031,EXP_FINISH_PAGE_001,treatment,2026-06-26 13:00:00,v1
U002032,EXP_FINISH_PAGE_001,control,2026-06-15 16:00:00,v1
U002033,EXP_FINISH_PAGE_001,control,2026-05-18 17:00:00,v1
U002034,EXP_FINISH_PAGE_001,control,2026-05-15 00:00:00,v1
U002035,EXP_FINISH_PAGE_001,treatment,2026-05-15 00:00:00,v1
U002036,EXP_FINISH_PAGE_001,control,2026-06-06 21:00:00,v1
U002037,EXP_FINISH_PAGE_001,control,2026-06-28 19:00:00,v1
U002038,EXP_FINISH_PAGE_001,control,2026-06-18 16:00:00,v1
U002039,EXP_FINISH_PAGE_001,treatment,2026-06-29 17:00:00,v1
U002040,EXP_FINISH_PAGE_001,treatment,2026-06-27 08:00:00,v1
U002041,EXP_FINISH_PAGE_001,treatment,2026-06-14 18:00:00,v1
U002042,EXP_FINISH_PAGE_001,treatment,2026-06-07 18:00:00,v1
U002043,EXP_FINISH_PAGE_001,control,2026-06-17 13:00:00,v1
U002044,EXP_FINISH_PAGE_001,treatment,2026-06-11 10:00:00,v1
U002045,EXP_FINISH_PAGE_001,control,2026-05-31 09:00:00,v1
U002046,EXP_FINISH_PAGE_001,treatment,2026-05-15 00:00:00,v1
U002047,EXP_FINISH_PAGE_001,control,2026-05-15 00:00:00,v1
U002048,EXP_FINISH_PAGE_001,treatment,2026-06-04 11:00:00,v1
U002049,EXP_FINISH_PAGE_001,treatment,2026-06-19 13:00:00,v1
U002050,EXP_FINISH_PAGE_001,control,2026-05-15 00:00:00,v1
U002051,EXP_FINISH_PAGE_001,control,2026-05-29 19:00:00,v1
U002052,EXP_FINISH_PAGE_001,treatment,2026-06-20 19:00:00,v1
U002053,EXP_FINISH_PAGE_001,treatment,2026-06-15 14:00:00,v1
U002054,EXP_FINISH_PAGE_001,treatment,2026-05-15 00:00:00,v1
U002055,EXP_FINISH_PAGE_001,treatment,2026-05-15 00:00:00,v1
U002056,EXP_FINISH_PAGE_001,treatment,2026-05-19 18:00:00,v1
U002057,EXP_FINISH_PAGE_001,treatment,2026-06-07 21:00:00,v1
U002058,EXP_FINISH_PAGE_001,treatment,2026-05-15 00:00:00,v1
U002059,EXP_FINISH_PAGE_001,treatment,2026-05-19 20:00:00,v1
U002060,EXP_FINISH_PAGE_001,treatment,2026-05-15 00:00:00,v1
U002061,EXP_FINISH_PAGE_001,treatment,2026-06-20 14:00:00,v1
U002062,EXP_FINISH_PAGE_001,control,2026-05-15 00:00:00,v1
U002063,EXP_FINISH_PAGE_001,control,2026-06-19 21:00:00,v1
U002064,EXP_FINISH_PAGE_001,treatment,2026-06-28 15:00:00,v1
U002065,EXP_FINISH_PAGE_001,treatment,2026-06-20 14:00:00,v1
U002066,EXP_FINISH_PAGE_001,control,2026-06-28 10:00:00,v1
U002067,EXP_FINISH_PAGE_001,control,2026-05-15 00:00:00,v1
U002068,EXP_FINISH_PAGE_001,treatment,2026-06-28 13:00:00,v1
U002069,EXP_FINISH_PAGE_001,treatment,2026-06-27 20:00:00,v1
U002070,EXP_FINISH_PAGE_001,treatment,2026-06-17 15:00:00,v1
U002071,EXP_FINISH_PAGE_001,control,2026-06-20 19:00:00,v1
U002072,EXP_FINISH_PAGE_001,treatment,2026-06-20 19:00:00,v1
U002073,EXP_FINISH_PAGE_001,treatment,2026-05-15 00:00:00,v1
U002074,EXP_FINISH_PAGE_001,control,2026-05-17 17:00:00,v1
U002075,EXP_FINISH_PAGE_001,control,2026-05-15 00:00:00,v1
U002076,EXP_FINISH_PAGE_001,control,2026-05-15 00:00:00,v1
U002077,EXP_FINISH_PAGE_001,control,2026-06-03 18:00:00,v1
U002078,EXP_FINISH_PAGE_001,control,2026-05-20 21:00:00,v1
U002079,EXP_FINISH_PAGE_001,treatment,2026-05-28 14:00:00,v1
U002080,EXP_FINISH_PAGE_001,treatment,2026-05-22 21:00:00,v1
U002081,EXP_FINISH_PAGE_001,treatment,2026-06-15 20:00:00,v1
U002082,EXP_FINISH_PAGE_001,treatment,2026-06-04 17:00:00,v1
U002083,EXP_FINISH_PAGE_001,treatment,2026-06-21 21:00:00,v1
U002084,EXP_FINISH_PAGE_001,control,2026-06-20 11:00:00,v1
U002085,EXP_FINISH_PAGE_001,treatment,2026-05-15 00:00:00,v1
U002086,EXP_FINISH_PAGE_001,control,2026-05-15 00:00:00,v1
U002087,EXP_FINISH_PAGE_001,treatment,2026-05-15 00:00:00,v1
U002088,EXP_FINISH_PAGE_001,treatment,2026-06-06 12:00:00,v1
U002089,EXP_FINISH_PAGE_001,treatment,2026-05-15 00:00:00,v1
U002090,EXP_FINISH_PAGE_001,control,2026-06-29 12:00:00,v1
U002091,EXP_FINISH_PAGE_001,treatment,2026-06-01 21:00:00,v1
U002092,EXP_FINISH_PAGE_001,control,2026-05-15 12:00:00,v1
U002093,EXP_FINISH_PAGE_001,control,2026-05-19 11:00:00,v1
U002094,EXP_FINISH_PAGE_001,control,2026-05-15 00:00:00,v1
U002095,EXP_FINISH_PAGE_001,treatment,2026-05-31 09:00:00,v1
U002096,EXP_FINISH_PAGE_001,treatment,2026-05-22 20:00:00,v1
U002097,EXP_FINISH_PAGE_001,control,2026-05-15 16:00:00,v1
U002098,EXP_FINISH_PAGE_001,control,2026-06-26 08:00:00,v1
U002099,EXP_FINISH_PAGE_001,treatment,2026-06-16 19:00:00,v1
U002100,EXP_FINISH_PAGE_001,control,2026-06-26 12:00:00,v1
U002101,EXP_FINISH_PAGE_001,control,2026-06-17 18:00:00,v1
U002102,EXP_FINISH_PAGE_001,treatment,2026-06-23 21:00:00,v1
U002103,EXP_FINISH_PAGE_001,treatment,2026-05-18 17:00:00,v1
U002104,EXP_FINISH_PAGE_001,control,2026-05-25 16:00:00,v1
U002105,EXP_FINISH_PAGE_001,control,2026-06-22 10:00:00,v1
U002106,EXP_FINISH_PAGE_001,treatment,2026-06-07 20:00:00,v1
U002107,EXP_FINISH_PAGE_001,treatment,2026-05-15 00:00:00,v1
U002108,EXP_FINISH_PAGE_001,treatment,2026-05-15 00:00:00,v1
U002109,EXP_FINISH_PAGE_001,treatment,2026-05-15 00:00:00,v1
U002110,EXP_FINISH_PAGE_001,control,2026-05-24 14:00:00,v1
U002111,EXP_FINISH_PAGE_001,control,2026-06-28 11:00:00,v1
U002112,EXP_FINISH_PAGE_001,control,2026-05-15 00:00:00,v1
U002113,EXP_FINISH_PAGE_001,treatment,2026-05-30 10:00:00,v1
U002114,EXP_FINISH_PAGE_001,control,2026-05-28 17:00:00,v1
U002115,EXP_FINISH_PAGE_001,control,2026-05-18 20:00:00,v1
U002116,EXP_FINISH_PAGE_001,treatment,2026-06-01 20:00:00,v1
U002117,EXP_FINISH_PAGE_001,treatment,2026-05-28 20:00:00,v1
U002118,EXP_FINISH_PAGE_001,treatment,2026-05-23 10:00:00,v1
U002119,EXP_FINISH_PAGE_001,control,2026-05-15 00:00:00,v1
U002120,EXP_FINISH_PAGE_001,treatment,2026-05-23 09:00:00,v1
U002121,EXP_FINISH_PAGE_001,control,2026-05-15 00:00:00,v1
U002122,EXP_FINISH_PAGE_001,control,2026-06-21 19:00:00,v1
U002123,EXP_FINISH_PAGE_001,control,2026-05-31 08:00:00,v1
U002124,EXP_FINISH_PAGE_001,treatment,2026-06-08 21:00:00,v1
U002125,EXP_FINISH_PAGE_001,treatment,2026-05-24 20:00:00,v1
U002126,EXP_FINISH_PAGE_001,control,2026-05-15 00:00:00,v1
U002127,EXP_FINISH_PAGE_001,control,2026-05-23 16:00:00,v1
U002128,EXP_FINISH_PAGE_001,control,2026-05-15 00:00:00,v1
U002129,EXP_FINISH_PAGE_001,treatment,2026-06-13 14:00:00,v1
U002130,EXP_FINISH_PAGE_001,treatment,2026-06-03 09:00:00,v1
U002131,EXP_FINISH_PAGE_001,treatment,2026-05-15 00:00:00,v1
U002132,EXP_FINISH_PAGE_001,control,2026-06-15 15:00:00,v1
U002133,EXP_FINISH_PAGE_001,treatment,2026-05-21 09:00:00,v1
U002134,EXP_FINISH_PAGE_001,control,2026-06-27 18:00:00,v1
U002135,EXP_FINISH_PAGE_001,control,2026-05-15 00:00:00,v1
U002136,EXP_FINISH_PAGE_001,treatment,2026-05-15 00:00:00,v1
U002137,EXP_FINISH_PAGE_001,control,2026-05-15 00:00:00,v1
U002138,EXP_FINISH_PAGE_001,control,2026-06-17 15:00:00,v1
U002139,EXP_FINISH_PAGE_001,treatment,2026-06-17 16:00:00,v1
U002140,EXP_FINISH_PAGE_001,control,2026-06-10 09:00:00,v1
U002141,EXP_FINISH_PAGE_001,treatment,2026-05-15 00:00:00,v1
U002142,EXP_FINISH_PAGE_001,control,2026-06-27 12:00:00,v1
U002143,EXP_FINISH_PAGE_001,treatment,2026-05-20 18:00:00,v1
U002144,EXP_FINISH_PAGE_001,treatment,2026-06-07 09:00:00,v1
U002145,EXP_FINISH_PAGE_001,control,2026-06-09 19:00:00,v1
U002146,EXP_FINISH_PAGE_001,control,2026-06-06 16:00:00,v1
U002147,EXP_FINISH_PAGE_001,treatment,2026-05-15 00:00:00,v1
U002148,EXP_FINISH_PAGE_001,treatment,2026-06-04 10:00:00,v1
U002149,EXP_FINISH_PAGE_001,control,2026-05-15 17:00:00,v1
U002150,EXP_FINISH_PAGE_001,control,2026-05-29 16:00:00,v1
U002151,EXP_FINISH_PAGE_001,control,2026-05-15 00:00:00,v1
U002152,EXP_FINISH_PAGE_001,control,2026-05-31 20:00:00,v1
U002153,EXP_FINISH_PAGE_001,control,2026-05-28 14:00:00,v1
U002154,EXP_FINISH_PAGE_001,treatment,2026-06-18 11:00:00,v1
U002155,EXP_FINISH_PAGE_001,treatment,2026-05-20 19:00:00,v1
U002156,EXP_FINISH_PAGE_001,treatment,2026-05-18 15:00:00,v1
U002157,EXP_FINISH_PAGE_001,treatment,2026-06-10 15:00:00,v1
U002158,EXP_FINISH_PAGE_001,treatment,2026-05-15 00:00:00,v1
U002159,EXP_FINISH_PAGE_001,treatment,2026-06-14 21:00:00,v1
U002160,EXP_FINISH_PAGE_001,control,2026-05-24 21:00:00,v1
U002161,EXP_FINISH_PAGE_001,control,2026-06-26 08:00:00,v1
U002162,EXP_FINISH_PAGE_001,control,2026-05-15 00:00:00,v1
U002163,EXP_FINISH_PAGE_001,treatment,2026-06-09 21:00:00,v1
U002164,EXP_FINISH_PAGE_001,control,2026-06-13 12:00:00,v1
U002165,EXP_FINISH_PAGE_001,treatment,2026-06-13 11:00:00,v1
U002166,EXP_FINISH_PAGE_001,treatment,2026-06-14 15:00:00,v1
U002167,EXP_FINISH_PAGE_001,treatment,2026-06-13 20:00:00,v1
U002168,EXP_FINISH_PAGE_001,control,2026-06-27 10:00:00,v1
U002169,EXP_FINISH_PAGE_001,treatment,2026-06-08 10:00:00,v1
U002170,EXP_FINISH_PAGE_001,control,2026-05-26 17:00:00,v1
U002171,EXP_FINISH_PAGE_001,control,2026-05-29 21:00:00,v1
U002172,EXP_FINISH_PAGE_001,control,2026-06-09 09:00:00,v1
U002173,EXP_FINISH_PAGE_001,control,2026-06-16 19:00:00,v1
U002174,EXP_FINISH_PAGE_001,control,2026-06-04 20:00:00,v1
U002175,EXP_FINISH_PAGE_001,treatment,2026-05-17 12:00:00,v1
U002176,EXP_FINISH_PAGE_001,treatment,2026-05-15 00:00:00,v1
U002177,EXP_FINISH_PAGE_001,control,2026-05-15 00:00:00,v1
U002178,EXP_FINISH_PAGE_001,control,2026-06-29 19:00:00,v1
U002179,EXP_FINISH_PAGE_001,control,2026-05-15 00:00:00,v1
U002180,EXP_FINISH_PAGE_001,treatment,2026-05-15 00:00:00,v1
U002181,EXP_FINISH_PAGE_001,control,2026-05-15 00:00:00,v1
U002182,EXP_FINISH_PAGE_001,control,2026-05-15 00:00:00,v1
U002183,EXP_FINISH_PAGE_001,treatment,2026-06-22 09:00:00,v1
U002184,EXP_FINISH_PAGE_001,treatment,2026-06-19 09:00:00,v1
U002185,EXP_FINISH_PAGE_001,control,2026-06-03 18:00:00,v1
U002186,EXP_FINISH_PAGE_001,treatment,2026-05-18 17:00:00,v1
U002187,EXP_FINISH_PAGE_001,treatment,2026-05-15 00:00:00,v1
U002188,EXP_FINISH_PAGE_001,control,2026-06-08 08:00:00,v1
U002189,EXP_FINISH_PAGE_001,treatment,2026-05-22 10:00:00,v1
U002190,EXP_FINISH_PAGE_001,treatment,2026-06-08 09:00:00,v1
U002191,EXP_FINISH_PAGE_001,control,2026-06-07 21:00:00,v1
U002192,EXP_FINISH_PAGE_001,control,2026-06-03 08:00:00,v1
U002193,EXP_FINISH_PAGE_001,treatment,2026-06-21 17:00:00,v1
U002194,EXP_FINISH_PAGE_001,control,2026-05-25 15:00:00,v1
U002195,EXP_FINISH_PAGE_001,treatment,2026-06-02 09:00:00,v1
U002196,EXP_FINISH_PAGE_001,treatment,2026-05-15 00:00:00,v1
U002197,EXP_FINISH_PAGE_001,treatment,2026-06-06 18:00:00,v1
U002198,EXP_FINISH_PAGE_001,treatment,2026-06-02 18:00:00,v1
U002199,EXP_FINISH_PAGE_001,control,2026-06-10 09:00:00,v1
U002200,EXP_FINISH_PAGE_001,treatment,2026-05-15 00:00:00,v1
U002201,EXP_FINISH_PAGE_001,treatment,2026-06-10 15:00:00,v1
U002202,EXP_FINISH_PAGE_001,control,2026-06-29 12:00:00,v1
U002203,EXP_FINISH_PAGE_001,treatment,2026-06-09 10:00:00,v1
U002204,EXP_FINISH_PAGE_001,treatment,2026-06-16 12:00:00,v1
U002205,EXP_FINISH_PAGE_001,control,2026-05-30 15:00:00,v1
U002206,EXP_FINISH_PAGE_001,control,2026-05-31 18:00:00,v1
U002207,EXP_FINISH_PAGE_001,treatment,2026-05-17 20:00:00,v1
U002208,EXP_FINISH_PAGE_001,treatment,2026-05-16 14:00:00,v1
U002209,EXP_FINISH_PAGE_001,treatment,2026-05-15 00:00:00,v1
U002210,EXP_FINISH_PAGE_001,control,2026-06-12 20:00:00,v1
U002211,EXP_FINISH_PAGE_001,treatment,2026-05-19 11:00:00,v1
U002212,EXP_FINISH_PAGE_001,control,2026-06-26 20:00:00,v1
U002213,EXP_FINISH_PAGE_001,control,2026-06-22 16:00:00,v1
U002214,EXP_FINISH_PAGE_001,control,2026-06-15 19:00:00,v1
U002215,EXP_FINISH_PAGE_001,control,2026-05-15 00:00:00,v1
U002216,EXP_FINISH_PAGE_001,control,2026-06-18 18:00:00,v1
U002217,EXP_FINISH_PAGE_001,control,2026-06-01 17:00:00,v1
U002218,EXP_FINISH_PAGE_001,treatment,2026-06-26 10:00:00,v1
U002219,EXP_FINISH_PAGE_001,treatment,2026-05-15 00:00:00,v1
U002220,EXP_FINISH_PAGE_001,control,2026-06-14 14:00:00,v1
U002221,EXP_FINISH_PAGE_001,treatment,2026-06-24 15:00:00,v1
U002222,EXP_FINISH_PAGE_001,treatment,2026-06-06 19:00:00,v1
U002223,EXP_FINISH_PAGE_001,treatment,2026-06-29 08:00:00,v1
U002224,EXP_FINISH_PAGE_001,treatment,2026-06-18 14:00:00,v1
U002225,EXP_FINISH_PAGE_001,treatment,2026-06-22 13:00:00,v1
U002226,EXP_FINISH_PAGE_001,control,2026-05-29 21:00:00,v1
U002227,EXP_FINISH_PAGE_001,treatment,2026-05-15 17:00:00,v1
U002228,EXP_FINISH_PAGE_001,treatment,2026-05-22 14:00:00,v1
U002229,EXP_FINISH_PAGE_001,treatment,2026-06-29 20:00:00,v1
U002230,EXP_FINISH_PAGE_001,control,2026-05-15 00:00:00,v1
U002231,EXP_FINISH_PAGE_001,treatment,2026-06-17 08:00:00,v1
U002232,EXP_FINISH_PAGE_001,treatment,2026-06-10 18:00:00,v1
U002233,EXP_FINISH_PAGE_001,treatment,2026-06-01 11:00:00,v1
U002234,EXP_FINISH_PAGE_001,control,2026-05-17 19:00:00,v1
U002235,EXP_FINISH_PAGE_001,control,2026-06-12 18:00:00,v1
U002236,EXP_FINISH_PAGE_001,control,2026-05-15 00:00:00,v1
U002237,EXP_FINISH_PAGE_001,treatment,2026-06-09 08:00:00,v1
U002238,EXP_FINISH_PAGE_001,treatment,2026-05-15 00:00:00,v1
U002239,EXP_FINISH_PAGE_001,treatment,2026-05-15 00:00:00,v1
U002240,EXP_FINISH_PAGE_001,control,2026-05-15 00:00:00,v1
U002241,EXP_FINISH_PAGE_001,treatment,2026-05-21 14:00:00,v1
U002242,EXP_FINISH_PAGE_001,treatment,2026-05-15 00:00:00,v1
U002243,EXP_FINISH_PAGE_001,treatment,2026-05-15 00:00:00,v1
U002244,EXP_FINISH_PAGE_001,control,2026-06-21 18:00:00,v1
U002245,EXP_FINISH_PAGE_001,treatment,2026-06-19 18:00:00,v1
U002246,EXP_FINISH_PAGE_001,control,2026-05-15 00:00:00,v1
U002247,EXP_FINISH_PAGE_001,treatment,2026-06-05 18:00:00,v1
U002248,EXP_FINISH_PAGE_001,control,2026-06-07 10:00:00,v1
U002249,EXP_FINISH_PAGE_001,treatment,2026-05-15 00:00:00,v1
U002250,EXP_FINISH_PAGE_001,control,2026-05-29 17:00:00,v1
U002251,EXP_FINISH_PAGE_001,treatment,2026-06-06 09:00:00,v1
U002252,EXP_FINISH_PAGE_001,control,2026-05-24 18:00:00,v1
U002253,EXP_FINISH_PAGE_001,treatment,2026-06-13 14:00:00,v1
U002254,EXP_FINISH_PAGE_001,treatment,2026-06-29 14:00:00,v1
U002255,EXP_FINISH_PAGE_001,control,2026-05-17 08:00:00,v1
U002256,EXP_FINISH_PAGE_001,control,2026-05-15 00:00:00,v1
U002257,EXP_FINISH_PAGE_001,treatment,2026-05-15 00:00:00,v1
U002258,EXP_FINISH_PAGE_001,control,2026-06-18 11:00:00,v1
U002259,EXP_FINISH_PAGE_001,control,2026-05-15 00:00:00,v1
U002260,EXP_FINISH_PAGE_001,control,2026-06-13 08:00:00,v1
U002261,EXP_FINISH_PAGE_001,control,2026-06-07 11:00:00,v1
U002262,EXP_FINISH_PAGE_001,control,2026-06-21 16:00:00,v1
U002263,EXP_FINISH_PAGE_001,control,2026-06-14 15:00:00,v1
U002264,EXP_FINISH_PAGE_001,control,2026-06-24 14:00:00,v1
U002265,EXP_FINISH_PAGE_001,treatment,2026-06-10 12:00:00,v1
U002266,EXP_FINISH_PAGE_001,control,2026-05-30 21:00:00,v1
U002267,EXP_FINISH_PAGE_001,treatment,2026-05-15 00:00:00,v1
U002268,EXP_FINISH_PAGE_001,treatment,2026-05-30 20:00:00,v1
U002269,EXP_FINISH_PAGE_001,treatment,2026-06-12 11:00:00,v1
U002270,EXP_FINISH_PAGE_001,treatment,2026-06-20 12:00:00,v1
U002271,EXP_FINISH_PAGE_001,control,2026-05-15 00:00:00,v1
U002272,EXP_FINISH_PAGE_001,treatment,2026-06-13 20:00:00,v1
U002273,EXP_FINISH_PAGE_001,control,2026-05-22 08:00:00,v1
U002274,EXP_FINISH_PAGE_001,control,2026-05-15 00:00:00,v1
U002275,EXP_FINISH_PAGE_001,treatment,2026-05-19 15:00:00,v1
U002276,EXP_FINISH_PAGE_001,control,2026-06-09 17:00:00,v1
U002277,EXP_FINISH_PAGE_001,control,2026-05-27 19:00:00,v1
U002278,EXP_FINISH_PAGE_001,treatment,2026-06-11 18:00:00,v1
U002279,EXP_FINISH_PAGE_001,control,2026-06-28 20:00:00,v1
U002280,EXP_FINISH_PAGE_001,treatment,2026-06-10 17:00:00,v1
U002281,EXP_FINISH_PAGE_001,treatment,2026-06-07 08:00:00,v1
U002282,EXP_FINISH_PAGE_001,control,2026-05-15 00:00:00,v1
U002283,EXP_FINISH_PAGE_001,treatment,2026-05-15 00:00:00,v1
U002284,EXP_FINISH_PAGE_001,treatment,2026-06-17 20:00:00,v1
U002285,EXP_FINISH_PAGE_001,treatment,2026-05-15 00:00:00,v1
U002286,EXP_FINISH_PAGE_001,control,2026-05-15 21:00:00,v1
U002287,EXP_FINISH_PAGE_001,treatment,2026-06-03 16:00:00,v1
U002288,EXP_FINISH_PAGE_001,control,2026-05-15 00:00:00,v1
U002289,EXP_FINISH_PAGE_001,treatment,2026-06-09 15:00:00,v1
U002290,EXP_FINISH_PAGE_001,treatment,2026-06-04 18:00:00,v1
U002291,EXP_FINISH_PAGE_001,treatment,2026-06-09 20:00:00,v1
U002292,EXP_FINISH_PAGE_001,control,2026-06-03 10:00:00,v1
U002293,EXP_FINISH_PAGE_001,control,2026-06-12 08:00:00,v1
U002294,EXP_FINISH_PAGE_001,treatment,2026-06-09 15:00:00,v1
U002295,EXP_FINISH_PAGE_001,control,2026-06-02 14:00:00,v1
U002296,EXP_FINISH_PAGE_001,control,2026-06-10 18:00:00,v1
U002297,EXP_FINISH_PAGE_001,control,2026-06-14 20:00:00,v1
U002298,EXP_FINISH_PAGE_001,control,2026-06-06 09:00:00,v1
U002299,EXP_FINISH_PAGE_001,control,2026-05-15 00:00:00,v1
U002300,EXP_FINISH_PAGE_001,treatment,2026-05-21 19:00:00,v1
U002301,EXP_FINISH_PAGE_001,control,2026-05-20 20:00:00,v1
U002302,EXP_FINISH_PAGE_001,treatment,2026-06-11 18:00:00,v1
U002303,EXP_FINISH_PAGE_001,treatment,2026-05-30 16:00:00,v1
U002304,EXP_FINISH_PAGE_001,control,2026-05-30 10:00:00,v1
U002305,EXP_FINISH_PAGE_001,treatment,2026-05-15 00:00:00,v1
U002306,EXP_FINISH_PAGE_001,treatment,2026-05-20 16:00:00,v1
U002307,EXP_FINISH_PAGE_001,treatment,2026-06-04 17:00:00,v1
U002308,EXP_FINISH_PAGE_001,treatment,2026-05-15 00:00:00,v1
U002309,EXP_FINISH_PAGE_001,treatment,2026-06-02 18:00:00,v1
U002310,EXP_FINISH_PAGE_001,treatment,2026-05-24 19:00:00,v1
U002311,EXP_FINISH_PAGE_001,control,2026-05-20 08:00:00,v1
U002312,EXP_FINISH_PAGE_001,treatment,2026-06-07 11:00:00,v1
U002313,EXP_FINISH_PAGE_001,treatment,2026-06-23 17:00:00,v1
U002314,EXP_FINISH_PAGE_001,control,2026-06-03 20:00:00,v1
U002315,EXP_FINISH_PAGE_001,control,2026-06-07 14:00:00,v1
U002316,EXP_FINISH_PAGE_001,treatment,2026-05-17 18:00:00,v1
U002317,EXP_FINISH_PAGE_001,control,2026-06-02 15:00:00,v1
U002318,EXP_FINISH_PAGE_001,treatment,2026-06-13 08:00:00,v1
U002319,EXP_FINISH_PAGE_001,treatment,2026-05-31 19:00:00,v1
U002320,EXP_FINISH_PAGE_001,control,2026-05-15 09:00:00,v1
U002321,EXP_FINISH_PAGE_001,treatment,2026-05-15 00:00:00,v1
U002322,EXP_FINISH_PAGE_001,control,2026-05-16 13:00:00,v1
U002323,EXP_FINISH_PAGE_001,control,2026-05-19 18:00:00,v1
U002324,EXP_FINISH_PAGE_001,control,2026-05-15 00:00:00,v1
U002325,EXP_FINISH_PAGE_001,control,2026-05-15 16:00:00,v1
U002326,EXP_FINISH_PAGE_001,control,2026-05-17 13:00:00,v1
U002327,EXP_FINISH_PAGE_001,control,2026-05-15 00:00:00,v1
U002328,EXP_FINISH_PAGE_001,treatment,2026-05-15 00:00:00,v1
U002329,EXP_FINISH_PAGE_001,treatment,2026-06-04 13:00:00,v1
U002330,EXP_FINISH_PAGE_001,treatment,2026-05-20 14:00:00,v1
U002331,EXP_FINISH_PAGE_001,control,2026-06-20 16:00:00,v1
U002332,EXP_FINISH_PAGE_001,control,2026-05-15 00:00:00,v1
U002333,EXP_FINISH_PAGE_001,treatment,2026-05-15 00:00:00,v1
U002334,EXP_FINISH_PAGE_001,treatment,2026-06-13 14:00:00,v1
U002335,EXP_FINISH_PAGE_001,treatment,2026-06-02 16:00:00,v1
U002336,EXP_FINISH_PAGE_001,control,2026-06-16 20:00:00,v1
U002337,EXP_FINISH_PAGE_001,treatment,2026-06-03 19:00:00,v1
U002338,EXP_FINISH_PAGE_001,treatment,2026-05-15 00:00:00,v1
U002339,EXP_FINISH_PAGE_001,control,2026-06-14 14:00:00,v1
U002340,EXP_FINISH_PAGE_001,control,2026-05-21 14:00:00,v1
U002341,EXP_FINISH_PAGE_001,treatment,2026-05-27 10:00:00,v1
U002342,EXP_FINISH_PAGE_001,control,2026-05-28 11:00:00,v1
U002343,EXP_FINISH_PAGE_001,treatment,2026-05-15 00:00:00,v1
U002344,EXP_FINISH_PAGE_001,control,2026-05-17 17:00:00,v1
U002345,EXP_FINISH_PAGE_001,treatment,2026-05-15 00:00:00,v1
U002346,EXP_FINISH_PAGE_001,treatment,2026-05-22 19:00:00,v1
U002347,EXP_FINISH_PAGE_001,control,2026-06-24 13:00:00,v1
U002348,EXP_FINISH_PAGE_001,treatment,2026-06-06 21:00:00,v1
U002349,EXP_FINISH_PAGE_001,control,2026-06-19 17:00:00,v1
U002350,EXP_FINISH_PAGE_001,treatment,2026-06-12 13:00:00,v1
U002351,EXP_FINISH_PAGE_001,control,2026-06-20 21:00:00,v1
U002352,EXP_FINISH_PAGE_001,treatment,2026-05-15 00:00:00,v1
U002353,EXP_FINISH_PAGE_001,treatment,2026-05-15 00:00:00,v1
U002354,EXP_FINISH_PAGE_001,treatment,2026-06-18 18:00:00,v1
U002355,EXP_FINISH_PAGE_001,control,2026-05-19 16:00:00,v1
U002356,EXP_FINISH_PAGE_001,control,2026-06-29 18:00:00,v1
U002357,EXP_FINISH_PAGE_001,control,2026-05-19 14:00:00,v1
U002358,EXP_FINISH_PAGE_001,control,2026-06-19 19:00:00,v1
U002359,EXP_FINISH_PAGE_001,treatment,2026-06-02 16:00:00,v1
U002360,EXP_FINISH_PAGE_001,treatment,2026-06-05 20:00:00,v1
U002361,EXP_FINISH_PAGE_001,treatment,2026-06-11 20:00:00,v1
U002362,EXP_FINISH_PAGE_001,treatment,2026-05-27 19:00:00,v1
U002363,EXP_FINISH_PAGE_001,treatment,2026-05-23 20:00:00,v1
U002364,EXP_FINISH_PAGE_001,treatment,2026-05-20 16:00:00,v1
U002365,EXP_FINISH_PAGE_001,control,2026-05-15 00:00:00,v1
U002366,EXP_FINISH_PAGE_001,treatment,2026-06-09 14:00:00,v1
U002367,EXP_FINISH_PAGE_001,control,2026-06-07 10:00:00,v1
U002368,EXP_FINISH_PAGE_001,treatment,2026-06-04 15:00:00,v1
U002369,EXP_FINISH_PAGE_001,control,2026-05-15 00:00:00,v1
U002370,EXP_FINISH_PAGE_001,control,2026-05-15 00:00:00,v1
U002371,EXP_FINISH_PAGE_001,control,2026-06-28 16:00:00,v1
U002372,EXP_FINISH_PAGE_001,control,2026-06-27 10:00:00,v1
U002373,EXP_FINISH_PAGE_001,control,2026-05-30 19:00:00,v1
U002374,EXP_FINISH_PAGE_001,treatment,2026-05-15 00:00:00,v1
U002375,EXP_FINISH_PAGE_001,treatment,2026-05-16 19:00:00,v1
U002376,EXP_FINISH_PAGE_001,treatment,2026-05-15 00:00:00,v1
U002377,EXP_FINISH_PAGE_001,control,2026-05-15 00:00:00,v1
U002378,EXP_FINISH_PAGE_001,control,2026-05-23 21:00:00,v1
U002379,EXP_FINISH_PAGE_001,treatment,2026-06-06 12:00:00,v1
U002380,EXP_FINISH_PAGE_001,treatment,2026-06-08 20:00:00,v1
U002381,EXP_FINISH_PAGE_001,control,2026-05-15 00:00:00,v1
U002382,EXP_FINISH_PAGE_001,control,2026-05-15 00:00:00,v1
U002383,EXP_FINISH_PAGE_001,treatment,2026-05-25 17:00:00,v1
U002384,EXP_FINISH_PAGE_001,treatment,2026-05-17 19:00:00,v1
U002385,EXP_FINISH_PAGE_001,treatment,2026-05-15 00:00:00,v1
U002386,EXP_FINISH_PAGE_001,control,2026-06-13 10:00:00,v1
U002387,EXP_FINISH_PAGE_001,treatment,2026-05-25 14:00:00,v1
U002388,EXP_FINISH_PAGE_001,control,2026-05-15 00:00:00,v1
U002389,EXP_FINISH_PAGE_001,treatment,2026-05-29 08:00:00,v1
U002390,EXP_FINISH_PAGE_001,control,2026-05-21 10:00:00,v1
U002391,EXP_FINISH_PAGE_001,control,2026-05-23 20:00:00,v1
U002392,EXP_FINISH_PAGE_001,treatment,2026-05-17 10:00:00,v1
U002393,EXP_FINISH_PAGE_001,treatment,2026-06-09 10:00:00,v1
U002394,EXP_FINISH_PAGE_001,control,2026-05-27 09:00:00,v1
U002395,EXP_FINISH_PAGE_001,treatment,2026-06-22 18:00:00,v1
U002396,EXP_FINISH_PAGE_001,treatment,2026-05-15 00:00:00,v1
U002397,EXP_FINISH_PAGE_001,control,2026-05-15 00:00:00,v1
U002398,EXP_FINISH_PAGE_001,treatment,2026-06-08 11:00:00,v1
U002399,EXP_FINISH_PAGE_001,control,2026-05-25 14:00:00,v1
U002400,EXP_FINISH_PAGE_001,control,2026-05-24 13:00:00,v1
U002401,EXP_FINISH_PAGE_001,treatment,2026-06-22 17:00:00,v1
U002402,EXP_FINISH_PAGE_001,treatment,2026-06-05 18:00:00,v1
U002403,EXP_FINISH_PAGE_001,treatment,2026-06-26 10:00:00,v1
U002404,EXP_FINISH_PAGE_001,control,2026-05-27 16:00:00,v1
U002405,EXP_FINISH_PAGE_001,treatment,2026-05-15 00:00:00,v1
U002406,EXP_FINISH_PAGE_001,control,2026-05-23 18:00:00,v1
U002407,EXP_FINISH_PAGE_001,treatment,2026-06-06 17:00:00,v1
U002408,EXP_FINISH_PAGE_001,control,2026-05-15 00:00:00,v1
U002409,EXP_FINISH_PAGE_001,treatment,2026-06-10 09:00:00,v1
U002410,EXP_FINISH_PAGE_001,control,2026-05-19 20:00:00,v1
U002411,EXP_FINISH_PAGE_001,treatment,2026-05-26 08:00:00,v1
U002412,EXP_FINISH_PAGE_001,control,2026-05-18 08:00:00,v1
U002413,EXP_FINISH_PAGE_001,control,2026-06-26 09:00:00,v1
U002414,EXP_FINISH_PAGE_001,treatment,2026-05-27 20:00:00,v1
U002415,EXP_FINISH_PAGE_001,control,2026-05-17 14:00:00,v1
U002416,EXP_FINISH_PAGE_001,control,2026-06-17 21:00:00,v1
U002417,EXP_FINISH_PAGE_001,treatment,2026-05-23 17:00:00,v1
U002418,EXP_FINISH_PAGE_001,treatment,2026-05-15 00:00:00,v1
U002419,EXP_FINISH_PAGE_001,treatment,2026-05-19 14:00:00,v1
U002420,EXP_FINISH_PAGE_001,control,2026-06-15 15:00:00,v1
U002421,EXP_FINISH_PAGE_001,treatment,2026-05-31 14:00:00,v1
U002422,EXP_FINISH_PAGE_001,control,2026-05-15 17:00:00,v1
U002423,EXP_FINISH_PAGE_001,treatment,2026-05-26 08:00:00,v1
U002424,EXP_FINISH_PAGE_001,control,2026-05-15 18:00:00,v1
U002425,EXP_FINISH_PAGE_001,treatment,2026-06-27 18:00:00,v1
U002426,EXP_FINISH_PAGE_001,control,2026-05-15 00:00:00,v1
U002427,EXP_FINISH_PAGE_001,treatment,2026-06-18 18:00:00,v1
U002428,EXP_FINISH_PAGE_001,control,2026-06-27 15:00:00,v1
U002429,EXP_FINISH_PAGE_001,treatment,2026-06-04 13:00:00,v1
U002430,EXP_FINISH_PAGE_001,control,2026-05-16 10:00:00,v1
U002431,EXP_FINISH_PAGE_001,control,2026-05-15 00:00:00,v1
U002432,EXP_FINISH_PAGE_001,control,2026-05-15 00:00:00,v1
U002433,EXP_FINISH_PAGE_001,control,2026-05-29 12:00:00,v1
U002434,EXP_FINISH_PAGE_001,treatment,2026-06-02 20:00:00,v1
U002435,EXP_FINISH_PAGE_001,treatment,2026-05-15 00:00:00,v1
U002436,EXP_FINISH_PAGE_001,treatment,2026-06-26 11:00:00,v1
U002437,EXP_FINISH_PAGE_001,control,2026-06-04 18:00:00,v1
U002438,EXP_FINISH_PAGE_001,control,2026-06-11 17:00:00,v1
U002439,EXP_FINISH_PAGE_001,control,2026-06-23 20:00:00,v1
U002440,EXP_FINISH_PAGE_001,control,2026-06-04 11:00:00,v1
U002441,EXP_FINISH_PAGE_001,control,2026-05-15 00:00:00,v1
U002442,EXP_FINISH_PAGE_001,treatment,2026-06-06 21:00:00,v1
U002443,EXP_FINISH_PAGE_001,control,2026-06-10 21:00:00,v1
U002444,EXP_FINISH_PAGE_001,treatment,2026-05-26 12:00:00,v1
U002445,EXP_FINISH_PAGE_001,treatment,2026-05-23 08:00:00,v1
U002446,EXP_FINISH_PAGE_001,treatment,2026-06-01 20:00:00,v1
U002447,EXP_FINISH_PAGE_001,control,2026-06-12 19:00:00,v1
U002448,EXP_FINISH_PAGE_001,control,2026-05-15 00:00:00,v1
U002449,EXP_FINISH_PAGE_001,control,2026-06-09 14:00:00,v1
U002450,EXP_FINISH_PAGE_001,control,2026-05-27 12:00:00,v1
U002451,EXP_FINISH_PAGE_001,control,2026-05-15 00:00:00,v1
U002452,EXP_FINISH_PAGE_001,treatment,2026-06-24 20:00:00,v1
U002453,EXP_FINISH_PAGE_001,treatment,2026-05-17 11:00:00,v1
U002454,EXP_FINISH_PAGE_001,control,2026-05-21 17:00:00,v1
U002455,EXP_FINISH_PAGE_001,treatment,2026-06-20 11:00:00,v1
U002456,EXP_FINISH_PAGE_001,control,2026-05-15 00:00:00,v1
U002457,EXP_FINISH_PAGE_001,control,2026-05-21 17:00:00,v1
U002458,EXP_FINISH_PAGE_001,control,2026-05-15 00:00:00,v1
U002459,EXP_FINISH_PAGE_001,treatment,2026-05-18 14:00:00,v1
U002460,EXP_FINISH_PAGE_001,control,2026-06-15 09:00:00,v1
U002461,EXP_FINISH_PAGE_001,treatment,2026-06-21 15:00:00,v1
U002462,EXP_FINISH_PAGE_001,treatment,2026-06-10 19:00:00,v1
U002463,EXP_FINISH_PAGE_001,control,2026-06-11 12:00:00,v1
U002464,EXP_FINISH_PAGE_001,treatment,2026-05-18 09:00:00,v1
U002465,EXP_FINISH_PAGE_001,control,2026-05-24 16:00:00,v1
U002466,EXP_FINISH_PAGE_001,treatment,2026-06-24 11:00:00,v1
U002467,EXP_FINISH_PAGE_001,treatment,2026-05-15 00:00:00,v1
U002468,EXP_FINISH_PAGE_001,control,2026-06-16 17:00:00,v1
U002469,EXP_FINISH_PAGE_001,treatment,2026-05-17 09:00:00,v1
U002470,EXP_FINISH_PAGE_001,treatment,2026-05-15 00:00:00,v1
U002471,EXP_FINISH_PAGE_001,treatment,2026-05-15 00:00:00,v1
U002472,EXP_FINISH_PAGE_001,control,2026-06-06 19:00:00,v1
U002473,EXP_FINISH_PAGE_001,treatment,2026-05-15 00:00:00,v1
U002474,EXP_FINISH_PAGE_001,control,2026-06-01 18:00:00,v1
U002475,EXP_FINISH_PAGE_001,treatment,2026-05-15 00:00:00,v1
U002476,EXP_FINISH_PAGE_001,control,2026-05-22 21:00:00,v1
U002477,EXP_FINISH_PAGE_001,treatment,2026-05-29 13:00:00,v1
U002478,EXP_FINISH_PAGE_001,control,2026-05-15 00:00:00,v1
U002479,EXP_FINISH_PAGE_001,treatment,2026-06-15 11:00:00,v1
U002480,EXP_FINISH_PAGE_001,control,2026-05-15 00:00:00,v1
U002481,EXP_FINISH_PAGE_001,treatment,2026-06-17 09:00:00,v1
U002482,EXP_FINISH_PAGE_001,control,2026-06-17 08:00:00,v1
U002483,EXP_FINISH_PAGE_001,control,2026-05-18 19:00:00,v1
U002484,EXP_FINISH_PAGE_001,treatment,2026-06-28 13:00:00,v1
U002485,EXP_FINISH_PAGE_001,treatment,2026-06-01 09:00:00,v1
U002486,EXP_FINISH_PAGE_001,treatment,2026-06-10 15:00:00,v1
U002487,EXP_FINISH_PAGE_001,treatment,2026-05-15 00:00:00,v1
U002488,EXP_FINISH_PAGE_001,control,2026-05-15 00:00:00,v1
U002489,EXP_FINISH_PAGE_001,control,2026-06-26 13:00:00,v1
U002490,EXP_FINISH_PAGE_001,treatment,2026-05-24 12:00:00,v1
U002491,EXP_FINISH_PAGE_001,treatment,2026-06-28 11:00:00,v1
U002492,EXP_FINISH_PAGE_001,treatment,2026-05-15 18:00:00,v1
U002493,EXP_FINISH_PAGE_001,treatment,2026-05-15 00:00:00,v1
U002494,EXP_FINISH_PAGE_001,treatment,2026-05-25 08:00:00,v1
U002495,EXP_FINISH_PAGE_001,control,2026-06-04 15:00:00,v1
U002496,EXP_FINISH_PAGE_001,control,2026-06-23 13:00:00,v1
U002497,EXP_FINISH_PAGE_001,treatment,2026-06-01 20:00:00,v1
U002498,EXP_FINISH_PAGE_001,control,2026-05-20 10:00:00,v1
U002499,EXP_FINISH_PAGE_001,control,2026-06-07 15:00:00,v1
U002500,EXP_FINISH_PAGE_001,control,2026-06-02 12:00:00,v1
U002501,EXP_FINISH_PAGE_001,control,2026-06-12 14:00:00,v1
U002502,EXP_FINISH_PAGE_001,treatment,2026-05-31 16:00:00,v1
U002503,EXP_FINISH_PAGE_001,treatment,2026-05-25 14:00:00,v1
U002504,EXP_FINISH_PAGE_001,treatment,2026-06-20 18:00:00,v1
U002505,EXP_FINISH_PAGE_001,treatment,2026-06-23 20:00:00,v1
U002506,EXP_FINISH_PAGE_001,control,2026-06-26 13:00:00,v1
U002507,EXP_FINISH_PAGE_001,control,2026-06-13 13:00:00,v1
U002508,EXP_FINISH_PAGE_001,control,2026-05-15 00:00:00,v1
U002509,EXP_FINISH_PAGE_001,control,2026-06-13 18:00:00,v1
U002510,EXP_FINISH_PAGE_001,treatment,2026-05-22 20:00:00,v1
U002511,EXP_FINISH_PAGE_001,treatment,2026-05-24 21:00:00,v1
U002512,EXP_FINISH_PAGE_001,control,2026-06-27 16:00:00,v1
U002513,EXP_FINISH_PAGE_001,control,2026-05-15 00:00:00,v1
U002514,EXP_FINISH_PAGE_001,control,2026-06-21 19:00:00,v1
U002515,EXP_FINISH_PAGE_001,control,2026-06-28 19:00:00,v1
U002516,EXP_FINISH_PAGE_001,control,2026-06-18 20:00:00,v1
U002517,EXP_FINISH_PAGE_001,treatment,2026-05-15 00:00:00,v1
U002518,EXP_FINISH_PAGE_001,control,2026-06-14 09:00:00,v1
U002519,EXP_FINISH_PAGE_001,control,2026-06-02 09:00:00,v1
U002520,EXP_FINISH_PAGE_001,treatment,2026-05-27 09:00:00,v1
U002521,EXP_FINISH_PAGE_001,control,2026-05-15 00:00:00,v1
U002522,EXP_FINISH_PAGE_001,control,2026-05-26 13:00:00,v1
U002523,EXP_FINISH_PAGE_001,control,2026-05-27 18:00:00,v1
U002524,EXP_FINISH_PAGE_001,control,2026-06-13 10:00:00,v1
U002525,EXP_FINISH_PAGE_001,treatment,2026-05-24 18:00:00,v1
U002526,EXP_FINISH_PAGE_001,control,2026-05-15 12:00:00,v1
U002527,EXP_FINISH_PAGE_001,control,2026-05-15 00:00:00,v1
U002528,EXP_FINISH_PAGE_001,treatment,2026-06-07 21:00:00,v1
U002529,EXP_FINISH_PAGE_001,treatment,2026-05-15 00:00:00,v1
U002530,EXP_FINISH_PAGE_001,treatment,2026-06-26 18:00:00,v1
U002531,EXP_FINISH_PAGE_001,control,2026-06-15 15:00:00,v1
U002532,EXP_FINISH_PAGE_001,treatment,2026-05-15 00:00:00,v1
U002533,EXP_FINISH_PAGE_001,control,2026-05-29 12:00:00,v1
U002534,EXP_FINISH_PAGE_001,control,2026-06-06 18:00:00,v1
U002535,EXP_FINISH_PAGE_001,control,2026-05-25 11:00:00,v1
U002536,EXP_FINISH_PAGE_001,treatment,2026-05-15 00:00:00,v1
U002537,EXP_FINISH_PAGE_001,control,2026-05-15 00:00:00,v1
U002538,EXP_FINISH_PAGE_001,treatment,2026-05-22 16:00:00,v1
U002539,EXP_FINISH_PAGE_001,control,2026-05-25 08:00:00,v1
U002540,EXP_FINISH_PAGE_001,treatment,2026-06-05 15:00:00,v1
U002541,EXP_FINISH_PAGE_001,treatment,2026-05-16 16:00:00,v1
U002542,EXP_FINISH_PAGE_001,treatment,2026-06-21 09:00:00,v1
U002543,EXP_FINISH_PAGE_001,treatment,2026-05-26 13:00:00,v1
U002544,EXP_FINISH_PAGE_001,treatment,2026-05-24 15:00:00,v1
U002545,EXP_FINISH_PAGE_001,control,2026-05-27 13:00:00,v1
U002546,EXP_FINISH_PAGE_001,control,2026-05-15 00:00:00,v1
U002547,EXP_FINISH_PAGE_001,treatment,2026-05-28 08:00:00,v1
U002548,EXP_FINISH_PAGE_001,treatment,2026-06-24 10:00:00,v1
U002549,EXP_FINISH_PAGE_001,control,2026-05-15 00:00:00,v1
U002550,EXP_FINISH_PAGE_001,treatment,2026-05-15 00:00:00,v1
U002551,EXP_FINISH_PAGE_001,treatment,2026-05-15 00:00:00,v1
U002552,EXP_FINISH_PAGE_001,control,2026-05-24 16:00:00,v1
U002553,EXP_FINISH_PAGE_001,control,2026-05-29 13:00:00,v1
U002554,EXP_FINISH_PAGE_001,treatment,2026-06-09 17:00:00,v1
U002555,EXP_FINISH_PAGE_001,control,2026-05-27 08:00:00,v1
U002556,EXP_FINISH_PAGE_001,control,2026-05-15 00:00:00,v1
U002557,EXP_FINISH_PAGE_001,treatment,2026-05-24 19:00:00,v1
U002558,EXP_FINISH_PAGE_001,control,2026-05-28 09:00:00,v1
U002559,EXP_FINISH_PAGE_001,treatment,2026-06-23 11:00:00,v1
U002560,EXP_FINISH_PAGE_001,control,2026-05-15 00:00:00,v1
U002561,EXP_FINISH_PAGE_001,control,2026-05-15 00:00:00,v1
U002562,EXP_FINISH_PAGE_001,control,2026-05-20 18:00:00,v1
U002563,EXP_FINISH_PAGE_001,control,2026-05-15 00:00:00,v1
U002564,EXP_FINISH_PAGE_001,treatment,2026-05-28 16:00:00,v1
U002565,EXP_FINISH_PAGE_001,control,2026-05-15 00:00:00,v1
U002566,EXP_FINISH_PAGE_001,control,2026-05-26 17:00:00,v1
U002567,EXP_FINISH_PAGE_001,treatment,2026-05-15 00:00:00,v1
U002568,EXP_FINISH_PAGE_001,control,2026-05-17 15:00:00,v1
U002569,EXP_FINISH_PAGE_001,treatment,2026-05-15 00:00:00,v1
U002570,EXP_FINISH_PAGE_001,treatment,2026-06-02 21:00:00,v1
U002571,EXP_FINISH_PAGE_001,treatment,2026-05-26 08:00:00,v1
U002572,EXP_FINISH_PAGE_001,control,2026-05-30 20:00:00,v1
U002573,EXP_FINISH_PAGE_001,control,2026-05-23 16:00:00,v1
U002574,EXP_FINISH_PAGE_001,control,2026-05-24 12:00:00,v1
U002575,EXP_FINISH_PAGE_001,control,2026-05-15 00:00:00,v1
U002576,EXP_FINISH_PAGE_001,treatment,2026-05-31 10:00:00,v1
U002577,EXP_FINISH_PAGE_001,treatment,2026-05-15 00:00:00,v1
U002578,EXP_FINISH_PAGE_001,control,2026-06-10 09:00:00,v1
U002579,EXP_FINISH_PAGE_001,control,2026-05-15 00:00:00,v1
U002580,EXP_FINISH_PAGE_001,treatment,2026-06-01 20:00:00,v1
U002581,EXP_FINISH_PAGE_001,control,2026-05-19 20:00:00,v1
U002582,EXP_FINISH_PAGE_001,treatment,2026-06-29 15:00:00,v1
U002583,EXP_FINISH_PAGE_001,treatment,2026-06-24 08:00:00,v1
U002584,EXP_FINISH_PAGE_001,treatment,2026-06-18 16:00:00,v1
U002585,EXP_FINISH_PAGE_001,treatment,2026-06-23 21:00:00,v1
U002586,EXP_FINISH_PAGE_001,control,2026-05-27 12:00:00,v1
U002587,EXP_FINISH_PAGE_001,treatment,2026-06-02 15:00:00,v1
U002588,EXP_FINISH_PAGE_001,treatment,2026-06-12 13:00:00,v1
U002589,EXP_FINISH_PAGE_001,control,2026-05-18 18:00:00,v1
U002590,EXP_FINISH_PAGE_001,treatment,2026-05-17 08:00:00,v1
U002591,EXP_FINISH_PAGE_001,control,2026-05-15 08:00:00,v1
U002592,EXP_FINISH_PAGE_001,treatment,2026-06-13 08:00:00,v1
U002593,EXP_FINISH_PAGE_001,treatment,2026-06-25 13:00:00,v1
U002594,EXP_FINISH_PAGE_001,treatment,2026-06-03 10:00:00,v1
U002595,EXP_FINISH_PAGE_001,treatment,2026-05-17 16:00:00,v1
U002596,EXP_FINISH_PAGE_001,treatment,2026-05-29 20:00:00,v1
U002597,EXP_FINISH_PAGE_001,control,2026-05-15 00:00:00,v1
U002598,EXP_FINISH_PAGE_001,control,2026-05-26 12:00:00,v1
U002599,EXP_FINISH_PAGE_001,control,2026-06-06 15:00:00,v1
U002600,EXP_FINISH_PAGE_001,treatment,2026-05-23 16:00:00,v1
U002601,EXP_FINISH_PAGE_001,treatment,2026-06-28 20:00:00,v1
U002602,EXP_FINISH_PAGE_001,control,2026-06-14 11:00:00,v1
U002603,EXP_FINISH_PAGE_001,control,2026-05-27 20:00:00,v1
U002604,EXP_FINISH_PAGE_001,control,2026-06-01 21:00:00,v1
U002605,EXP_FINISH_PAGE_001,control,2026-06-25 19:00:00,v1
U002606,EXP_FINISH_PAGE_001,control,2026-06-14 20:00:00,v1
U002607,EXP_FINISH_PAGE_001,control,2026-05-15 00:00:00,v1
U002608,EXP_FINISH_PAGE_001,control,2026-05-15 12:00:00,v1
U002609,EXP_FINISH_PAGE_001,control,2026-06-04 19:00:00,v1
U002610,EXP_FINISH_PAGE_001,control,2026-06-09 20:00:00,v1
U002611,EXP_FINISH_PAGE_001,treatment,2026-06-06 19:00:00,v1
U002612,EXP_FINISH_PAGE_001,control,2026-05-29 18:00:00,v1
U002613,EXP_FINISH_PAGE_001,treatment,2026-05-15 00:00:00,v1
U002614,EXP_FINISH_PAGE_001,treatment,2026-06-08 16:00:00,v1
U002615,EXP_FINISH_PAGE_001,treatment,2026-05-25 20:00:00,v1
U002616,EXP_FINISH_PAGE_001,control,2026-06-20 14:00:00,v1
U002617,EXP_FINISH_PAGE_001,control,2026-05-24 19:00:00,v1
U002618,EXP_FINISH_PAGE_001,control,2026-05-15 00:00:00,v1
U002619,EXP_FINISH_PAGE_001,treatment,2026-05-15 14:00:00,v1
U002620,EXP_FINISH_PAGE_001,treatment,2026-06-18 12:00:00,v1
U002621,EXP_FINISH_PAGE_001,treatment,2026-06-16 20:00:00,v1
U002622,EXP_FINISH_PAGE_001,treatment,2026-06-10 15:00:00,v1
U002623,EXP_FINISH_PAGE_001,treatment,2026-06-27 18:00:00,v1
U002624,EXP_FINISH_PAGE_001,control,2026-05-22 16:00:00,v1
U002625,EXP_FINISH_PAGE_001,control,2026-06-06 18:00:00,v1
U002626,EXP_FINISH_PAGE_001,control,2026-06-22 14:00:00,v1
U002627,EXP_FINISH_PAGE_001,treatment,2026-06-03 12:00:00,v1
U002628,EXP_FINISH_PAGE_001,treatment,2026-05-25 16:00:00,v1
U002629,EXP_FINISH_PAGE_001,control,2026-06-29 14:00:00,v1
U002630,EXP_FINISH_PAGE_001,treatment,2026-05-20 19:00:00,v1
U002631,EXP_FINISH_PAGE_001,control,2026-05-15 00:00:00,v1
U002632,EXP_FINISH_PAGE_001,control,2026-05-22 08:00:00,v1
U002633,EXP_FINISH_PAGE_001,control,2026-06-01 20:00:00,v1
U002634,EXP_FINISH_PAGE_001,treatment,2026-06-10 16:00:00,v1
U002635,EXP_FINISH_PAGE_001,treatment,2026-05-15 00:00:00,v1
U002636,EXP_FINISH_PAGE_001,control,2026-05-31 18:00:00,v1
U002637,EXP_FINISH_PAGE_001,treatment,2026-06-08 15:00:00,v1
U002638,EXP_FINISH_PAGE_001,control,2026-06-16 17:00:00,v1
U002639,EXP_FINISH_PAGE_001,control,2026-05-15 00:00:00,v1
U002640,EXP_FINISH_PAGE_001,treatment,2026-06-17 10:00:00,v1
U002641,EXP_FINISH_PAGE_001,control,2026-05-15 00:00:00,v1
U002642,EXP_FINISH_PAGE_001,control,2026-06-11 18:00:00,v1
U002643,EXP_FINISH_PAGE_001,treatment,2026-05-15 18:00:00,v1
U002644,EXP_FINISH_PAGE_001,treatment,2026-06-13 14:00:00,v1
U002645,EXP_FINISH_PAGE_001,control,2026-06-24 19:00:00,v1
U002646,EXP_FINISH_PAGE_001,control,2026-06-22 18:00:00,v1
U002647,EXP_FINISH_PAGE_001,treatment,2026-06-18 11:00:00,v1
U002648,EXP_FINISH_PAGE_001,treatment,2026-05-16 12:00:00,v1
U002649,EXP_FINISH_PAGE_001,treatment,2026-05-26 19:00:00,v1
U002650,EXP_FINISH_PAGE_001,control,2026-05-15 00:00:00,v1
U002651,EXP_FINISH_PAGE_001,treatment,2026-05-15 00:00:00,v1
U002652,EXP_FINISH_PAGE_001,treatment,2026-05-15 00:00:00,v1
U002653,EXP_FINISH_PAGE_001,treatment,2026-06-10 17:00:00,v1
U002654,EXP_FINISH_PAGE_001,treatment,2026-05-18 08:00:00,v1
U002655,EXP_FINISH_PAGE_001,control,2026-05-15 00:00:00,v1
U002656,EXP_FINISH_PAGE_001,treatment,2026-06-26 11:00:00,v1
U002657,EXP_FINISH_PAGE_001,treatment,2026-06-07 09:00:00,v1
U002658,EXP_FINISH_PAGE_001,treatment,2026-06-07 16:00:00,v1
U002659,EXP_FINISH_PAGE_001,treatment,2026-06-21 16:00:00,v1
U002660,EXP_FINISH_PAGE_001,control,2026-06-06 17:00:00,v1
U002661,EXP_FINISH_PAGE_001,treatment,2026-06-22 11:00:00,v1
U002662,EXP_FINISH_PAGE_001,treatment,2026-05-21 16:00:00,v1
U002663,EXP_FINISH_PAGE_001,treatment,2026-05-15 00:00:00,v1
U002664,EXP_FINISH_PAGE_001,control,2026-05-23 13:00:00,v1
U002665,EXP_FINISH_PAGE_001,control,2026-05-15 00:00:00,v1
U002666,EXP_FINISH_PAGE_001,control,2026-05-15 00:00:00,v1
U002667,EXP_FINISH_PAGE_001,treatment,2026-06-04 12:00:00,v1
U002668,EXP_FINISH_PAGE_001,treatment,2026-05-15 00:00:00,v1
U002669,EXP_FINISH_PAGE_001,treatment,2026-06-21 13:00:00,v1
U002670,EXP_FINISH_PAGE_001,control,2026-06-13 10:00:00,v1
U002671,EXP_FINISH_PAGE_001,control,2026-06-25 21:00:00,v1
U002672,EXP_FINISH_PAGE_001,control,2026-06-02 21:00:00,v1
U002673,EXP_FINISH_PAGE_001,control,2026-06-05 11:00:00,v1
U002674,EXP_FINISH_PAGE_001,control,2026-05-27 17:00:00,v1
U002675,EXP_FINISH_PAGE_001,control,2026-05-15 00:00:00,v1
U002676,EXP_FINISH_PAGE_001,control,2026-05-19 20:00:00,v1
U002677,EXP_FINISH_PAGE_001,treatment,2026-05-26 15:00:00,v1
U002678,EXP_FINISH_PAGE_001,control,2026-06-04 14:00:00,v1
U002679,EXP_FINISH_PAGE_001,treatment,2026-06-21 15:00:00,v1
U002680,EXP_FINISH_PAGE_001,control,2026-06-13 21:00:00,v1
U002681,EXP_FINISH_PAGE_001,control,2026-05-22 17:00:00,v1
U002682,EXP_FINISH_PAGE_001,treatment,2026-05-15 00:00:00,v1
U002683,EXP_FINISH_PAGE_001,control,2026-05-15 00:00:00,v1
U002684,EXP_FINISH_PAGE_001,control,2026-06-08 08:00:00,v1
U002685,EXP_FINISH_PAGE_001,treatment,2026-05-15 00:00:00,v1
U002686,EXP_FINISH_PAGE_001,treatment,2026-06-07 13:00:00,v1
U002687,EXP_FINISH_PAGE_001,control,2026-06-27 08:00:00,v1
U002688,EXP_FINISH_PAGE_001,control,2026-06-22 11:00:00,v1
U002689,EXP_FINISH_PAGE_001,control,2026-05-15 00:00:00,v1
U002690,EXP_FINISH_PAGE_001,control,2026-05-21 11:00:00,v1
U002691,EXP_FINISH_PAGE_001,control,2026-05-16 18:00:00,v1
U002692,EXP_FINISH_PAGE_001,control,2026-05-15 00:00:00,v1
U002693,EXP_FINISH_PAGE_001,control,2026-05-15 00:00:00,v1
U002694,EXP_FINISH_PAGE_001,control,2026-06-16 11:00:00,v1
U002695,EXP_FINISH_PAGE_001,control,2026-05-29 19:00:00,v1
U002696,EXP_FINISH_PAGE_001,treatment,2026-06-14 20:00:00,v1
U002697,EXP_FINISH_PAGE_001,control,2026-06-14 19:00:00,v1
U002698,EXP_FINISH_PAGE_001,treatment,2026-05-30 14:00:00,v1
U002699,EXP_FINISH_PAGE_001,control,2026-05-16 12:00:00,v1
U002700,EXP_FINISH_PAGE_001,control,2026-05-15 00:00:00,v1
U002701,EXP_FINISH_PAGE_001,treatment,2026-05-15 00:00:00,v1
U002702,EXP_FINISH_PAGE_001,treatment,2026-05-31 18:00:00,v1
U002703,EXP_FINISH_PAGE_001,treatment,2026-05-30 08:00:00,v1
U002704,EXP_FINISH_PAGE_001,treatment,2026-06-15 17:00:00,v1
U002705,EXP_FINISH_PAGE_001,treatment,2026-06-09 08:00:00,v1
U002706,EXP_FINISH_PAGE_001,control,2026-05-20 20:00:00,v1
U002707,EXP_FINISH_PAGE_001,treatment,2026-05-25 12:00:00,v1
U002708,EXP_FINISH_PAGE_001,control,2026-05-26 09:00:00,v1
U002709,EXP_FINISH_PAGE_001,treatment,2026-05-29 21:00:00,v1
U002710,EXP_FINISH_PAGE_001,treatment,2026-06-26 11:00:00,v1
U002711,EXP_FINISH_PAGE_001,control,2026-06-05 09:00:00,v1
U002712,EXP_FINISH_PAGE_001,control,2026-05-27 16:00:00,v1
U002713,EXP_FINISH_PAGE_001,control,2026-06-24 12:00:00,v1
U002714,EXP_FINISH_PAGE_001,control,2026-05-31 11:00:00,v1
U002715,EXP_FINISH_PAGE_001,treatment,2026-06-24 16:00:00,v1
U002716,EXP_FINISH_PAGE_001,control,2026-06-29 21:00:00,v1
U002717,EXP_FINISH_PAGE_001,control,2026-05-15 00:00:00,v1
U002718,EXP_FINISH_PAGE_001,treatment,2026-06-13 15:00:00,v1
U002719,EXP_FINISH_PAGE_001,treatment,2026-06-08 17:00:00,v1
U002720,EXP_FINISH_PAGE_001,control,2026-05-31 12:00:00,v1
U002721,EXP_FINISH_PAGE_001,control,2026-05-28 11:00:00,v1
U002722,EXP_FINISH_PAGE_001,control,2026-05-15 00:00:00,v1
U002723,EXP_FINISH_PAGE_001,control,2026-05-23 11:00:00,v1
U002724,EXP_FINISH_PAGE_001,treatment,2026-06-09 13:00:00,v1
U002725,EXP_FINISH_PAGE_001,control,2026-06-01 08:00:00,v1
U002726,EXP_FINISH_PAGE_001,control,2026-05-17 12:00:00,v1
U002727,EXP_FINISH_PAGE_001,control,2026-05-15 00:00:00,v1
U002728,EXP_FINISH_PAGE_001,treatment,2026-05-15 00:00:00,v1
U002729,EXP_FINISH_PAGE_001,treatment,2026-06-20 12:00:00,v1
U002730,EXP_FINISH_PAGE_001,control,2026-06-27 12:00:00,v1
U002731,EXP_FINISH_PAGE_001,control,2026-06-17 20:00:00,v1
U002732,EXP_FINISH_PAGE_001,treatment,2026-05-15 00:00:00,v1
U002733,EXP_FINISH_PAGE_001,control,2026-06-11 10:00:00,v1
U002734,EXP_FINISH_PAGE_001,treatment,2026-06-02 20:00:00,v1
U002735,EXP_FINISH_PAGE_001,control,2026-06-09 15:00:00,v1
U002736,EXP_FINISH_PAGE_001,treatment,2026-05-15 00:00:00,v1
U002737,EXP_FINISH_PAGE_001,treatment,2026-05-15 10:00:00,v1
U002738,EXP_FINISH_PAGE_001,control,2026-05-15 00:00:00,v1
U002739,EXP_FINISH_PAGE_001,treatment,2026-05-21 11:00:00,v1
U002740,EXP_FINISH_PAGE_001,control,2026-06-01 10:00:00,v1
U002741,EXP_FINISH_PAGE_001,treatment,2026-05-22 17:00:00,v1
U002742,EXP_FINISH_PAGE_001,treatment,2026-06-05 16:00:00,v1
U002743,EXP_FINISH_PAGE_001,control,2026-05-15 00:00:00,v1
U002744,EXP_FINISH_PAGE_001,control,2026-06-10 10:00:00,v1
U002745,EXP_FINISH_PAGE_001,treatment,2026-05-15 00:00:00,v1
U002746,EXP_FINISH_PAGE_001,treatment,2026-05-26 18:00:00,v1
U002747,EXP_FINISH_PAGE_001,control,2026-05-17 19:00:00,v1
U002748,EXP_FINISH_PAGE_001,control,2026-05-15 00:00:00,v1
U002749,EXP_FINISH_PAGE_001,treatment,2026-06-27 09:00:00,v1
U002750,EXP_FINISH_PAGE_001,control,2026-05-26 17:00:00,v1
U002751,EXP_FINISH_PAGE_001,treatment,2026-05-17 21:00:00,v1
U002752,EXP_FINISH_PAGE_001,treatment,2026-05-26 14:00:00,v1
U002753,EXP_FINISH_PAGE_001,treatment,2026-06-03 20:00:00,v1
U002754,EXP_FINISH_PAGE_001,control,2026-05-16 10:00:00,v1
U002755,EXP_FINISH_PAGE_001,treatment,2026-05-15 00:00:00,v1
U002756,EXP_FINISH_PAGE_001,treatment,2026-05-21 19:00:00,v1
U002757,EXP_FINISH_PAGE_001,treatment,2026-06-25 15:00:00,v1
U002758,EXP_FINISH_PAGE_001,control,2026-06-12 10:00:00,v1
U002759,EXP_FINISH_PAGE_001,control,2026-06-06 12:00:00,v1
U002760,EXP_FINISH_PAGE_001,control,2026-05-17 13:00:00,v1
U002761,EXP_FINISH_PAGE_001,control,2026-06-11 18:00:00,v1
U002762,EXP_FINISH_PAGE_001,treatment,2026-05-20 12:00:00,v1
U002763,EXP_FINISH_PAGE_001,treatment,2026-05-30 08:00:00,v1
U002764,EXP_FINISH_PAGE_001,treatment,2026-06-01 11:00:00,v1
U002765,EXP_FINISH_PAGE_001,control,2026-05-18 10:00:00,v1
U002766,EXP_FINISH_PAGE_001,control,2026-06-01 11:00:00,v1
U002767,EXP_FINISH_PAGE_001,treatment,2026-06-09 13:00:00,v1
U002768,EXP_FINISH_PAGE_001,treatment,2026-06-18 12:00:00,v1
U002769,EXP_FINISH_PAGE_001,control,2026-06-07 13:00:00,v1
U002770,EXP_FINISH_PAGE_001,control,2026-05-27 13:00:00,v1
U002771,EXP_FINISH_PAGE_001,treatment,2026-05-23 16:00:00,v1
U002772,EXP_FINISH_PAGE_001,control,2026-06-14 13:00:00,v1
U002773,EXP_FINISH_PAGE_001,control,2026-06-26 18:00:00,v1
U002774,EXP_FINISH_PAGE_001,treatment,2026-05-15 00:00:00,v1
U002775,EXP_FINISH_PAGE_001,control,2026-06-19 15:00:00,v1
U002776,EXP_FINISH_PAGE_001,control,2026-06-27 08:00:00,v1
U002777,EXP_FINISH_PAGE_001,control,2026-06-29 20:00:00,v1
U002778,EXP_FINISH_PAGE_001,treatment,2026-05-17 08:00:00,v1
U002779,EXP_FINISH_PAGE_001,control,2026-05-15 00:00:00,v1
U002780,EXP_FINISH_PAGE_001,control,2026-05-15 00:00:00,v1
U002781,EXP_FINISH_PAGE_001,control,2026-06-15 09:00:00,v1
U002782,EXP_FINISH_PAGE_001,treatment,2026-05-16 19:00:00,v1
U002783,EXP_FINISH_PAGE_001,treatment,2026-05-15 00:00:00,v1
U002784,EXP_FINISH_PAGE_001,control,2026-06-26 13:00:00,v1
U002785,EXP_FINISH_PAGE_001,treatment,2026-05-15 00:00:00,v1
U002786,EXP_FINISH_PAGE_001,treatment,2026-06-09 08:00:00,v1
U002787,EXP_FINISH_PAGE_001,control,2026-06-25 13:00:00,v1
U002788,EXP_FINISH_PAGE_001,treatment,2026-05-15 00:00:00,v1
U002789,EXP_FINISH_PAGE_001,treatment,2026-05-17 17:00:00,v1
U002790,EXP_FINISH_PAGE_001,control,2026-05-22 17:00:00,v1
U002791,EXP_FINISH_PAGE_001,control,2026-05-15 00:00:00,v1
U002792,EXP_FINISH_PAGE_001,control,2026-05-20 20:00:00,v1
U002793,EXP_FINISH_PAGE_001,control,2026-06-28 15:00:00,v1
U002794,EXP_FINISH_PAGE_001,treatment,2026-05-15 00:00:00,v1
U002795,EXP_FINISH_PAGE_001,treatment,2026-05-15 00:00:00,v1
U002796,EXP_FINISH_PAGE_001,control,2026-06-04 10:00:00,v1
U002797,EXP_FINISH_PAGE_001,control,2026-05-20 10:00:00,v1
U002798,EXP_FINISH_PAGE_001,treatment,2026-05-31 17:00:00,v1
U002799,EXP_FINISH_PAGE_001,treatment,2026-05-15 00:00:00,v1
U002800,EXP_FINISH_PAGE_001,control,2026-06-26 15:00:00,v1
U002801,EXP_FINISH_PAGE_001,treatment,2026-06-12 10:00:00,v1
U002802,EXP_FINISH_PAGE_001,control,2026-05-19 10:00:00,v1
U002803,EXP_FINISH_PAGE_001,control,2026-06-25 14:00:00,v1
U002804,EXP_FINISH_PAGE_001,control,2026-06-02 14:00:00,v1
U002805,EXP_FINISH_PAGE_001,treatment,2026-06-09 15:00:00,v1
U002806,EXP_FINISH_PAGE_001,control,2026-06-26 18:00:00,v1
U002807,EXP_FINISH_PAGE_001,control,2026-05-28 18:00:00,v1
U002808,EXP_FINISH_PAGE_001,control,2026-06-03 21:00:00,v1
U002809,EXP_FINISH_PAGE_001,treatment,2026-05-20 14:00:00,v1
U002810,EXP_FINISH_PAGE_001,treatment,2026-05-15 00:00:00,v1
U002811,EXP_FINISH_PAGE_001,control,2026-05-15 00:00:00,v1
U002812,EXP_FINISH_PAGE_001,control,2026-06-04 15:00:00,v1
U002813,EXP_FINISH_PAGE_001,control,2026-06-12 15:00:00,v1
U002814,EXP_FINISH_PAGE_001,treatment,2026-05-24 18:00:00,v1
U002815,EXP_FINISH_PAGE_001,treatment,2026-05-23 16:00:00,v1
U002816,EXP_FINISH_PAGE_001,control,2026-05-24 17:00:00,v1
U002817,EXP_FINISH_PAGE_001,treatment,2026-05-15 00:00:00,v1
U002818,EXP_FINISH_PAGE_001,control,2026-06-21 21:00:00,v1
U002819,EXP_FINISH_PAGE_001,treatment,2026-05-15 09:00:00,v1
U002820,EXP_FINISH_PAGE_001,control,2026-06-16 14:00:00,v1
U002821,EXP_FINISH_PAGE_001,treatment,2026-05-30 17:00:00,v1
U002822,EXP_FINISH_PAGE_001,treatment,2026-06-04 20:00:00,v1
U002823,EXP_FINISH_PAGE_001,control,2026-06-07 17:00:00,v1
U002824,EXP_FINISH_PAGE_001,control,2026-05-15 00:00:00,v1
U002825,EXP_FINISH_PAGE_001,control,2026-06-11 14:00:00,v1
U002826,EXP_FINISH_PAGE_001,treatment,2026-05-15 00:00:00,v1
U002827,EXP_FINISH_PAGE_001,treatment,2026-06-09 21:00:00,v1
U002828,EXP_FINISH_PAGE_001,treatment,2026-06-04 18:00:00,v1
U002829,EXP_FINISH_PAGE_001,control,2026-05-27 19:00:00,v1
U002830,EXP_FINISH_PAGE_001,treatment,2026-05-22 11:00:00,v1
U002831,EXP_FINISH_PAGE_001,treatment,2026-06-15 13:00:00,v1
U002832,EXP_FINISH_PAGE_001,treatment,2026-06-05 20:00:00,v1
U002833,EXP_FINISH_PAGE_001,treatment,2026-05-18 14:00:00,v1
U002834,EXP_FINISH_PAGE_001,treatment,2026-06-19 19:00:00,v1
U002835,EXP_FINISH_PAGE_001,control,2026-05-26 10:00:00,v1
U002836,EXP_FINISH_PAGE_001,treatment,2026-06-06 12:00:00,v1
U002837,EXP_FINISH_PAGE_001,control,2026-06-10 16:00:00,v1
U002838,EXP_FINISH_PAGE_001,treatment,2026-06-19 13:00:00,v1
U002839,EXP_FINISH_PAGE_001,treatment,2026-06-14 19:00:00,v1
U002840,EXP_FINISH_PAGE_001,treatment,2026-06-19 15:00:00,v1
U002841,EXP_FINISH_PAGE_001,treatment,2026-06-16 10:00:00,v1
U002842,EXP_FINISH_PAGE_001,control,2026-06-18 20:00:00,v1
U002843,EXP_FINISH_PAGE_001,treatment,2026-06-19 12:00:00,v1
U002844,EXP_FINISH_PAGE_001,treatment,2026-06-13 21:00:00,v1
U002845,EXP_FINISH_PAGE_001,treatment,2026-05-15 16:00:00,v1
U002846,EXP_FINISH_PAGE_001,treatment,2026-05-28 13:00:00,v1
U002847,EXP_FINISH_PAGE_001,control,2026-05-25 13:00:00,v1
U002848,EXP_FINISH_PAGE_001,treatment,2026-06-07 14:00:00,v1
U002849,EXP_FINISH_PAGE_001,treatment,2026-06-26 19:00:00,v1
U002850,EXP_FINISH_PAGE_001,control,2026-06-20 15:00:00,v1
U002851,EXP_FINISH_PAGE_001,control,2026-06-18 15:00:00,v1
U002852,EXP_FINISH_PAGE_001,treatment,2026-05-18 17:00:00,v1
U002853,EXP_FINISH_PAGE_001,treatment,2026-06-27 11:00:00,v1
U002854,EXP_FINISH_PAGE_001,control,2026-05-20 20:00:00,v1
U002855,EXP_FINISH_PAGE_001,treatment,2026-05-30 10:00:00,v1
U002856,EXP_FINISH_PAGE_001,control,2026-06-15 21:00:00,v1
U002857,EXP_FINISH_PAGE_001,treatment,2026-06-05 18:00:00,v1
U002858,EXP_FINISH_PAGE_001,treatment,2026-06-26 09:00:00,v1
U002859,EXP_FINISH_PAGE_001,control,2026-06-08 11:00:00,v1
U002860,EXP_FINISH_PAGE_001,control,2026-06-13 08:00:00,v1
U002861,EXP_FINISH_PAGE_001,control,2026-05-31 13:00:00,v1
U002862,EXP_FINISH_PAGE_001,control,2026-06-25 15:00:00,v1
U002863,EXP_FINISH_PAGE_001,control,2026-06-11 13:00:00,v1
U002864,EXP_FINISH_PAGE_001,control,2026-05-18 14:00:00,v1
U002865,EXP_FINISH_PAGE_001,control,2026-06-01 19:00:00,v1
U002866,EXP_FINISH_PAGE_001,treatment,2026-05-15 00:00:00,v1
U002867,EXP_FINISH_PAGE_001,treatment,2026-06-23 15:00:00,v1
U002868,EXP_FINISH_PAGE_001,treatment,2026-06-26 17:00:00,v1
U002869,EXP_FINISH_PAGE_001,treatment,2026-05-15 00:00:00,v1
U002870,EXP_FINISH_PAGE_001,treatment,2026-06-13 08:00:00,v1
U002871,EXP_FINISH_PAGE_001,control,2026-05-15 00:00:00,v1
U002872,EXP_FINISH_PAGE_001,treatment,2026-05-23 12:00:00,v1
U002873,EXP_FINISH_PAGE_001,control,2026-05-21 08:00:00,v1
U002874,EXP_FINISH_PAGE_001,treatment,2026-05-15 00:00:00,v1
U002875,EXP_FINISH_PAGE_001,control,2026-06-01 11:00:00,v1
U002876,EXP_FINISH_PAGE_001,control,2026-06-23 10:00:00,v1
U002877,EXP_FINISH_PAGE_001,treatment,2026-05-25 09:00:00,v1
U002878,EXP_FINISH_PAGE_001,control,2026-05-18 16:00:00,v1
U002879,EXP_FINISH_PAGE_001,treatment,2026-05-21 09:00:00,v1
U002880,EXP_FINISH_PAGE_001,treatment,2026-06-02 16:00:00,v1
U002881,EXP_FINISH_PAGE_001,control,2026-06-10 14:00:00,v1
U002882,EXP_FINISH_PAGE_001,treatment,2026-05-16 15:00:00,v1
U002883,EXP_FINISH_PAGE_001,control,2026-05-25 19:00:00,v1
U002884,EXP_FINISH_PAGE_001,treatment,2026-05-31 08:00:00,v1
U002885,EXP_FINISH_PAGE_001,control,2026-06-12 14:00:00,v1
U002886,EXP_FINISH_PAGE_001,control,2026-05-15 00:00:00,v1
U002887,EXP_FINISH_PAGE_001,treatment,2026-06-15 19:00:00,v1
U002888,EXP_FINISH_PAGE_001,treatment,2026-05-15 00:00:00,v1
U002889,EXP_FINISH_PAGE_001,control,2026-06-24 10:00:00,v1
U002890,EXP_FINISH_PAGE_001,treatment,2026-06-04 13:00:00,v1
U002891,EXP_FINISH_PAGE_001,treatment,2026-05-30 18:00:00,v1
U002892,EXP_FINISH_PAGE_001,treatment,2026-06-04 09:00:00,v1
U002893,EXP_FINISH_PAGE_001,control,2026-05-27 14:00:00,v1
U002894,EXP_FINISH_PAGE_001,treatment,2026-05-15 00:00:00,v1
U002895,EXP_FINISH_PAGE_001,control,2026-05-15 00:00:00,v1
U002896,EXP_FINISH_PAGE_001,control,2026-05-31 20:00:00,v1
U002897,EXP_FINISH_PAGE_001,control,2026-05-15 00:00:00,v1
U002898,EXP_FINISH_PAGE_001,control,2026-05-15 00:00:00,v1
U002899,EXP_FINISH_PAGE_001,control,2026-05-15 00:00:00,v1
U002900,EXP_FINISH_PAGE_001,treatment,2026-05-15 00:00:00,v1
U002901,EXP_FINISH_PAGE_001,control,2026-06-28 20:00:00,v1
U002902,EXP_FINISH_PAGE_001,control,2026-06-08 11:00:00,v1
U002903,EXP_FINISH_PAGE_001,control,2026-05-23 11:00:00,v1
U002904,EXP_FINISH_PAGE_001,treatment,2026-05-29 11:00:00,v1
U002905,EXP_FINISH_PAGE_001,treatment,2026-05-15 00:00:00,v1
U002906,EXP_FINISH_PAGE_001,treatment,2026-06-11 19:00:00,v1
U002907,EXP_FINISH_PAGE_001,treatment,2026-05-29 15:00:00,v1
U002908,EXP_FINISH_PAGE_001,treatment,2026-06-13 16:00:00,v1
U002909,EXP_FINISH_PAGE_001,treatment,2026-05-15 00:00:00,v1
U002910,EXP_FINISH_PAGE_001,treatment,2026-06-05 19:00:00,v1
U002911,EXP_FINISH_PAGE_001,treatment,2026-06-02 21:00:00,v1
U002912,EXP_FINISH_PAGE_001,treatment,2026-05-28 09:00:00,v1
U002913,EXP_FINISH_PAGE_001,control,2026-05-15 10:00:00,v1
U002914,EXP_FINISH_PAGE_001,control,2026-05-15 00:00:00,v1
U002915,EXP_FINISH_PAGE_001,control,2026-06-04 18:00:00,v1
U002916,EXP_FINISH_PAGE_001,control,2026-06-15 15:00:00,v1
U002917,EXP_FINISH_PAGE_001,control,2026-05-15 00:00:00,v1
U002918,EXP_FINISH_PAGE_001,control,2026-06-06 13:00:00,v1
U002919,EXP_FINISH_PAGE_001,treatment,2026-06-22 18:00:00,v1
U002920,EXP_FINISH_PAGE_001,treatment,2026-05-15 15:00:00,v1
U002921,EXP_FINISH_PAGE_001,control,2026-05-15 00:00:00,v1
U002922,EXP_FINISH_PAGE_001,treatment,2026-05-24 10:00:00,v1
U002923,EXP_FINISH_PAGE_001,control,2026-05-25 21:00:00,v1
U002924,EXP_FINISH_PAGE_001,treatment,2026-05-15 00:00:00,v1
U002925,EXP_FINISH_PAGE_001,treatment,2026-06-22 17:00:00,v1
U002926,EXP_FINISH_PAGE_001,treatment,2026-06-28 10:00:00,v1
U002927,EXP_FINISH_PAGE_001,treatment,2026-06-04 20:00:00,v1
U002928,EXP_FINISH_PAGE_001,treatment,2026-05-15 00:00:00,v1
U002929,EXP_FINISH_PAGE_001,treatment,2026-05-18 17:00:00,v1
U002930,EXP_FINISH_PAGE_001,control,2026-05-29 12:00:00,v1
U002931,EXP_FINISH_PAGE_001,treatment,2026-05-15 00:00:00,v1
U002932,EXP_FINISH_PAGE_001,treatment,2026-06-28 13:00:00,v1
U002933,EXP_FINISH_PAGE_001,control,2026-05-15 00:00:00,v1
U002934,EXP_FINISH_PAGE_001,treatment,2026-05-15 00:00:00,v1
U002935,EXP_FINISH_PAGE_001,control,2026-06-05 11:00:00,v1
U002936,EXP_FINISH_PAGE_001,control,2026-05-15 00:00:00,v1
U002937,EXP_FINISH_PAGE_001,control,2026-06-04 09:00:00,v1
U002938,EXP_FINISH_PAGE_001,control,2026-06-18 15:00:00,v1
U002939,EXP_FINISH_PAGE_001,control,2026-05-27 08:00:00,v1
U002940,EXP_FINISH_PAGE_001,treatment,2026-06-15 11:00:00,v1
U002941,EXP_FINISH_PAGE_001,control,2026-05-15 00:00:00,v1
U002942,EXP_FINISH_PAGE_001,treatment,2026-06-16 17:00:00,v1
U002943,EXP_FINISH_PAGE_001,control,2026-06-01 10:00:00,v1
U002944,EXP_FINISH_PAGE_001,treatment,2026-05-20 18:00:00,v1
U002945,EXP_FINISH_PAGE_001,treatment,2026-06-23 12:00:00,v1
U002946,EXP_FINISH_PAGE_001,control,2026-06-05 20:00:00,v1
U002947,EXP_FINISH_PAGE_001,treatment,2026-05-15 00:00:00,v1
U002948,EXP_FINISH_PAGE_001,treatment,2026-06-17 11:00:00,v1
U002949,EXP_FINISH_PAGE_001,treatment,2026-06-09 20:00:00,v1
U002950,EXP_FINISH_PAGE_001,control,2026-06-27 10:00:00,v1
U002951,EXP_FINISH_PAGE_001,treatment,2026-06-10 20:00:00,v1
U002952,EXP_FINISH_PAGE_001,control,2026-06-14 20:00:00,v1
U002953,EXP_FINISH_PAGE_001,treatment,2026-06-19 17:00:00,v1
U002954,EXP_FINISH_PAGE_001,treatment,2026-06-25 09:00:00,v1
U002955,EXP_FINISH_PAGE_001,treatment,2026-05-15 00:00:00,v1
U002956,EXP_FINISH_PAGE_001,control,2026-06-12 11:00:00,v1
U002957,EXP_FINISH_PAGE_001,control,2026-05-15 21:00:00,v1
U002958,EXP_FINISH_PAGE_001,control,2026-06-12 15:00:00,v1
U002959,EXP_FINISH_PAGE_001,treatment,2026-05-15 00:00:00,v1
U002960,EXP_FINISH_PAGE_001,treatment,2026-05-15 00:00:00,v1
U002961,EXP_FINISH_PAGE_001,control,2026-05-15 00:00:00,v1
U002962,EXP_FINISH_PAGE_001,treatment,2026-05-25 16:00:00,v1
U002963,EXP_FINISH_PAGE_001,control,2026-05-15 00:00:00,v1
U002964,EXP_FINISH_PAGE_001,treatment,2026-06-08 13:00:00,v1
U002965,EXP_FINISH_PAGE_001,treatment,2026-06-07 14:00:00,v1
U002966,EXP_FINISH_PAGE_001,control,2026-05-22 20:00:00,v1
U002967,EXP_FINISH_PAGE_001,control,2026-06-15 17:00:00,v1
U002968,EXP_FINISH_PAGE_001,treatment,2026-05-15 00:00:00,v1
U002969,EXP_FINISH_PAGE_001,control,2026-06-29 13:00:00,v1
U002970,EXP_FINISH_PAGE_001,control,2026-06-12 19:00:00,v1
U002971,EXP_FINISH_PAGE_001,control,2026-05-18 14:00:00,v1
U002972,EXP_FINISH_PAGE_001,treatment,2026-06-04 08:00:00,v1
U002973,EXP_FINISH_PAGE_001,control,2026-06-17 09:00:00,v1
U002974,EXP_FINISH_PAGE_001,control,2026-06-20 13:00:00,v1
U002975,EXP_FINISH_PAGE_001,treatment,2026-05-24 08:00:00,v1
U002976,EXP_FINISH_PAGE_001,control,2026-05-15 00:00:00,v1
U002977,EXP_FINISH_PAGE_001,control,2026-06-14 09:00:00,v1
U002978,EXP_FINISH_PAGE_001,control,2026-05-21 13:00:00,v1
U002979,EXP_FINISH_PAGE_001,control,2026-05-30 08:00:00,v1
U002980,EXP_FINISH_PAGE_001,treatment,2026-06-27 21:00:00,v1
U002981,EXP_FINISH_PAGE_001,control,2026-05-22 16:00:00,v1
U002982,EXP_FINISH_PAGE_001,treatment,2026-06-28 16:00:00,v1
U002983,EXP_FINISH_PAGE_001,control,2026-06-08 10:00:00,v1
U002984,EXP_FINISH_PAGE_001,control,2026-05-15 00:00:00,v1
U002985,EXP_FINISH_PAGE_001,control,2026-05-16 21:00:00,v1
U002986,EXP_FINISH_PAGE_001,control,2026-06-14 20:00:00,v1
U002987,EXP_FINISH_PAGE_001,control,2026-05-15 00:00:00,v1
U002988,EXP_FINISH_PAGE_001,treatment,2026-06-18 09:00:00,v1
U002989,EXP_FINISH_PAGE_001,control,2026-06-07 12:00:00,v1
U002990,EXP_FINISH_PAGE_001,control,2026-05-25 12:00:00,v1
U002991,EXP_FINISH_PAGE_001,control,2026-05-19 12:00:00,v1
U002992,EXP_FINISH_PAGE_001,control,2026-05-15 00:00:00,v1
U002993,EXP_FINISH_PAGE_001,control,2026-05-19 17:00:00,v1
U002994,EXP_FINISH_PAGE_001,control,2026-06-03 20:00:00,v1
U002995,EXP_FINISH_PAGE_001,treatment,2026-06-12 15:00:00,v1
U002996,EXP_FINISH_PAGE_001,control,2026-05-15 10:00:00,v1
U002997,EXP_FINISH_PAGE_001,control,2026-05-30 17:00:00,v1
U002998,EXP_FINISH_PAGE_001,treatment,2026-06-09 16:00:00,v1
U002999,EXP_FINISH_PAGE_001,treatment,2026-05-15 00:00:00,v1
U003000,EXP_FINISH_PAGE_001,control,2026-05-20 11:00:00,v1
U003001,EXP_FINISH_PAGE_001,treatment,2026-06-23 12:00:00,v1
U003002,EXP_FINISH_PAGE_001,control,2026-05-15 16:00:00,v1
U003003,EXP_FINISH_PAGE_001,control,2026-05-15 19:00:00,v1
U003004,EXP_FINISH_PAGE_001,treatment,2026-06-07 21:00:00,v1
U003005,EXP_FINISH_PAGE_001,treatment,2026-05-21 18:00:00,v1
U003006,EXP_FINISH_PAGE_001,treatment,2026-05-15 00:00:00,v1
U003007,EXP_FINISH_PAGE_001,treatment,2026-06-23 12:00:00,v1
U003008,EXP_FINISH_PAGE_001,treatment,2026-05-15 00:00:00,v1
U003009,EXP_FINISH_PAGE_001,control,2026-06-28 21:00:00,v1
U003010,EXP_FINISH_PAGE_001,control,2026-06-28 19:00:00,v1
U003011,EXP_FINISH_PAGE_001,treatment,2026-06-27 21:00:00,v1
U003012,EXP_FINISH_PAGE_001,control,2026-05-15 00:00:00,v1
U003013,EXP_FINISH_PAGE_001,treatment,2026-06-19 08:00:00,v1
U003014,EXP_FINISH_PAGE_001,treatment,2026-06-29 10:00:00,v1
U003015,EXP_FINISH_PAGE_001,treatment,2026-06-25 17:00:00,v1
U003016,EXP_FINISH_PAGE_001,control,2026-05-15 00:00:00,v1
U003017,EXP_FINISH_PAGE_001,treatment,2026-06-22 11:00:00,v1
U003018,EXP_FINISH_PAGE_001,control,2026-06-25 19:00:00,v1
U003019,EXP_FINISH_PAGE_001,control,2026-05-27 15:00:00,v1
U003020,EXP_FINISH_PAGE_001,control,2026-05-20 09:00:00,v1
U003021,EXP_FINISH_PAGE_001,treatment,2026-06-08 18:00:00,v1
U003022,EXP_FINISH_PAGE_001,control,2026-05-15 20:00:00,v1
U003023,EXP_FINISH_PAGE_001,control,2026-05-30 10:00:00,v1
U003024,EXP_FINISH_PAGE_001,treatment,2026-05-15 00:00:00,v1
U003025,EXP_FINISH_PAGE_001,treatment,2026-05-22 12:00:00,v1
U003026,EXP_FINISH_PAGE_001,control,2026-06-28 15:00:00,v1
U003027,EXP_FINISH_PAGE_001,treatment,2026-06-14 15:00:00,v1
U003028,EXP_FINISH_PAGE_001,control,2026-06-04 17:00:00,v1
U003029,EXP_FINISH_PAGE_001,treatment,2026-05-15 00:00:00,v1
U003030,EXP_FINISH_PAGE_001,treatment,2026-05-15 00:00:00,v1
U003031,EXP_FINISH_PAGE_001,control,2026-05-28 15:00:00,v1
U003032,EXP_FINISH_PAGE_001,control,2026-05-21 09:00:00,v1
U003033,EXP_FINISH_PAGE_001,treatment,2026-05-15 00:00:00,v1
U003034,EXP_FINISH_PAGE_001,control,2026-05-15 00:00:00,v1
U003035,EXP_FINISH_PAGE_001,treatment,2026-05-18 16:00:00,v1
U003036,EXP_FINISH_PAGE_001,control,2026-06-01 21:00:00,v1
U003037,EXP_FINISH_PAGE_001,control,2026-06-11 19:00:00,v1
U003038,EXP_FINISH_PAGE_001,treatment,2026-05-25 19:00:00,v1
U003039,EXP_FINISH_PAGE_001,control,2026-05-31 17:00:00,v1
U003040,EXP_FINISH_PAGE_001,treatment,2026-06-15 11:00:00,v1
U003041,EXP_FINISH_PAGE_001,control,2026-06-21 10:00:00,v1
U003042,EXP_FINISH_PAGE_001,treatment,2026-05-29 10:00:00,v1
U003043,EXP_FINISH_PAGE_001,treatment,2026-06-28 19:00:00,v1
U003044,EXP_FINISH_PAGE_001,treatment,2026-05-15 00:00:00,v1
U003045,EXP_FINISH_PAGE_001,treatment,2026-06-25 08:00:00,v1
U003046,EXP_FINISH_PAGE_001,treatment,2026-06-08 16:00:00,v1
U003047,EXP_FINISH_PAGE_001,control,2026-05-15 00:00:00,v1
U003048,EXP_FINISH_PAGE_001,treatment,2026-06-14 13:00:00,v1
U003049,EXP_FINISH_PAGE_001,treatment,2026-06-04 19:00:00,v1
U003050,EXP_FINISH_PAGE_001,control,2026-05-27 17:00:00,v1
U003051,EXP_FINISH_PAGE_001,control,2026-06-21 09:00:00,v1
U003052,EXP_FINISH_PAGE_001,control,2026-06-13 17:00:00,v1
U003053,EXP_FINISH_PAGE_001,control,2026-05-30 13:00:00,v1
U003054,EXP_FINISH_PAGE_001,treatment,2026-05-15 00:00:00,v1
U003055,EXP_FINISH_PAGE_001,control,2026-05-15 21:00:00,v1
U003056,EXP_FINISH_PAGE_001,control,2026-06-11 15:00:00,v1
U003057,EXP_FINISH_PAGE_001,treatment,2026-06-09 17:00:00,v1
U003058,EXP_FINISH_PAGE_001,treatment,2026-05-29 09:00:00,v1
U003059,EXP_FINISH_PAGE_001,treatment,2026-06-28 11:00:00,v1
U003060,EXP_FINISH_PAGE_001,treatment,2026-05-21 14:00:00,v1
U003061,EXP_FINISH_PAGE_001,control,2026-05-23 15:00:00,v1
U003062,EXP_FINISH_PAGE_001,treatment,2026-06-03 21:00:00,v1
U003063,EXP_FINISH_PAGE_001,control,2026-05-15 00:00:00,v1
U003064,EXP_FINISH_PAGE_001,control,2026-05-15 00:00:00,v1
U003065,EXP_FINISH_PAGE_001,control,2026-06-15 15:00:00,v1
U003066,EXP_FINISH_PAGE_001,treatment,2026-06-20 10:00:00,v1
U003067,EXP_FINISH_PAGE_001,treatment,2026-06-18 14:00:00,v1
U003068,EXP_FINISH_PAGE_001,treatment,2026-06-04 13:00:00,v1
U003069,EXP_FINISH_PAGE_001,treatment,2026-06-22 14:00:00,v1
U003070,EXP_FINISH_PAGE_001,control,2026-05-21 19:00:00,v1
U003071,EXP_FINISH_PAGE_001,treatment,2026-05-15 00:00:00,v1
U003072,EXP_FINISH_PAGE_001,control,2026-06-20 09:00:00,v1
U003073,EXP_FINISH_PAGE_001,treatment,2026-05-15 00:00:00,v1
U003074,EXP_FINISH_PAGE_001,control,2026-05-31 08:00:00,v1
U003075,EXP_FINISH_PAGE_001,control,2026-06-28 18:00:00,v1
U003076,EXP_FINISH_PAGE_001,treatment,2026-06-15 18:00:00,v1
U003077,EXP_FINISH_PAGE_001,treatment,2026-06-07 17:00:00,v1
U003078,EXP_FINISH_PAGE_001,control,2026-05-29 09:00:00,v1
U003079,EXP_FINISH_PAGE_001,treatment,2026-05-15 00:00:00,v1
U003080,EXP_FINISH_PAGE_001,control,2026-05-27 11:00:00,v1
U003081,EXP_FINISH_PAGE_001,control,2026-06-10 20:00:00,v1
U003082,EXP_FINISH_PAGE_001,control,2026-06-17 15:00:00,v1
U003083,EXP_FINISH_PAGE_001,treatment,2026-06-24 14:00:00,v1
U003084,EXP_FINISH_PAGE_001,treatment,2026-06-21 11:00:00,v1
U003085,EXP_FINISH_PAGE_001,control,2026-05-28 15:00:00,v1
U003086,EXP_FINISH_PAGE_001,control,2026-06-01 14:00:00,v1
U003087,EXP_FINISH_PAGE_001,treatment,2026-06-19 20:00:00,v1
U003088,EXP_FINISH_PAGE_001,treatment,2026-06-03 09:00:00,v1
U003089,EXP_FINISH_PAGE_001,treatment,2026-06-14 19:00:00,v1
U003090,EXP_FINISH_PAGE_001,control,2026-06-24 18:00:00,v1
U003091,EXP_FINISH_PAGE_001,control,2026-05-16 20:00:00,v1
U003092,EXP_FINISH_PAGE_001,control,2026-05-22 21:00:00,v1
U003093,EXP_FINISH_PAGE_001,control,2026-05-15 00:00:00,v1
U003094,EXP_FINISH_PAGE_001,treatment,2026-06-07 10:00:00,v1
U003095,EXP_FINISH_PAGE_001,treatment,2026-05-20 16:00:00,v1
U003096,EXP_FINISH_PAGE_001,treatment,2026-06-22 18:00:00,v1
U003097,EXP_FINISH_PAGE_001,control,2026-05-18 19:00:00,v1
U003098,EXP_FINISH_PAGE_001,control,2026-05-16 19:00:00,v1
U003099,EXP_FINISH_PAGE_001,control,2026-06-24 08:00:00,v1
U003100,EXP_FINISH_PAGE_001,control,2026-06-13 08:00:00,v1
U003101,EXP_FINISH_PAGE_001,control,2026-05-15 19:00:00,v1
U003102,EXP_FINISH_PAGE_001,treatment,2026-05-15 00:00:00,v1
U003103,EXP_FINISH_PAGE_001,treatment,2026-05-15 00:00:00,v1
U003104,EXP_FINISH_PAGE_001,treatment,2026-05-26 10:00:00,v1
U003105,EXP_FINISH_PAGE_001,control,2026-05-15 00:00:00,v1
U003106,EXP_FINISH_PAGE_001,treatment,2026-05-28 11:00:00,v1
U003107,EXP_FINISH_PAGE_001,treatment,2026-06-05 12:00:00,v1
U003108,EXP_FINISH_PAGE_001,control,2026-05-27 08:00:00,v1
U003109,EXP_FINISH_PAGE_001,treatment,2026-06-08 16:00:00,v1
U003110,EXP_FINISH_PAGE_001,treatment,2026-06-25 13:00:00,v1
U003111,EXP_FINISH_PAGE_001,control,2026-05-15 00:00:00,v1
U003112,EXP_FINISH_PAGE_001,control,2026-05-15 00:00:00,v1
U003113,EXP_FINISH_PAGE_001,treatment,2026-05-15 00:00:00,v1
U003114,EXP_FINISH_PAGE_001,control,2026-06-03 08:00:00,v1
U003115,EXP_FINISH_PAGE_001,control,2026-06-05 17:00:00,v1
U003116,EXP_FINISH_PAGE_001,treatment,2026-06-15 09:00:00,v1
U003117,EXP_FINISH_PAGE_001,treatment,2026-05-15 00:00:00,v1
U003118,EXP_FINISH_PAGE_001,control,2026-06-26 12:00:00,v1
U003119,EXP_FINISH_PAGE_001,control,2026-06-07 14:00:00,v1
U003120,EXP_FINISH_PAGE_001,control,2026-06-21 14:00:00,v1
U003121,EXP_FINISH_PAGE_001,control,2026-06-08 11:00:00,v1
U003122,EXP_FINISH_PAGE_001,control,2026-06-24 08:00:00,v1
U003123,EXP_FINISH_PAGE_001,control,2026-05-27 09:00:00,v1
U003124,EXP_FINISH_PAGE_001,treatment,2026-05-15 00:00:00,v1
U003125,EXP_FINISH_PAGE_001,treatment,2026-06-21 20:00:00,v1
U003126,EXP_FINISH_PAGE_001,treatment,2026-06-23 11:00:00,v1
U003127,EXP_FINISH_PAGE_001,treatment,2026-05-28 16:00:00,v1
U003128,EXP_FINISH_PAGE_001,control,2026-05-20 19:00:00,v1
U003129,EXP_FINISH_PAGE_001,control,2026-05-16 21:00:00,v1
U003130,EXP_FINISH_PAGE_001,treatment,2026-05-21 18:00:00,v1
U003131,EXP_FINISH_PAGE_001,control,2026-05-15 00:00:00,v1
U003132,EXP_FINISH_PAGE_001,control,2026-06-13 19:00:00,v1
U003133,EXP_FINISH_PAGE_001,treatment,2026-05-19 11:00:00,v1
U003134,EXP_FINISH_PAGE_001,treatment,2026-06-13 21:00:00,v1
U003135,EXP_FINISH_PAGE_001,treatment,2026-05-15 00:00:00,v1
U003136,EXP_FINISH_PAGE_001,treatment,2026-05-15 00:00:00,v1
U003137,EXP_FINISH_PAGE_001,control,2026-06-10 20:00:00,v1
U003138,EXP_FINISH_PAGE_001,treatment,2026-06-26 12:00:00,v1
U003139,EXP_FINISH_PAGE_001,treatment,2026-06-18 13:00:00,v1
U003140,EXP_FINISH_PAGE_001,treatment,2026-05-15 00:00:00,v1
U003141,EXP_FINISH_PAGE_001,control,2026-06-06 19:00:00,v1
U003142,EXP_FINISH_PAGE_001,treatment,2026-05-15 00:00:00,v1
U003143,EXP_FINISH_PAGE_001,treatment,2026-05-15 00:00:00,v1
U003144,EXP_FINISH_PAGE_001,control,2026-05-15 00:00:00,v1
U003145,EXP_FINISH_PAGE_001,treatment,2026-05-28 16:00:00,v1
U003146,EXP_FINISH_PAGE_001,treatment,2026-06-26 11:00:00,v1
U003147,EXP_FINISH_PAGE_001,control,2026-05-15 18:00:00,v1
U003148,EXP_FINISH_PAGE_001,treatment,2026-05-16 21:00:00,v1
U003149,EXP_FINISH_PAGE_001,control,2026-06-08 14:00:00,v1
U003150,EXP_FINISH_PAGE_001,control,2026-05-15 00:00:00,v1
U003151,EXP_FINISH_PAGE_001,treatment,2026-05-22 13:00:00,v1
U003152,EXP_FINISH_PAGE_001,treatment,2026-06-18 17:00:00,v1
U003153,EXP_FINISH_PAGE_001,control,2026-06-28 20:00:00,v1
U003154,EXP_FINISH_PAGE_001,control,2026-05-18 08:00:00,v1
U003155,EXP_FINISH_PAGE_001,control,2026-06-13 12:00:00,v1
U003156,EXP_FINISH_PAGE_001,treatment,2026-06-15 20:00:00,v1
U003157,EXP_FINISH_PAGE_001,control,2026-05-30 08:00:00,v1
U003158,EXP_FINISH_PAGE_001,control,2026-06-28 09:00:00,v1
U003159,EXP_FINISH_PAGE_001,treatment,2026-05-17 19:00:00,v1
U003160,EXP_FINISH_PAGE_001,control,2026-06-25 13:00:00,v1
U003161,EXP_FINISH_PAGE_001,treatment,2026-06-27 08:00:00,v1
U003162,EXP_FINISH_PAGE_001,treatment,2026-05-15 00:00:00,v1
U003163,EXP_FINISH_PAGE_001,treatment,2026-05-17 12:00:00,v1
U003164,EXP_FINISH_PAGE_001,treatment,2026-05-25 20:00:00,v1
U003165,EXP_FINISH_PAGE_001,control,2026-06-22 20:00:00,v1
U003166,EXP_FINISH_PAGE_001,treatment,2026-06-02 20:00:00,v1
U003167,EXP_FINISH_PAGE_001,treatment,2026-05-16 11:00:00,v1
U003168,EXP_FINISH_PAGE_001,treatment,2026-06-28 11:00:00,v1
U003169,EXP_FINISH_PAGE_001,treatment,2026-06-11 15:00:00,v1
U003170,EXP_FINISH_PAGE_001,treatment,2026-05-30 09:00:00,v1
U003171,EXP_FINISH_PAGE_001,control,2026-05-29 13:00:00,v1
U003172,EXP_FINISH_PAGE_001,control,2026-05-28 13:00:00,v1
U003173,EXP_FINISH_PAGE_001,treatment,2026-06-02 19:00:00,v1
U003174,EXP_FINISH_PAGE_001,treatment,2026-05-15 18:00:00,v1
U003175,EXP_FINISH_PAGE_001,treatment,2026-06-23 12:00:00,v1
U003176,EXP_FINISH_PAGE_001,control,2026-05-15 00:00:00,v1
U003177,EXP_FINISH_PAGE_001,treatment,2026-05-22 09:00:00,v1
U003178,EXP_FINISH_PAGE_001,control,2026-05-15 00:00:00,v1
U003179,EXP_FINISH_PAGE_001,control,2026-06-01 18:00:00,v1
U003180,EXP_FINISH_PAGE_001,control,2026-06-04 12:00:00,v1
U003181,EXP_FINISH_PAGE_001,treatment,2026-06-05 18:00:00,v1
U003182,EXP_FINISH_PAGE_001,treatment,2026-05-15 00:00:00,v1
U003183,EXP_FINISH_PAGE_001,control,2026-06-14 09:00:00,v1
U003184,EXP_FINISH_PAGE_001,control,2026-06-19 18:00:00,v1
U003185,EXP_FINISH_PAGE_001,control,2026-06-23 20:00:00,v1
U003186,EXP_FINISH_PAGE_001,control,2026-05-15 00:00:00,v1
U003187,EXP_FINISH_PAGE_001,control,2026-06-04 20:00:00,v1
U003188,EXP_FINISH_PAGE_001,control,2026-06-13 10:00:00,v1
U003189,EXP_FINISH_PAGE_001,control,2026-05-19 11:00:00,v1
U003190,EXP_FINISH_PAGE_001,treatment,2026-05-15 00:00:00,v1
U003191,EXP_FINISH_PAGE_001,treatment,2026-05-15 00:00:00,v1
U003192,EXP_FINISH_PAGE_001,treatment,2026-05-15 00:00:00,v1
U003193,EXP_FINISH_PAGE_001,treatment,2026-06-10 15:00:00,v1
U003194,EXP_FINISH_PAGE_001,treatment,2026-06-15 20:00:00,v1
U003195,EXP_FINISH_PAGE_001,control,2026-05-15 00:00:00,v1
U003196,EXP_FINISH_PAGE_001,treatment,2026-06-13 11:00:00,v1
U003197,EXP_FINISH_PAGE_001,control,2026-05-25 21:00:00,v1
U003198,EXP_FINISH_PAGE_001,treatment,2026-06-24 19:00:00,v1
U003199,EXP_FINISH_PAGE_001,treatment,2026-05-15 00:00:00,v1
U003200,EXP_FINISH_PAGE_001,treatment,2026-05-15 00:00:00,v1
U003201,EXP_FINISH_PAGE_001,treatment,2026-06-28 19:00:00,v1
U003202,EXP_FINISH_PAGE_001,treatment,2026-05-29 21:00:00,v1
U003203,EXP_FINISH_PAGE_001,treatment,2026-06-01 08:00:00,v1
U003204,EXP_FINISH_PAGE_001,control,2026-05-23 12:00:00,v1
U003205,EXP_FINISH_PAGE_001,control,2026-05-15 11:00:00,v1
U003206,EXP_FINISH_PAGE_001,treatment,2026-06-09 14:00:00,v1
U003207,EXP_FINISH_PAGE_001,treatment,2026-06-26 11:00:00,v1
U003208,EXP_FINISH_PAGE_001,control,2026-06-17 17:00:00,v1
U003209,EXP_FINISH_PAGE_001,treatment,2026-06-05 18:00:00,v1
U003210,EXP_FINISH_PAGE_001,treatment,2026-06-12 10:00:00,v1
U003211,EXP_FINISH_PAGE_001,treatment,2026-05-19 13:00:00,v1
U003212,EXP_FINISH_PAGE_001,control,2026-06-20 10:00:00,v1
U003213,EXP_FINISH_PAGE_001,treatment,2026-05-15 00:00:00,v1
U003214,EXP_FINISH_PAGE_001,treatment,2026-06-12 21:00:00,v1
U003215,EXP_FINISH_PAGE_001,control,2026-06-01 14:00:00,v1
U003216,EXP_FINISH_PAGE_001,treatment,2026-05-30 19:00:00,v1
U003217,EXP_FINISH_PAGE_001,control,2026-06-13 08:00:00,v1
U003218,EXP_FINISH_PAGE_001,control,2026-05-28 18:00:00,v1
U003219,EXP_FINISH_PAGE_001,control,2026-06-23 13:00:00,v1
U003220,EXP_FINISH_PAGE_001,control,2026-05-15 00:00:00,v1
U003221,EXP_FINISH_PAGE_001,control,2026-06-16 14:00:00,v1
U003222,EXP_FINISH_PAGE_001,treatment,2026-05-18 18:00:00,v1
U003223,EXP_FINISH_PAGE_001,treatment,2026-05-15 00:00:00,v1
U003224,EXP_FINISH_PAGE_001,treatment,2026-06-26 14:00:00,v1
U003225,EXP_FINISH_PAGE_001,treatment,2026-06-01 20:00:00,v1
U003226,EXP_FINISH_PAGE_001,treatment,2026-05-15 00:00:00,v1
U003227,EXP_FINISH_PAGE_001,control,2026-05-19 09:00:00,v1
U003228,EXP_FINISH_PAGE_001,treatment,2026-05-20 17:00:00,v1
U003229,EXP_FINISH_PAGE_001,treatment,2026-05-15 00:00:00,v1
U003230,EXP_FINISH_PAGE_001,treatment,2026-06-03 10:00:00,v1
U003231,EXP_FINISH_PAGE_001,treatment,2026-06-09 10:00:00,v1
U003232,EXP_FINISH_PAGE_001,treatment,2026-05-15 00:00:00,v1
U003233,EXP_FINISH_PAGE_001,treatment,2026-05-15 00:00:00,v1
U003234,EXP_FINISH_PAGE_001,control,2026-05-20 17:00:00,v1
U003235,EXP_FINISH_PAGE_001,treatment,2026-06-28 16:00:00,v1
U003236,EXP_FINISH_PAGE_001,treatment,2026-06-19 15:00:00,v1
U003237,EXP_FINISH_PAGE_001,control,2026-05-26 16:00:00,v1
U003238,EXP_FINISH_PAGE_001,control,2026-06-25 08:00:00,v1
U003239,EXP_FINISH_PAGE_001,treatment,2026-06-17 10:00:00,v1
U003240,EXP_FINISH_PAGE_001,control,2026-05-18 11:00:00,v1
U003241,EXP_FINISH_PAGE_001,treatment,2026-05-15 00:00:00,v1
U003242,EXP_FINISH_PAGE_001,control,2026-05-19 17:00:00,v1
U003243,EXP_FINISH_PAGE_001,control,2026-05-22 21:00:00,v1
U003244,EXP_FINISH_PAGE_001,treatment,2026-05-15 00:00:00,v1
U003245,EXP_FINISH_PAGE_001,treatment,2026-05-20 14:00:00,v1
U003246,EXP_FINISH_PAGE_001,control,2026-05-15 00:00:00,v1
U003247,EXP_FINISH_PAGE_001,treatment,2026-06-11 17:00:00,v1
U003248,EXP_FINISH_PAGE_001,control,2026-05-31 18:00:00,v1
U003249,EXP_FINISH_PAGE_001,treatment,2026-05-29 21:00:00,v1
U003250,EXP_FINISH_PAGE_001,control,2026-05-19 13:00:00,v1
U003251,EXP_FINISH_PAGE_001,treatment,2026-05-15 00:00:00,v1
U003252,EXP_FINISH_PAGE_001,treatment,2026-05-15 00:00:00,v1
U003253,EXP_FINISH_PAGE_001,control,2026-06-22 10:00:00,v1
U003254,EXP_FINISH_PAGE_001,treatment,2026-05-15 00:00:00,v1
U003255,EXP_FINISH_PAGE_001,control,2026-06-17 14:00:00,v1
U003256,EXP_FINISH_PAGE_001,control,2026-05-15 00:00:00,v1
U003257,EXP_FINISH_PAGE_001,control,2026-05-15 00:00:00,v1
U003258,EXP_FINISH_PAGE_001,treatment,2026-06-19 13:00:00,v1
U003259,EXP_FINISH_PAGE_001,control,2026-05-15 00:00:00,v1
U003260,EXP_FINISH_PAGE_001,control,2026-06-09 21:00:00,v1
U003261,EXP_FINISH_PAGE_001,treatment,2026-05-15 00:00:00,v1
U003262,EXP_FINISH_PAGE_001,treatment,2026-06-28 14:00:00,v1
U003263,EXP_FINISH_PAGE_001,control,2026-05-23 21:00:00,v1
U003264,EXP_FINISH_PAGE_001,treatment,2026-05-15 00:00:00,v1
U003265,EXP_FINISH_PAGE_001,control,2026-05-15 00:00:00,v1
U003266,EXP_FINISH_PAGE_001,treatment,2026-06-24 16:00:00,v1
U003267,EXP_FINISH_PAGE_001,treatment,2026-05-31 16:00:00,v1
U003268,EXP_FINISH_PAGE_001,treatment,2026-06-06 15:00:00,v1
U003269,EXP_FINISH_PAGE_001,control,2026-05-25 17:00:00,v1
U003270,EXP_FINISH_PAGE_001,control,2026-05-23 17:00:00,v1
U003271,EXP_FINISH_PAGE_001,control,2026-05-29 10:00:00,v1
U003272,EXP_FINISH_PAGE_001,treatment,2026-06-01 20:00:00,v1
U003273,EXP_FINISH_PAGE_001,control,2026-06-20 19:00:00,v1
U003274,EXP_FINISH_PAGE_001,treatment,2026-06-16 12:00:00,v1
U003275,EXP_FINISH_PAGE_001,treatment,2026-06-23 12:00:00,v1
U003276,EXP_FINISH_PAGE_001,treatment,2026-06-14 13:00:00,v1
U003277,EXP_FINISH_PAGE_001,control,2026-05-19 16:00:00,v1
U003278,EXP_FINISH_PAGE_001,control,2026-05-29 18:00:00,v1
U003279,EXP_FINISH_PAGE_001,control,2026-05-15 00:00:00,v1
U003280,EXP_FINISH_PAGE_001,treatment,2026-06-20 15:00:00,v1
U003281,EXP_FINISH_PAGE_001,control,2026-05-15 00:00:00,v1
U003282,EXP_FINISH_PAGE_001,treatment,2026-06-17 20:00:00,v1
U003283,EXP_FINISH_PAGE_001,control,2026-05-15 00:00:00,v1
U003284,EXP_FINISH_PAGE_001,control,2026-06-07 20:00:00,v1
U003285,EXP_FINISH_PAGE_001,treatment,2026-06-15 17:00:00,v1
U003286,EXP_FINISH_PAGE_001,control,2026-05-15 14:00:00,v1
U003287,EXP_FINISH_PAGE_001,treatment,2026-05-18 13:00:00,v1
U003288,EXP_FINISH_PAGE_001,control,2026-06-18 12:00:00,v1
U003289,EXP_FINISH_PAGE_001,control,2026-05-15 00:00:00,v1
U003290,EXP_FINISH_PAGE_001,control,2026-05-18 12:00:00,v1
U003291,EXP_FINISH_PAGE_001,treatment,2026-05-15 00:00:00,v1
U003292,EXP_FINISH_PAGE_001,treatment,2026-05-20 20:00:00,v1
U003293,EXP_FINISH_PAGE_001,treatment,2026-06-26 14:00:00,v1
U003294,EXP_FINISH_PAGE_001,treatment,2026-05-15 00:00:00,v1
U003295,EXP_FINISH_PAGE_001,treatment,2026-06-29 20:00:00,v1
U003296,EXP_FINISH_PAGE_001,control,2026-05-20 13:00:00,v1
U003297,EXP_FINISH_PAGE_001,treatment,2026-05-15 00:00:00,v1
U003298,EXP_FINISH_PAGE_001,control,2026-05-17 12:00:00,v1
U003299,EXP_FINISH_PAGE_001,treatment,2026-05-18 08:00:00,v1
U003300,EXP_FINISH_PAGE_001,control,2026-05-15 00:00:00,v1
U003301,EXP_FINISH_PAGE_001,control,2026-05-18 21:00:00,v1
U003302,EXP_FINISH_PAGE_001,control,2026-06-13 17:00:00,v1
U003303,EXP_FINISH_PAGE_001,treatment,2026-06-05 11:00:00,v1
U003304,EXP_FINISH_PAGE_001,control,2026-05-15 00:00:00,v1
U003305,EXP_FINISH_PAGE_001,treatment,2026-05-29 17:00:00,v1
U003306,EXP_FINISH_PAGE_001,treatment,2026-05-15 00:00:00,v1
U003307,EXP_FINISH_PAGE_001,control,2026-05-27 20:00:00,v1
U003308,EXP_FINISH_PAGE_001,treatment,2026-05-30 10:00:00,v1
U003309,EXP_FINISH_PAGE_001,control,2026-05-23 15:00:00,v1
U003310,EXP_FINISH_PAGE_001,treatment,2026-06-14 12:00:00,v1
U003311,EXP_FINISH_PAGE_001,control,2026-05-18 13:00:00,v1
U003312,EXP_FINISH_PAGE_001,treatment,2026-06-03 08:00:00,v1
U003313,EXP_FINISH_PAGE_001,treatment,2026-05-15 00:00:00,v1
U003314,EXP_FINISH_PAGE_001,treatment,2026-06-13 20:00:00,v1
U003315,EXP_FINISH_PAGE_001,control,2026-06-04 10:00:00,v1
U003316,EXP_FINISH_PAGE_001,control,2026-06-17 17:00:00,v1
U003317,EXP_FINISH_PAGE_001,treatment,2026-06-19 14:00:00,v1
U003318,EXP_FINISH_PAGE_001,treatment,2026-05-15 00:00:00,v1
U003319,EXP_FINISH_PAGE_001,control,2026-06-19 16:00:00,v1
U003320,EXP_FINISH_PAGE_001,control,2026-06-06 19:00:00,v1
U003321,EXP_FINISH_PAGE_001,treatment,2026-06-09 15:00:00,v1
U003322,EXP_FINISH_PAGE_001,treatment,2026-06-09 09:00:00,v1
U003323,EXP_FINISH_PAGE_001,control,2026-06-16 16:00:00,v1
U003324,EXP_FINISH_PAGE_001,control,2026-05-26 14:00:00,v1
U003325,EXP_FINISH_PAGE_001,control,2026-05-15 00:00:00,v1
U003326,EXP_FINISH_PAGE_001,treatment,2026-05-19 21:00:00,v1
U003327,EXP_FINISH_PAGE_001,treatment,2026-05-15 00:00:00,v1
U003328,EXP_FINISH_PAGE_001,control,2026-05-22 11:00:00,v1
U003329,EXP_FINISH_PAGE_001,control,2026-05-15 00:00:00,v1
U003330,EXP_FINISH_PAGE_001,control,2026-05-23 19:00:00,v1
U003331,EXP_FINISH_PAGE_001,control,2026-06-29 08:00:00,v1
U003332,EXP_FINISH_PAGE_001,treatment,2026-05-16 16:00:00,v1
U003333,EXP_FINISH_PAGE_001,control,2026-05-15 00:00:00,v1
U003334,EXP_FINISH_PAGE_001,control,2026-05-15 17:00:00,v1
U003335,EXP_FINISH_PAGE_001,treatment,2026-06-01 19:00:00,v1
U003336,EXP_FINISH_PAGE_001,treatment,2026-06-09 08:00:00,v1
U003337,EXP_FINISH_PAGE_001,control,2026-05-15 00:00:00,v1
U003338,EXP_FINISH_PAGE_001,treatment,2026-05-17 18:00:00,v1
U003339,EXP_FINISH_PAGE_001,control,2026-06-05 16:00:00,v1
U003340,EXP_FINISH_PAGE_001,control,2026-05-19 10:00:00,v1
U003341,EXP_FINISH_PAGE_001,control,2026-05-15 00:00:00,v1
U003342,EXP_FINISH_PAGE_001,treatment,2026-05-15 00:00:00,v1
U003343,EXP_FINISH_PAGE_001,control,2026-05-31 17:00:00,v1
U003344,EXP_FINISH_PAGE_001,treatment,2026-05-24 14:00:00,v1
U003345,EXP_FINISH_PAGE_001,control,2026-06-11 19:00:00,v1
U003346,EXP_FINISH_PAGE_001,treatment,2026-05-31 11:00:00,v1
U003347,EXP_FINISH_PAGE_001,control,2026-05-27 13:00:00,v1
U003348,EXP_FINISH_PAGE_001,control,2026-06-28 09:00:00,v1
U003349,EXP_FINISH_PAGE_001,control,2026-05-15 00:00:00,v1
U003350,EXP_FINISH_PAGE_001,control,2026-05-15 00:00:00,v1
U003351,EXP_FINISH_PAGE_001,treatment,2026-06-11 16:00:00,v1
U003352,EXP_FINISH_PAGE_001,control,2026-05-30 14:00:00,v1
U003353,EXP_FINISH_PAGE_001,control,2026-06-18 11:00:00,v1
U003354,EXP_FINISH_PAGE_001,treatment,2026-06-23 09:00:00,v1
U003355,EXP_FINISH_PAGE_001,treatment,2026-05-27 12:00:00,v1
U003356,EXP_FINISH_PAGE_001,control,2026-05-19 17:00:00,v1
U003357,EXP_FINISH_PAGE_001,treatment,2026-06-15 21:00:00,v1
U003358,EXP_FINISH_PAGE_001,control,2026-06-18 18:00:00,v1
U003359,EXP_FINISH_PAGE_001,treatment,2026-06-07 15:00:00,v1
U003360,EXP_FINISH_PAGE_001,treatment,2026-05-15 00:00:00,v1
U003361,EXP_FINISH_PAGE_001,control,2026-06-21 21:00:00,v1
U003362,EXP_FINISH_PAGE_001,control,2026-06-29 09:00:00,v1
U003363,EXP_FINISH_PAGE_001,control,2026-06-17 08:00:00,v1
U003364,EXP_FINISH_PAGE_001,treatment,2026-05-16 10:00:00,v1
U003365,EXP_FINISH_PAGE_001,control,2026-05-15 00:00:00,v1
U003366,EXP_FINISH_PAGE_001,control,2026-05-15 00:00:00,v1
U003367,EXP_FINISH_PAGE_001,treatment,2026-05-15 00:00:00,v1
U003368,EXP_FINISH_PAGE_001,control,2026-05-15 00:00:00,v1
U003369,EXP_FINISH_PAGE_001,treatment,2026-06-18 08:00:00,v1
U003370,EXP_FINISH_PAGE_001,treatment,2026-06-17 18:00:00,v1
U003371,EXP_FINISH_PAGE_001,control,2026-05-15 00:00:00,v1
U003372,EXP_FINISH_PAGE_001,control,2026-06-27 15:00:00,v1
U003373,EXP_FINISH_PAGE_001,control,2026-06-22 19:00:00,v1
U003374,EXP_FINISH_PAGE_001,treatment,2026-06-05 09:00:00,v1
U003375,EXP_FINISH_PAGE_001,treatment,2026-05-15 00:00:00,v1
U003376,EXP_FINISH_PAGE_001,control,2026-05-24 14:00:00,v1
U003377,EXP_FINISH_PAGE_001,control,2026-05-15 00:00:00,v1
U003378,EXP_FINISH_PAGE_001,treatment,2026-05-22 20:00:00,v1
U003379,EXP_FINISH_PAGE_001,treatment,2026-05-29 13:00:00,v1
U003380,EXP_FINISH_PAGE_001,treatment,2026-06-27 09:00:00,v1
U003381,EXP_FINISH_PAGE_001,control,2026-06-16 14:00:00,v1
U003382,EXP_FINISH_PAGE_001,treatment,2026-05-31 08:00:00,v1
U003383,EXP_FINISH_PAGE_001,control,2026-06-24 08:00:00,v1
U003384,EXP_FINISH_PAGE_001,control,2026-06-20 21:00:00,v1
U003385,EXP_FINISH_PAGE_001,control,2026-06-14 12:00:00,v1
U003386,EXP_FINISH_PAGE_001,control,2026-05-15 00:00:00,v1
U003387,EXP_FINISH_PAGE_001,treatment,2026-06-03 17:00:00,v1
U003388,EXP_FINISH_PAGE_001,control,2026-05-15 00:00:00,v1
U003389,EXP_FINISH_PAGE_001,treatment,2026-05-25 18:00:00,v1
U003390,EXP_FINISH_PAGE_001,treatment,2026-06-14 15:00:00,v1
U003391,EXP_FINISH_PAGE_001,treatment,2026-05-27 18:00:00,v1
U003392,EXP_FINISH_PAGE_001,control,2026-05-15 00:00:00,v1
U003393,EXP_FINISH_PAGE_001,control,2026-05-15 00:00:00,v1
U003394,EXP_FINISH_PAGE_001,control,2026-05-28 19:00:00,v1
U003395,EXP_FINISH_PAGE_001,control,2026-06-12 18:00:00,v1
U003396,EXP_FINISH_PAGE_001,treatment,2026-06-17 20:00:00,v1
U003397,EXP_FINISH_PAGE_001,control,2026-06-22 08:00:00,v1
U003398,EXP_FINISH_PAGE_001,control,2026-05-15 00:00:00,v1
U003399,EXP_FINISH_PAGE_001,control,2026-06-22 21:00:00,v1
U003400,EXP_FINISH_PAGE_001,treatment,2026-05-20 19:00:00,v1
U003401,EXP_FINISH_PAGE_001,control,2026-05-15 00:00:00,v1
U003402,EXP_FINISH_PAGE_001,control,2026-05-16 10:00:00,v1
U003403,EXP_FINISH_PAGE_001,control,2026-05-15 00:00:00,v1
U003404,EXP_FINISH_PAGE_001,control,2026-06-21 18:00:00,v1
U003405,EXP_FINISH_PAGE_001,control,2026-05-15 00:00:00,v1
U003406,EXP_FINISH_PAGE_001,treatment,2026-06-07 16:00:00,v1
U003407,EXP_FINISH_PAGE_001,treatment,2026-05-15 00:00:00,v1
U003408,EXP_FINISH_PAGE_001,treatment,2026-05-16 09:00:00,v1
U003409,EXP_FINISH_PAGE_001,treatment,2026-05-15 00:00:00,v1
U003410,EXP_FINISH_PAGE_001,treatment,2026-06-29 16:00:00,v1
U003411,EXP_FINISH_PAGE_001,control,2026-05-28 16:00:00,v1
U003412,EXP_FINISH_PAGE_001,control,2026-06-20 16:00:00,v1
U003413,EXP_FINISH_PAGE_001,control,2026-05-23 10:00:00,v1
U003414,EXP_FINISH_PAGE_001,control,2026-05-15 00:00:00,v1
U003415,EXP_FINISH_PAGE_001,control,2026-06-03 17:00:00,v1
U003416,EXP_FINISH_PAGE_001,treatment,2026-05-31 16:00:00,v1
U003417,EXP_FINISH_PAGE_001,treatment,2026-05-20 21:00:00,v1
U003418,EXP_FINISH_PAGE_001,treatment,2026-06-27 09:00:00,v1
U003419,EXP_FINISH_PAGE_001,treatment,2026-05-17 10:00:00,v1
U003420,EXP_FINISH_PAGE_001,treatment,2026-06-03 11:00:00,v1
U003421,EXP_FINISH_PAGE_001,control,2026-05-15 00:00:00,v1
U003422,EXP_FINISH_PAGE_001,control,2026-05-22 12:00:00,v1
U003423,EXP_FINISH_PAGE_001,treatment,2026-05-15 00:00:00,v1
U003424,EXP_FINISH_PAGE_001,treatment,2026-06-01 19:00:00,v1
U003425,EXP_FINISH_PAGE_001,treatment,2026-06-03 20:00:00,v1
U003426,EXP_FINISH_PAGE_001,control,2026-05-26 10:00:00,v1
U003427,EXP_FINISH_PAGE_001,treatment,2026-06-04 19:00:00,v1
U003428,EXP_FINISH_PAGE_001,treatment,2026-06-29 10:00:00,v1
U003429,EXP_FINISH_PAGE_001,control,2026-05-15 00:00:00,v1
U003430,EXP_FINISH_PAGE_001,treatment,2026-05-24 12:00:00,v1
U003431,EXP_FINISH_PAGE_001,treatment,2026-05-15 00:00:00,v1
U003432,EXP_FINISH_PAGE_001,treatment,2026-06-20 10:00:00,v1
U003433,EXP_FINISH_PAGE_001,treatment,2026-05-15 00:00:00,v1
U003434,EXP_FINISH_PAGE_001,treatment,2026-06-01 19:00:00,v1
U003435,EXP_FINISH_PAGE_001,control,2026-06-11 15:00:00,v1
U003436,EXP_FINISH_PAGE_001,control,2026-06-10 18:00:00,v1
U003437,EXP_FINISH_PAGE_001,control,2026-05-30 11:00:00,v1
U003438,EXP_FINISH_PAGE_001,treatment,2026-05-15 00:00:00,v1
U003439,EXP_FINISH_PAGE_001,control,2026-05-19 21:00:00,v1
U003440,EXP_FINISH_PAGE_001,treatment,2026-05-26 20:00:00,v1
U003441,EXP_FINISH_PAGE_001,control,2026-05-15 00:00:00,v1
U003442,EXP_FINISH_PAGE_001,treatment,2026-05-15 00:00:00,v1
U003443,EXP_FINISH_PAGE_001,treatment,2026-05-29 14:00:00,v1
U003444,EXP_FINISH_PAGE_001,control,2026-05-29 20:00:00,v1
U003445,EXP_FINISH_PAGE_001,control,2026-06-02 20:00:00,v1
U003446,EXP_FINISH_PAGE_001,control,2026-06-23 12:00:00,v1
U003447,EXP_FINISH_PAGE_001,control,2026-06-13 20:00:00,v1
U003448,EXP_FINISH_PAGE_001,control,2026-06-27 14:00:00,v1
U003449,EXP_FINISH_PAGE_001,control,2026-06-18 12:00:00,v1
U003450,EXP_FINISH_PAGE_001,treatment,2026-05-22 18:00:00,v1
U003451,EXP_FINISH_PAGE_001,treatment,2026-05-26 09:00:00,v1
U003452,EXP_FINISH_PAGE_001,treatment,2026-06-25 20:00:00,v1
U003453,EXP_FINISH_PAGE_001,treatment,2026-05-15 00:00:00,v1
U003454,EXP_FINISH_PAGE_001,treatment,2026-05-27 09:00:00,v1
U003455,EXP_FINISH_PAGE_001,control,2026-05-17 17:00:00,v1
U003456,EXP_FINISH_PAGE_001,treatment,2026-06-12 20:00:00,v1
U003457,EXP_FINISH_PAGE_001,treatment,2026-06-16 11:00:00,v1
U003458,EXP_FINISH_PAGE_001,control,2026-06-24 17:00:00,v1
U003459,EXP_FINISH_PAGE_001,control,2026-06-07 11:00:00,v1
U003460,EXP_FINISH_PAGE_001,control,2026-06-27 08:00:00,v1
U003461,EXP_FINISH_PAGE_001,control,2026-06-26 13:00:00,v1
U003462,EXP_FINISH_PAGE_001,treatment,2026-06-08 10:00:00,v1
U003463,EXP_FINISH_PAGE_001,control,2026-05-15 00:00:00,v1
U003464,EXP_FINISH_PAGE_001,treatment,2026-05-15 00:00:00,v1
U003465,EXP_FINISH_PAGE_001,treatment,2026-06-06 14:00:00,v1
U003466,EXP_FINISH_PAGE_001,treatment,2026-05-31 16:00:00,v1
U003467,EXP_FINISH_PAGE_001,treatment,2026-05-15 00:00:00,v1
U003468,EXP_FINISH_PAGE_001,treatment,2026-05-15 10:00:00,v1
U003469,EXP_FINISH_PAGE_001,treatment,2026-06-05 20:00:00,v1
U003470,EXP_FINISH_PAGE_001,control,2026-05-15 00:00:00,v1
U003471,EXP_FINISH_PAGE_001,treatment,2026-05-21 18:00:00,v1
U003472,EXP_FINISH_PAGE_001,control,2026-05-15 00:00:00,v1
U003473,EXP_FINISH_PAGE_001,control,2026-05-16 20:00:00,v1
U003474,EXP_FINISH_PAGE_001,treatment,2026-06-26 10:00:00,v1
U003475,EXP_FINISH_PAGE_001,treatment,2026-06-03 21:00:00,v1
U003476,EXP_FINISH_PAGE_001,treatment,2026-06-19 14:00:00,v1
U003477,EXP_FINISH_PAGE_001,treatment,2026-06-24 13:00:00,v1
U003478,EXP_FINISH_PAGE_001,control,2026-05-15 00:00:00,v1
U003479,EXP_FINISH_PAGE_001,control,2026-06-12 17:00:00,v1
U003480,EXP_FINISH_PAGE_001,control,2026-05-15 00:00:00,v1
U003481,EXP_FINISH_PAGE_001,treatment,2026-05-16 20:00:00,v1
U003482,EXP_FINISH_PAGE_001,control,2026-05-15 00:00:00,v1
U003483,EXP_FINISH_PAGE_001,control,2026-05-28 19:00:00,v1
U003484,EXP_FINISH_PAGE_001,treatment,2026-06-16 14:00:00,v1
U003485,EXP_FINISH_PAGE_001,treatment,2026-05-15 00:00:00,v1
U003486,EXP_FINISH_PAGE_001,control,2026-06-04 16:00:00,v1
U003487,EXP_FINISH_PAGE_001,treatment,2026-06-11 17:00:00,v1
U003488,EXP_FINISH_PAGE_001,control,2026-06-27 20:00:00,v1
U003489,EXP_FINISH_PAGE_001,treatment,2026-05-15 00:00:00,v1
U003490,EXP_FINISH_PAGE_001,control,2026-05-23 21:00:00,v1
U003491,EXP_FINISH_PAGE_001,control,2026-05-24 16:00:00,v1
U003492,EXP_FINISH_PAGE_001,treatment,2026-06-21 08:00:00,v1
U003493,EXP_FINISH_PAGE_001,control,2026-06-08 17:00:00,v1
U003494,EXP_FINISH_PAGE_001,control,2026-06-26 14:00:00,v1
U003495,EXP_FINISH_PAGE_001,treatment,2026-05-16 15:00:00,v1
U003496,EXP_FINISH_PAGE_001,treatment,2026-05-15 00:00:00,v1
U003497,EXP_FINISH_PAGE_001,control,2026-06-24 09:00:00,v1
U003498,EXP_FINISH_PAGE_001,control,2026-05-19 17:00:00,v1
U003499,EXP_FINISH_PAGE_001,treatment,2026-06-08 09:00:00,v1
U003500,EXP_FINISH_PAGE_001,control,2026-06-18 15:00:00,v1
U003501,EXP_FINISH_PAGE_001,treatment,2026-06-09 11:00:00,v1
U003502,EXP_FINISH_PAGE_001,control,2026-05-24 13:00:00,v1
U003503,EXP_FINISH_PAGE_001,control,2026-06-21 12:00:00,v1
U003504,EXP_FINISH_PAGE_001,treatment,2026-06-19 20:00:00,v1
U003505,EXP_FINISH_PAGE_001,control,2026-05-15 00:00:00,v1
U003506,EXP_FINISH_PAGE_001,control,2026-06-19 08:00:00,v1
U003507,EXP_FINISH_PAGE_001,control,2026-05-22 16:00:00,v1
U003508,EXP_FINISH_PAGE_001,control,2026-05-16 13:00:00,v1
U003509,EXP_FINISH_PAGE_001,treatment,2026-05-16 20:00:00,v1
U003510,EXP_FINISH_PAGE_001,treatment,2026-05-15 00:00:00,v1
U003511,EXP_FINISH_PAGE_001,treatment,2026-06-04 11:00:00,v1
U003512,EXP_FINISH_PAGE_001,treatment,2026-05-25 21:00:00,v1
U003513,EXP_FINISH_PAGE_001,control,2026-05-15 00:00:00,v1
U003514,EXP_FINISH_PAGE_001,control,2026-06-01 21:00:00,v1
U003515,EXP_FINISH_PAGE_001,control,2026-05-26 20:00:00,v1
U003516,EXP_FINISH_PAGE_001,control,2026-06-06 09:00:00,v1
U003517,EXP_FINISH_PAGE_001,treatment,2026-05-15 14:00:00,v1
U003518,EXP_FINISH_PAGE_001,control,2026-06-18 08:00:00,v1
U003519,EXP_FINISH_PAGE_001,control,2026-05-15 00:00:00,v1
U003520,EXP_FINISH_PAGE_001,treatment,2026-06-06 11:00:00,v1
U003521,EXP_FINISH_PAGE_001,control,2026-06-13 20:00:00,v1
U003522,EXP_FINISH_PAGE_001,treatment,2026-05-15 00:00:00,v1
U003523,EXP_FINISH_PAGE_001,treatment,2026-05-15 00:00:00,v1
U003524,EXP_FINISH_PAGE_001,control,2026-05-26 19:00:00,v1
U003525,EXP_FINISH_PAGE_001,treatment,2026-05-17 20:00:00,v1
U003526,EXP_FINISH_PAGE_001,control,2026-06-18 09:00:00,v1
U003527,EXP_FINISH_PAGE_001,treatment,2026-06-04 09:00:00,v1
U003528,EXP_FINISH_PAGE_001,control,2026-05-26 17:00:00,v1
U003529,EXP_FINISH_PAGE_001,control,2026-06-13 20:00:00,v1
U003530,EXP_FINISH_PAGE_001,treatment,2026-05-15 00:00:00,v1
U003531,EXP_FINISH_PAGE_001,control,2026-05-17 18:00:00,v1
U003532,EXP_FINISH_PAGE_001,treatment,2026-06-24 08:00:00,v1
U003533,EXP_FINISH_PAGE_001,control,2026-06-21 12:00:00,v1
U003534,EXP_FINISH_PAGE_001,treatment,2026-06-29 20:00:00,v1
U003535,EXP_FINISH_PAGE_001,treatment,2026-06-25 13:00:00,v1
U003536,EXP_FINISH_PAGE_001,treatment,2026-05-15 00:00:00,v1
U003537,EXP_FINISH_PAGE_001,treatment,2026-05-15 00:00:00,v1
U003538,EXP_FINISH_PAGE_001,control,2026-05-15 00:00:00,v1
U003539,EXP_FINISH_PAGE_001,control,2026-05-28 09:00:00,v1
U003540,EXP_FINISH_PAGE_001,control,2026-05-28 19:00:00,v1
U003541,EXP_FINISH_PAGE_001,treatment,2026-05-15 00:00:00,v1
U003542,EXP_FINISH_PAGE_001,treatment,2026-06-12 16:00:00,v1
U003543,EXP_FINISH_PAGE_001,treatment,2026-06-09 08:00:00,v1
U003544,EXP_FINISH_PAGE_001,control,2026-05-15 00:00:00,v1
U003545,EXP_FINISH_PAGE_001,treatment,2026-06-02 15:00:00,v1
U003546,EXP_FINISH_PAGE_001,treatment,2026-05-30 21:00:00,v1
U003547,EXP_FINISH_PAGE_001,treatment,2026-05-21 08:00:00,v1
U003548,EXP_FINISH_PAGE_001,control,2026-05-15 00:00:00,v1
U003549,EXP_FINISH_PAGE_001,control,2026-05-15 00:00:00,v1
U003550,EXP_FINISH_PAGE_001,control,2026-05-15 00:00:00,v1
U003551,EXP_FINISH_PAGE_001,control,2026-06-26 18:00:00,v1
U003552,EXP_FINISH_PAGE_001,treatment,2026-05-15 00:00:00,v1
U003553,EXP_FINISH_PAGE_001,control,2026-06-21 19:00:00,v1
U003554,EXP_FINISH_PAGE_001,treatment,2026-06-29 18:00:00,v1
U003555,EXP_FINISH_PAGE_001,control,2026-05-15 00:00:00,v1
U003556,EXP_FINISH_PAGE_001,treatment,2026-06-12 10:00:00,v1
U003557,EXP_FINISH_PAGE_001,treatment,2026-05-15 00:00:00,v1
U003558,EXP_FINISH_PAGE_001,control,2026-06-06 21:00:00,v1
U003559,EXP_FINISH_PAGE_001,treatment,2026-05-15 00:00:00,v1
U003560,EXP_FINISH_PAGE_001,control,2026-05-15 00:00:00,v1
U003561,EXP_FINISH_PAGE_001,treatment,2026-05-15 00:00:00,v1
U003562,EXP_FINISH_PAGE_001,control,2026-06-07 15:00:00,v1
U003563,EXP_FINISH_PAGE_001,treatment,2026-06-23 16:00:00,v1
U003564,EXP_FINISH_PAGE_001,control,2026-05-15 00:00:00,v1
U003565,EXP_FINISH_PAGE_001,control,2026-06-20 11:00:00,v1
U003566,EXP_FINISH_PAGE_001,treatment,2026-05-15 00:00:00,v1
U003567,EXP_FINISH_PAGE_001,treatment,2026-05-15 00:00:00,v1
U003568,EXP_FINISH_PAGE_001,treatment,2026-06-19 12:00:00,v1
U003569,EXP_FINISH_PAGE_001,treatment,2026-06-10 15:00:00,v1
U003570,EXP_FINISH_PAGE_001,control,2026-06-26 21:00:00,v1
U003571,EXP_FINISH_PAGE_001,treatment,2026-05-23 20:00:00,v1
U003572,EXP_FINISH_PAGE_001,treatment,2026-06-21 12:00:00,v1
U003573,EXP_FINISH_PAGE_001,control,2026-05-21 14:00:00,v1
U003574,EXP_FINISH_PAGE_001,control,2026-05-22 13:00:00,v1
U003575,EXP_FINISH_PAGE_001,control,2026-06-19 09:00:00,v1
U003576,EXP_FINISH_PAGE_001,control,2026-06-21 15:00:00,v1
U003577,EXP_FINISH_PAGE_001,treatment,2026-06-13 20:00:00,v1
U003578,EXP_FINISH_PAGE_001,treatment,2026-06-14 14:00:00,v1
U003579,EXP_FINISH_PAGE_001,treatment,2026-06-23 21:00:00,v1
U003580,EXP_FINISH_PAGE_001,control,2026-05-15 00:00:00,v1
U003581,EXP_FINISH_PAGE_001,treatment,2026-06-19 21:00:00,v1
U003582,EXP_FINISH_PAGE_001,control,2026-05-19 15:00:00,v1
U003583,EXP_FINISH_PAGE_001,treatment,2026-06-12 21:00:00,v1
U003584,EXP_FINISH_PAGE_001,control,2026-05-15 00:00:00,v1
U003585,EXP_FINISH_PAGE_001,control,2026-05-18 13:00:00,v1
U003586,EXP_FINISH_PAGE_001,control,2026-06-02 09:00:00,v1
U003587,EXP_FINISH_PAGE_001,control,2026-05-15 00:00:00,v1
U003588,EXP_FINISH_PAGE_001,treatment,2026-05-15 00:00:00,v1
U003589,EXP_FINISH_PAGE_001,treatment,2026-06-24 19:00:00,v1
U003590,EXP_FINISH_PAGE_001,control,2026-05-24 09:00:00,v1
U003591,EXP_FINISH_PAGE_001,control,2026-06-08 20:00:00,v1
U003592,EXP_FINISH_PAGE_001,control,2026-05-18 09:00:00,v1
U003593,EXP_FINISH_PAGE_001,treatment,2026-06-14 17:00:00,v1
U003594,EXP_FINISH_PAGE_001,treatment,2026-05-29 18:00:00,v1
U003595,EXP_FINISH_PAGE_001,treatment,2026-05-15 00:00:00,v1
U003596,EXP_FINISH_PAGE_001,treatment,2026-06-19 08:00:00,v1
U003597,EXP_FINISH_PAGE_001,control,2026-05-15 00:00:00,v1
U003598,EXP_FINISH_PAGE_001,treatment,2026-05-15 09:00:00,v1
U003599,EXP_FINISH_PAGE_001,control,2026-05-15 00:00:00,v1
U003600,EXP_FINISH_PAGE_001,treatment,2026-05-30 10:00:00,v1
U003601,EXP_FINISH_PAGE_001,treatment,2026-05-15 00:00:00,v1
U003602,EXP_FINISH_PAGE_001,control,2026-05-24 11:00:00,v1
U003603,EXP_FINISH_PAGE_001,control,2026-06-17 20:00:00,v1
U003604,EXP_FINISH_PAGE_001,treatment,2026-06-04 16:00:00,v1
U003605,EXP_FINISH_PAGE_001,treatment,2026-05-23 21:00:00,v1
U003606,EXP_FINISH_PAGE_001,treatment,2026-05-25 10:00:00,v1
U003607,EXP_FINISH_PAGE_001,treatment,2026-06-12 19:00:00,v1
U003608,EXP_FINISH_PAGE_001,control,2026-05-27 09:00:00,v1
U003609,EXP_FINISH_PAGE_001,treatment,2026-06-01 13:00:00,v1
U003610,EXP_FINISH_PAGE_001,treatment,2026-05-15 00:00:00,v1
U003611,EXP_FINISH_PAGE_001,control,2026-05-20 21:00:00,v1
U003612,EXP_FINISH_PAGE_001,treatment,2026-06-12 11:00:00,v1
U003613,EXP_FINISH_PAGE_001,treatment,2026-06-23 14:00:00,v1
U003614,EXP_FINISH_PAGE_001,treatment,2026-05-15 00:00:00,v1
U003615,EXP_FINISH_PAGE_001,control,2026-05-15 00:00:00,v1
U003616,EXP_FINISH_PAGE_001,control,2026-06-21 11:00:00,v1
U003617,EXP_FINISH_PAGE_001,control,2026-05-27 12:00:00,v1
U003618,EXP_FINISH_PAGE_001,treatment,2026-05-15 00:00:00,v1
U003619,EXP_FINISH_PAGE_001,control,2026-06-29 20:00:00,v1
U003620,EXP_FINISH_PAGE_001,control,2026-06-18 21:00:00,v1
U003621,EXP_FINISH_PAGE_001,treatment,2026-05-22 21:00:00,v1
U003622,EXP_FINISH_PAGE_001,control,2026-06-18 19:00:00,v1
U003623,EXP_FINISH_PAGE_001,treatment,2026-05-28 14:00:00,v1
U003624,EXP_FINISH_PAGE_001,treatment,2026-05-26 21:00:00,v1
U003625,EXP_FINISH_PAGE_001,control,2026-06-23 21:00:00,v1
U003626,EXP_FINISH_PAGE_001,control,2026-05-15 00:00:00,v1
U003627,EXP_FINISH_PAGE_001,treatment,2026-05-27 18:00:00,v1
U003628,EXP_FINISH_PAGE_001,treatment,2026-05-15 00:00:00,v1
U003629,EXP_FINISH_PAGE_001,treatment,2026-05-25 20:00:00,v1
U003630,EXP_FINISH_PAGE_001,treatment,2026-06-01 14:00:00,v1
U003631,EXP_FINISH_PAGE_001,treatment,2026-06-02 16:00:00,v1
U003632,EXP_FINISH_PAGE_001,treatment,2026-05-25 13:00:00,v1
U003633,EXP_FINISH_PAGE_001,control,2026-05-21 20:00:00,v1
U003634,EXP_FINISH_PAGE_001,control,2026-06-03 20:00:00,v1
U003635,EXP_FINISH_PAGE_001,control,2026-06-24 14:00:00,v1
U003636,EXP_FINISH_PAGE_001,control,2026-06-11 12:00:00,v1
U003637,EXP_FINISH_PAGE_001,control,2026-05-18 15:00:00,v1
U003638,EXP_FINISH_PAGE_001,control,2026-05-18 13:00:00,v1
U003639,EXP_FINISH_PAGE_001,treatment,2026-05-15 00:00:00,v1
U003640,EXP_FINISH_PAGE_001,control,2026-05-27 16:00:00,v1
U003641,EXP_FINISH_PAGE_001,control,2026-05-23 08:00:00,v1
U003642,EXP_FINISH_PAGE_001,treatment,2026-06-14 13:00:00,v1
U003643,EXP_FINISH_PAGE_001,treatment,2026-05-22 21:00:00,v1
U003644,EXP_FINISH_PAGE_001,treatment,2026-06-19 17:00:00,v1
U003645,EXP_FINISH_PAGE_001,control,2026-05-15 00:00:00,v1
U003646,EXP_FINISH_PAGE_001,control,2026-06-19 19:00:00,v1
U003647,EXP_FINISH_PAGE_001,control,2026-06-05 17:00:00,v1
U003648,EXP_FINISH_PAGE_001,control,2026-05-23 21:00:00,v1
U003649,EXP_FINISH_PAGE_001,control,2026-05-15 00:00:00,v1
U003650,EXP_FINISH_PAGE_001,treatment,2026-06-09 10:00:00,v1
U003651,EXP_FINISH_PAGE_001,control,2026-05-15 00:00:00,v1
U003652,EXP_FINISH_PAGE_001,treatment,2026-06-17 11:00:00,v1
U003653,EXP_FINISH_PAGE_001,treatment,2026-05-16 17:00:00,v1
U003654,EXP_FINISH_PAGE_001,treatment,2026-06-14 12:00:00,v1
U003655,EXP_FINISH_PAGE_001,control,2026-05-17 18:00:00,v1
U003656,EXP_FINISH_PAGE_001,treatment,2026-06-08 19:00:00,v1
U003657,EXP_FINISH_PAGE_001,control,2026-06-06 09:00:00,v1
U003658,EXP_FINISH_PAGE_001,treatment,2026-06-09 10:00:00,v1
U003659,EXP_FINISH_PAGE_001,control,2026-06-22 13:00:00,v1
U003660,EXP_FINISH_PAGE_001,treatment,2026-06-19 13:00:00,v1
U003661,EXP_FINISH_PAGE_001,control,2026-06-11 17:00:00,v1
U003662,EXP_FINISH_PAGE_001,treatment,2026-05-15 00:00:00,v1
U003663,EXP_FINISH_PAGE_001,treatment,2026-05-15 00:00:00,v1
U003664,EXP_FINISH_PAGE_001,treatment,2026-05-15 00:00:00,v1
U003665,EXP_FINISH_PAGE_001,control,2026-05-15 00:00:00,v1
U003666,EXP_FINISH_PAGE_001,control,2026-05-15 00:00:00,v1
U003667,EXP_FINISH_PAGE_001,treatment,2026-06-28 17:00:00,v1
U003668,EXP_FINISH_PAGE_001,treatment,2026-06-20 18:00:00,v1
U003669,EXP_FINISH_PAGE_001,control,2026-06-03 11:00:00,v1
U003670,EXP_FINISH_PAGE_001,treatment,2026-05-28 12:00:00,v1
U003671,EXP_FINISH_PAGE_001,treatment,2026-06-18 09:00:00,v1
U003672,EXP_FINISH_PAGE_001,treatment,2026-05-30 13:00:00,v1
U003673,EXP_FINISH_PAGE_001,control,2026-05-22 09:00:00,v1
U003674,EXP_FINISH_PAGE_001,treatment,2026-06-27 12:00:00,v1
U003675,EXP_FINISH_PAGE_001,treatment,2026-05-15 00:00:00,v1
U003676,EXP_FINISH_PAGE_001,treatment,2026-05-15 00:00:00,v1
U003677,EXP_FINISH_PAGE_001,control,2026-05-15 00:00:00,v1
U003678,EXP_FINISH_PAGE_001,treatment,2026-06-13 08:00:00,v1
U003679,EXP_FINISH_PAGE_001,control,2026-06-10 21:00:00,v1
U003680,EXP_FINISH_PAGE_001,control,2026-05-24 10:00:00,v1
U003681,EXP_FINISH_PAGE_001,treatment,2026-06-29 08:00:00,v1
U003682,EXP_FINISH_PAGE_001,treatment,2026-06-06 21:00:00,v1
U003683,EXP_FINISH_PAGE_001,treatment,2026-06-23 14:00:00,v1
U003684,EXP_FINISH_PAGE_001,treatment,2026-06-23 08:00:00,v1
U003685,EXP_FINISH_PAGE_001,control,2026-06-05 20:00:00,v1
U003686,EXP_FINISH_PAGE_001,control,2026-05-27 09:00:00,v1
U003687,EXP_FINISH_PAGE_001,treatment,2026-05-15 00:00:00,v1
U003688,EXP_FINISH_PAGE_001,control,2026-06-29 16:00:00,v1
U003689,EXP_FINISH_PAGE_001,control,2026-06-06 09:00:00,v1
U003690,EXP_FINISH_PAGE_001,control,2026-06-03 08:00:00,v1
U003691,EXP_FINISH_PAGE_001,control,2026-06-05 17:00:00,v1
U003692,EXP_FINISH_PAGE_001,control,2026-06-12 09:00:00,v1
U003693,EXP_FINISH_PAGE_001,control,2026-06-11 14:00:00,v1
U003694,EXP_FINISH_PAGE_001,treatment,2026-06-12 18:00:00,v1
U003695,EXP_FINISH_PAGE_001,treatment,2026-05-15 00:00:00,v1
U003696,EXP_FINISH_PAGE_001,control,2026-05-15 00:00:00,v1
U003697,EXP_FINISH_PAGE_001,treatment,2026-05-27 15:00:00,v1
U003698,EXP_FINISH_PAGE_001,treatment,2026-05-15 00:00:00,v1
U003699,EXP_FINISH_PAGE_001,control,2026-06-24 16:00:00,v1
U003700,EXP_FINISH_PAGE_001,treatment,2026-06-16 08:00:00,v1
U003701,EXP_FINISH_PAGE_001,treatment,2026-05-18 18:00:00,v1
U003702,EXP_FINISH_PAGE_001,control,2026-06-05 10:00:00,v1
U003703,EXP_FINISH_PAGE_001,control,2026-05-15 00:00:00,v1
U003704,EXP_FINISH_PAGE_001,control,2026-05-15 17:00:00,v1
U003705,EXP_FINISH_PAGE_001,control,2026-05-15 00:00:00,v1
U003706,EXP_FINISH_PAGE_001,control,2026-06-29 15:00:00,v1
U003707,EXP_FINISH_PAGE_001,treatment,2026-05-17 20:00:00,v1
U003708,EXP_FINISH_PAGE_001,control,2026-05-25 11:00:00,v1
U003709,EXP_FINISH_PAGE_001,control,2026-06-03 08:00:00,v1
U003710,EXP_FINISH_PAGE_001,treatment,2026-06-23 17:00:00,v1
U003711,EXP_FINISH_PAGE_001,treatment,2026-06-06 08:00:00,v1
U003712,EXP_FINISH_PAGE_001,control,2026-05-15 00:00:00,v1
U003713,EXP_FINISH_PAGE_001,treatment,2026-06-03 16:00:00,v1
U003714,EXP_FINISH_PAGE_001,treatment,2026-06-28 08:00:00,v1
U003715,EXP_FINISH_PAGE_001,treatment,2026-05-15 00:00:00,v1
U003716,EXP_FINISH_PAGE_001,treatment,2026-06-06 20:00:00,v1
U003717,EXP_FINISH_PAGE_001,treatment,2026-05-18 21:00:00,v1
U003718,EXP_FINISH_PAGE_001,control,2026-06-27 18:00:00,v1
U003719,EXP_FINISH_PAGE_001,treatment,2026-05-15 00:00:00,v1
U003720,EXP_FINISH_PAGE_001,treatment,2026-06-28 17:00:00,v1
U003721,EXP_FINISH_PAGE_001,treatment,2026-06-18 10:00:00,v1
U003722,EXP_FINISH_PAGE_001,control,2026-06-05 17:00:00,v1
U003723,EXP_FINISH_PAGE_001,treatment,2026-06-17 21:00:00,v1
U003724,EXP_FINISH_PAGE_001,control,2026-06-04 08:00:00,v1
U003725,EXP_FINISH_PAGE_001,treatment,2026-05-28 16:00:00,v1
U003726,EXP_FINISH_PAGE_001,control,2026-06-29 12:00:00,v1
U003727,EXP_FINISH_PAGE_001,control,2026-05-26 15:00:00,v1
U003728,EXP_FINISH_PAGE_001,treatment,2026-05-15 00:00:00,v1
U003729,EXP_FINISH_PAGE_001,control,2026-05-15 00:00:00,v1
U003730,EXP_FINISH_PAGE_001,control,2026-06-14 12:00:00,v1
U003731,EXP_FINISH_PAGE_001,treatment,2026-05-23 12:00:00,v1
U003732,EXP_FINISH_PAGE_001,control,2026-05-21 08:00:00,v1
U003733,EXP_FINISH_PAGE_001,treatment,2026-05-15 00:00:00,v1
U003734,EXP_FINISH_PAGE_001,treatment,2026-06-03 09:00:00,v1
U003735,EXP_FINISH_PAGE_001,control,2026-05-15 00:00:00,v1
U003736,EXP_FINISH_PAGE_001,treatment,2026-06-28 15:00:00,v1
U003737,EXP_FINISH_PAGE_001,treatment,2026-05-15 00:00:00,v1
U003738,EXP_FINISH_PAGE_001,treatment,2026-06-13 13:00:00,v1
U003739,EXP_FINISH_PAGE_001,treatment,2026-05-15 00:00:00,v1
U003740,EXP_FINISH_PAGE_001,treatment,2026-05-20 08:00:00,v1
U003741,EXP_FINISH_PAGE_001,control,2026-06-07 08:00:00,v1
U003742,EXP_FINISH_PAGE_001,control,2026-05-15 00:00:00,v1
U003743,EXP_FINISH_PAGE_001,control,2026-06-10 13:00:00,v1
U003744,EXP_FINISH_PAGE_001,control,2026-06-17 09:00:00,v1
U003745,EXP_FINISH_PAGE_001,treatment,2026-05-15 00:00:00,v1
U003746,EXP_FINISH_PAGE_001,treatment,2026-05-16 14:00:00,v1
U003747,EXP_FINISH_PAGE_001,control,2026-06-09 20:00:00,v1
U003748,EXP_FINISH_PAGE_001,control,2026-06-09 21:00:00,v1
U003749,EXP_FINISH_PAGE_001,control,2026-06-11 19:00:00,v1
U003750,EXP_FINISH_PAGE_001,control,2026-05-19 08:00:00,v1
U003751,EXP_FINISH_PAGE_001,treatment,2026-06-12 08:00:00,v1
U003752,EXP_FINISH_PAGE_001,treatment,2026-06-27 18:00:00,v1
U003753,EXP_FINISH_PAGE_001,treatment,2026-06-01 18:00:00,v1
U003754,EXP_FINISH_PAGE_001,treatment,2026-05-20 11:00:00,v1
U003755,EXP_FINISH_PAGE_001,control,2026-05-15 00:00:00,v1
U003756,EXP_FINISH_PAGE_001,treatment,2026-05-29 11:00:00,v1
U003757,EXP_FINISH_PAGE_001,treatment,2026-05-15 00:00:00,v1
U003758,EXP_FINISH_PAGE_001,treatment,2026-06-11 10:00:00,v1
U003759,EXP_FINISH_PAGE_001,control,2026-06-05 11:00:00,v1
U003760,EXP_FINISH_PAGE_001,control,2026-06-22 16:00:00,v1
U003761,EXP_FINISH_PAGE_001,control,2026-06-14 20:00:00,v1
U003762,EXP_FINISH_PAGE_001,control,2026-05-15 00:00:00,v1
U003763,EXP_FINISH_PAGE_001,control,2026-06-18 11:00:00,v1
U003764,EXP_FINISH_PAGE_001,treatment,2026-06-28 13:00:00,v1
U003765,EXP_FINISH_PAGE_001,control,2026-05-20 08:00:00,v1
U003766,EXP_FINISH_PAGE_001,control,2026-06-09 19:00:00,v1
U003767,EXP_FINISH_PAGE_001,treatment,2026-06-03 09:00:00,v1
U003768,EXP_FINISH_PAGE_001,control,2026-06-07 20:00:00,v1
U003769,EXP_FINISH_PAGE_001,treatment,2026-05-19 19:00:00,v1
U003770,EXP_FINISH_PAGE_001,control,2026-06-20 21:00:00,v1
U003771,EXP_FINISH_PAGE_001,control,2026-05-15 00:00:00,v1
U003772,EXP_FINISH_PAGE_001,treatment,2026-05-22 15:00:00,v1
U003773,EXP_FINISH_PAGE_001,control,2026-05-20 21:00:00,v1
U003774,EXP_FINISH_PAGE_001,control,2026-05-15 00:00:00,v1
U003775,EXP_FINISH_PAGE_001,treatment,2026-05-28 16:00:00,v1
U003776,EXP_FINISH_PAGE_001,treatment,2026-05-31 17:00:00,v1
U003777,EXP_FINISH_PAGE_001,control,2026-05-18 13:00:00,v1
U003778,EXP_FINISH_PAGE_001,control,2026-05-21 13:00:00,v1
U003779,EXP_FINISH_PAGE_001,control,2026-05-15 00:00:00,v1
U003780,EXP_FINISH_PAGE_001,control,2026-05-29 18:00:00,v1
U003781,EXP_FINISH_PAGE_001,treatment,2026-06-15 12:00:00,v1
U003782,EXP_FINISH_PAGE_001,treatment,2026-06-08 16:00:00,v1
U003783,EXP_FINISH_PAGE_001,treatment,2026-06-13 14:00:00,v1
U003784,EXP_FINISH_PAGE_001,control,2026-05-15 00:00:00,v1
U003785,EXP_FINISH_PAGE_001,control,2026-06-09 13:00:00,v1
U003786,EXP_FINISH_PAGE_001,control,2026-05-15 00:00:00,v1
U003787,EXP_FINISH_PAGE_001,treatment,2026-05-15 00:00:00,v1
U003788,EXP_FINISH_PAGE_001,control,2026-05-15 00:00:00,v1
U003789,EXP_FINISH_PAGE_001,treatment,2026-06-26 09:00:00,v1
U003790,EXP_FINISH_PAGE_001,treatment,2026-05-16 10:00:00,v1
U003791,EXP_FINISH_PAGE_001,control,2026-06-28 16:00:00,v1
U003792,EXP_FINISH_PAGE_001,treatment,2026-06-29 10:00:00,v1
U003793,EXP_FINISH_PAGE_001,control,2026-06-22 14:00:00,v1
U003794,EXP_FINISH_PAGE_001,control,2026-06-23 16:00:00,v1
U003795,EXP_FINISH_PAGE_001,treatment,2026-05-15 00:00:00,v1
U003796,EXP_FINISH_PAGE_001,treatment,2026-05-17 11:00:00,v1
U003797,EXP_FINISH_PAGE_001,treatment,2026-06-29 13:00:00,v1
U003798,EXP_FINISH_PAGE_001,treatment,2026-06-21 17:00:00,v1
U003799,EXP_FINISH_PAGE_001,control,2026-06-11 18:00:00,v1
U003800,EXP_FINISH_PAGE_001,control,2026-06-10 16:00:00,v1
U003801,EXP_FINISH_PAGE_001,treatment,2026-06-17 21:00:00,v1
U003802,EXP_FINISH_PAGE_001,treatment,2026-05-29 14:00:00,v1
U003803,EXP_FINISH_PAGE_001,treatment,2026-06-15 21:00:00,v1
U003804,EXP_FINISH_PAGE_001,treatment,2026-05-15 00:00:00,v1
U003805,EXP_FINISH_PAGE_001,treatment,2026-05-15 00:00:00,v1
U003806,EXP_FINISH_PAGE_001,treatment,2026-05-16 18:00:00,v1
U003807,EXP_FINISH_PAGE_001,control,2026-06-09 18:00:00,v1
U003808,EXP_FINISH_PAGE_001,control,2026-06-10 09:00:00,v1
U003809,EXP_FINISH_PAGE_001,treatment,2026-05-16 19:00:00,v1
U003810,EXP_FINISH_PAGE_001,treatment,2026-06-17 19:00:00,v1
U003811,EXP_FINISH_PAGE_001,treatment,2026-05-21 19:00:00,v1
U003812,EXP_FINISH_PAGE_001,treatment,2026-06-24 19:00:00,v1
U003813,EXP_FINISH_PAGE_001,treatment,2026-06-23 21:00:00,v1
U003814,EXP_FINISH_PAGE_001,control,2026-06-08 18:00:00,v1
U003815,EXP_FINISH_PAGE_001,control,2026-05-15 00:00:00,v1
U003816,EXP_FINISH_PAGE_001,control,2026-06-29 09:00:00,v1
U003817,EXP_FINISH_PAGE_001,treatment,2026-06-18 13:00:00,v1
U003818,EXP_FINISH_PAGE_001,control,2026-06-20 20:00:00,v1
U003819,EXP_FINISH_PAGE_001,treatment,2026-05-15 00:00:00,v1
U003820,EXP_FINISH_PAGE_001,control,2026-05-29 09:00:00,v1
U003821,EXP_FINISH_PAGE_001,control,2026-05-21 19:00:00,v1
U003822,EXP_FINISH_PAGE_001,treatment,2026-06-09 09:00:00,v1
U003823,EXP_FINISH_PAGE_001,treatment,2026-06-02 13:00:00,v1
U003824,EXP_FINISH_PAGE_001,treatment,2026-05-24 21:00:00,v1
U003825,EXP_FINISH_PAGE_001,control,2026-06-23 15:00:00,v1
U003826,EXP_FINISH_PAGE_001,treatment,2026-06-21 11:00:00,v1
U003827,EXP_FINISH_PAGE_001,treatment,2026-06-11 19:00:00,v1
U003828,EXP_FINISH_PAGE_001,control,2026-06-25 10:00:00,v1
U003829,EXP_FINISH_PAGE_001,control,2026-05-15 21:00:00,v1
U003830,EXP_FINISH_PAGE_001,treatment,2026-05-15 00:00:00,v1
U003831,EXP_FINISH_PAGE_001,control,2026-06-22 17:00:00,v1
U003832,EXP_FINISH_PAGE_001,treatment,2026-06-07 14:00:00,v1
U003833,EXP_FINISH_PAGE_001,treatment,2026-05-24 09:00:00,v1
U003834,EXP_FINISH_PAGE_001,treatment,2026-05-19 13:00:00,v1
U003835,EXP_FINISH_PAGE_001,treatment,2026-06-21 12:00:00,v1
U003836,EXP_FINISH_PAGE_001,control,2026-06-12 20:00:00,v1
U003837,EXP_FINISH_PAGE_001,control,2026-06-05 09:00:00,v1
U003838,EXP_FINISH_PAGE_001,treatment,2026-05-15 00:00:00,v1
U003839,EXP_FINISH_PAGE_001,treatment,2026-05-15 00:00:00,v1
U003840,EXP_FINISH_PAGE_001,treatment,2026-06-16 21:00:00,v1
U003841,EXP_FINISH_PAGE_001,control,2026-06-03 11:00:00,v1
U003842,EXP_FINISH_PAGE_001,control,2026-05-15 00:00:00,v1
U003843,EXP_FINISH_PAGE_001,control,2026-05-15 00:00:00,v1
U003844,EXP_FINISH_PAGE_001,control,2026-06-17 13:00:00,v1
U003845,EXP_FINISH_PAGE_001,control,2026-06-15 21:00:00,v1
U003846,EXP_FINISH_PAGE_001,control,2026-05-15 00:00:00,v1
U003847,EXP_FINISH_PAGE_001,treatment,2026-05-20 19:00:00,v1
U003848,EXP_FINISH_PAGE_001,treatment,2026-05-15 00:00:00,v1
U003849,EXP_FINISH_PAGE_001,control,2026-05-23 21:00:00,v1
U003850,EXP_FINISH_PAGE_001,treatment,2026-06-14 13:00:00,v1
U003851,EXP_FINISH_PAGE_001,control,2026-06-16 09:00:00,v1
U003852,EXP_FINISH_PAGE_001,control,2026-05-21 19:00:00,v1
U003853,EXP_FINISH_PAGE_001,control,2026-05-19 15:00:00,v1
U003854,EXP_FINISH_PAGE_001,control,2026-05-15 00:00:00,v1
U003855,EXP_FINISH_PAGE_001,control,2026-05-28 19:00:00,v1
U003856,EXP_FINISH_PAGE_001,treatment,2026-05-16 10:00:00,v1
U003857,EXP_FINISH_PAGE_001,treatment,2026-06-06 18:00:00,v1
U003858,EXP_FINISH_PAGE_001,treatment,2026-06-15 16:00:00,v1
U003859,EXP_FINISH_PAGE_001,treatment,2026-06-08 15:00:00,v1
U003860,EXP_FINISH_PAGE_001,control,2026-05-15 00:00:00,v1
U003861,EXP_FINISH_PAGE_001,treatment,2026-06-12 10:00:00,v1
U003862,EXP_FINISH_PAGE_001,control,2026-05-16 13:00:00,v1
U003863,EXP_FINISH_PAGE_001,control,2026-05-15 00:00:00,v1
U003864,EXP_FINISH_PAGE_001,control,2026-06-01 11:00:00,v1
U003865,EXP_FINISH_PAGE_001,treatment,2026-06-14 09:00:00,v1
U003866,EXP_FINISH_PAGE_001,treatment,2026-06-25 20:00:00,v1
U003867,EXP_FINISH_PAGE_001,treatment,2026-05-30 08:00:00,v1
U003868,EXP_FINISH_PAGE_001,treatment,2026-05-28 14:00:00,v1
U003869,EXP_FINISH_PAGE_001,control,2026-06-21 16:00:00,v1
U003870,EXP_FINISH_PAGE_001,control,2026-06-27 12:00:00,v1
U003871,EXP_FINISH_PAGE_001,treatment,2026-05-15 00:00:00,v1
U003872,EXP_FINISH_PAGE_001,control,2026-05-15 00:00:00,v1
U003873,EXP_FINISH_PAGE_001,control,2026-06-13 15:00:00,v1
U003874,EXP_FINISH_PAGE_001,control,2026-06-13 09:00:00,v1
U003875,EXP_FINISH_PAGE_001,control,2026-05-15 00:00:00,v1
U003876,EXP_FINISH_PAGE_001,treatment,2026-05-27 12:00:00,v1
U003877,EXP_FINISH_PAGE_001,treatment,2026-06-14 10:00:00,v1
U003878,EXP_FINISH_PAGE_001,control,2026-05-15 00:00:00,v1
U003879,EXP_FINISH_PAGE_001,control,2026-06-24 08:00:00,v1
U003880,EXP_FINISH_PAGE_001,treatment,2026-06-29 09:00:00,v1
U003881,EXP_FINISH_PAGE_001,treatment,2026-06-15 11:00:00,v1
U003882,EXP_FINISH_PAGE_001,control,2026-06-05 13:00:00,v1
U003883,EXP_FINISH_PAGE_001,treatment,2026-06-28 18:00:00,v1
U003884,EXP_FINISH_PAGE_001,treatment,2026-06-14 09:00:00,v1
U003885,EXP_FINISH_PAGE_001,treatment,2026-06-18 13:00:00,v1
U003886,EXP_FINISH_PAGE_001,treatment,2026-06-01 10:00:00,v1
U003887,EXP_FINISH_PAGE_001,treatment,2026-05-15 00:00:00,v1
U003888,EXP_FINISH_PAGE_001,control,2026-06-25 12:00:00,v1
U003889,EXP_FINISH_PAGE_001,treatment,2026-06-13 12:00:00,v1
U003890,EXP_FINISH_PAGE_001,treatment,2026-05-22 11:00:00,v1
U003891,EXP_FINISH_PAGE_001,control,2026-05-15 00:00:00,v1
U003892,EXP_FINISH_PAGE_001,control,2026-05-22 17:00:00,v1
U003893,EXP_FINISH_PAGE_001,control,2026-06-25 12:00:00,v1
U003894,EXP_FINISH_PAGE_001,control,2026-06-21 20:00:00,v1
U003895,EXP_FINISH_PAGE_001,control,2026-05-20 09:00:00,v1
U003896,EXP_FINISH_PAGE_001,treatment,2026-06-06 19:00:00,v1
U003897,EXP_FINISH_PAGE_001,treatment,2026-05-15 00:00:00,v1
U003898,EXP_FINISH_PAGE_001,treatment,2026-06-14 18:00:00,v1
U003899,EXP_FINISH_PAGE_001,control,2026-06-14 09:00:00,v1
U003900,EXP_FINISH_PAGE_001,treatment,2026-05-24 10:00:00,v1
U003901,EXP_FINISH_PAGE_001,control,2026-06-02 10:00:00,v1
U003902,EXP_FINISH_PAGE_001,treatment,2026-05-20 09:00:00,v1
U003903,EXP_FINISH_PAGE_001,treatment,2026-05-31 15:00:00,v1
U003904,EXP_FINISH_PAGE_001,treatment,2026-05-21 12:00:00,v1
U003905,EXP_FINISH_PAGE_001,control,2026-05-15 00:00:00,v1
U003906,EXP_FINISH_PAGE_001,treatment,2026-05-28 14:00:00,v1
U003907,EXP_FINISH_PAGE_001,control,2026-06-08 17:00:00,v1
U003908,EXP_FINISH_PAGE_001,control,2026-05-22 15:00:00,v1
U003909,EXP_FINISH_PAGE_001,treatment,2026-06-01 14:00:00,v1
U003910,EXP_FINISH_PAGE_001,treatment,2026-05-15 00:00:00,v1
U003911,EXP_FINISH_PAGE_001,treatment,2026-06-05 13:00:00,v1
U003912,EXP_FINISH_PAGE_001,control,2026-06-11 15:00:00,v1
U003913,EXP_FINISH_PAGE_001,treatment,2026-06-14 09:00:00,v1
U003914,EXP_FINISH_PAGE_001,treatment,2026-06-28 09:00:00,v1
U003915,EXP_FINISH_PAGE_001,treatment,2026-06-02 14:00:00,v1
U003916,EXP_FINISH_PAGE_001,control,2026-06-17 17:00:00,v1
U003917,EXP_FINISH_PAGE_001,treatment,2026-06-16 20:00:00,v1
U003918,EXP_FINISH_PAGE_001,treatment,2026-06-13 09:00:00,v1
U003919,EXP_FINISH_PAGE_001,treatment,2026-05-15 00:00:00,v1
U003920,EXP_FINISH_PAGE_001,control,2026-06-08 13:00:00,v1
U003921,EXP_FINISH_PAGE_001,treatment,2026-06-22 10:00:00,v1
U003922,EXP_FINISH_PAGE_001,treatment,2026-05-15 00:00:00,v1
U003923,EXP_FINISH_PAGE_001,treatment,2026-05-17 19:00:00,v1
U003924,EXP_FINISH_PAGE_001,control,2026-06-29 15:00:00,v1
U003925,EXP_FINISH_PAGE_001,treatment,2026-05-15 00:00:00,v1
U003926,EXP_FINISH_PAGE_001,treatment,2026-06-16 10:00:00,v1
U003927,EXP_FINISH_PAGE_001,treatment,2026-05-15 00:00:00,v1
U003928,EXP_FINISH_PAGE_001,control,2026-06-18 09:00:00,v1
U003929,EXP_FINISH_PAGE_001,control,2026-06-18 10:00:00,v1
U003930,EXP_FINISH_PAGE_001,control,2026-05-31 16:00:00,v1
U003931,EXP_FINISH_PAGE_001,control,2026-05-23 09:00:00,v1
U003932,EXP_FINISH_PAGE_001,treatment,2026-06-07 16:00:00,v1
U003933,EXP_FINISH_PAGE_001,treatment,2026-05-15 00:00:00,v1
U003934,EXP_FINISH_PAGE_001,treatment,2026-05-22 16:00:00,v1
U003935,EXP_FINISH_PAGE_001,treatment,2026-05-27 15:00:00,v1
U003936,EXP_FINISH_PAGE_001,control,2026-06-21 12:00:00,v1
U003937,EXP_FINISH_PAGE_001,treatment,2026-05-23 10:00:00,v1
U003938,EXP_FINISH_PAGE_001,treatment,2026-05-21 13:00:00,v1
U003939,EXP_FINISH_PAGE_001,control,2026-06-14 13:00:00,v1
U003940,EXP_FINISH_PAGE_001,control,2026-05-25 13:00:00,v1
U003941,EXP_FINISH_PAGE_001,treatment,2026-05-15 19:00:00,v1
U003942,EXP_FINISH_PAGE_001,control,2026-06-07 19:00:00,v1
U003943,EXP_FINISH_PAGE_001,control,2026-05-18 08:00:00,v1
U003944,EXP_FINISH_PAGE_001,treatment,2026-06-29 18:00:00,v1
U003945,EXP_FINISH_PAGE_001,treatment,2026-06-15 10:00:00,v1
U003946,EXP_FINISH_PAGE_001,treatment,2026-05-15 00:00:00,v1
U003947,EXP_FINISH_PAGE_001,treatment,2026-05-31 11:00:00,v1
U003948,EXP_FINISH_PAGE_001,treatment,2026-05-15 00:00:00,v1
U003949,EXP_FINISH_PAGE_001,control,2026-06-28 09:00:00,v1
U003950,EXP_FINISH_PAGE_001,treatment,2026-05-15 00:00:00,v1
U003951,EXP_FINISH_PAGE_001,control,2026-05-30 11:00:00,v1
U003952,EXP_FINISH_PAGE_001,control,2026-06-16 12:00:00,v1
U003953,EXP_FINISH_PAGE_001,control,2026-06-20 20:00:00,v1
U003954,EXP_FINISH_PAGE_001,treatment,2026-05-15 00:00:00,v1
U003955,EXP_FINISH_PAGE_001,treatment,2026-05-15 00:00:00,v1
U003956,EXP_FINISH_PAGE_001,control,2026-05-26 16:00:00,v1
U003957,EXP_FINISH_PAGE_001,treatment,2026-05-20 10:00:00,v1
U003958,EXP_FINISH_PAGE_001,control,2026-05-21 13:00:00,v1
U003959,EXP_FINISH_PAGE_001,control,2026-05-28 19:00:00,v1
U003960,EXP_FINISH_PAGE_001,control,2026-05-15 00:00:00,v1
U003961,EXP_FINISH_PAGE_001,control,2026-05-21 08:00:00,v1
U003962,EXP_FINISH_PAGE_001,treatment,2026-06-07 11:00:00,v1
U003963,EXP_FINISH_PAGE_001,control,2026-06-28 20:00:00,v1
U003964,EXP_FINISH_PAGE_001,treatment,2026-06-10 08:00:00,v1
U003965,EXP_FINISH_PAGE_001,treatment,2026-05-15 00:00:00,v1
U003966,EXP_FINISH_PAGE_001,treatment,2026-06-11 21:00:00,v1
U003967,EXP_FINISH_PAGE_001,treatment,2026-06-02 21:00:00,v1
U003968,EXP_FINISH_PAGE_001,control,2026-05-15 00:00:00,v1
U003969,EXP_FINISH_PAGE_001,control,2026-06-29 17:00:00,v1
U003970,EXP_FINISH_PAGE_001,treatment,2026-05-23 21:00:00,v1
U003971,EXP_FINISH_PAGE_001,control,2026-06-12 13:00:00,v1
U003972,EXP_FINISH_PAGE_001,treatment,2026-06-26 09:00:00,v1
U003973,EXP_FINISH_PAGE_001,treatment,2026-06-20 08:00:00,v1
U003974,EXP_FINISH_PAGE_001,treatment,2026-05-15 00:00:00,v1
U003975,EXP_FINISH_PAGE_001,treatment,2026-05-15 00:00:00,v1
U003976,EXP_FINISH_PAGE_001,treatment,2026-05-31 21:00:00,v1
U003977,EXP_FINISH_PAGE_001,control,2026-06-17 19:00:00,v1
U003978,EXP_FINISH_PAGE_001,treatment,2026-05-15 00:00:00,v1
U003979,EXP_FINISH_PAGE_001,treatment,2026-06-21 16:00:00,v1
U003980,EXP_FINISH_PAGE_001,treatment,2026-06-20 16:00:00,v1
U003981,EXP_FINISH_PAGE_001,control,2026-06-27 18:00:00,v1
U003982,EXP_FINISH_PAGE_001,control,2026-05-18 17:00:00,v1
U003983,EXP_FINISH_PAGE_001,control,2026-06-04 19:00:00,v1
U003984,EXP_FINISH_PAGE_001,treatment,2026-06-02 19:00:00,v1
U003985,EXP_FINISH_PAGE_001,control,2026-05-15 00:00:00,v1
U003986,EXP_FINISH_PAGE_001,control,2026-06-29 12:00:00,v1
U003987,EXP_FINISH_PAGE_001,control,2026-05-15 00:00:00,v1
U003988,EXP_FINISH_PAGE_001,control,2026-05-16 12:00:00,v1
U003989,EXP_FINISH_PAGE_001,control,2026-05-15 00:00:00,v1
U003990,EXP_FINISH_PAGE_001,control,2026-06-18 11:00:00,v1
U003991,EXP_FINISH_PAGE_001,treatment,2026-06-22 12:00:00,v1
U003992,EXP_FINISH_PAGE_001,treatment,2026-06-01 19:00:00,v1
U003993,EXP_FINISH_PAGE_001,control,2026-06-19 12:00:00,v1
U003994,EXP_FINISH_PAGE_001,treatment,2026-06-08 08:00:00,v1
U003995,EXP_FINISH_PAGE_001,control,2026-06-11 09:00:00,v1
U003996,EXP_FINISH_PAGE_001,treatment,2026-06-13 19:00:00,v1
U003997,EXP_FINISH_PAGE_001,treatment,2026-06-12 14:00:00,v1
U003998,EXP_FINISH_PAGE_001,control,2026-05-31 16:00:00,v1
U003999,EXP_FINISH_PAGE_001,treatment,2026-05-27 10:00:00,v1
U004000,EXP_FINISH_PAGE_001,treatment,2026-06-19 12:00:00,v1
U004001,EXP_FINISH_PAGE_001,control,2026-05-15 00:00:00,v1
U004002,EXP_FINISH_PAGE_001,control,2026-06-18 21:00:00,v1
U004003,EXP_FINISH_PAGE_001,treatment,2026-05-17 15:00:00,v1
U004004,EXP_FINISH_PAGE_001,treatment,2026-05-15 00:00:00,v1
U004005,EXP_FINISH_PAGE_001,control,2026-05-18 17:00:00,v1
U004006,EXP_FINISH_PAGE_001,control,2026-05-21 20:00:00,v1
U004007,EXP_FINISH_PAGE_001,treatment,2026-06-26 14:00:00,v1
U004008,EXP_FINISH_PAGE_001,control,2026-06-28 16:00:00,v1
U004009,EXP_FINISH_PAGE_001,treatment,2026-06-11 21:00:00,v1
U004010,EXP_FINISH_PAGE_001,control,2026-05-18 18:00:00,v1
U004011,EXP_FINISH_PAGE_001,treatment,2026-05-29 09:00:00,v1
U004012,EXP_FINISH_PAGE_001,control,2026-06-08 16:00:00,v1
U004013,EXP_FINISH_PAGE_001,control,2026-05-15 00:00:00,v1
U004014,EXP_FINISH_PAGE_001,treatment,2026-05-15 00:00:00,v1
U004015,EXP_FINISH_PAGE_001,control,2026-06-26 15:00:00,v1
U004016,EXP_FINISH_PAGE_001,treatment,2026-05-15 00:00:00,v1
U004017,EXP_FINISH_PAGE_001,control,2026-05-15 00:00:00,v1
U004018,EXP_FINISH_PAGE_001,control,2026-05-15 00:00:00,v1
U004019,EXP_FINISH_PAGE_001,treatment,2026-05-27 10:00:00,v1
U004020,EXP_FINISH_PAGE_001,control,2026-05-15 00:00:00,v1
U004021,EXP_FINISH_PAGE_001,treatment,2026-06-20 12:00:00,v1
U004022,EXP_FINISH_PAGE_001,treatment,2026-05-15 00:00:00,v1
U004023,EXP_FINISH_PAGE_001,treatment,2026-06-27 12:00:00,v1
U004024,EXP_FINISH_PAGE_001,treatment,2026-05-18 19:00:00,v1
U004025,EXP_FINISH_PAGE_001,control,2026-06-25 21:00:00,v1
U004026,EXP_FINISH_PAGE_001,control,2026-05-21 19:00:00,v1
U004027,EXP_FINISH_PAGE_001,control,2026-06-14 21:00:00,v1
U004028,EXP_FINISH_PAGE_001,treatment,2026-05-15 00:00:00,v1
U004029,EXP_FINISH_PAGE_001,control,2026-05-15 00:00:00,v1
U004030,EXP_FINISH_PAGE_001,control,2026-05-28 17:00:00,v1
U004031,EXP_FINISH_PAGE_001,treatment,2026-06-04 19:00:00,v1
U004032,EXP_FINISH_PAGE_001,treatment,2026-06-21 08:00:00,v1
U004033,EXP_FINISH_PAGE_001,treatment,2026-06-15 14:00:00,v1
U004034,EXP_FINISH_PAGE_001,control,2026-06-04 16:00:00,v1
U004035,EXP_FINISH_PAGE_001,control,2026-05-17 18:00:00,v1
U004036,EXP_FINISH_PAGE_001,treatment,2026-06-07 20:00:00,v1
U004037,EXP_FINISH_PAGE_001,treatment,2026-05-30 17:00:00,v1
U004038,EXP_FINISH_PAGE_001,treatment,2026-06-20 13:00:00,v1
U004039,EXP_FINISH_PAGE_001,control,2026-06-17 19:00:00,v1
U004040,EXP_FINISH_PAGE_001,control,2026-05-21 18:00:00,v1
U004041,EXP_FINISH_PAGE_001,treatment,2026-05-27 08:00:00,v1
U004042,EXP_FINISH_PAGE_001,treatment,2026-05-28 17:00:00,v1
U004043,EXP_FINISH_PAGE_001,control,2026-06-22 11:00:00,v1
U004044,EXP_FINISH_PAGE_001,control,2026-06-29 11:00:00,v1
U004045,EXP_FINISH_PAGE_001,treatment,2026-06-24 14:00:00,v1
U004046,EXP_FINISH_PAGE_001,control,2026-06-22 17:00:00,v1
U004047,EXP_FINISH_PAGE_001,treatment,2026-05-15 00:00:00,v1
U004048,EXP_FINISH_PAGE_001,control,2026-06-06 10:00:00,v1
U004049,EXP_FINISH_PAGE_001,treatment,2026-06-23 10:00:00,v1
U004050,EXP_FINISH_PAGE_001,control,2026-06-05 15:00:00,v1
U004051,EXP_FINISH_PAGE_001,control,2026-06-25 14:00:00,v1
U004052,EXP_FINISH_PAGE_001,treatment,2026-05-15 00:00:00,v1
U004053,EXP_FINISH_PAGE_001,treatment,2026-05-15 11:00:00,v1
U004054,EXP_FINISH_PAGE_001,treatment,2026-05-15 00:00:00,v1
U004055,EXP_FINISH_PAGE_001,control,2026-06-22 09:00:00,v1
U004056,EXP_FINISH_PAGE_001,treatment,2026-06-26 19:00:00,v1
U004057,EXP_FINISH_PAGE_001,treatment,2026-05-26 14:00:00,v1
U004058,EXP_FINISH_PAGE_001,treatment,2026-05-15 00:00:00,v1
U004059,EXP_FINISH_PAGE_001,treatment,2026-05-15 00:00:00,v1
U004060,EXP_FINISH_PAGE_001,treatment,2026-05-23 09:00:00,v1
U004061,EXP_FINISH_PAGE_001,control,2026-05-15 00:00:00,v1
U004062,EXP_FINISH_PAGE_001,treatment,2026-05-15 00:00:00,v1
U004063,EXP_FINISH_PAGE_001,treatment,2026-06-04 15:00:00,v1
U004064,EXP_FINISH_PAGE_001,control,2026-06-22 13:00:00,v1
U004065,EXP_FINISH_PAGE_001,treatment,2026-05-21 21:00:00,v1
U004066,EXP_FINISH_PAGE_001,control,2026-05-15 00:00:00,v1
U004067,EXP_FINISH_PAGE_001,treatment,2026-05-15 00:00:00,v1
U004068,EXP_FINISH_PAGE_001,treatment,2026-06-17 18:00:00,v1
U004069,EXP_FINISH_PAGE_001,control,2026-05-15 00:00:00,v1
U004070,EXP_FINISH_PAGE_001,control,2026-06-25 13:00:00,v1
U004071,EXP_FINISH_PAGE_001,control,2026-05-15 00:00:00,v1
U004072,EXP_FINISH_PAGE_001,control,2026-05-29 16:00:00,v1
U004073,EXP_FINISH_PAGE_001,treatment,2026-05-15 00:00:00,v1
U004074,EXP_FINISH_PAGE_001,control,2026-05-15 00:00:00,v1
U004075,EXP_FINISH_PAGE_001,control,2026-06-26 10:00:00,v1
U004076,EXP_FINISH_PAGE_001,control,2026-05-16 18:00:00,v1
U004077,EXP_FINISH_PAGE_001,control,2026-06-03 16:00:00,v1
U004078,EXP_FINISH_PAGE_001,control,2026-05-19 09:00:00,v1
U004079,EXP_FINISH_PAGE_001,treatment,2026-06-27 08:00:00,v1
U004080,EXP_FINISH_PAGE_001,treatment,2026-05-25 09:00:00,v1
U004081,EXP_FINISH_PAGE_001,control,2026-05-15 00:00:00,v1
U004082,EXP_FINISH_PAGE_001,treatment,2026-06-15 12:00:00,v1
U004083,EXP_FINISH_PAGE_001,control,2026-05-15 00:00:00,v1
U004084,EXP_FINISH_PAGE_001,treatment,2026-05-15 00:00:00,v1
U004085,EXP_FINISH_PAGE_001,control,2026-06-21 13:00:00,v1
U004086,EXP_FINISH_PAGE_001,treatment,2026-06-04 13:00:00,v1
U004087,EXP_FINISH_PAGE_001,control,2026-06-24 13:00:00,v1
U004088,EXP_FINISH_PAGE_001,treatment,2026-05-15 00:00:00,v1
U004089,EXP_FINISH_PAGE_001,treatment,2026-05-26 21:00:00,v1
U004090,EXP_FINISH_PAGE_001,control,2026-06-10 18:00:00,v1
U004091,EXP_FINISH_PAGE_001,treatment,2026-06-13 14:00:00,v1
U004092,EXP_FINISH_PAGE_001,treatment,2026-06-26 15:00:00,v1
U004093,EXP_FINISH_PAGE_001,treatment,2026-05-20 10:00:00,v1
U004094,EXP_FINISH_PAGE_001,treatment,2026-05-15 00:00:00,v1
U004095,EXP_FINISH_PAGE_001,control,2026-06-29 16:00:00,v1
U004096,EXP_FINISH_PAGE_001,control,2026-06-14 13:00:00,v1
U004097,EXP_FINISH_PAGE_001,control,2026-05-15 00:00:00,v1
U004098,EXP_FINISH_PAGE_001,treatment,2026-05-28 13:00:00,v1
U004099,EXP_FINISH_PAGE_001,treatment,2026-05-15 00:00:00,v1
U004100,EXP_FINISH_PAGE_001,control,2026-06-01 14:00:00,v1
U004101,EXP_FINISH_PAGE_001,treatment,2026-05-31 15:00:00,v1
U004102,EXP_FINISH_PAGE_001,control,2026-06-13 10:00:00,v1
U004103,EXP_FINISH_PAGE_001,treatment,2026-05-28 11:00:00,v1
U004104,EXP_FINISH_PAGE_001,treatment,2026-05-15 00:00:00,v1
U004105,EXP_FINISH_PAGE_001,treatment,2026-06-26 16:00:00,v1
U004106,EXP_FINISH_PAGE_001,treatment,2026-06-24 18:00:00,v1
U004107,EXP_FINISH_PAGE_001,control,2026-05-15 00:00:00,v1
U004108,EXP_FINISH_PAGE_001,control,2026-06-27 12:00:00,v1
U004109,EXP_FINISH_PAGE_001,treatment,2026-05-15 00:00:00,v1
U004110,EXP_FINISH_PAGE_001,control,2026-05-15 00:00:00,v1
U004111,EXP_FINISH_PAGE_001,control,2026-05-15 00:00:00,v1
U004112,EXP_FINISH_PAGE_001,treatment,2026-06-01 19:00:00,v1
U004113,EXP_FINISH_PAGE_001,control,2026-05-31 19:00:00,v1
U004114,EXP_FINISH_PAGE_001,control,2026-06-26 13:00:00,v1
U004115,EXP_FINISH_PAGE_001,treatment,2026-05-24 17:00:00,v1
U004116,EXP_FINISH_PAGE_001,control,2026-05-29 11:00:00,v1
U004117,EXP_FINISH_PAGE_001,treatment,2026-05-15 00:00:00,v1
U004118,EXP_FINISH_PAGE_001,treatment,2026-06-06 15:00:00,v1
U004119,EXP_FINISH_PAGE_001,treatment,2026-05-15 00:00:00,v1
U004120,EXP_FINISH_PAGE_001,treatment,2026-05-15 00:00:00,v1
U004121,EXP_FINISH_PAGE_001,control,2026-05-18 17:00:00,v1
U004122,EXP_FINISH_PAGE_001,control,2026-06-17 11:00:00,v1
U004123,EXP_FINISH_PAGE_001,treatment,2026-05-27 17:00:00,v1
U004124,EXP_FINISH_PAGE_001,treatment,2026-05-15 00:00:00,v1
U004125,EXP_FINISH_PAGE_001,treatment,2026-05-15 00:00:00,v1
U004126,EXP_FINISH_PAGE_001,control,2026-06-26 08:00:00,v1
U004127,EXP_FINISH_PAGE_001,treatment,2026-05-21 18:00:00,v1
U004128,EXP_FINISH_PAGE_001,treatment,2026-05-15 00:00:00,v1
U004129,EXP_FINISH_PAGE_001,control,2026-05-15 00:00:00,v1
U004130,EXP_FINISH_PAGE_001,treatment,2026-06-29 14:00:00,v1
U004131,EXP_FINISH_PAGE_001,control,2026-06-21 17:00:00,v1
U004132,EXP_FINISH_PAGE_001,treatment,2026-05-15 00:00:00,v1
U004133,EXP_FINISH_PAGE_001,treatment,2026-06-26 21:00:00,v1
U004134,EXP_FINISH_PAGE_001,control,2026-05-15 00:00:00,v1
U004135,EXP_FINISH_PAGE_001,control,2026-06-18 14:00:00,v1
U004136,EXP_FINISH_PAGE_001,control,2026-06-29 08:00:00,v1
U004137,EXP_FINISH_PAGE_001,treatment,2026-06-04 19:00:00,v1
U004138,EXP_FINISH_PAGE_001,control,2026-05-15 00:00:00,v1
U004139,EXP_FINISH_PAGE_001,treatment,2026-06-13 08:00:00,v1
U004140,EXP_FINISH_PAGE_001,control,2026-05-15 00:00:00,v1
U004141,EXP_FINISH_PAGE_001,control,2026-06-06 12:00:00,v1
U004142,EXP_FINISH_PAGE_001,treatment,2026-06-08 08:00:00,v1
U004143,EXP_FINISH_PAGE_001,control,2026-05-15 00:00:00,v1
U004144,EXP_FINISH_PAGE_001,control,2026-06-01 18:00:00,v1
U004145,EXP_FINISH_PAGE_001,control,2026-06-28 17:00:00,v1
U004146,EXP_FINISH_PAGE_001,treatment,2026-05-15 00:00:00,v1
U004147,EXP_FINISH_PAGE_001,treatment,2026-06-11 19:00:00,v1
U004148,EXP_FINISH_PAGE_001,treatment,2026-05-15 00:00:00,v1
U004149,EXP_FINISH_PAGE_001,treatment,2026-05-19 20:00:00,v1
U004150,EXP_FINISH_PAGE_001,treatment,2026-05-23 08:00:00,v1
U004151,EXP_FINISH_PAGE_001,control,2026-06-19 11:00:00,v1
U004152,EXP_FINISH_PAGE_001,control,2026-06-28 17:00:00,v1
U004153,EXP_FINISH_PAGE_001,control,2026-06-24 20:00:00,v1
U004154,EXP_FINISH_PAGE_001,control,2026-05-23 13:00:00,v1
U004155,EXP_FINISH_PAGE_001,control,2026-06-08 17:00:00,v1
U004156,EXP_FINISH_PAGE_001,control,2026-06-24 14:00:00,v1
U004157,EXP_FINISH_PAGE_001,treatment,2026-06-24 17:00:00,v1
U004158,EXP_FINISH_PAGE_001,treatment,2026-06-28 19:00:00,v1
U004159,EXP_FINISH_PAGE_001,control,2026-05-27 12:00:00,v1
U004160,EXP_FINISH_PAGE_001,treatment,2026-06-20 14:00:00,v1
U004161,EXP_FINISH_PAGE_001,control,2026-05-28 15:00:00,v1
U004162,EXP_FINISH_PAGE_001,control,2026-06-13 12:00:00,v1
U004163,EXP_FINISH_PAGE_001,treatment,2026-06-03 13:00:00,v1
U004164,EXP_FINISH_PAGE_001,control,2026-06-05 20:00:00,v1
U004165,EXP_FINISH_PAGE_001,treatment,2026-05-15 00:00:00,v1
U004166,EXP_FINISH_PAGE_001,control,2026-05-15 00:00:00,v1
U004167,EXP_FINISH_PAGE_001,control,2026-06-15 11:00:00,v1
U004168,EXP_FINISH_PAGE_001,control,2026-05-15 00:00:00,v1
U004169,EXP_FINISH_PAGE_001,treatment,2026-06-14 16:00:00,v1
U004170,EXP_FINISH_PAGE_001,treatment,2026-06-12 11:00:00,v1
U004171,EXP_FINISH_PAGE_001,treatment,2026-06-26 13:00:00,v1
U004172,EXP_FINISH_PAGE_001,control,2026-06-14 12:00:00,v1
U004173,EXP_FINISH_PAGE_001,control,2026-06-05 11:00:00,v1
U004174,EXP_FINISH_PAGE_001,treatment,2026-06-27 11:00:00,v1
U004175,EXP_FINISH_PAGE_001,control,2026-05-15 00:00:00,v1
U004176,EXP_FINISH_PAGE_001,treatment,2026-06-28 15:00:00,v1
U004177,EXP_FINISH_PAGE_001,treatment,2026-05-18 11:00:00,v1
U004178,EXP_FINISH_PAGE_001,control,2026-05-20 17:00:00,v1
U004179,EXP_FINISH_PAGE_001,treatment,2026-06-23 19:00:00,v1
U004180,EXP_FINISH_PAGE_001,treatment,2026-05-22 20:00:00,v1
U004181,EXP_FINISH_PAGE_001,control,2026-05-15 00:00:00,v1
U004182,EXP_FINISH_PAGE_001,treatment,2026-06-24 17:00:00,v1
U004183,EXP_FINISH_PAGE_001,control,2026-06-17 19:00:00,v1
U004184,EXP_FINISH_PAGE_001,control,2026-06-11 19:00:00,v1
U004185,EXP_FINISH_PAGE_001,treatment,2026-06-10 10:00:00,v1
U004186,EXP_FINISH_PAGE_001,control,2026-06-22 16:00:00,v1
U004187,EXP_FINISH_PAGE_001,treatment,2026-05-21 15:00:00,v1
U004188,EXP_FINISH_PAGE_001,treatment,2026-06-04 20:00:00,v1
U004189,EXP_FINISH_PAGE_001,treatment,2026-06-11 11:00:00,v1
U004190,EXP_FINISH_PAGE_001,treatment,2026-05-26 20:00:00,v1
U004191,EXP_FINISH_PAGE_001,treatment,2026-05-26 18:00:00,v1
U004192,EXP_FINISH_PAGE_001,treatment,2026-06-03 16:00:00,v1
U004193,EXP_FINISH_PAGE_001,treatment,2026-06-23 18:00:00,v1
U004194,EXP_FINISH_PAGE_001,treatment,2026-06-15 20:00:00,v1
U004195,EXP_FINISH_PAGE_001,treatment,2026-05-19 10:00:00,v1
U004196,EXP_FINISH_PAGE_001,treatment,2026-06-28 18:00:00,v1
U004197,EXP_FINISH_PAGE_001,control,2026-05-15 00:00:00,v1
U004198,EXP_FINISH_PAGE_001,control,2026-05-15 00:00:00,v1
U004199,EXP_FINISH_PAGE_001,treatment,2026-06-04 13:00:00,v1
U004200,EXP_FINISH_PAGE_001,control,2026-05-15 00:00:00,v1
U004201,EXP_FINISH_PAGE_001,treatment,2026-05-19 14:00:00,v1
U004202,EXP_FINISH_PAGE_001,treatment,2026-05-15 00:00:00,v1
U004203,EXP_FINISH_PAGE_001,treatment,2026-06-15 09:00:00,v1
U004204,EXP_FINISH_PAGE_001,control,2026-06-19 10:00:00,v1
U004205,EXP_FINISH_PAGE_001,control,2026-05-15 00:00:00,v1
U004206,EXP_FINISH_PAGE_001,control,2026-05-15 12:00:00,v1
U004207,EXP_FINISH_PAGE_001,control,2026-05-28 17:00:00,v1
U004208,EXP_FINISH_PAGE_001,control,2026-06-19 14:00:00,v1
U004209,EXP_FINISH_PAGE_001,control,2026-06-23 17:00:00,v1
U004210,EXP_FINISH_PAGE_001,treatment,2026-06-26 12:00:00,v1
U004211,EXP_FINISH_PAGE_001,control,2026-06-29 21:00:00,v1
U004212,EXP_FINISH_PAGE_001,treatment,2026-05-25 14:00:00,v1
U004213,EXP_FINISH_PAGE_001,control,2026-05-16 21:00:00,v1
U004214,EXP_FINISH_PAGE_001,control,2026-05-26 14:00:00,v1
U004215,EXP_FINISH_PAGE_001,control,2026-05-19 21:00:00,v1
U004216,EXP_FINISH_PAGE_001,treatment,2026-06-14 08:00:00,v1
U004217,EXP_FINISH_PAGE_001,control,2026-06-16 13:00:00,v1
U004218,EXP_FINISH_PAGE_001,treatment,2026-05-18 11:00:00,v1
U004219,EXP_FINISH_PAGE_001,treatment,2026-05-15 00:00:00,v1
U004220,EXP_FINISH_PAGE_001,treatment,2026-06-13 08:00:00,v1
U004221,EXP_FINISH_PAGE_001,treatment,2026-06-11 09:00:00,v1
U004222,EXP_FINISH_PAGE_001,treatment,2026-06-10 20:00:00,v1
U004223,EXP_FINISH_PAGE_001,control,2026-05-25 10:00:00,v1
U004224,EXP_FINISH_PAGE_001,control,2026-06-02 20:00:00,v1
U004225,EXP_FINISH_PAGE_001,treatment,2026-06-28 10:00:00,v1
U004226,EXP_FINISH_PAGE_001,treatment,2026-06-16 20:00:00,v1
U004227,EXP_FINISH_PAGE_001,control,2026-06-04 12:00:00,v1
U004228,EXP_FINISH_PAGE_001,treatment,2026-06-19 21:00:00,v1
U004229,EXP_FINISH_PAGE_001,control,2026-06-03 09:00:00,v1
U004230,EXP_FINISH_PAGE_001,control,2026-05-15 00:00:00,v1
U004231,EXP_FINISH_PAGE_001,treatment,2026-06-21 20:00:00,v1
U004232,EXP_FINISH_PAGE_001,treatment,2026-06-29 21:00:00,v1
U004233,EXP_FINISH_PAGE_001,treatment,2026-05-15 00:00:00,v1
U004234,EXP_FINISH_PAGE_001,control,2026-06-01 15:00:00,v1
U004235,EXP_FINISH_PAGE_001,treatment,2026-06-14 14:00:00,v1
U004236,EXP_FINISH_PAGE_001,control,2026-06-23 18:00:00,v1
U004237,EXP_FINISH_PAGE_001,control,2026-05-27 16:00:00,v1
U004238,EXP_FINISH_PAGE_001,treatment,2026-06-08 09:00:00,v1
U004239,EXP_FINISH_PAGE_001,treatment,2026-05-23 12:00:00,v1
U004240,EXP_FINISH_PAGE_001,control,2026-05-20 21:00:00,v1
U004241,EXP_FINISH_PAGE_001,control,2026-06-28 15:00:00,v1
U004242,EXP_FINISH_PAGE_001,treatment,2026-05-24 15:00:00,v1
U004243,EXP_FINISH_PAGE_001,treatment,2026-06-17 16:00:00,v1
U004244,EXP_FINISH_PAGE_001,control,2026-05-24 18:00:00,v1
U004245,EXP_FINISH_PAGE_001,control,2026-05-27 10:00:00,v1
U004246,EXP_FINISH_PAGE_001,treatment,2026-06-22 21:00:00,v1
U004247,EXP_FINISH_PAGE_001,control,2026-06-20 13:00:00,v1
U004248,EXP_FINISH_PAGE_001,control,2026-05-25 15:00:00,v1
U004249,EXP_FINISH_PAGE_001,treatment,2026-05-21 08:00:00,v1
U004250,EXP_FINISH_PAGE_001,treatment,2026-05-23 20:00:00,v1
U004251,EXP_FINISH_PAGE_001,treatment,2026-06-17 18:00:00,v1
U004252,EXP_FINISH_PAGE_001,control,2026-06-21 09:00:00,v1
U004253,EXP_FINISH_PAGE_001,treatment,2026-05-17 08:00:00,v1
U004254,EXP_FINISH_PAGE_001,control,2026-05-28 15:00:00,v1
U004255,EXP_FINISH_PAGE_001,treatment,2026-06-01 10:00:00,v1
U004256,EXP_FINISH_PAGE_001,treatment,2026-05-20 21:00:00,v1
U004257,EXP_FINISH_PAGE_001,control,2026-05-15 00:00:00,v1
U004258,EXP_FINISH_PAGE_001,treatment,2026-06-22 13:00:00,v1
U004259,EXP_FINISH_PAGE_001,treatment,2026-06-02 13:00:00,v1
U004260,EXP_FINISH_PAGE_001,treatment,2026-06-05 17:00:00,v1
U004261,EXP_FINISH_PAGE_001,treatment,2026-05-15 00:00:00,v1
U004262,EXP_FINISH_PAGE_001,treatment,2026-06-03 18:00:00,v1
U004263,EXP_FINISH_PAGE_001,treatment,2026-05-15 00:00:00,v1
U004264,EXP_FINISH_PAGE_001,control,2026-06-14 19:00:00,v1
U004265,EXP_FINISH_PAGE_001,treatment,2026-05-15 00:00:00,v1
U004266,EXP_FINISH_PAGE_001,control,2026-05-15 00:00:00,v1
U004267,EXP_FINISH_PAGE_001,treatment,2026-06-29 20:00:00,v1
U004268,EXP_FINISH_PAGE_001,control,2026-05-22 09:00:00,v1
U004269,EXP_FINISH_PAGE_001,treatment,2026-05-26 08:00:00,v1
U004270,EXP_FINISH_PAGE_001,control,2026-06-13 16:00:00,v1
U004271,EXP_FINISH_PAGE_001,control,2026-06-01 13:00:00,v1
U004272,EXP_FINISH_PAGE_001,control,2026-06-23 14:00:00,v1
U004273,EXP_FINISH_PAGE_001,control,2026-06-23 20:00:00,v1
U004274,EXP_FINISH_PAGE_001,treatment,2026-05-15 00:00:00,v1
U004275,EXP_FINISH_PAGE_001,control,2026-05-15 00:00:00,v1
U004276,EXP_FINISH_PAGE_001,treatment,2026-06-22 10:00:00,v1
U004277,EXP_FINISH_PAGE_001,control,2026-06-23 09:00:00,v1
U004278,EXP_FINISH_PAGE_001,treatment,2026-05-15 00:00:00,v1
U004279,EXP_FINISH_PAGE_001,treatment,2026-05-18 10:00:00,v1
U004280,EXP_FINISH_PAGE_001,treatment,2026-05-29 15:00:00,v1
U004281,EXP_FINISH_PAGE_001,control,2026-05-15 00:00:00,v1
U004282,EXP_FINISH_PAGE_001,control,2026-05-15 00:00:00,v1
U004283,EXP_FINISH_PAGE_001,control,2026-06-14 18:00:00,v1
U004284,EXP_FINISH_PAGE_001,treatment,2026-05-15 00:00:00,v1
U004285,EXP_FINISH_PAGE_001,treatment,2026-06-16 11:00:00,v1
U004286,EXP_FINISH_PAGE_001,control,2026-06-29 12:00:00,v1
U004287,EXP_FINISH_PAGE_001,treatment,2026-06-05 12:00:00,v1
U004288,EXP_FINISH_PAGE_001,treatment,2026-05-26 17:00:00,v1
U004289,EXP_FINISH_PAGE_001,treatment,2026-06-15 20:00:00,v1
U004290,EXP_FINISH_PAGE_001,treatment,2026-06-21 08:00:00,v1
U004291,EXP_FINISH_PAGE_001,control,2026-06-10 20:00:00,v1
U004292,EXP_FINISH_PAGE_001,treatment,2026-06-19 18:00:00,v1
U004293,EXP_FINISH_PAGE_001,treatment,2026-05-15 00:00:00,v1
U004294,EXP_FINISH_PAGE_001,treatment,2026-05-29 20:00:00,v1
U004295,EXP_FINISH_PAGE_001,treatment,2026-06-09 18:00:00,v1
U004296,EXP_FINISH_PAGE_001,control,2026-05-15 00:00:00,v1
U004297,EXP_FINISH_PAGE_001,control,2026-06-23 15:00:00,v1
U004298,EXP_FINISH_PAGE_001,control,2026-06-19 18:00:00,v1
U004299,EXP_FINISH_PAGE_001,treatment,2026-06-13 09:00:00,v1
U004300,EXP_FINISH_PAGE_001,treatment,2026-06-08 18:00:00,v1
U004301,EXP_FINISH_PAGE_001,treatment,2026-05-20 18:00:00,v1
U004302,EXP_FINISH_PAGE_001,treatment,2026-06-25 13:00:00,v1
U004303,EXP_FINISH_PAGE_001,treatment,2026-06-24 20:00:00,v1
U004304,EXP_FINISH_PAGE_001,control,2026-05-15 00:00:00,v1
U004305,EXP_FINISH_PAGE_001,treatment,2026-05-30 18:00:00,v1
U004306,EXP_FINISH_PAGE_001,control,2026-06-02 16:00:00,v1
U004307,EXP_FINISH_PAGE_001,treatment,2026-05-15 00:00:00,v1
U004308,EXP_FINISH_PAGE_001,treatment,2026-06-26 08:00:00,v1
U004309,EXP_FINISH_PAGE_001,treatment,2026-06-19 12:00:00,v1
U004310,EXP_FINISH_PAGE_001,treatment,2026-05-15 00:00:00,v1
U004311,EXP_FINISH_PAGE_001,treatment,2026-05-16 18:00:00,v1
U004312,EXP_FINISH_PAGE_001,treatment,2026-05-29 10:00:00,v1
U004313,EXP_FINISH_PAGE_001,treatment,2026-06-17 12:00:00,v1
U004314,EXP_FINISH_PAGE_001,control,2026-05-15 00:00:00,v1
U004315,EXP_FINISH_PAGE_001,treatment,2026-06-03 15:00:00,v1
U004316,EXP_FINISH_PAGE_001,treatment,2026-05-27 20:00:00,v1
U004317,EXP_FINISH_PAGE_001,control,2026-06-28 16:00:00,v1
U004318,EXP_FINISH_PAGE_001,control,2026-06-17 15:00:00,v1
U004319,EXP_FINISH_PAGE_001,control,2026-06-19 21:00:00,v1
U004320,EXP_FINISH_PAGE_001,treatment,2026-06-06 11:00:00,v1
U004321,EXP_FINISH_PAGE_001,treatment,2026-05-27 15:00:00,v1
U004322,EXP_FINISH_PAGE_001,control,2026-05-17 11:00:00,v1
U004323,EXP_FINISH_PAGE_001,control,2026-05-18 14:00:00,v1
U004324,EXP_FINISH_PAGE_001,treatment,2026-06-09 19:00:00,v1
U004325,EXP_FINISH_PAGE_001,control,2026-05-15 00:00:00,v1
U004326,EXP_FINISH_PAGE_001,treatment,2026-06-13 15:00:00,v1
U004327,EXP_FINISH_PAGE_001,treatment,2026-05-27 13:00:00,v1
U004328,EXP_FINISH_PAGE_001,treatment,2026-06-29 17:00:00,v1
U004329,EXP_FINISH_PAGE_001,control,2026-05-15 00:00:00,v1
U004330,EXP_FINISH_PAGE_001,treatment,2026-05-19 12:00:00,v1
U004331,EXP_FINISH_PAGE_001,treatment,2026-05-18 15:00:00,v1
U004332,EXP_FINISH_PAGE_001,treatment,2026-06-26 16:00:00,v1
U004333,EXP_FINISH_PAGE_001,control,2026-06-28 15:00:00,v1
U004334,EXP_FINISH_PAGE_001,treatment,2026-05-15 00:00:00,v1
U004335,EXP_FINISH_PAGE_001,control,2026-05-26 18:00:00,v1
U004336,EXP_FINISH_PAGE_001,control,2026-05-15 00:00:00,v1
U004337,EXP_FINISH_PAGE_001,treatment,2026-05-26 11:00:00,v1
U004338,EXP_FINISH_PAGE_001,treatment,2026-05-15 00:00:00,v1
U004339,EXP_FINISH_PAGE_001,treatment,2026-06-12 17:00:00,v1
U004340,EXP_FINISH_PAGE_001,treatment,2026-05-15 00:00:00,v1
U004341,EXP_FINISH_PAGE_001,control,2026-05-29 17:00:00,v1
U004342,EXP_FINISH_PAGE_001,control,2026-06-25 13:00:00,v1
U004343,EXP_FINISH_PAGE_001,control,2026-05-15 00:00:00,v1
U004344,EXP_FINISH_PAGE_001,control,2026-06-28 08:00:00,v1
U004345,EXP_FINISH_PAGE_001,control,2026-06-24 18:00:00,v1
U004346,EXP_FINISH_PAGE_001,treatment,2026-06-23 21:00:00,v1
U004347,EXP_FINISH_PAGE_001,treatment,2026-06-09 15:00:00,v1
U004348,EXP_FINISH_PAGE_001,control,2026-06-12 13:00:00,v1
U004349,EXP_FINISH_PAGE_001,treatment,2026-05-20 11:00:00,v1
U004350,EXP_FINISH_PAGE_001,treatment,2026-05-15 13:00:00,v1
U004351,EXP_FINISH_PAGE_001,control,2026-06-25 12:00:00,v1
U004352,EXP_FINISH_PAGE_001,treatment,2026-05-27 14:00:00,v1
U004353,EXP_FINISH_PAGE_001,control,2026-05-15 00:00:00,v1
U004354,EXP_FINISH_PAGE_001,control,2026-06-06 09:00:00,v1
U004355,EXP_FINISH_PAGE_001,treatment,2026-05-22 17:00:00,v1
U004356,EXP_FINISH_PAGE_001,control,2026-06-12 18:00:00,v1
U004357,EXP_FINISH_PAGE_001,treatment,2026-06-22 12:00:00,v1
U004358,EXP_FINISH_PAGE_001,control,2026-05-21 19:00:00,v1
U004359,EXP_FINISH_PAGE_001,control,2026-06-23 21:00:00,v1
U004360,EXP_FINISH_PAGE_001,treatment,2026-05-27 21:00:00,v1
U004361,EXP_FINISH_PAGE_001,treatment,2026-06-27 11:00:00,v1
U004362,EXP_FINISH_PAGE_001,control,2026-06-12 13:00:00,v1
U004363,EXP_FINISH_PAGE_001,control,2026-05-15 00:00:00,v1
U004364,EXP_FINISH_PAGE_001,control,2026-06-07 18:00:00,v1
U004365,EXP_FINISH_PAGE_001,control,2026-06-06 12:00:00,v1
U004366,EXP_FINISH_PAGE_001,control,2026-06-12 12:00:00,v1
U004367,EXP_FINISH_PAGE_001,treatment,2026-05-18 20:00:00,v1
U004368,EXP_FINISH_PAGE_001,control,2026-05-17 11:00:00,v1
U004369,EXP_FINISH_PAGE_001,treatment,2026-05-21 08:00:00,v1
U004370,EXP_FINISH_PAGE_001,control,2026-06-15 12:00:00,v1
U004371,EXP_FINISH_PAGE_001,treatment,2026-05-24 11:00:00,v1
U004372,EXP_FINISH_PAGE_001,treatment,2026-06-20 15:00:00,v1
U004373,EXP_FINISH_PAGE_001,control,2026-05-19 11:00:00,v1
U004374,EXP_FINISH_PAGE_001,treatment,2026-06-09 19:00:00,v1
U004375,EXP_FINISH_PAGE_001,treatment,2026-05-15 00:00:00,v1
U004376,EXP_FINISH_PAGE_001,control,2026-05-26 12:00:00,v1
U004377,EXP_FINISH_PAGE_001,control,2026-05-20 15:00:00,v1
U004378,EXP_FINISH_PAGE_001,treatment,2026-05-15 00:00:00,v1
U004379,EXP_FINISH_PAGE_001,control,2026-05-15 00:00:00,v1
U004380,EXP_FINISH_PAGE_001,control,2026-06-04 11:00:00,v1
U004381,EXP_FINISH_PAGE_001,treatment,2026-05-17 21:00:00,v1
U004382,EXP_FINISH_PAGE_001,control,2026-05-23 11:00:00,v1
U004383,EXP_FINISH_PAGE_001,control,2026-05-15 00:00:00,v1
U004384,EXP_FINISH_PAGE_001,treatment,2026-06-03 08:00:00,v1
U004385,EXP_FINISH_PAGE_001,treatment,2026-05-18 12:00:00,v1
U004386,EXP_FINISH_PAGE_001,control,2026-05-29 14:00:00,v1
U004387,EXP_FINISH_PAGE_001,treatment,2026-05-29 18:00:00,v1
U004388,EXP_FINISH_PAGE_001,control,2026-05-15 00:00:00,v1
U004389,EXP_FINISH_PAGE_001,control,2026-06-09 20:00:00,v1
U004390,EXP_FINISH_PAGE_001,treatment,2026-06-02 17:00:00,v1
U004391,EXP_FINISH_PAGE_001,control,2026-06-14 09:00:00,v1
U004392,EXP_FINISH_PAGE_001,control,2026-06-23 14:00:00,v1
U004393,EXP_FINISH_PAGE_001,control,2026-05-27 14:00:00,v1
U004394,EXP_FINISH_PAGE_001,control,2026-05-16 14:00:00,v1
U004395,EXP_FINISH_PAGE_001,treatment,2026-05-15 00:00:00,v1
U004396,EXP_FINISH_PAGE_001,control,2026-05-15 00:00:00,v1
U004397,EXP_FINISH_PAGE_001,control,2026-05-18 18:00:00,v1
U004398,EXP_FINISH_PAGE_001,treatment,2026-05-23 21:00:00,v1
U004399,EXP_FINISH_PAGE_001,control,2026-05-22 21:00:00,v1
U004400,EXP_FINISH_PAGE_001,control,2026-05-15 00:00:00,v1
U004401,EXP_FINISH_PAGE_001,treatment,2026-05-19 13:00:00,v1
U004402,EXP_FINISH_PAGE_001,control,2026-06-24 12:00:00,v1
U004403,EXP_FINISH_PAGE_001,control,2026-05-15 00:00:00,v1
U004404,EXP_FINISH_PAGE_001,control,2026-06-07 17:00:00,v1
U004405,EXP_FINISH_PAGE_001,control,2026-05-15 09:00:00,v1
U004406,EXP_FINISH_PAGE_001,control,2026-05-15 00:00:00,v1
U004407,EXP_FINISH_PAGE_001,treatment,2026-06-23 16:00:00,v1
U004408,EXP_FINISH_PAGE_001,treatment,2026-06-11 12:00:00,v1
U004409,EXP_FINISH_PAGE_001,treatment,2026-06-09 21:00:00,v1
U004410,EXP_FINISH_PAGE_001,treatment,2026-05-15 00:00:00,v1
U004411,EXP_FINISH_PAGE_001,control,2026-06-12 09:00:00,v1
U004412,EXP_FINISH_PAGE_001,control,2026-06-02 20:00:00,v1
U004413,EXP_FINISH_PAGE_001,control,2026-06-27 16:00:00,v1
U004414,EXP_FINISH_PAGE_001,treatment,2026-06-06 20:00:00,v1
U004415,EXP_FINISH_PAGE_001,treatment,2026-06-25 09:00:00,v1
U004416,EXP_FINISH_PAGE_001,treatment,2026-06-22 20:00:00,v1
U004417,EXP_FINISH_PAGE_001,control,2026-05-15 00:00:00,v1
U004418,EXP_FINISH_PAGE_001,control,2026-06-09 21:00:00,v1
U004419,EXP_FINISH_PAGE_001,treatment,2026-06-07 21:00:00,v1
U004420,EXP_FINISH_PAGE_001,treatment,2026-06-22 21:00:00,v1
U004421,EXP_FINISH_PAGE_001,treatment,2026-05-15 00:00:00,v1
U004422,EXP_FINISH_PAGE_001,treatment,2026-05-15 00:00:00,v1
U004423,EXP_FINISH_PAGE_001,treatment,2026-06-19 11:00:00,v1
U004424,EXP_FINISH_PAGE_001,treatment,2026-06-08 09:00:00,v1
U004425,EXP_FINISH_PAGE_001,control,2026-05-15 00:00:00,v1
U004426,EXP_FINISH_PAGE_001,treatment,2026-05-17 09:00:00,v1
U004427,EXP_FINISH_PAGE_001,control,2026-06-04 21:00:00,v1
U004428,EXP_FINISH_PAGE_001,control,2026-05-15 00:00:00,v1
U004429,EXP_FINISH_PAGE_001,treatment,2026-06-16 09:00:00,v1
U004430,EXP_FINISH_PAGE_001,treatment,2026-06-25 18:00:00,v1
U004431,EXP_FINISH_PAGE_001,treatment,2026-05-22 17:00:00,v1
U004432,EXP_FINISH_PAGE_001,control,2026-05-19 18:00:00,v1
U004433,EXP_FINISH_PAGE_001,treatment,2026-05-22 16:00:00,v1
U004434,EXP_FINISH_PAGE_001,control,2026-05-15 00:00:00,v1
U004435,EXP_FINISH_PAGE_001,control,2026-06-26 16:00:00,v1
U004436,EXP_FINISH_PAGE_001,treatment,2026-05-29 11:00:00,v1
U004437,EXP_FINISH_PAGE_001,control,2026-05-15 00:00:00,v1
U004438,EXP_FINISH_PAGE_001,control,2026-05-15 00:00:00,v1
U004439,EXP_FINISH_PAGE_001,control,2026-05-29 20:00:00,v1
U004440,EXP_FINISH_PAGE_001,treatment,2026-06-26 14:00:00,v1
U004441,EXP_FINISH_PAGE_001,control,2026-05-15 00:00:00,v1
U004442,EXP_FINISH_PAGE_001,control,2026-06-25 15:00:00,v1
U004443,EXP_FINISH_PAGE_001,treatment,2026-05-15 00:00:00,v1
U004444,EXP_FINISH_PAGE_001,treatment,2026-06-08 20:00:00,v1
U004445,EXP_FINISH_PAGE_001,treatment,2026-06-08 17:00:00,v1
U004446,EXP_FINISH_PAGE_001,treatment,2026-06-27 19:00:00,v1
U004447,EXP_FINISH_PAGE_001,control,2026-06-24 20:00:00,v1
U004448,EXP_FINISH_PAGE_001,treatment,2026-05-15 00:00:00,v1
U004449,EXP_FINISH_PAGE_001,control,2026-06-18 08:00:00,v1
U004450,EXP_FINISH_PAGE_001,treatment,2026-05-15 00:00:00,v1
U004451,EXP_FINISH_PAGE_001,control,2026-05-15 00:00:00,v1
U004452,EXP_FINISH_PAGE_001,treatment,2026-06-10 16:00:00,v1
U004453,EXP_FINISH_PAGE_001,treatment,2026-05-30 17:00:00,v1
U004454,EXP_FINISH_PAGE_001,control,2026-05-15 00:00:00,v1
U004455,EXP_FINISH_PAGE_001,control,2026-05-24 15:00:00,v1
U004456,EXP_FINISH_PAGE_001,treatment,2026-06-29 18:00:00,v1
U004457,EXP_FINISH_PAGE_001,control,2026-06-06 11:00:00,v1
U004458,EXP_FINISH_PAGE_001,treatment,2026-05-15 11:00:00,v1
U004459,EXP_FINISH_PAGE_001,treatment,2026-05-27 18:00:00,v1
U004460,EXP_FINISH_PAGE_001,treatment,2026-05-15 00:00:00,v1
U004461,EXP_FINISH_PAGE_001,treatment,2026-06-06 21:00:00,v1
U004462,EXP_FINISH_PAGE_001,treatment,2026-05-21 17:00:00,v1
U004463,EXP_FINISH_PAGE_001,control,2026-05-27 18:00:00,v1
U004464,EXP_FINISH_PAGE_001,control,2026-05-15 00:00:00,v1
U004465,EXP_FINISH_PAGE_001,control,2026-06-05 09:00:00,v1
U004466,EXP_FINISH_PAGE_001,treatment,2026-06-10 16:00:00,v1
U004467,EXP_FINISH_PAGE_001,treatment,2026-06-26 20:00:00,v1
U004468,EXP_FINISH_PAGE_001,control,2026-06-05 17:00:00,v1
U004469,EXP_FINISH_PAGE_001,control,2026-06-03 13:00:00,v1
U004470,EXP_FINISH_PAGE_001,treatment,2026-05-21 10:00:00,v1
U004471,EXP_FINISH_PAGE_001,treatment,2026-06-16 21:00:00,v1
U004472,EXP_FINISH_PAGE_001,treatment,2026-05-15 00:00:00,v1
U004473,EXP_FINISH_PAGE_001,treatment,2026-05-15 15:00:00,v1
U004474,EXP_FINISH_PAGE_001,control,2026-05-18 20:00:00,v1
U004475,EXP_FINISH_PAGE_001,control,2026-06-26 17:00:00,v1
U004476,EXP_FINISH_PAGE_001,control,2026-06-17 19:00:00,v1
U004477,EXP_FINISH_PAGE_001,treatment,2026-06-13 20:00:00,v1
U004478,EXP_FINISH_PAGE_001,treatment,2026-05-15 00:00:00,v1
U004479,EXP_FINISH_PAGE_001,treatment,2026-05-28 12:00:00,v1
U004480,EXP_FINISH_PAGE_001,control,2026-05-30 10:00:00,v1
U004481,EXP_FINISH_PAGE_001,control,2026-05-27 20:00:00,v1
U004482,EXP_FINISH_PAGE_001,treatment,2026-06-11 21:00:00,v1
U004483,EXP_FINISH_PAGE_001,treatment,2026-06-29 18:00:00,v1
U004484,EXP_FINISH_PAGE_001,treatment,2026-05-15 00:00:00,v1
U004485,EXP_FINISH_PAGE_001,treatment,2026-06-05 14:00:00,v1
U004486,EXP_FINISH_PAGE_001,control,2026-05-15 00:00:00,v1
U004487,EXP_FINISH_PAGE_001,control,2026-05-18 16:00:00,v1
U004488,EXP_FINISH_PAGE_001,control,2026-06-27 19:00:00,v1
U004489,EXP_FINISH_PAGE_001,treatment,2026-05-26 18:00:00,v1
U004490,EXP_FINISH_PAGE_001,control,2026-06-25 15:00:00,v1
U004491,EXP_FINISH_PAGE_001,treatment,2026-05-22 09:00:00,v1
U004492,EXP_FINISH_PAGE_001,treatment,2026-05-17 18:00:00,v1
U004493,EXP_FINISH_PAGE_001,control,2026-05-15 00:00:00,v1
U004494,EXP_FINISH_PAGE_001,treatment,2026-06-23 12:00:00,v1
U004495,EXP_FINISH_PAGE_001,treatment,2026-05-15 00:00:00,v1
U004496,EXP_FINISH_PAGE_001,control,2026-05-31 16:00:00,v1
U004497,EXP_FINISH_PAGE_001,control,2026-06-08 21:00:00,v1
U004498,EXP_FINISH_PAGE_001,control,2026-06-27 19:00:00,v1
U004499,EXP_FINISH_PAGE_001,control,2026-06-26 13:00:00,v1
U004500,EXP_FINISH_PAGE_001,control,2026-06-03 08:00:00,v1
U004501,EXP_FINISH_PAGE_001,control,2026-06-08 13:00:00,v1
U004502,EXP_FINISH_PAGE_001,control,2026-05-26 17:00:00,v1
U004503,EXP_FINISH_PAGE_001,treatment,2026-06-22 20:00:00,v1
U004504,EXP_FINISH_PAGE_001,treatment,2026-06-24 11:00:00,v1
U004505,EXP_FINISH_PAGE_001,control,2026-05-15 00:00:00,v1
U004506,EXP_FINISH_PAGE_001,treatment,2026-05-26 20:00:00,v1
U004507,EXP_FINISH_PAGE_001,treatment,2026-06-21 15:00:00,v1
U004508,EXP_FINISH_PAGE_001,treatment,2026-05-30 11:00:00,v1
U004509,EXP_FINISH_PAGE_001,control,2026-06-10 18:00:00,v1
U004510,EXP_FINISH_PAGE_001,control,2026-06-12 21:00:00,v1
U004511,EXP_FINISH_PAGE_001,control,2026-05-25 21:00:00,v1
U004512,EXP_FINISH_PAGE_001,control,2026-06-18 18:00:00,v1
U004513,EXP_FINISH_PAGE_001,treatment,2026-06-08 20:00:00,v1
U004514,EXP_FINISH_PAGE_001,control,2026-05-15 00:00:00,v1
U004515,EXP_FINISH_PAGE_001,control,2026-05-16 18:00:00,v1
U004516,EXP_FINISH_PAGE_001,treatment,2026-05-22 18:00:00,v1
U004517,EXP_FINISH_PAGE_001,treatment,2026-05-25 20:00:00,v1
U004518,EXP_FINISH_PAGE_001,control,2026-06-01 19:00:00,v1
U004519,EXP_FINISH_PAGE_001,control,2026-06-02 14:00:00,v1
U004520,EXP_FINISH_PAGE_001,treatment,2026-05-20 14:00:00,v1
U004521,EXP_FINISH_PAGE_001,treatment,2026-06-05 17:00:00,v1
U004522,EXP_FINISH_PAGE_001,treatment,2026-05-15 00:00:00,v1
U004523,EXP_FINISH_PAGE_001,treatment,2026-05-25 13:00:00,v1
U004524,EXP_FINISH_PAGE_001,treatment,2026-05-15 00:00:00,v1
U004525,EXP_FINISH_PAGE_001,control,2026-05-15 00:00:00,v1
U004526,EXP_FINISH_PAGE_001,treatment,2026-05-15 00:00:00,v1
U004527,EXP_FINISH_PAGE_001,treatment,2026-05-19 08:00:00,v1
U004528,EXP_FINISH_PAGE_001,treatment,2026-06-13 16:00:00,v1
U004529,EXP_FINISH_PAGE_001,control,2026-05-26 16:00:00,v1
U004530,EXP_FINISH_PAGE_001,control,2026-06-29 18:00:00,v1
U004531,EXP_FINISH_PAGE_001,treatment,2026-05-20 20:00:00,v1
U004532,EXP_FINISH_PAGE_001,treatment,2026-05-15 00:00:00,v1
U004533,EXP_FINISH_PAGE_001,control,2026-05-29 14:00:00,v1
U004534,EXP_FINISH_PAGE_001,control,2026-05-17 14:00:00,v1
U004535,EXP_FINISH_PAGE_001,control,2026-05-25 11:00:00,v1
U004536,EXP_FINISH_PAGE_001,treatment,2026-05-20 17:00:00,v1
U004537,EXP_FINISH_PAGE_001,control,2026-06-10 19:00:00,v1
U004538,EXP_FINISH_PAGE_001,control,2026-06-03 19:00:00,v1
U004539,EXP_FINISH_PAGE_001,control,2026-05-15 00:00:00,v1
U004540,EXP_FINISH_PAGE_001,treatment,2026-05-25 19:00:00,v1
U004541,EXP_FINISH_PAGE_001,treatment,2026-05-15 00:00:00,v1
U004542,EXP_FINISH_PAGE_001,control,2026-06-14 10:00:00,v1
U004543,EXP_FINISH_PAGE_001,treatment,2026-06-04 09:00:00,v1
U004544,EXP_FINISH_PAGE_001,treatment,2026-06-13 21:00:00,v1
U004545,EXP_FINISH_PAGE_001,control,2026-06-14 14:00:00,v1
U004546,EXP_FINISH_PAGE_001,control,2026-06-06 20:00:00,v1
U004547,EXP_FINISH_PAGE_001,treatment,2026-05-15 00:00:00,v1
U004548,EXP_FINISH_PAGE_001,treatment,2026-06-09 08:00:00,v1
U004549,EXP_FINISH_PAGE_001,control,2026-05-15 00:00:00,v1
U004550,EXP_FINISH_PAGE_001,treatment,2026-06-17 20:00:00,v1
U004551,EXP_FINISH_PAGE_001,treatment,2026-05-25 20:00:00,v1
U004552,EXP_FINISH_PAGE_001,treatment,2026-05-15 00:00:00,v1
U004553,EXP_FINISH_PAGE_001,treatment,2026-05-16 08:00:00,v1
U004554,EXP_FINISH_PAGE_001,control,2026-05-15 00:00:00,v1
U004555,EXP_FINISH_PAGE_001,control,2026-05-15 00:00:00,v1
U004556,EXP_FINISH_PAGE_001,control,2026-05-15 00:00:00,v1
U004557,EXP_FINISH_PAGE_001,control,2026-05-17 08:00:00,v1
U004558,EXP_FINISH_PAGE_001,control,2026-05-31 14:00:00,v1
U004559,EXP_FINISH_PAGE_001,control,2026-06-21 14:00:00,v1
U004560,EXP_FINISH_PAGE_001,treatment,2026-06-26 11:00:00,v1
U004561,EXP_FINISH_PAGE_001,control,2026-05-15 00:00:00,v1
U004562,EXP_FINISH_PAGE_001,control,2026-05-26 20:00:00,v1
U004563,EXP_FINISH_PAGE_001,treatment,2026-05-22 12:00:00,v1
U004564,EXP_FINISH_PAGE_001,control,2026-05-15 00:00:00,v1
U004565,EXP_FINISH_PAGE_001,treatment,2026-05-26 08:00:00,v1
U004566,EXP_FINISH_PAGE_001,control,2026-05-20 14:00:00,v1
U004567,EXP_FINISH_PAGE_001,control,2026-06-09 12:00:00,v1
U004568,EXP_FINISH_PAGE_001,control,2026-06-25 14:00:00,v1
U004569,EXP_FINISH_PAGE_001,control,2026-06-14 11:00:00,v1
U004570,EXP_FINISH_PAGE_001,control,2026-05-16 19:00:00,v1
U004571,EXP_FINISH_PAGE_001,treatment,2026-06-22 10:00:00,v1
U004572,EXP_FINISH_PAGE_001,control,2026-05-15 00:00:00,v1
U004573,EXP_FINISH_PAGE_001,control,2026-06-06 19:00:00,v1
U004574,EXP_FINISH_PAGE_001,treatment,2026-06-26 16:00:00,v1
U004575,EXP_FINISH_PAGE_001,control,2026-05-29 10:00:00,v1
U004576,EXP_FINISH_PAGE_001,treatment,2026-05-28 08:00:00,v1
U004577,EXP_FINISH_PAGE_001,treatment,2026-05-22 11:00:00,v1
U004578,EXP_FINISH_PAGE_001,treatment,2026-06-07 12:00:00,v1
U004579,EXP_FINISH_PAGE_001,control,2026-05-30 17:00:00,v1
U004580,EXP_FINISH_PAGE_001,control,2026-05-15 00:00:00,v1
U004581,EXP_FINISH_PAGE_001,control,2026-06-04 12:00:00,v1
U004582,EXP_FINISH_PAGE_001,treatment,2026-05-27 09:00:00,v1
U004583,EXP_FINISH_PAGE_001,treatment,2026-05-15 00:00:00,v1
U004584,EXP_FINISH_PAGE_001,treatment,2026-06-07 16:00:00,v1
U004585,EXP_FINISH_PAGE_001,control,2026-05-24 17:00:00,v1
U004586,EXP_FINISH_PAGE_001,control,2026-06-08 20:00:00,v1
U004587,EXP_FINISH_PAGE_001,control,2026-05-27 13:00:00,v1
U004588,EXP_FINISH_PAGE_001,control,2026-05-15 00:00:00,v1
U004589,EXP_FINISH_PAGE_001,control,2026-05-15 00:00:00,v1
U004590,EXP_FINISH_PAGE_001,treatment,2026-06-24 10:00:00,v1
U004591,EXP_FINISH_PAGE_001,control,2026-06-05 13:00:00,v1
U004592,EXP_FINISH_PAGE_001,treatment,2026-06-02 11:00:00,v1
U004593,EXP_FINISH_PAGE_001,control,2026-05-16 19:00:00,v1
U004594,EXP_FINISH_PAGE_001,control,2026-06-11 10:00:00,v1
U004595,EXP_FINISH_PAGE_001,treatment,2026-05-15 00:00:00,v1
U004596,EXP_FINISH_PAGE_001,control,2026-06-13 14:00:00,v1
U004597,EXP_FINISH_PAGE_001,treatment,2026-06-26 12:00:00,v1
U004598,EXP_FINISH_PAGE_001,control,2026-05-15 00:00:00,v1
U004599,EXP_FINISH_PAGE_001,treatment,2026-06-10 10:00:00,v1
U004600,EXP_FINISH_PAGE_001,treatment,2026-06-27 19:00:00,v1
U004601,EXP_FINISH_PAGE_001,treatment,2026-06-25 09:00:00,v1
U004602,EXP_FINISH_PAGE_001,control,2026-06-03 09:00:00,v1
U004603,EXP_FINISH_PAGE_001,control,2026-06-06 14:00:00,v1
U004604,EXP_FINISH_PAGE_001,treatment,2026-06-07 19:00:00,v1
U004605,EXP_FINISH_PAGE_001,treatment,2026-05-15 00:00:00,v1
U004606,EXP_FINISH_PAGE_001,treatment,2026-05-27 08:00:00,v1
U004607,EXP_FINISH_PAGE_001,control,2026-05-23 20:00:00,v1
U004608,EXP_FINISH_PAGE_001,control,2026-06-12 08:00:00,v1
U004609,EXP_FINISH_PAGE_001,control,2026-05-15 00:00:00,v1
U004610,EXP_FINISH_PAGE_001,control,2026-06-13 18:00:00,v1
U004611,EXP_FINISH_PAGE_001,treatment,2026-06-20 19:00:00,v1
U004612,EXP_FINISH_PAGE_001,treatment,2026-05-15 00:00:00,v1
U004613,EXP_FINISH_PAGE_001,control,2026-06-17 14:00:00,v1
U004614,EXP_FINISH_PAGE_001,control,2026-06-03 12:00:00,v1
U004615,EXP_FINISH_PAGE_001,treatment,2026-06-01 21:00:00,v1
U004616,EXP_FINISH_PAGE_001,control,2026-05-15 00:00:00,v1
U004617,EXP_FINISH_PAGE_001,treatment,2026-06-29 18:00:00,v1
U004618,EXP_FINISH_PAGE_001,treatment,2026-05-15 00:00:00,v1
U004619,EXP_FINISH_PAGE_001,treatment,2026-05-23 15:00:00,v1
U004620,EXP_FINISH_PAGE_001,control,2026-05-15 00:00:00,v1
U004621,EXP_FINISH_PAGE_001,control,2026-05-15 00:00:00,v1
U004622,EXP_FINISH_PAGE_001,control,2026-06-28 20:00:00,v1
U004623,EXP_FINISH_PAGE_001,control,2026-05-15 00:00:00,v1
U004624,EXP_FINISH_PAGE_001,control,2026-06-13 11:00:00,v1
U004625,EXP_FINISH_PAGE_001,control,2026-05-15 18:00:00,v1
U004626,EXP_FINISH_PAGE_001,control,2026-05-27 20:00:00,v1
U004627,EXP_FINISH_PAGE_001,control,2026-05-15 00:00:00,v1
U004628,EXP_FINISH_PAGE_001,control,2026-06-27 10:00:00,v1
U004629,EXP_FINISH_PAGE_001,treatment,2026-05-20 18:00:00,v1
U004630,EXP_FINISH_PAGE_001,treatment,2026-05-15 00:00:00,v1
U004631,EXP_FINISH_PAGE_001,control,2026-06-19 14:00:00,v1
U004632,EXP_FINISH_PAGE_001,treatment,2026-06-26 12:00:00,v1
U004633,EXP_FINISH_PAGE_001,treatment,2026-05-26 10:00:00,v1
U004634,EXP_FINISH_PAGE_001,treatment,2026-06-16 10:00:00,v1
U004635,EXP_FINISH_PAGE_001,treatment,2026-06-17 14:00:00,v1
U004636,EXP_FINISH_PAGE_001,control,2026-06-22 13:00:00,v1
U004637,EXP_FINISH_PAGE_001,control,2026-06-26 10:00:00,v1
U004638,EXP_FINISH_PAGE_001,control,2026-06-22 10:00:00,v1
U004639,EXP_FINISH_PAGE_001,control,2026-05-15 00:00:00,v1
U004640,EXP_FINISH_PAGE_001,control,2026-06-26 20:00:00,v1
U004641,EXP_FINISH_PAGE_001,treatment,2026-05-15 00:00:00,v1
U004642,EXP_FINISH_PAGE_001,treatment,2026-05-25 14:00:00,v1
U004643,EXP_FINISH_PAGE_001,treatment,2026-06-11 16:00:00,v1
U004644,EXP_FINISH_PAGE_001,control,2026-06-08 12:00:00,v1
U004645,EXP_FINISH_PAGE_001,control,2026-06-13 19:00:00,v1
U004646,EXP_FINISH_PAGE_001,treatment,2026-06-08 20:00:00,v1
U004647,EXP_FINISH_PAGE_001,control,2026-06-25 10:00:00,v1
U004648,EXP_FINISH_PAGE_001,control,2026-05-28 09:00:00,v1
U004649,EXP_FINISH_PAGE_001,control,2026-06-29 16:00:00,v1
U004650,EXP_FINISH_PAGE_001,treatment,2026-05-15 00:00:00,v1
U004651,EXP_FINISH_PAGE_001,treatment,2026-05-29 21:00:00,v1
U004652,EXP_FINISH_PAGE_001,control,2026-05-17 13:00:00,v1
U004653,EXP_FINISH_PAGE_001,treatment,2026-06-19 10:00:00,v1
U004654,EXP_FINISH_PAGE_001,treatment,2026-06-27 09:00:00,v1
U004655,EXP_FINISH_PAGE_001,control,2026-05-26 20:00:00,v1
U004656,EXP_FINISH_PAGE_001,treatment,2026-05-15 00:00:00,v1
U004657,EXP_FINISH_PAGE_001,treatment,2026-06-28 11:00:00,v1
U004658,EXP_FINISH_PAGE_001,treatment,2026-05-15 00:00:00,v1
U004659,EXP_FINISH_PAGE_001,treatment,2026-05-15 00:00:00,v1
U004660,EXP_FINISH_PAGE_001,treatment,2026-06-17 13:00:00,v1
U004661,EXP_FINISH_PAGE_001,treatment,2026-05-15 00:00:00,v1
U004662,EXP_FINISH_PAGE_001,treatment,2026-06-06 09:00:00,v1
U004663,EXP_FINISH_PAGE_001,control,2026-05-15 00:00:00,v1
U004664,EXP_FINISH_PAGE_001,treatment,2026-06-06 09:00:00,v1
U004665,EXP_FINISH_PAGE_001,control,2026-06-10 16:00:00,v1
U004666,EXP_FINISH_PAGE_001,treatment,2026-05-25 10:00:00,v1
U004667,EXP_FINISH_PAGE_001,control,2026-06-11 12:00:00,v1
U004668,EXP_FINISH_PAGE_001,treatment,2026-05-15 00:00:00,v1
U004669,EXP_FINISH_PAGE_001,control,2026-06-18 08:00:00,v1
U004670,EXP_FINISH_PAGE_001,control,2026-05-15 00:00:00,v1
U004671,EXP_FINISH_PAGE_001,control,2026-06-29 19:00:00,v1
U004672,EXP_FINISH_PAGE_001,treatment,2026-05-25 16:00:00,v1
U004673,EXP_FINISH_PAGE_001,treatment,2026-06-18 09:00:00,v1
U004674,EXP_FINISH_PAGE_001,treatment,2026-06-12 21:00:00,v1
U004675,EXP_FINISH_PAGE_001,control,2026-06-25 18:00:00,v1
U004676,EXP_FINISH_PAGE_001,control,2026-06-10 16:00:00,v1
U004677,EXP_FINISH_PAGE_001,control,2026-05-26 08:00:00,v1
U004678,EXP_FINISH_PAGE_001,treatment,2026-06-03 08:00:00,v1
U004679,EXP_FINISH_PAGE_001,treatment,2026-06-19 08:00:00,v1
U004680,EXP_FINISH_PAGE_001,treatment,2026-05-19 14:00:00,v1
U004681,EXP_FINISH_PAGE_001,control,2026-05-31 08:00:00,v1
U004682,EXP_FINISH_PAGE_001,control,2026-05-26 10:00:00,v1
U004683,EXP_FINISH_PAGE_001,control,2026-06-04 19:00:00,v1
U004684,EXP_FINISH_PAGE_001,control,2026-05-15 00:00:00,v1
U004685,EXP_FINISH_PAGE_001,treatment,2026-06-20 19:00:00,v1
U004686,EXP_FINISH_PAGE_001,treatment,2026-05-15 00:00:00,v1
U004687,EXP_FINISH_PAGE_001,control,2026-06-29 18:00:00,v1
U004688,EXP_FINISH_PAGE_001,control,2026-06-05 16:00:00,v1
U004689,EXP_FINISH_PAGE_001,control,2026-06-05 13:00:00,v1
U004690,EXP_FINISH_PAGE_001,treatment,2026-05-18 14:00:00,v1
U004691,EXP_FINISH_PAGE_001,treatment,2026-05-15 00:00:00,v1
U004692,EXP_FINISH_PAGE_001,control,2026-05-24 20:00:00,v1
U004693,EXP_FINISH_PAGE_001,treatment,2026-06-29 19:00:00,v1
U004694,EXP_FINISH_PAGE_001,treatment,2026-06-16 15:00:00,v1
U004695,EXP_FINISH_PAGE_001,treatment,2026-05-25 15:00:00,v1
U004696,EXP_FINISH_PAGE_001,treatment,2026-06-14 16:00:00,v1
U004697,EXP_FINISH_PAGE_001,control,2026-06-29 19:00:00,v1
U004698,EXP_FINISH_PAGE_001,control,2026-05-16 12:00:00,v1
U004699,EXP_FINISH_PAGE_001,treatment,2026-05-15 00:00:00,v1
U004700,EXP_FINISH_PAGE_001,control,2026-05-28 12:00:00,v1
U004701,EXP_FINISH_PAGE_001,treatment,2026-05-16 20:00:00,v1
U004702,EXP_FINISH_PAGE_001,control,2026-06-19 15:00:00,v1
U004703,EXP_FINISH_PAGE_001,treatment,2026-05-29 16:00:00,v1
U004704,EXP_FINISH_PAGE_001,control,2026-06-21 13:00:00,v1
U004705,EXP_FINISH_PAGE_001,control,2026-06-01 21:00:00,v1
U004706,EXP_FINISH_PAGE_001,treatment,2026-06-05 15:00:00,v1
U004707,EXP_FINISH_PAGE_001,treatment,2026-05-15 00:00:00,v1
U004708,EXP_FINISH_PAGE_001,treatment,2026-05-15 00:00:00,v1
U004709,EXP_FINISH_PAGE_001,control,2026-06-24 19:00:00,v1
U004710,EXP_FINISH_PAGE_001,control,2026-06-07 14:00:00,v1
U004711,EXP_FINISH_PAGE_001,control,2026-05-16 19:00:00,v1
U004712,EXP_FINISH_PAGE_001,control,2026-05-25 21:00:00,v1
U004713,EXP_FINISH_PAGE_001,control,2026-05-15 00:00:00,v1
U004714,EXP_FINISH_PAGE_001,treatment,2026-05-17 20:00:00,v1
U004715,EXP_FINISH_PAGE_001,treatment,2026-05-15 00:00:00,v1
U004716,EXP_FINISH_PAGE_001,control,2026-05-15 00:00:00,v1
U004717,EXP_FINISH_PAGE_001,control,2026-05-16 10:00:00,v1
U004718,EXP_FINISH_PAGE_001,treatment,2026-05-15 00:00:00,v1
U004719,EXP_FINISH_PAGE_001,treatment,2026-06-29 11:00:00,v1
U004720,EXP_FINISH_PAGE_001,treatment,2026-06-12 08:00:00,v1
U004721,EXP_FINISH_PAGE_001,treatment,2026-06-15 20:00:00,v1
U004722,EXP_FINISH_PAGE_001,treatment,2026-05-15 00:00:00,v1
U004723,EXP_FINISH_PAGE_001,treatment,2026-05-29 13:00:00,v1
U004724,EXP_FINISH_PAGE_001,control,2026-05-17 21:00:00,v1
U004725,EXP_FINISH_PAGE_001,treatment,2026-06-09 17:00:00,v1
U004726,EXP_FINISH_PAGE_001,treatment,2026-05-15 00:00:00,v1
U004727,EXP_FINISH_PAGE_001,treatment,2026-06-28 19:00:00,v1
U004728,EXP_FINISH_PAGE_001,treatment,2026-06-27 20:00:00,v1
U004729,EXP_FINISH_PAGE_001,control,2026-06-13 15:00:00,v1
U004730,EXP_FINISH_PAGE_001,treatment,2026-06-09 10:00:00,v1
U004731,EXP_FINISH_PAGE_001,treatment,2026-05-16 12:00:00,v1
U004732,EXP_FINISH_PAGE_001,control,2026-05-31 17:00:00,v1
U004733,EXP_FINISH_PAGE_001,treatment,2026-05-15 00:00:00,v1
U004734,EXP_FINISH_PAGE_001,treatment,2026-06-19 08:00:00,v1
U004735,EXP_FINISH_PAGE_001,treatment,2026-05-16 14:00:00,v1
U004736,EXP_FINISH_PAGE_001,control,2026-05-15 00:00:00,v1
U004737,EXP_FINISH_PAGE_001,treatment,2026-06-02 19:00:00,v1
U004738,EXP_FINISH_PAGE_001,treatment,2026-06-09 08:00:00,v1
U004739,EXP_FINISH_PAGE_001,control,2026-05-15 00:00:00,v1
U004740,EXP_FINISH_PAGE_001,treatment,2026-05-24 13:00:00,v1
U004741,EXP_FINISH_PAGE_001,control,2026-06-16 13:00:00,v1
U004742,EXP_FINISH_PAGE_001,control,2026-05-15 00:00:00,v1
U004743,EXP_FINISH_PAGE_001,treatment,2026-06-15 20:00:00,v1
U004744,EXP_FINISH_PAGE_001,treatment,2026-05-20 18:00:00,v1
U004745,EXP_FINISH_PAGE_001,treatment,2026-06-02 12:00:00,v1
U004746,EXP_FINISH_PAGE_001,control,2026-05-25 09:00:00,v1
U004747,EXP_FINISH_PAGE_001,treatment,2026-06-06 13:00:00,v1
U004748,EXP_FINISH_PAGE_001,treatment,2026-06-28 19:00:00,v1
U004749,EXP_FINISH_PAGE_001,control,2026-05-18 16:00:00,v1
U004750,EXP_FINISH_PAGE_001,treatment,2026-05-15 00:00:00,v1
U004751,EXP_FINISH_PAGE_001,treatment,2026-05-29 12:00:00,v1
U004752,EXP_FINISH_PAGE_001,control,2026-05-15 19:00:00,v1
U004753,EXP_FINISH_PAGE_001,treatment,2026-05-28 20:00:00,v1
U004754,EXP_FINISH_PAGE_001,control,2026-05-15 00:00:00,v1
U004755,EXP_FINISH_PAGE_001,control,2026-05-26 17:00:00,v1
U004756,EXP_FINISH_PAGE_001,control,2026-05-27 13:00:00,v1
U004757,EXP_FINISH_PAGE_001,control,2026-06-29 08:00:00,v1
U004758,EXP_FINISH_PAGE_001,control,2026-05-20 21:00:00,v1
U004759,EXP_FINISH_PAGE_001,treatment,2026-05-31 21:00:00,v1
U004760,EXP_FINISH_PAGE_001,control,2026-05-31 15:00:00,v1
U004761,EXP_FINISH_PAGE_001,treatment,2026-05-26 20:00:00,v1
U004762,EXP_FINISH_PAGE_001,control,2026-05-15 17:00:00,v1
U004763,EXP_FINISH_PAGE_001,treatment,2026-05-30 12:00:00,v1
U004764,EXP_FINISH_PAGE_001,control,2026-06-15 12:00:00,v1
U004765,EXP_FINISH_PAGE_001,control,2026-06-15 15:00:00,v1
U004766,EXP_FINISH_PAGE_001,treatment,2026-05-22 21:00:00,v1
U004767,EXP_FINISH_PAGE_001,treatment,2026-06-26 10:00:00,v1
U004768,EXP_FINISH_PAGE_001,treatment,2026-06-12 11:00:00,v1
U004769,EXP_FINISH_PAGE_001,treatment,2026-05-16 13:00:00,v1
U004770,EXP_FINISH_PAGE_001,control,2026-06-15 16:00:00,v1
U004771,EXP_FINISH_PAGE_001,treatment,2026-06-13 15:00:00,v1
U004772,EXP_FINISH_PAGE_001,treatment,2026-05-15 00:00:00,v1
U004773,EXP_FINISH_PAGE_001,treatment,2026-06-29 20:00:00,v1
U004774,EXP_FINISH_PAGE_001,treatment,2026-05-15 00:00:00,v1
U004775,EXP_FINISH_PAGE_001,treatment,2026-05-27 19:00:00,v1
U004776,EXP_FINISH_PAGE_001,control,2026-05-15 00:00:00,v1
U004777,EXP_FINISH_PAGE_001,control,2026-05-16 13:00:00,v1
U004778,EXP_FINISH_PAGE_001,treatment,2026-05-15 00:00:00,v1
U004779,EXP_FINISH_PAGE_001,control,2026-05-15 00:00:00,v1
U004780,EXP_FINISH_PAGE_001,control,2026-06-04 13:00:00,v1
U004781,EXP_FINISH_PAGE_001,treatment,2026-05-24 14:00:00,v1
U004782,EXP_FINISH_PAGE_001,control,2026-06-04 13:00:00,v1
U004783,EXP_FINISH_PAGE_001,control,2026-06-22 21:00:00,v1
U004784,EXP_FINISH_PAGE_001,treatment,2026-06-27 15:00:00,v1
U004785,EXP_FINISH_PAGE_001,control,2026-05-20 18:00:00,v1
U004786,EXP_FINISH_PAGE_001,treatment,2026-05-22 14:00:00,v1
U004787,EXP_FINISH_PAGE_001,control,2026-05-24 20:00:00,v1
U004788,EXP_FINISH_PAGE_001,control,2026-05-15 00:00:00,v1
U004789,EXP_FINISH_PAGE_001,control,2026-05-15 00:00:00,v1
U004790,EXP_FINISH_PAGE_001,treatment,2026-06-11 15:00:00,v1
U004791,EXP_FINISH_PAGE_001,control,2026-05-29 19:00:00,v1
U004792,EXP_FINISH_PAGE_001,treatment,2026-05-15 00:00:00,v1
U004793,EXP_FINISH_PAGE_001,control,2026-05-15 00:00:00,v1
U004794,EXP_FINISH_PAGE_001,treatment,2026-05-15 00:00:00,v1
U004795,EXP_FINISH_PAGE_001,control,2026-06-10 16:00:00,v1
U004796,EXP_FINISH_PAGE_001,treatment,2026-06-25 08:00:00,v1
U004797,EXP_FINISH_PAGE_001,treatment,2026-06-15 09:00:00,v1
U004798,EXP_FINISH_PAGE_001,treatment,2026-05-15 00:00:00,v1
U004799,EXP_FINISH_PAGE_001,treatment,2026-06-16 15:00:00,v1
U004800,EXP_FINISH_PAGE_001,control,2026-06-15 17:00:00,v1
U004801,EXP_FINISH_PAGE_001,control,2026-06-11 14:00:00,v1
U004802,EXP_FINISH_PAGE_001,treatment,2026-05-15 00:00:00,v1
U004803,EXP_FINISH_PAGE_001,treatment,2026-06-07 18:00:00,v1
U004804,EXP_FINISH_PAGE_001,control,2026-06-26 15:00:00,v1
U004805,EXP_FINISH_PAGE_001,treatment,2026-05-15 00:00:00,v1
U004806,EXP_FINISH_PAGE_001,treatment,2026-06-22 20:00:00,v1
U004807,EXP_FINISH_PAGE_001,treatment,2026-05-23 15:00:00,v1
U004808,EXP_FINISH_PAGE_001,control,2026-06-07 21:00:00,v1
U004809,EXP_FINISH_PAGE_001,treatment,2026-05-31 20:00:00,v1
U004810,EXP_FINISH_PAGE_001,control,2026-05-15 00:00:00,v1
U004811,EXP_FINISH_PAGE_001,control,2026-06-19 21:00:00,v1
U004812,EXP_FINISH_PAGE_001,control,2026-06-03 17:00:00,v1
U004813,EXP_FINISH_PAGE_001,treatment,2026-06-13 16:00:00,v1
U004814,EXP_FINISH_PAGE_001,control,2026-05-29 11:00:00,v1
U004815,EXP_FINISH_PAGE_001,treatment,2026-05-18 19:00:00,v1
U004816,EXP_FINISH_PAGE_001,control,2026-05-22 10:00:00,v1
U004817,EXP_FINISH_PAGE_001,control,2026-06-10 16:00:00,v1
U004818,EXP_FINISH_PAGE_001,treatment,2026-05-15 00:00:00,v1
U004819,EXP_FINISH_PAGE_001,treatment,2026-06-06 12:00:00,v1
U004820,EXP_FINISH_PAGE_001,control,2026-06-23 09:00:00,v1
U004821,EXP_FINISH_PAGE_001,treatment,2026-05-15 18:00:00,v1
U004822,EXP_FINISH_PAGE_001,control,2026-06-24 18:00:00,v1
U004823,EXP_FINISH_PAGE_001,treatment,2026-06-21 13:00:00,v1
U004824,EXP_FINISH_PAGE_001,control,2026-06-09 15:00:00,v1
U004825,EXP_FINISH_PAGE_001,treatment,2026-05-15 00:00:00,v1
U004826,EXP_FINISH_PAGE_001,control,2026-05-25 15:00:00,v1
U004827,EXP_FINISH_PAGE_001,treatment,2026-05-15 00:00:00,v1
U004828,EXP_FINISH_PAGE_001,control,2026-05-17 14:00:00,v1
U004829,EXP_FINISH_PAGE_001,treatment,2026-06-13 10:00:00,v1
U004830,EXP_FINISH_PAGE_001,treatment,2026-06-10 15:00:00,v1
U004831,EXP_FINISH_PAGE_001,control,2026-05-15 00:00:00,v1
U004832,EXP_FINISH_PAGE_001,treatment,2026-06-21 20:00:00,v1
U004833,EXP_FINISH_PAGE_001,treatment,2026-06-05 10:00:00,v1
U004834,EXP_FINISH_PAGE_001,control,2026-05-27 16:00:00,v1
U004835,EXP_FINISH_PAGE_001,control,2026-06-09 20:00:00,v1
U004836,EXP_FINISH_PAGE_001,treatment,2026-05-26 21:00:00,v1
U004837,EXP_FINISH_PAGE_001,treatment,2026-06-13 09:00:00,v1
U004838,EXP_FINISH_PAGE_001,control,2026-05-15 21:00:00,v1
U004839,EXP_FINISH_PAGE_001,treatment,2026-05-15 00:00:00,v1
U004840,EXP_FINISH_PAGE_001,treatment,2026-06-23 19:00:00,v1
U004841,EXP_FINISH_PAGE_001,control,2026-05-15 00:00:00,v1
U004842,EXP_FINISH_PAGE_001,control,2026-05-28 08:00:00,v1
U004843,EXP_FINISH_PAGE_001,control,2026-05-15 00:00:00,v1
U004844,EXP_FINISH_PAGE_001,control,2026-05-15 00:00:00,v1
U004845,EXP_FINISH_PAGE_001,treatment,2026-06-03 20:00:00,v1
U004846,EXP_FINISH_PAGE_001,control,2026-05-29 15:00:00,v1
U004847,EXP_FINISH_PAGE_001,treatment,2026-05-15 00:00:00,v1
U004848,EXP_FINISH_PAGE_001,control,2026-06-03 08:00:00,v1
U004849,EXP_FINISH_PAGE_001,control,2026-06-13 13:00:00,v1
U004850,EXP_FINISH_PAGE_001,control,2026-05-20 09:00:00,v1
U004851,EXP_FINISH_PAGE_001,treatment,2026-05-28 17:00:00,v1
U004852,EXP_FINISH_PAGE_001,treatment,2026-05-15 00:00:00,v1
U004853,EXP_FINISH_PAGE_001,treatment,2026-06-22 20:00:00,v1
U004854,EXP_FINISH_PAGE_001,control,2026-05-15 00:00:00,v1
U004855,EXP_FINISH_PAGE_001,treatment,2026-05-15 00:00:00,v1
U004856,EXP_FINISH_PAGE_001,control,2026-06-25 16:00:00,v1
U004857,EXP_FINISH_PAGE_001,control,2026-06-18 20:00:00,v1
U004858,EXP_FINISH_PAGE_001,treatment,2026-06-27 21:00:00,v1
U004859,EXP_FINISH_PAGE_001,treatment,2026-05-17 13:00:00,v1
U004860,EXP_FINISH_PAGE_001,control,2026-06-04 16:00:00,v1
U004861,EXP_FINISH_PAGE_001,control,2026-05-26 11:00:00,v1
U004862,EXP_FINISH_PAGE_001,control,2026-05-15 00:00:00,v1
U004863,EXP_FINISH_PAGE_001,treatment,2026-06-20 12:00:00,v1
U004864,EXP_FINISH_PAGE_001,control,2026-06-11 15:00:00,v1
U004865,EXP_FINISH_PAGE_001,control,2026-06-27 09:00:00,v1
U004866,EXP_FINISH_PAGE_001,treatment,2026-06-17 13:00:00,v1
U004867,EXP_FINISH_PAGE_001,control,2026-05-27 13:00:00,v1
U004868,EXP_FINISH_PAGE_001,treatment,2026-05-20 12:00:00,v1
U004869,EXP_FINISH_PAGE_001,control,2026-05-15 00:00:00,v1
U004870,EXP_FINISH_PAGE_001,treatment,2026-06-09 12:00:00,v1
U004871,EXP_FINISH_PAGE_001,control,2026-05-21 08:00:00,v1
U004872,EXP_FINISH_PAGE_001,treatment,2026-05-29 14:00:00,v1
U004873,EXP_FINISH_PAGE_001,control,2026-05-30 19:00:00,v1
U004874,EXP_FINISH_PAGE_001,treatment,2026-05-23 17:00:00,v1
U004875,EXP_FINISH_PAGE_001,control,2026-05-15 14:00:00,v1
U004876,EXP_FINISH_PAGE_001,control,2026-05-15 00:00:00,v1
U004877,EXP_FINISH_PAGE_001,treatment,2026-05-15 00:00:00,v1
U004878,EXP_FINISH_PAGE_001,control,2026-06-22 09:00:00,v1
U004879,EXP_FINISH_PAGE_001,control,2026-06-03 11:00:00,v1
U004880,EXP_FINISH_PAGE_001,treatment,2026-06-18 14:00:00,v1
U004881,EXP_FINISH_PAGE_001,treatment,2026-06-07 13:00:00,v1
U004882,EXP_FINISH_PAGE_001,control,2026-05-15 00:00:00,v1
U004883,EXP_FINISH_PAGE_001,treatment,2026-06-14 14:00:00,v1
U004884,EXP_FINISH_PAGE_001,treatment,2026-06-21 13:00:00,v1
U004885,EXP_FINISH_PAGE_001,control,2026-05-15 00:00:00,v1
U004886,EXP_FINISH_PAGE_001,treatment,2026-06-18 15:00:00,v1
U004887,EXP_FINISH_PAGE_001,control,2026-05-25 12:00:00,v1
U004888,EXP_FINISH_PAGE_001,treatment,2026-06-16 16:00:00,v1
U004889,EXP_FINISH_PAGE_001,control,2026-05-15 00:00:00,v1
U004890,EXP_FINISH_PAGE_001,control,2026-05-20 12:00:00,v1
U004891,EXP_FINISH_PAGE_001,control,2026-05-15 00:00:00,v1
U004892,EXP_FINISH_PAGE_001,control,2026-05-15 00:00:00,v1
U004893,EXP_FINISH_PAGE_001,control,2026-05-15 00:00:00,v1
U004894,EXP_FINISH_PAGE_001,control,2026-05-15 00:00:00,v1
U004895,EXP_FINISH_PAGE_001,control,2026-06-16 10:00:00,v1
U004896,EXP_FINISH_PAGE_001,control,2026-05-17 13:00:00,v1
U004897,EXP_FINISH_PAGE_001,treatment,2026-06-23 18:00:00,v1
U004898,EXP_FINISH_PAGE_001,control,2026-05-17 14:00:00,v1
U004899,EXP_FINISH_PAGE_001,treatment,2026-05-18 14:00:00,v1
U004900,EXP_FINISH_PAGE_001,control,2026-06-19 16:00:00,v1
U004901,EXP_FINISH_PAGE_001,treatment,2026-06-16 10:00:00,v1
U004902,EXP_FINISH_PAGE_001,control,2026-06-05 12:00:00,v1
U004903,EXP_FINISH_PAGE_001,control,2026-05-16 20:00:00,v1
U004904,EXP_FINISH_PAGE_001,treatment,2026-05-25 20:00:00,v1
U004905,EXP_FINISH_PAGE_001,treatment,2026-06-08 10:00:00,v1
U004906,EXP_FINISH_PAGE_001,treatment,2026-05-23 18:00:00,v1
U004907,EXP_FINISH_PAGE_001,control,2026-06-01 10:00:00,v1
U004908,EXP_FINISH_PAGE_001,treatment,2026-05-15 00:00:00,v1
U004909,EXP_FINISH_PAGE_001,control,2026-06-25 10:00:00,v1
U004910,EXP_FINISH_PAGE_001,treatment,2026-06-05 12:00:00,v1
U004911,EXP_FINISH_PAGE_001,control,2026-06-19 16:00:00,v1
U004912,EXP_FINISH_PAGE_001,control,2026-05-31 16:00:00,v1
U004913,EXP_FINISH_PAGE_001,treatment,2026-06-13 21:00:00,v1
U004914,EXP_FINISH_PAGE_001,control,2026-05-16 10:00:00,v1
U004915,EXP_FINISH_PAGE_001,control,2026-06-13 14:00:00,v1
U004916,EXP_FINISH_PAGE_001,control,2026-05-15 00:00:00,v1
U004917,EXP_FINISH_PAGE_001,treatment,2026-05-23 21:00:00,v1
U004918,EXP_FINISH_PAGE_001,control,2026-06-21 17:00:00,v1
U004919,EXP_FINISH_PAGE_001,treatment,2026-05-15 00:00:00,v1
U004920,EXP_FINISH_PAGE_001,control,2026-06-25 15:00:00,v1
U004921,EXP_FINISH_PAGE_001,control,2026-05-15 00:00:00,v1
U004922,EXP_FINISH_PAGE_001,treatment,2026-06-09 18:00:00,v1
U004923,EXP_FINISH_PAGE_001,control,2026-05-16 17:00:00,v1
U004924,EXP_FINISH_PAGE_001,treatment,2026-05-29 09:00:00,v1
U004925,EXP_FINISH_PAGE_001,treatment,2026-05-15 00:00:00,v1
U004926,EXP_FINISH_PAGE_001,control,2026-05-30 12:00:00,v1
U004927,EXP_FINISH_PAGE_001,control,2026-05-15 00:00:00,v1
U004928,EXP_FINISH_PAGE_001,treatment,2026-06-11 20:00:00,v1
U004929,EXP_FINISH_PAGE_001,treatment,2026-06-06 08:00:00,v1
U004930,EXP_FINISH_PAGE_001,treatment,2026-05-15 00:00:00,v1
U004931,EXP_FINISH_PAGE_001,treatment,2026-06-06 18:00:00,v1
U004932,EXP_FINISH_PAGE_001,treatment,2026-05-15 11:00:00,v1
U004933,EXP_FINISH_PAGE_001,control,2026-06-04 19:00:00,v1
U004934,EXP_FINISH_PAGE_001,control,2026-05-15 00:00:00,v1
U004935,EXP_FINISH_PAGE_001,control,2026-06-03 14:00:00,v1
U004936,EXP_FINISH_PAGE_001,control,2026-05-25 08:00:00,v1
U004937,EXP_FINISH_PAGE_001,control,2026-05-15 00:00:00,v1
U004938,EXP_FINISH_PAGE_001,treatment,2026-06-10 18:00:00,v1
U004939,EXP_FINISH_PAGE_001,control,2026-05-26 08:00:00,v1
U004940,EXP_FINISH_PAGE_001,control,2026-06-27 09:00:00,v1
U004941,EXP_FINISH_PAGE_001,control,2026-05-15 00:00:00,v1
U004942,EXP_FINISH_PAGE_001,control,2026-05-15 00:00:00,v1
U004943,EXP_FINISH_PAGE_001,treatment,2026-05-15 00:00:00,v1
U004944,EXP_FINISH_PAGE_001,control,2026-05-24 18:00:00,v1
U004945,EXP_FINISH_PAGE_001,treatment,2026-05-21 08:00:00,v1
U004946,EXP_FINISH_PAGE_001,control,2026-05-21 10:00:00,v1
U004947,EXP_FINISH_PAGE_001,control,2026-05-15 00:00:00,v1
U004948,EXP_FINISH_PAGE_001,control,2026-06-26 18:00:00,v1
U004949,EXP_FINISH_PAGE_001,control,2026-06-15 16:00:00,v1
U004950,EXP_FINISH_PAGE_001,control,2026-05-28 13:00:00,v1
U004951,EXP_FINISH_PAGE_001,treatment,2026-05-15 00:00:00,v1
U004952,EXP_FINISH_PAGE_001,control,2026-06-08 10:00:00,v1
U004953,EXP_FINISH_PAGE_001,treatment,2026-05-31 09:00:00,v1
U004954,EXP_FINISH_PAGE_001,treatment,2026-06-06 13:00:00,v1
U004955,EXP_FINISH_PAGE_001,treatment,2026-06-04 15:00:00,v1
U004956,EXP_FINISH_PAGE_001,control,2026-05-15 00:00:00,v1
U004957,EXP_FINISH_PAGE_001,control,2026-05-15 00:00:00,v1
U004958,EXP_FINISH_PAGE_001,treatment,2026-05-23 15:00:00,v1
U004959,EXP_FINISH_PAGE_001,control,2026-06-01 19:00:00,v1
U004960,EXP_FINISH_PAGE_001,treatment,2026-05-15 00:00:00,v1
U004961,EXP_FINISH_PAGE_001,control,2026-06-12 09:00:00,v1
U004962,EXP_FINISH_PAGE_001,control,2026-06-03 11:00:00,v1
U004963,EXP_FINISH_PAGE_001,treatment,2026-05-15 00:00:00,v1
U004964,EXP_FINISH_PAGE_001,control,2026-05-22 19:00:00,v1
U004965,EXP_FINISH_PAGE_001,control,2026-05-15 00:00:00,v1
U004966,EXP_FINISH_PAGE_001,control,2026-05-15 10:00:00,v1
U004967,EXP_FINISH_PAGE_001,control,2026-06-12 19:00:00,v1
U004968,EXP_FINISH_PAGE_001,treatment,2026-06-23 15:00:00,v1
U004969,EXP_FINISH_PAGE_001,treatment,2026-05-21 15:00:00,v1
U004970,EXP_FINISH_PAGE_001,control,2026-06-10 12:00:00,v1
U004971,EXP_FINISH_PAGE_001,treatment,2026-05-15 00:00:00,v1
U004972,EXP_FINISH_PAGE_001,control,2026-06-10 18:00:00,v1
U004973,EXP_FINISH_PAGE_001,treatment,2026-05-16 15:00:00,v1
U004974,EXP_FINISH_PAGE_001,control,2026-06-10 15:00:00,v1
U004975,EXP_FINISH_PAGE_001,treatment,2026-06-20 16:00:00,v1
U004976,EXP_FINISH_PAGE_001,control,2026-05-15 00:00:00,v1
U004977,EXP_FINISH_PAGE_001,treatment,2026-05-15 00:00:00,v1
U004978,EXP_FINISH_PAGE_001,control,2026-05-15 00:00:00,v1
U004979,EXP_FINISH_PAGE_001,control,2026-06-28 12:00:00,v1
U004980,EXP_FINISH_PAGE_001,treatment,2026-06-06 16:00:00,v1
U004981,EXP_FINISH_PAGE_001,control,2026-05-15 00:00:00,v1
U004982,EXP_FINISH_PAGE_001,treatment,2026-06-29 16:00:00,v1
U004983,EXP_FINISH_PAGE_001,treatment,2026-05-30 08:00:00,v1
U004984,EXP_FINISH_PAGE_001,treatment,2026-05-15 00:00:00,v1
U004985,EXP_FINISH_PAGE_001,treatment,2026-05-15 00:00:00,v1
U004986,EXP_FINISH_PAGE_001,treatment,2026-05-15 00:00:00,v1
U004987,EXP_FINISH_PAGE_001,treatment,2026-06-01 11:00:00,v1
U004988,EXP_FINISH_PAGE_001,control,2026-05-15 00:00:00,v1
U004989,EXP_FINISH_PAGE_001,treatment,2026-06-27 19:00:00,v1
U004990,EXP_FINISH_PAGE_001,control,2026-05-15 00:00:00,v1
U004991,EXP_FINISH_PAGE_001,treatment,2026-06-20 21:00:00,v1
U004992,EXP_FINISH_PAGE_001,treatment,2026-05-15 00:00:00,v1
U004993,EXP_FINISH_PAGE_001,control,2026-06-18 19:00:00,v1
U004994,EXP_FINISH_PAGE_001,control,2026-05-15 00:00:00,v1
U004995,EXP_FINISH_PAGE_001,control,2026-06-19 08:00:00,v1
U004996,EXP_FINISH_PAGE_001,treatment,2026-06-12 21:00:00,v1
U004997,EXP_FINISH_PAGE_001,control,2026-06-08 11:00:00,v1
U004998,EXP_FINISH_PAGE_001,treatment,2026-05-15 00:00:00,v1
U004999,EXP_FINISH_PAGE_001,treatment,2026-05-15 00:00:00,v1
U005000,EXP_FINISH_PAGE_001,control,2026-05-29 16:00:00,v1
