task_id,model_version,clarity_score,motion_score,style_score,human_score,complaint_flag
T00000002,Model_A,3.74,4.1,3.11,3.4,0
T00000009,Model_A,3.12,2.49,3.42,3.11,0
T00000010,Model_A,2.83,4.04,3.9,3.45,0
T00000011,Model_A,3.8,3.32,3.74,3.73,0
T00000012,Model_A,3.48,3.53,3.32,3.55,0
T00000013,Model_A,2.66,2.91,3.33,2.93,0
T00000016,Model_A,3.58,3.96,3.93,3.96,0
T00000025,Model_A,3.6,3.56,3.62,3.62,0
T00000026,Model_A,4.1,4.82,3.86,4.52,0
T00000029,Model_A,4.19,4.05,2.79,3.79,0
T00000030,Model_A,4.52,3.35,3.3,3.92,0
T00000032,Model_A,3.21,3.48,3.8,3.23,0
T00000040,Model_A,3.45,2.69,2.59,3.16,0
T00000041,Model_A,4.26,3.89,3.72,4.04,0
T00000043,Model_A,4.23,3.62,2.89,3.75,0
T00000044,Model_A,4.89,3.56,3.73,4.39,0
T00000047,Model_A,3.32,3.07,3.43,3.32,0
T00000048,Model_A,4.13,2.54,3.46,3.19,0
T00000050,Model_A,2.56,3.35,3.01,2.91,0
T00000052,Model_A,3.78,3.36,3.46,3.69,0
T00000054,Model_A,3.31,3.44,3.48,3.49,0
T00000055,Model_A,3.26,3.98,2.96,3.1,0
T00000057,Model_A,2.95,3.21,2.87,3.01,0
T00000058,Model_A,3.76,4.47,3.44,3.79,0
T00000059,Model_A,3.45,3.21,3.34,3.4,0
T00000064,Model_A,3.42,3.46,3.93,3.55,0
T00000066,Model_A,3.37,3.29,3.86,3.24,0
T00000070,Model_A,3.49,3.26,3.39,3.18,0
T00000080,Model_A,3.96,2.94,3.12,3.53,0
T00000085,Model_A,3.54,4.11,4.66,4.11,0
T00000100,Model_A,3.62,3.65,4.0,3.38,0
T00000104,Model_A,4.09,3.64,3.49,3.69,0
T00000106,Model_A,3.23,3.59,3.08,3.25,0
T00000108,Model_A,3.88,3.93,3.46,3.83,0
T00000110,Model_A,3.55,3.98,2.97,3.52,0
T00000113,Model_A,4.25,3.01,3.38,3.57,0
T00000115,Model_A,3.37,3.95,4.42,3.89,0
T00000121,Model_A,4.28,3.35,3.84,3.72,0
T00000134,Model_A,3.59,2.78,3.51,3.44,0
T00000136,Model_A,3.46,3.91,3.72,3.68,0
T00000137,Model_A,3.55,2.83,3.34,3.19,0
T00000140,Model_A,4.03,3.42,3.66,3.98,0
T00000141,Model_A,3.82,3.64,3.66,3.77,0
T00000142,Model_A,3.63,3.73,3.57,3.6,0
T00000144,Model_A,3.73,4.36,2.63,3.56,0
T00000147,Model_A,4.46,2.87,2.67,3.28,0
T00000149,Model_A,3.02,3.73,2.87,3.48,0
T00000153,Model_A,4.02,3.55,3.79,3.89,0
T00000157,Model_A,3.1,3.73,3.45,3.42,0
T00000159,Model_A,3.51,3.9,4.02,3.66,0
T00000163,Model_A,4.62,3.85,2.39,3.56,0
T00000164,Model_A,3.76,4.25,2.76,3.59,0
T00000165,Model_A,3.74,3.15,3.35,3.38,0
T00000171,Model_A,3.86,3.19,3.71,3.56,0
T00000172,Model_A,3.49,2.89,3.69,3.4,0
T00000173,Model_A,2.89,3.92,3.39,3.33,0
T00000174,Model_A,2.67,4.21,3.84,3.61,0
T00000175,Model_A,3.6,4.06,3.16,3.62,0
T00000176,Model_A,4.07,3.8,4.18,4.04,0
T00000183,Model_A,3.59,2.97,3.75,3.4,0
T00000187,Model_A,3.67,3.79,3.36,3.71,0
T00000188,Model_A,3.59,4.26,2.76,3.85,0
T00000190,Model_A,3.93,2.78,2.85,2.87,0
T00000192,Model_A,4.1,3.28,3.75,3.82,0
T00000193,Model_A,3.36,4.08,3.8,4.05,0
T00000197,Model_A,3.1,2.95,4.2,3.47,0
T00000200,Model_A,3.57,3.25,2.43,3.14,0
T00000206,Model_A,3.45,3.66,4.17,3.48,0
T00000207,Model_A,4.08,2.88,3.69,3.78,0
T00000208,Model_A,3.98,3.67,3.29,3.71,0
T00000210,Model_A,2.99,2.91,2.55,3.1,0
T00000212,Model_A,2.91,3.47,3.73,3.46,0
T00000215,Model_A,3.7,4.18,2.9,3.57,0
T00000217,Model_A,4.18,3.71,2.78,3.49,0
T00000218,Model_A,2.79,3.75,3.56,3.38,0
T00000220,Model_A,3.7,4.12,3.12,3.91,0
T00000221,Model_A,4.65,3.22,2.6,3.7,0
T00000223,Model_A,3.57,3.69,3.82,3.82,0
T00000226,Model_A,3.6,3.93,2.83,3.56,0
T00000229,Model_A,3.6,3.98,3.53,3.83,0
T00000233,Model_A,3.2,4.33,3.71,3.8,0
T00000236,Model_A,3.58,3.51,2.81,3.16,0
T00000238,Model_A,3.65,2.89,3.38,3.3,0
T00000239,Model_A,3.54,3.19,3.98,3.48,0
T00000241,Model_A,4.25,2.45,3.82,3.42,0
T00000243,Model_A,3.2,3.47,4.67,3.91,0
T00000244,Model_A,3.11,3.11,4.1,3.05,0
T00000247,Model_A,3.32,3.33,3.54,3.31,0
T00000248,Model_A,3.94,3.42,3.69,3.57,0
T00000249,Model_A,3.44,3.7,3.46,3.32,0
T00000250,Model_A,3.55,4.01,2.91,3.38,0
T00000257,Model_A,3.55,3.79,3.35,3.6,0
T00000259,Model_A,3.74,3.75,4.01,3.9,0
T00000260,Model_A,4.26,3.65,2.7,3.43,0
T00000261,Model_A,4.54,3.71,3.49,3.99,0
T00000262,Model_A,4.06,4.78,3.48,4.25,0
T00000264,Model_A,3.52,3.69,3.44,3.73,0
T00000269,Model_A,3.31,3.24,2.97,3.22,0
T00000270,Model_A,4.08,3.49,3.71,3.89,0
T00000271,Model_A,2.64,4.27,3.58,3.1,0
T00000280,Model_A,3.88,3.16,3.97,3.67,0
T00000281,Model_A,3.71,3.27,2.97,3.41,0
T00000287,Model_A,3.5,3.06,2.94,3.32,0
T00000288,Model_A,3.31,4.07,2.41,3.64,0
T00000289,Model_A,4.18,3.35,3.81,3.99,0
T00000295,Model_A,3.84,3.35,3.08,3.56,0
T00000296,Model_A,3.83,4.12,3.81,3.85,0
T00000302,Model_A,3.08,3.23,3.19,3.16,0
T00000306,Model_A,3.38,3.7,3.97,3.84,0
T00000307,Model_A,3.68,3.89,3.24,3.83,0
T00000309,Model_A,3.24,3.47,3.69,3.71,0
T00000310,Model_A,3.67,3.45,3.13,3.61,0
T00000312,Model_A,3.5,4.0,2.77,3.47,0
T00000314,Model_A,4.45,3.55,3.55,3.81,0
T00000316,Model_A,3.6,3.53,2.6,3.2,0
T00000318,Model_A,3.56,3.32,3.55,3.41,0
T00000321,Model_A,4.43,4.21,2.76,3.93,0
T00000322,Model_A,3.65,3.64,3.61,3.66,0
T00000323,Model_A,4.12,4.36,4.72,4.48,0
T00000324,Model_A,3.99,3.82,3.14,3.63,0
T00000325,Model_A,4.87,3.32,4.76,4.25,0
T00000332,Model_A,3.57,3.39,3.64,3.74,0
T00000333,Model_A,3.78,3.07,3.53,3.33,0
T00000335,Model_A,2.9,3.13,3.47,3.18,0
T00000336,Model_A,3.41,3.19,3.01,3.01,0
T00000337,Model_A,3.5,3.51,3.27,3.29,0
T00000343,Model_A,2.82,3.74,3.11,3.47,0
T00000344,Model_A,4.16,3.01,2.96,3.47,0
T00000345,Model_A,3.16,3.68,3.77,3.24,0
T00000347,Model_A,3.61,3.33,3.13,3.32,0
T00000357,Model_A,3.0,4.31,3.98,3.7,0
T00000369,Model_A,2.92,3.8,3.09,3.31,0
T00000371,Model_A,4.1,3.83,3.5,3.49,0
T00000374,Model_A,3.97,3.25,3.12,3.37,0
T00000378,Model_A,3.82,4.23,3.16,3.84,0
T00000380,Model_A,3.68,3.65,3.5,3.8,1
T00000381,Model_A,4.08,4.22,3.89,3.96,0
T00000391,Model_A,3.88,3.45,4.09,3.76,0
T00000396,Model_A,4.39,3.72,3.42,3.99,0
T00000397,Model_A,4.32,3.88,3.15,3.73,0
T00000405,Model_A,3.89,3.66,4.15,3.8,0
T00000409,Model_A,3.31,3.5,3.74,3.6,0
T00000412,Model_A,3.54,3.29,3.81,3.61,0
T00000415,Model_A,3.59,3.06,3.75,3.44,0
T00000417,Model_A,4.1,3.56,3.5,3.84,0
T00000420,Model_A,3.98,3.28,3.04,3.37,0
T00000422,Model_A,3.11,4.36,4.16,3.85,0
T00000425,Model_A,3.15,3.87,3.21,3.3,0
T00000431,Model_A,3.57,3.73,4.08,3.69,0
T00000435,Model_A,3.8,4.49,4.31,4.1,0
T00000441,Model_A,3.72,3.86,3.75,3.69,0
T00000446,Model_A,4.07,3.69,3.16,3.68,0
T00000447,Model_A,3.78,3.0,3.15,3.36,0
T00000448,Model_A,3.91,3.47,3.36,3.94,0
T00000453,Model_A,3.33,3.35,3.82,3.24,0
T00000454,Model_A,3.11,4.2,3.65,3.8,0
T00000458,Model_A,3.73,3.64,3.05,3.38,0
T00000460,Model_A,3.45,3.58,2.96,3.36,0
T00000474,Model_A,3.1,3.96,3.42,3.51,0
T00000482,Model_A,3.59,3.29,4.01,3.78,0
T00000484,Model_A,3.19,3.35,3.85,3.48,0
T00000487,Model_A,3.54,3.49,3.3,3.29,0
T00000488,Model_A,3.74,3.36,3.93,3.59,0
T00000491,Model_A,4.0,3.45,3.66,3.51,0
T00000492,Model_A,4.47,4.09,3.92,4.09,0
T00000496,Model_A,4.35,3.83,3.39,3.98,0
T00000499,Model_A,4.07,3.06,3.03,3.46,0
T00000503,Model_A,2.96,4.19,3.16,3.37,0
T00000510,Model_A,3.54,3.39,3.77,3.77,0
T00000512,Model_A,4.44,3.98,3.02,4.01,0
T00000516,Model_A,3.17,3.63,3.49,3.6,0
T00000517,Model_A,2.74,2.91,3.47,3.08,0
T00000518,Model_A,3.82,2.56,3.89,3.52,0
T00000519,Model_A,3.95,3.83,3.43,3.72,0
T00000526,Model_A,4.27,3.77,3.31,3.71,0
T00000529,Model_A,4.22,2.56,4.16,3.36,0
T00000530,Model_A,2.76,3.2,3.32,3.07,0
T00000532,Model_A,4.13,3.86,3.53,3.89,0
T00000533,Model_A,4.49,3.78,4.04,4.23,0
T00000535,Model_A,3.23,4.17,3.3,3.62,0
T00000536,Model_A,3.68,2.54,4.71,3.58,0
T00000537,Model_A,4.12,3.42,4.24,3.91,0
T00000538,Model_A,3.66,3.08,3.61,3.61,0
T00000540,Model_A,4.0,3.44,3.67,3.76,0
T00000545,Model_A,3.99,3.29,3.02,3.38,0
T00000546,Model_A,4.02,3.59,2.22,3.16,0
T00000551,Model_A,3.06,3.48,2.97,3.21,0
T00000552,Model_A,3.14,2.92,2.42,3.01,0
T00000556,Model_A,3.64,3.68,3.61,3.75,0
T00000557,Model_A,4.72,3.42,3.03,3.57,0
T00000560,Model_A,3.08,3.6,3.68,3.75,0
T00000562,Model_A,3.24,3.09,2.86,3.11,0
T00000563,Model_A,3.82,3.25,3.94,3.56,0
T00000569,Model_A,4.24,3.14,3.22,3.84,0
T00000571,Model_A,2.92,3.97,3.64,3.59,0
T00000573,Model_A,3.65,3.34,2.83,3.16,0
T00000574,Model_A,4.51,2.44,3.12,3.57,0
T00000577,Model_A,4.34,4.12,4.39,4.16,0
T00000583,Model_A,3.71,3.61,4.37,3.79,0
T00000585,Model_A,3.39,3.85,3.13,3.74,0
T00000587,Model_A,3.85,3.57,3.42,3.68,0
T00000591,Model_A,3.52,2.83,3.85,3.26,0
T00000595,Model_A,4.13,3.86,3.29,3.74,0
T00000598,Model_A,4.03,3.32,3.72,3.97,0
T00000599,Model_A,3.86,2.52,2.92,3.31,0
T00000601,Model_A,3.48,3.4,3.49,3.35,0
T00000605,Model_A,3.12,3.32,3.94,3.23,0
T00000606,Model_A,3.15,4.12,3.26,3.52,0
T00000609,Model_A,2.61,3.9,3.02,3.2,0
T00000610,Model_A,4.03,3.72,3.16,3.7,0
T00000611,Model_A,4.52,4.06,3.92,4.28,0
T00000612,Model_A,3.52,4.04,3.56,4.09,0
T00000615,Model_A,3.78,2.93,3.77,3.55,0
T00000620,Model_A,3.79,3.01,3.75,3.63,0
T00000623,Model_A,3.85,3.98,3.54,3.91,0
T00000625,Model_A,4.06,3.46,3.73,4.14,0
T00000630,Model_A,4.2,3.39,3.14,3.7,0
T00000632,Model_A,2.7,3.0,2.84,3.05,0
T00000633,Model_A,4.15,3.23,3.21,3.53,0
T00000638,Model_A,2.96,4.32,3.32,3.64,0
T00000640,Model_A,4.05,4.17,3.85,4.16,0
T00000641,Model_A,4.44,3.56,3.7,3.72,0
T00000642,Model_A,3.65,3.57,2.97,3.41,0
T00000652,Model_A,3.79,3.51,3.27,3.55,0
T00000654,Model_A,3.41,3.95,3.59,3.69,0
T00000655,Model_A,4.34,3.67,3.96,3.82,0
T00000658,Model_A,3.52,3.38,3.92,3.72,0
T00000673,Model_A,3.65,3.49,3.79,3.92,0
T00000680,Model_A,3.6,2.86,5.0,3.53,0
T00000684,Model_A,4.37,2.98,3.48,3.81,0
T00000685,Model_A,3.79,3.52,4.28,3.84,0
T00000686,Model_A,2.83,3.56,3.44,3.29,0
T00000688,Model_A,2.99,3.71,3.72,3.63,0
T00000689,Model_A,3.59,3.42,3.71,3.45,0
T00000694,Model_A,4.34,3.04,3.17,3.39,0
T00000696,Model_A,2.81,3.22,3.8,3.2,0
T00000704,Model_A,3.45,3.36,3.38,3.17,0
T00000710,Model_A,4.47,3.9,4.04,4.31,0
T00000711,Model_A,2.98,3.46,3.75,3.49,0
T00000717,Model_A,3.12,3.69,3.91,3.5,0
T00000718,Model_A,3.74,2.92,3.81,3.6,0
T00000725,Model_A,3.49,4.47,3.54,3.96,0
T00000727,Model_A,3.82,3.21,2.76,3.58,0
T00000728,Model_A,3.75,3.71,3.65,3.86,0
T00000731,Model_A,3.52,3.59,2.89,3.67,0
T00000737,Model_A,3.42,3.04,2.81,3.15,0
T00000741,Model_A,3.66,4.44,3.45,3.77,0
T00000742,Model_A,2.93,3.78,3.45,3.23,0
T00000743,Model_A,3.52,3.55,3.69,3.88,0
T00000746,Model_A,3.57,3.43,4.07,3.6,0
T00000748,Model_A,2.57,3.61,4.3,3.55,0
T00000750,Model_A,4.09,3.41,2.91,3.53,0
T00000751,Model_A,3.73,3.19,2.67,3.25,0
T00000758,Model_A,2.97,3.89,3.71,3.51,0
T00000764,Model_A,3.28,3.7,4.3,3.51,0
T00000765,Model_A,4.81,3.32,3.13,3.72,0
T00000766,Model_A,2.87,3.71,4.04,2.95,0
T00000778,Model_A,3.79,3.59,3.67,3.56,0
T00000779,Model_A,3.54,3.12,3.4,3.15,0
T00000780,Model_A,4.15,3.48,2.88,3.77,0
T00000784,Model_A,3.56,3.5,2.66,3.25,0
T00000785,Model_A,3.04,3.13,3.97,3.21,0
T00000788,Model_A,3.88,3.51,2.95,3.55,0
T00000790,Model_A,4.73,2.55,3.01,3.36,0
T00000798,Model_A,3.65,3.31,3.24,3.66,0
T00000799,Model_A,3.26,3.36,3.67,3.55,0
T00000800,Model_A,3.66,4.36,2.25,3.3,0
T00000801,Model_A,4.08,4.16,3.07,3.67,0
T00000803,Model_A,3.33,3.32,3.85,3.39,1
T00000806,Model_A,3.73,3.8,2.53,3.37,0
T00000807,Model_A,3.28,3.64,3.82,3.42,0
T00000812,Model_A,3.1,3.65,3.3,3.37,0
T00000816,Model_A,3.59,3.67,3.34,3.34,0
T00000818,Model_A,3.82,2.65,3.54,3.36,0
T00000819,Model_A,3.78,2.82,3.24,3.08,0
T00000821,Model_A,3.19,3.67,3.14,3.41,0
T00000823,Model_A,3.84,2.95,3.28,3.33,0
T00000824,Model_A,3.63,3.79,4.22,3.81,0
T00000825,Model_A,3.76,4.08,3.01,3.45,0
T00000827,Model_A,2.85,3.99,4.21,3.62,0
T00000828,Model_A,2.97,2.77,2.66,2.72,0
T00000832,Model_A,3.71,3.1,3.94,3.59,0
T00000835,Model_A,2.73,3.58,3.18,3.31,0
T00000836,Model_A,4.15,4.07,4.07,3.78,0
T00000842,Model_A,2.66,3.52,3.05,2.75,0
T00000844,Model_A,3.37,3.3,3.12,3.14,0
T00000847,Model_A,3.93,3.76,3.54,3.6,0
T00000848,Model_A,3.98,4.02,3.63,4.08,0
T00000852,Model_A,4.38,2.49,4.67,3.87,0
T00000869,Model_A,3.64,3.32,3.86,3.76,0
T00000873,Model_A,3.56,4.15,3.63,3.78,0
T00000875,Model_A,3.22,3.78,3.22,3.52,0
T00000876,Model_A,3.92,3.5,3.44,3.6,0
T00000878,Model_A,4.25,3.84,2.69,3.79,0
T00000879,Model_A,3.36,2.71,3.84,3.0,0
T00000882,Model_A,4.07,3.5,3.49,3.57,0
T00000883,Model_A,3.85,3.96,2.81,3.44,0
T00000885,Model_A,3.23,3.12,2.81,3.28,0
T00000889,Model_A,3.2,3.09,2.85,3.0,0
T00000891,Model_A,3.65,3.44,3.78,3.79,0
T00000894,Model_A,4.18,3.45,3.28,3.64,0
T00000896,Model_A,3.35,4.22,3.67,3.94,0
T00000900,Model_A,4.35,3.67,4.51,4.3,1
T00000901,Model_A,3.66,3.96,3.44,3.57,0
T00000902,Model_A,2.97,3.5,3.4,3.42,0
T00000904,Model_A,2.8,3.31,3.47,2.94,0
T00000905,Model_A,3.1,3.54,4.01,3.61,0
T00000906,Model_A,3.52,3.82,4.0,3.73,0
T00000907,Model_A,3.32,3.98,3.1,3.33,0
T00000909,Model_A,3.39,3.64,3.37,3.45,0
T00000910,Model_A,3.64,3.62,4.06,3.46,0
T00000911,Model_A,4.04,3.19,3.39,3.53,0
T00000912,Model_A,3.44,3.23,2.99,3.15,0
T00000914,Model_A,4.13,3.18,2.98,3.56,0
T00000918,Model_A,3.63,3.75,2.94,3.45,0
T00000919,Model_A,4.08,3.85,4.02,4.04,0
T00000924,Model_A,4.1,3.08,3.14,3.39,0
T00000929,Model_A,2.53,3.97,4.22,3.46,0
T00000933,Model_A,3.58,2.76,3.38,3.31,0
T00000938,Model_A,4.01,4.61,3.89,4.32,0
T00000939,Model_A,3.11,3.21,2.97,3.01,0
T00000940,Model_A,3.94,3.48,3.67,3.56,0
T00000943,Model_A,3.09,3.41,2.63,3.0,0
T00000944,Model_A,3.88,3.51,2.88,3.59,0
T00000945,Model_A,4.14,3.46,3.59,3.71,0
T00000946,Model_A,2.78,4.01,3.53,3.33,0
T00000947,Model_A,4.24,3.63,3.61,4.1,0
T00000948,Model_A,3.61,3.84,2.84,3.44,0
T00000953,Model_A,3.15,4.14,2.13,3.32,0
T00000955,Model_A,3.72,2.94,3.54,3.27,0
T00000956,Model_A,4.27,2.98,3.97,3.65,0
T00000957,Model_A,3.21,3.05,3.58,3.45,0
T00000960,Model_A,3.39,4.05,3.56,3.92,0
T00000961,Model_A,3.3,3.16,3.27,2.99,0
T00000969,Model_A,3.96,3.25,3.5,3.66,0
T00000971,Model_A,3.44,4.12,2.65,3.06,0
T00000973,Model_A,4.3,3.23,4.68,3.79,0
T00000975,Model_A,3.06,3.36,3.08,3.18,0
T00000976,Model_A,2.86,3.03,3.98,3.05,0
T00000977,Model_A,3.78,3.6,3.47,3.61,0
T00000981,Model_A,3.53,4.15,4.08,3.64,0
T00000983,Model_A,3.18,4.07,3.63,3.29,0
T00000990,Model_A,3.24,3.27,3.13,3.64,0
T00000998,Model_A,3.47,3.26,3.72,3.58,0
T00001000,Model_A,3.79,4.27,3.57,3.94,0
T00001003,Model_A,3.8,3.38,3.48,3.34,0
T00001004,Model_A,3.03,3.45,3.83,3.21,0
T00001005,Model_A,3.6,3.24,3.76,3.78,0
T00001008,Model_A,4.39,2.68,2.96,3.17,0
T00001009,Model_A,3.15,3.37,3.99,3.55,0
T00001013,Model_A,3.94,3.1,3.36,3.2,0
T00001014,Model_A,3.65,3.45,3.62,3.76,0
T00001015,Model_A,3.28,4.0,3.74,3.72,0
T00001022,Model_A,4.09,3.48,3.63,3.7,0
T00001047,Model_A,3.46,3.41,2.9,3.36,0
T00001048,Model_A,3.95,3.35,3.22,3.54,0
T00001050,Model_A,3.64,3.45,2.56,3.53,0
T00001053,Model_A,3.5,2.53,3.6,3.27,0
T00001057,Model_A,3.77,4.3,3.68,3.9,0
T00001058,Model_A,2.98,3.13,2.1,2.76,0
T00001060,Model_A,2.89,4.26,2.11,2.99,0
T00001070,Model_A,3.99,2.37,3.03,3.27,0
T00001074,Model_A,3.95,3.56,3.59,3.74,0
T00001075,Model_A,4.09,3.69,4.9,4.24,0
T00001077,Model_A,4.2,3.49,2.99,3.63,0
T00001080,Model_A,3.99,3.82,3.49,3.91,0
T00001082,Model_A,3.72,3.56,3.41,3.49,0
T00001084,Model_A,3.7,3.47,3.4,3.31,0
T00001086,Model_A,2.93,4.93,2.92,3.67,0
T00001087,Model_A,3.52,3.0,4.29,3.18,0
T00001091,Model_A,4.82,3.76,3.37,3.76,0
T00001096,Model_A,3.98,2.68,3.57,3.4,0
T00001102,Model_A,3.56,2.98,3.47,3.43,0
T00001104,Model_A,2.92,4.21,3.32,3.48,0
T00001110,Model_A,3.84,3.52,3.38,3.66,0
T00001114,Model_A,3.05,3.36,3.34,3.11,0
T00001115,Model_A,3.7,3.56,3.38,3.57,0
T00001117,Model_A,4.22,3.87,3.47,3.8,0
T00001118,Model_A,3.65,3.52,2.8,3.57,0
T00001119,Model_A,2.69,3.67,4.37,3.35,0
T00001120,Model_A,3.57,3.24,2.84,3.12,0
T00001125,Model_A,3.29,3.21,3.26,3.36,0
T00001128,Model_A,4.02,3.69,3.6,3.68,0
T00001129,Model_A,4.07,2.89,3.43,3.64,0
T00001130,Model_A,3.15,3.19,3.52,3.18,0
T00001131,Model_A,3.93,3.1,3.56,3.6,0
T00001132,Model_A,3.47,4.37,4.13,4.06,0
T00001134,Model_A,4.16,3.71,3.01,3.73,0
T00001137,Model_A,3.42,4.07,3.84,3.75,0
T00001138,Model_A,3.91,3.29,3.58,3.47,0
T00001143,Model_A,3.53,3.28,2.86,3.2,0
T00001147,Model_A,3.74,4.43,3.01,3.72,0
T00001148,Model_A,3.23,3.73,3.59,3.16,0
T00001151,Model_A,4.41,3.15,3.67,3.92,0
T00001153,Model_A,2.71,4.1,3.05,3.29,0
T00001159,Model_A,3.45,3.02,2.64,3.14,0
T00001160,Model_A,3.99,3.85,3.08,3.86,0
T00001162,Model_A,3.91,3.57,3.54,3.67,0
T00001164,Model_A,4.0,4.01,3.02,3.78,0
T00001167,Model_A,3.58,3.85,2.69,3.3,0
T00001169,Model_A,3.72,3.9,2.66,3.22,0
T00001170,Model_A,4.39,4.71,4.01,4.23,0
T00001171,Model_A,3.74,2.87,3.68,3.52,0
T00001174,Model_A,3.19,3.06,3.25,3.23,0
T00001175,Model_A,3.74,3.37,4.38,3.8,0
T00001176,Model_A,3.21,2.78,3.82,3.35,0
T00001177,Model_A,3.43,3.0,2.95,3.47,0
T00001178,Model_A,4.12,3.62,3.0,3.56,0
T00001179,Model_A,3.98,3.48,3.17,3.66,0
T00001183,Model_A,3.26,3.99,4.01,3.97,0
T00001186,Model_A,3.95,3.9,3.17,3.72,0
T00001187,Model_A,4.18,3.71,3.23,3.68,0
T00001189,Model_A,2.78,3.6,2.8,3.03,0
T00001191,Model_A,2.93,3.75,3.92,3.4,0
T00001194,Model_A,3.61,3.45,3.13,3.48,0
T00001197,Model_A,3.43,3.53,3.04,3.52,0
T00001201,Model_A,3.51,3.57,3.9,3.39,0
T00001202,Model_A,4.38,2.95,4.07,3.64,0
T00001203,Model_A,3.42,4.43,3.63,3.9,0
T00001206,Model_A,3.99,3.04,3.41,3.33,0
T00001208,Model_A,3.33,4.08,2.15,3.4,0
T00001210,Model_A,3.73,3.3,2.82,3.26,0
T00001213,Model_A,3.7,3.46,3.78,3.63,0
T00001214,Model_A,3.53,2.65,4.5,3.52,0
T00001218,Model_A,3.88,2.89,3.45,3.21,0
T00001222,Model_A,3.07,3.33,3.84,3.34,0
T00001223,Model_A,3.59,3.86,3.71,3.69,0
T00001225,Model_A,3.39,3.79,3.5,3.56,0
T00001233,Model_A,4.2,3.44,4.07,3.73,0
T00001234,Model_A,3.7,4.09,2.71,3.94,0
T00001235,Model_A,3.09,3.33,3.47,3.16,0
T00001237,Model_A,4.02,3.44,3.43,3.73,0
T00001241,Model_A,4.51,3.77,3.75,3.89,0
T00001243,Model_A,3.16,3.85,3.68,3.51,0
T00001245,Model_A,5.0,3.33,2.94,3.91,0
T00001248,Model_A,2.6,3.06,3.97,3.37,0
T00001258,Model_A,4.92,3.82,3.83,4.07,0
T00001262,Model_A,3.28,2.9,3.97,3.39,0
T00001264,Model_A,3.76,3.79,3.31,3.73,0
T00001268,Model_A,3.37,3.37,3.67,3.63,0
T00001270,Model_A,3.82,4.13,3.6,4.08,0
T00001275,Model_A,4.29,3.98,3.48,4.06,0
T00001280,Model_A,3.51,3.89,3.42,3.6,0
T00001282,Model_A,3.88,4.03,4.04,3.96,0
T00001283,Model_A,4.28,3.22,3.66,3.93,0
T00001285,Model_A,4.47,3.28,3.47,4.03,0
T00001290,Model_A,4.95,3.93,3.62,4.23,0
T00001292,Model_A,4.35,4.08,3.7,4.03,0
T00001296,Model_A,3.21,3.37,2.55,3.01,0
T00001297,Model_A,4.11,3.52,3.08,3.72,0
T00001306,Model_A,4.33,4.2,3.77,4.25,1
T00001310,Model_A,3.33,4.17,3.46,3.85,0
T00001312,Model_A,3.11,3.16,3.66,3.25,0
T00001315,Model_A,3.1,2.87,2.76,2.99,0
T00001318,Model_A,3.31,3.31,4.16,3.68,0
T00001319,Model_A,3.24,3.12,2.93,3.26,0
T00001324,Model_A,3.51,3.06,2.37,2.98,0
T00001328,Model_A,3.36,4.23,3.33,3.27,0
T00001329,Model_A,3.72,3.95,3.98,3.81,0
T00001330,Model_A,3.17,3.96,3.29,3.49,0
T00001331,Model_A,4.36,4.32,3.27,3.69,0
T00001340,Model_A,3.53,3.96,3.6,3.64,0
T00001341,Model_A,4.11,3.07,3.61,3.96,0
T00001344,Model_A,3.83,4.06,3.44,3.7,0
T00001346,Model_A,3.73,4.73,2.38,3.53,0
T00001347,Model_A,3.14,3.91,4.19,3.65,0
T00001350,Model_A,4.27,2.92,3.72,3.84,0
T00001352,Model_A,3.03,3.7,2.62,3.04,0
T00001353,Model_A,3.2,3.42,3.86,3.16,0
T00001354,Model_A,3.85,2.63,3.55,3.64,0
T00001359,Model_A,3.33,3.1,3.19,3.35,1
T00001360,Model_A,3.71,2.57,3.29,3.03,0
T00001363,Model_A,3.53,4.84,3.46,3.99,0
T00001365,Model_A,2.9,3.21,3.67,3.34,0
T00001367,Model_A,3.25,3.37,3.45,3.53,0
T00001368,Model_A,3.01,3.32,2.84,2.8,0
T00001370,Model_A,3.65,3.89,4.05,3.74,0
T00001373,Model_A,2.99,3.68,3.18,3.31,0
T00001374,Model_A,4.47,3.62,4.06,4.2,0
T00001375,Model_A,2.91,3.81,4.49,3.71,0
T00001381,Model_A,3.54,3.84,3.91,3.74,0
T00001382,Model_A,3.38,3.53,3.04,3.3,0
T00001383,Model_A,3.96,3.52,3.46,3.68,0
T00001389,Model_A,3.16,3.27,4.09,3.5,0
T00001390,Model_A,3.71,3.83,3.27,3.55,0
T00001392,Model_A,3.74,3.12,2.7,3.11,0
T00001394,Model_A,3.45,3.79,3.24,3.21,0
T00001396,Model_A,3.55,2.71,4.01,3.55,1
T00001401,Model_A,3.59,3.5,2.75,3.36,0
T00001403,Model_A,3.6,3.34,2.74,3.19,0
T00001407,Model_A,4.05,3.75,2.79,3.33,0
T00001408,Model_A,4.11,3.08,4.57,3.83,0
T00001411,Model_A,3.6,3.31,3.37,3.48,0
T00001413,Model_A,4.02,3.12,3.72,3.49,0
T00001414,Model_A,3.49,3.51,4.29,3.53,0
T00001416,Model_A,3.56,3.79,3.08,3.4,0
T00001421,Model_A,4.12,3.45,3.96,3.53,0
T00001422,Model_A,2.88,2.36,3.23,2.9,0
T00001423,Model_A,4.12,3.2,2.78,3.15,0
T00001424,Model_A,3.23,5.0,2.94,3.57,0
T00001427,Model_A,3.78,3.01,3.77,3.35,0
T00001429,Model_A,3.33,4.33,3.42,3.85,0
T00001432,Model_A,3.5,3.3,3.9,3.33,0
T00001439,Model_A,3.95,3.39,3.65,3.65,0
T00001441,Model_A,3.26,3.31,3.72,3.14,0
T00001442,Model_A,3.86,4.19,3.12,3.73,0
T00001443,Model_A,3.39,3.06,3.36,3.18,0
T00001444,Model_A,3.18,3.17,3.84,3.39,0
T00001447,Model_A,2.94,3.56,2.99,3.26,0
T00001448,Model_A,4.41,2.88,4.13,3.75,0
T00001454,Model_A,3.83,3.58,2.94,3.16,0
T00001457,Model_A,3.11,3.3,3.89,3.48,0
T00001458,Model_A,3.85,3.69,3.11,3.52,0
T00001461,Model_A,3.01,3.61,3.94,3.58,0
T00001463,Model_A,2.88,3.51,3.4,3.23,0
T00001464,Model_A,3.56,4.91,3.82,4.18,0
T00001465,Model_A,2.99,3.03,3.03,3.05,0
T00001470,Model_A,3.66,3.31,3.95,3.63,0
T00001473,Model_A,4.17,3.7,2.89,3.38,0
T00001474,Model_A,3.76,3.47,3.27,3.47,0
T00001479,Model_A,3.61,3.51,3.77,3.59,0
T00001482,Model_A,4.21,3.42,3.68,3.59,0
T00001483,Model_A,3.68,3.51,2.73,3.68,0
T00001485,Model_A,4.08,2.95,2.2,3.29,0
T00001492,Model_A,3.38,3.89,3.21,3.69,0
T00001496,Model_A,3.13,3.29,3.71,3.34,0
T00001502,Model_A,4.01,3.57,3.92,3.85,0
T00001504,Model_A,3.45,4.5,2.94,3.81,0
T00001506,Model_A,3.54,3.28,3.6,3.13,0
T00001515,Model_A,2.96,4.12,3.85,3.68,0
T00001516,Model_A,4.61,3.01,2.99,3.68,0
T00001518,Model_A,3.92,3.68,2.77,3.5,0
T00001519,Model_A,4.64,4.06,3.3,3.97,0
T00001521,Model_A,3.79,3.73,3.19,3.77,0
T00001522,Model_A,3.8,4.04,3.2,3.82,0
T00001524,Model_A,2.77,3.54,2.72,3.1,0
T00001527,Model_A,3.55,2.97,3.12,3.26,0
T00001529,Model_A,2.94,3.15,3.02,3.18,0
T00001531,Model_A,3.9,3.05,3.9,3.47,0
T00001532,Model_A,3.99,2.91,3.76,3.79,0
T00001537,Model_A,4.11,3.91,3.09,3.72,0
T00001539,Model_A,4.69,4.18,2.25,4.17,0
T00001541,Model_A,4.11,3.25,3.94,3.8,0
T00001545,Model_A,3.57,2.93,2.85,3.22,0
T00001546,Model_A,3.94,3.79,3.78,4.01,0
T00001549,Model_A,3.37,3.6,3.55,3.67,0
T00001551,Model_A,3.46,3.76,2.28,3.22,0
T00001552,Model_A,3.93,3.94,2.81,3.56,0
T00001553,Model_A,2.63,3.03,2.22,2.44,0
T00001555,Model_A,4.62,3.47,3.26,3.94,0
T00001557,Model_A,3.62,3.11,3.54,3.05,0
T00001558,Model_A,3.38,3.7,3.61,3.67,0
T00001559,Model_A,3.64,3.4,3.36,3.56,0
T00001560,Model_A,4.38,4.46,3.51,4.22,0
T00001562,Model_A,3.18,2.83,2.83,3.19,0
T00001563,Model_A,3.74,3.59,4.27,3.61,0
T00001569,Model_A,3.68,3.04,3.75,3.28,0
T00001571,Model_A,4.16,3.73,3.75,3.59,0
T00001572,Model_A,4.0,2.97,3.99,3.72,0
T00001573,Model_A,4.29,2.99,3.48,3.52,0
T00001577,Model_A,4.57,3.63,4.16,4.5,0
T00001579,Model_A,3.47,4.16,3.12,3.73,0
T00001580,Model_A,3.36,3.24,3.62,3.23,0
T00001581,Model_A,3.46,3.13,3.64,3.22,0
T00001582,Model_A,2.88,3.04,4.14,3.42,0
T00001583,Model_A,2.76,3.61,3.44,3.31,0
T00001586,Model_A,3.13,2.41,4.12,3.07,0
T00001591,Model_A,3.65,3.83,4.04,4.14,0
T00001594,Model_A,3.26,3.23,3.75,3.11,0
T00001597,Model_A,4.06,4.18,4.47,4.37,0
T00001599,Model_A,3.92,3.38,3.8,3.66,0
T00001603,Model_A,3.02,3.11,3.81,3.36,0
T00001604,Model_A,2.52,2.92,3.16,2.87,0
T00001608,Model_A,4.26,3.87,3.21,4.01,0
T00001611,Model_A,3.14,4.49,3.89,3.38,0
T00001614,Model_A,3.92,4.3,3.75,4.35,0
T00001615,Model_A,3.24,4.09,3.71,3.65,1
T00001616,Model_A,2.87,2.86,4.35,3.07,0
T00001617,Model_A,3.33,3.61,4.03,3.62,0
T00001619,Model_A,3.52,3.75,4.31,3.83,0
T00001621,Model_A,3.59,2.89,3.92,3.34,0
T00001622,Model_A,4.1,3.6,3.5,3.73,0
T00001623,Model_A,3.73,3.52,3.29,3.36,0
T00001624,Model_A,3.86,2.86,3.06,3.19,0
T00001630,Model_A,3.81,4.01,2.81,3.62,0
T00001631,Model_A,3.03,3.61,3.47,3.51,1
T00001640,Model_A,4.1,3.52,3.45,3.78,0
T00001641,Model_A,3.77,4.12,3.7,3.85,0
T00001642,Model_A,3.95,3.16,3.06,3.14,0
T00001644,Model_A,2.99,4.05,4.19,3.86,0
T00001646,Model_A,4.82,4.06,4.02,4.59,0
T00001647,Model_A,3.54,3.97,3.74,3.75,0
T00001648,Model_A,3.77,2.77,3.72,3.53,0
T00001650,Model_A,2.56,3.3,3.45,3.39,0
T00001651,Model_A,2.98,3.84,3.21,3.66,0
T00001654,Model_A,3.48,3.65,2.5,3.32,0
T00001659,Model_A,3.57,3.53,3.17,3.4,0
T00001661,Model_A,3.32,3.6,4.5,3.77,0
T00001662,Model_A,4.25,4.38,3.0,3.79,0
T00001664,Model_A,3.21,3.49,3.91,3.5,0
T00001668,Model_A,3.81,4.02,3.28,3.87,0
T00001669,Model_A,4.36,3.01,3.75,3.7,0
T00001673,Model_A,3.78,3.24,3.52,3.44,0
T00001677,Model_A,3.96,2.94,3.28,3.6,0
T00001681,Model_A,4.12,3.89,3.52,3.82,0
T00001683,Model_A,3.78,4.03,3.22,3.89,0
T00001686,Model_A,3.65,3.61,3.86,3.53,1
T00001689,Model_A,3.32,3.43,4.23,3.56,0
T00001690,Model_A,3.62,3.94,3.54,3.37,0
T00001693,Model_A,4.67,3.75,3.59,4.03,0
T00001696,Model_A,3.5,4.31,4.12,3.93,0
T00001701,Model_A,3.9,3.42,3.18,3.33,0
T00001703,Model_A,3.44,3.98,2.79,3.3,1
T00001707,Model_A,3.92,3.42,3.01,3.5,0
T00001712,Model_A,3.17,3.2,2.74,2.94,0
T00001716,Model_A,3.11,3.37,3.48,3.27,0
T00001717,Model_A,2.67,4.07,2.97,3.05,0
T00001728,Model_A,2.93,3.53,3.99,3.69,0
T00001731,Model_A,3.38,4.18,4.13,3.63,0
T00001736,Model_A,3.71,3.08,3.51,3.42,0
T00001737,Model_A,3.57,3.52,3.66,3.35,0
T00001739,Model_A,3.12,3.56,3.74,3.56,0
T00001742,Model_A,4.07,2.77,2.67,3.34,0
T00001747,Model_A,2.68,3.73,3.86,3.46,0
T00001748,Model_A,3.79,2.63,3.5,3.43,0
T00001749,Model_A,4.11,3.46,3.0,3.36,0
T00001752,Model_A,3.66,4.6,3.74,3.93,0
T00001753,Model_A,4.21,3.62,3.03,3.67,0
T00001754,Model_A,3.21,3.93,3.32,3.47,0
T00001756,Model_A,2.83,3.76,2.6,3.38,0
T00001757,Model_A,4.2,4.25,3.05,3.98,0
T00001759,Model_A,3.18,3.66,3.43,3.48,0
T00001763,Model_A,4.05,3.28,3.36,3.9,0
T00001764,Model_A,3.31,3.39,4.21,3.56,0
T00001773,Model_A,3.2,3.71,3.46,3.37,0
T00001777,Model_A,3.24,3.76,3.48,3.42,0
T00001783,Model_A,3.66,3.82,2.86,3.74,0
T00001789,Model_A,3.61,3.44,3.23,3.43,0
T00001793,Model_A,3.2,3.34,2.6,2.8,0
T00001794,Model_A,3.7,4.03,4.19,4.0,0
T00001798,Model_A,4.07,4.16,3.16,3.85,0
T00001799,Model_A,3.57,3.73,3.62,3.58,0
T00001803,Model_A,3.49,2.96,3.81,3.26,0
T00001807,Model_A,3.66,4.45,3.23,3.94,0
T00001809,Model_A,3.32,3.79,3.39,3.26,0
T00001816,Model_A,3.52,3.87,3.54,3.68,0
T00001818,Model_A,3.02,3.01,4.06,3.19,0
T00001819,Model_A,3.21,4.03,3.56,3.4,0
T00001820,Model_A,4.19,4.02,3.9,3.99,0
T00001832,Model_A,2.63,3.11,3.19,2.75,0
T00001833,Model_A,3.26,3.67,2.8,3.14,0
T00001837,Model_A,5.0,3.37,3.54,4.12,0
T00001839,Model_A,3.62,3.69,3.4,3.4,0
T00001841,Model_A,3.59,3.38,3.6,3.13,0
T00001849,Model_A,4.13,3.46,3.76,3.82,0
T00001854,Model_A,3.31,4.6,3.56,3.96,0
T00001861,Model_A,3.02,3.38,2.91,3.16,0
T00001862,Model_A,4.05,3.97,3.45,3.84,0
T00001869,Model_A,3.88,3.59,4.03,4.14,0
T00001870,Model_A,4.28,4.53,3.35,3.79,0
T00001873,Model_A,3.56,3.48,3.24,3.42,0
T00001874,Model_A,3.18,4.59,3.19,3.97,0
T00001875,Model_A,3.55,3.31,3.22,3.37,0
T00001876,Model_A,3.29,3.61,3.45,3.63,0
T00001877,Model_A,3.62,3.42,3.12,3.45,0
T00001878,Model_A,3.87,4.11,3.68,4.09,0
T00001886,Model_A,3.82,3.68,2.83,3.5,0
T00001887,Model_A,3.9,4.6,3.34,4.25,0
T00001889,Model_A,2.78,2.96,3.62,3.17,0
T00001894,Model_A,3.27,3.38,3.5,3.26,0
T00001895,Model_A,3.57,3.83,3.42,3.76,0
T00001898,Model_A,3.47,3.3,3.36,3.34,0
T00001903,Model_A,3.46,3.52,3.91,3.78,0
T00001906,Model_A,4.18,3.67,3.8,4.08,0
T00001909,Model_A,3.21,3.46,3.67,3.37,0
T00001911,Model_A,3.63,3.57,3.79,3.57,0
T00001914,Model_A,3.28,4.58,3.85,3.9,0
T00001915,Model_A,3.39,4.38,3.34,3.71,0
T00001916,Model_A,4.04,3.74,3.19,3.73,0
T00001920,Model_A,4.57,3.73,3.95,4.58,0
T00001922,Model_A,2.72,2.89,3.76,2.91,0
T00001925,Model_A,3.16,3.67,3.12,3.54,0
T00001927,Model_A,4.17,4.35,3.57,4.24,0
T00001928,Model_A,4.5,2.96,4.1,3.92,0
T00001932,Model_A,2.89,3.36,3.22,3.14,0
T00001935,Model_A,3.54,2.97,3.89,3.57,0
T00001936,Model_A,3.25,3.32,3.39,3.23,0
T00001938,Model_A,2.79,3.19,3.14,2.68,0
T00001941,Model_A,3.52,3.97,3.62,3.96,0
T00001943,Model_A,4.6,3.48,3.48,3.96,0
T00001946,Model_A,4.0,3.42,4.41,3.91,1
T00001955,Model_A,2.98,3.49,2.98,3.19,0
T00001956,Model_A,3.98,3.39,3.06,3.49,0
T00001958,Model_A,4.15,4.09,2.97,3.78,0
T00001960,Model_A,4.25,4.04,3.49,3.94,0
T00001961,Model_A,4.38,3.59,3.69,3.68,0
T00001963,Model_A,4.23,4.11,2.96,3.72,0
T00001964,Model_A,3.81,2.38,3.59,3.29,0
T00001967,Model_A,3.99,3.32,4.03,3.5,0
T00001969,Model_A,3.11,3.81,3.35,3.47,0
T00001970,Model_A,4.03,3.71,3.57,3.75,0
T00001971,Model_A,2.87,4.35,3.26,3.48,0
T00001974,Model_A,4.32,3.9,3.17,3.71,0
T00001976,Model_A,3.49,2.44,3.81,2.99,0
T00001977,Model_A,3.16,4.17,3.61,3.85,0
T00001979,Model_A,2.82,3.37,2.74,3.26,0
T00001981,Model_A,2.17,3.06,2.74,2.53,0
T00001982,Model_A,3.73,2.9,3.58,3.5,0
T00001989,Model_A,4.21,2.96,3.69,3.6,0
T00001991,Model_A,4.71,3.27,3.84,4.07,0
T00001995,Model_A,4.46,3.98,3.44,4.06,0
T00001997,Model_A,3.15,3.66,2.94,3.38,0
T00001999,Model_A,3.68,2.96,2.71,3.43,0
T00002000,Model_A,3.72,4.44,3.24,3.81,0
T00002001,Model_A,2.7,2.45,4.09,2.91,0
T00002003,Model_A,4.15,3.65,3.68,3.76,0
T00002004,Model_A,2.73,3.71,2.71,2.68,0
T00002005,Model_A,4.84,3.13,2.89,3.77,0
T00002011,Model_A,4.54,2.61,3.01,3.44,0
T00002015,Model_A,3.41,2.21,2.84,2.85,0
T00002016,Model_A,2.75,3.97,3.35,2.99,0
T00002017,Model_A,4.22,4.31,2.08,3.39,0
T00002021,Model_A,3.66,3.28,3.57,3.41,0
T00002028,Model_A,4.12,3.69,4.18,3.95,0
T00002030,Model_A,3.0,4.42,4.29,4.0,0
T00002031,Model_A,4.18,3.63,3.5,3.61,1
T00002036,Model_A,3.13,2.67,3.24,2.94,0
T00002040,Model_A,3.84,3.19,4.01,3.64,0
T00002041,Model_A,3.38,3.76,2.81,3.51,0
T00002042,Model_A,4.27,4.19,3.42,4.06,0
T00002049,Model_A,3.39,3.75,3.11,3.28,0
T00002050,Model_A,3.74,3.37,3.22,3.41,0
T00002051,Model_A,3.32,4.12,3.43,3.74,0
T00002057,Model_A,4.44,4.35,3.07,4.2,0
T00002059,Model_A,2.47,3.16,4.56,3.25,0
T00002060,Model_A,4.05,3.39,3.17,3.88,0
T00002064,Model_A,4.06,3.64,3.69,3.56,0
T00002070,Model_A,3.69,3.77,3.73,3.88,0
T00002073,Model_A,3.97,3.07,3.59,3.59,0
T00002076,Model_A,4.26,3.24,4.03,3.75,0
T00002078,Model_A,4.23,3.85,3.04,4.06,0
T00002080,Model_A,3.72,3.7,3.21,3.6,0
T00002081,Model_A,4.2,3.24,4.26,3.85,0
T00002082,Model_A,3.77,3.17,2.7,3.36,0
T00002084,Model_A,4.06,4.37,3.54,3.7,0
T00002087,Model_A,2.99,3.45,3.94,3.67,0
T00002089,Model_A,3.34,2.74,3.51,3.18,0
T00002090,Model_A,3.27,3.52,2.28,2.77,0
T00002091,Model_A,3.3,3.66,3.26,3.37,0
T00002094,Model_A,3.46,3.4,2.11,2.84,0
T00002095,Model_A,3.37,3.44,4.32,3.98,0
T00002101,Model_A,3.84,3.91,4.11,3.73,0
T00002105,Model_A,3.56,3.17,3.92,3.24,0
T00002107,Model_A,3.64,3.5,2.93,3.51,0
T00002110,Model_A,4.21,3.09,3.11,3.57,0
T00002111,Model_A,3.69,4.13,3.46,3.93,0
T00002112,Model_A,3.23,3.82,3.22,3.47,0
T00002114,Model_A,3.59,3.51,2.93,3.38,0
T00002116,Model_A,3.69,4.16,3.6,3.63,0
T00002117,Model_A,3.88,3.78,3.71,3.78,0
T00002119,Model_A,4.06,3.82,3.31,3.81,0
T00002121,Model_A,3.04,3.47,2.54,3.13,0
T00002123,Model_A,4.58,3.28,3.1,3.73,0
T00002124,Model_A,3.65,3.7,4.44,3.68,0
T00002127,Model_A,3.46,4.33,3.98,3.95,0
T00002129,Model_A,3.9,3.71,3.55,3.44,0
T00002130,Model_A,3.14,3.89,3.11,3.49,0
T00002132,Model_A,3.89,3.79,3.09,3.62,0
T00002140,Model_A,4.65,3.26,3.31,3.86,0
T00002143,Model_A,3.57,3.29,3.42,3.52,0
T00002145,Model_A,3.14,4.28,3.85,4.0,1
T00002148,Model_A,4.2,3.62,4.06,3.92,0
T00002153,Model_A,3.12,3.94,3.52,3.77,0
T00002159,Model_A,3.34,3.85,3.06,3.27,0
T00002161,Model_A,3.58,3.79,2.97,3.71,0
T00002169,Model_A,3.11,3.25,2.4,3.01,0
T00002170,Model_A,4.43,3.75,3.04,3.86,0
T00002172,Model_A,4.03,3.55,3.56,3.82,0
T00002173,Model_A,4.03,3.38,2.74,3.66,1
T00002180,Model_A,3.83,2.51,2.88,3.06,0
T00002186,Model_A,3.35,3.59,3.49,3.42,0
T00002187,Model_A,3.43,3.85,3.45,3.68,0
T00002188,Model_A,3.62,3.35,3.13,3.6,0
T00002191,Model_A,3.88,4.31,2.72,3.51,0
T00002196,Model_A,3.92,3.24,3.43,3.32,0
T00002198,Model_A,2.89,3.98,3.57,3.38,0
T00002201,Model_A,3.37,3.69,4.5,3.73,0
T00002204,Model_A,4.37,3.94,3.23,3.86,0
T00002208,Model_A,2.85,3.8,2.77,3.08,0
T00002209,Model_A,3.4,3.99,3.13,3.45,0
T00002211,Model_A,2.96,4.22,2.97,3.08,0
T00002213,Model_A,3.36,3.66,3.82,3.57,0
T00002216,Model_A,3.02,2.71,3.56,3.1,0
T00002220,Model_A,3.29,2.8,3.81,3.55,0
T00002223,Model_A,3.56,2.85,3.18,3.19,0
T00002225,Model_A,2.58,3.29,3.17,3.14,0
T00002226,Model_A,4.02,3.48,3.78,3.67,0
T00002227,Model_A,3.65,3.98,3.51,3.83,0
T00002228,Model_A,4.08,3.77,2.45,3.51,0
T00002231,Model_A,4.3,3.34,4.01,3.99,0
T00002233,Model_A,3.99,2.53,3.71,3.42,0
T00002238,Model_A,3.45,4.12,3.0,3.61,0
T00002242,Model_A,4.59,3.09,2.98,3.65,0
T00002246,Model_A,3.8,2.35,3.36,3.09,0
T00002250,Model_A,4.45,3.43,3.85,3.75,0
T00002252,Model_A,3.39,3.61,3.84,3.43,0
T00002253,Model_A,3.99,4.01,4.33,4.06,0
T00002256,Model_A,4.02,4.44,4.32,3.99,0
T00002262,Model_A,3.22,3.99,4.41,3.7,0
T00002265,Model_A,4.06,3.08,4.01,3.84,0
T00002267,Model_A,3.89,3.51,3.15,3.29,0
T00002268,Model_A,3.29,3.18,3.02,3.41,0
T00002280,Model_A,4.41,4.64,2.84,4.2,0
T00002281,Model_A,3.45,3.78,2.93,3.2,0
T00002283,Model_A,3.57,3.34,2.66,3.49,0
T00002284,Model_A,3.77,2.77,2.66,3.02,0
T00002293,Model_A,3.38,2.79,2.44,2.88,0
T00002295,Model_A,3.47,3.22,3.03,3.59,0
T00002299,Model_A,3.62,3.97,4.11,3.67,0
T00002302,Model_A,4.15,3.61,3.19,3.86,0
T00002305,Model_A,3.4,3.83,2.68,3.04,0
T00002307,Model_A,3.97,3.89,3.62,3.78,0
T00002312,Model_A,3.22,4.17,2.72,3.1,0
T00002313,Model_A,3.51,3.73,3.85,3.56,0
T00002315,Model_A,3.19,3.65,3.06,3.26,0
T00002316,Model_A,3.87,2.98,3.88,3.44,0
T00002320,Model_A,2.86,3.31,3.91,3.63,0
T00002321,Model_A,3.0,3.52,4.09,3.43,1
T00002323,Model_A,3.89,3.49,3.35,3.34,0
T00002328,Model_A,3.41,3.8,3.94,3.52,0
T00002329,Model_A,3.95,2.69,3.58,3.41,0
T00002333,Model_A,3.71,3.47,3.73,3.61,0
T00002335,Model_A,3.89,3.97,3.3,3.68,0
T00002336,Model_A,3.29,3.27,4.15,3.58,0
T00002337,Model_A,3.73,3.81,3.28,3.55,0
T00002338,Model_A,3.63,3.43,3.35,3.52,0
T00002340,Model_A,3.26,2.99,3.85,3.1,0
T00002341,Model_A,3.3,3.67,2.84,3.36,0
T00002342,Model_A,3.84,4.12,3.34,3.91,0
T00002343,Model_A,3.42,2.99,3.44,3.3,0
T00002350,Model_A,4.26,3.29,3.91,3.58,0
T00002352,Model_A,4.21,3.76,4.01,4.19,0
T00002353,Model_A,3.83,3.06,2.86,3.37,0
T00002361,Model_A,4.04,3.73,3.64,3.83,0
T00002364,Model_A,3.79,3.86,3.02,3.3,0
T00002365,Model_A,3.51,4.11,4.27,4.12,0
T00002369,Model_A,4.07,3.97,3.62,3.73,0
T00002372,Model_A,4.15,3.79,3.77,3.87,0
T00002374,Model_A,3.95,3.93,2.79,3.64,0
T00002375,Model_A,3.74,2.78,3.65,3.2,0
T00002376,Model_A,4.4,3.68,3.47,3.51,0
T00002379,Model_A,3.54,3.8,3.22,3.51,0
T00002385,Model_A,3.4,4.04,3.2,3.66,0
T00002386,Model_A,3.39,3.92,3.62,3.21,0
T00002389,Model_A,3.52,3.22,3.95,3.28,0
T00002390,Model_A,4.16,3.05,2.78,3.54,0
T00002394,Model_A,3.09,3.84,3.33,3.59,0
T00002395,Model_A,2.54,3.73,3.19,3.14,0
T00002396,Model_A,4.08,3.13,2.92,3.52,0
T00002400,Model_A,4.07,3.46,3.5,3.75,0
T00002401,Model_A,3.33,4.1,3.95,3.87,0
T00002402,Model_A,3.86,3.6,2.82,3.23,0
T00002413,Model_A,3.24,3.58,3.53,3.17,0
T00002416,Model_A,4.15,4.14,3.12,3.82,0
T00002419,Model_A,3.26,3.73,3.32,3.13,0
T00002420,Model_A,3.6,3.62,3.57,3.67,0
T00002429,Model_A,3.09,3.77,3.62,3.53,0
T00002434,Model_A,3.96,3.11,3.46,3.55,0
T00002437,Model_A,3.53,4.24,3.73,3.68,0
T00002440,Model_A,4.03,2.89,3.94,3.75,0
T00002443,Model_A,2.87,3.71,3.96,3.39,0
T00002447,Model_A,3.5,4.23,3.62,4.05,0
T00002461,Model_A,3.73,4.0,3.75,3.79,0
T00002462,Model_A,3.07,3.79,3.73,3.15,0
T00002464,Model_A,3.91,3.68,3.39,3.54,0
T00002467,Model_A,4.04,4.31,3.21,3.76,0
T00002468,Model_A,4.26,3.11,4.12,4.17,0
T00002472,Model_A,2.73,3.72,3.97,3.38,0
T00002477,Model_A,2.43,3.82,3.62,3.56,0
T00002481,Model_A,3.57,3.73,3.36,3.73,0
T00002483,Model_A,4.03,3.33,4.02,3.76,0
T00002486,Model_A,3.45,3.24,3.95,3.18,0
T00002488,Model_A,3.73,3.12,3.51,3.52,0
T00002491,Model_A,3.29,3.43,2.71,2.87,0
T00002492,Model_A,3.41,2.65,4.23,3.45,0
T00002495,Model_A,3.95,4.29,3.95,4.01,0
T00002496,Model_A,3.26,3.69,2.23,3.09,0
T00002497,Model_A,2.91,2.4,3.65,2.9,0
T00002498,Model_A,3.73,3.55,4.1,3.93,0
T00002499,Model_A,3.63,3.44,3.71,3.84,0
T00002501,Model_A,4.36,3.36,3.73,3.84,0
T00002502,Model_A,3.56,4.05,3.07,3.86,0
T00002503,Model_A,3.39,3.78,3.65,3.46,0
T00002504,Model_A,3.8,3.35,3.31,3.55,0
T00002507,Model_A,3.96,2.89,4.31,3.7,0
T00002508,Model_A,3.37,3.11,3.45,3.36,0
T00002512,Model_A,3.24,3.45,3.12,3.31,0
T00002514,Model_A,3.71,3.72,4.43,3.66,0
T00002515,Model_A,3.77,3.85,4.1,4.13,0
T00002516,Model_A,3.5,3.41,4.96,3.93,0
T00002518,Model_A,3.34,3.57,3.29,3.17,0
T00002519,Model_A,2.92,3.69,3.53,3.37,0
T00002520,Model_A,3.27,3.94,3.09,3.31,0
T00002522,Model_A,3.44,3.42,3.04,3.46,0
T00002524,Model_A,2.43,2.83,2.82,2.71,0
T00002528,Model_A,3.79,3.51,4.17,3.8,0
T00002530,Model_A,3.74,3.76,2.93,3.74,0
T00002534,Model_A,3.95,3.34,4.27,3.96,0
T00002537,Model_A,3.28,3.37,4.19,3.67,0
T00002541,Model_A,3.02,3.0,3.48,3.2,0
T00002544,Model_A,3.17,3.31,3.31,3.3,0
T00002545,Model_A,4.2,3.99,3.55,4.27,0
T00002546,Model_A,4.8,3.92,3.28,4.17,0
T00002550,Model_A,3.17,3.66,2.81,3.11,0
T00002552,Model_A,3.86,3.65,4.07,3.76,0
T00002557,Model_A,2.78,3.0,3.2,3.2,0
T00002562,Model_A,2.69,3.07,2.94,3.07,0
T00002567,Model_A,4.34,2.62,2.95,3.12,0
T00002570,Model_A,4.5,3.73,3.58,3.86,0
T00002576,Model_A,3.71,4.32,4.18,4.09,0
T00002577,Model_A,4.35,3.61,3.18,3.91,0
T00002578,Model_A,3.34,3.47,3.29,3.48,0
T00002581,Model_A,2.88,2.57,3.47,2.83,0
T00002583,Model_A,4.27,2.96,3.04,3.66,0
T00002589,Model_A,3.73,3.48,3.97,3.77,0
T00002592,Model_A,3.83,3.87,4.06,3.86,0
T00002596,Model_A,4.01,3.55,4.09,3.99,0
T00002600,Model_A,3.35,3.78,3.31,3.54,0
T00002602,Model_A,4.05,4.01,3.93,4.23,0
T00002604,Model_A,2.25,3.48,3.52,2.82,0
T00002605,Model_A,3.1,3.06,3.03,3.04,0
T00002607,Model_A,3.96,4.3,2.97,3.72,0
T00002610,Model_A,2.75,3.58,4.05,3.45,0
T00002613,Model_A,3.47,3.63,4.1,3.85,0
T00002619,Model_A,4.22,3.87,3.38,3.92,1
T00002620,Model_A,3.59,3.64,4.23,3.81,0
T00002622,Model_A,3.54,3.44,3.07,3.23,0
T00002624,Model_A,4.84,3.34,3.57,4.12,0
T00002625,Model_A,3.68,4.29,3.62,4.0,0
T00002628,Model_A,2.61,3.65,3.64,3.1,1
T00002629,Model_A,3.74,3.5,3.39,3.68,0
T00002630,Model_A,3.39,4.0,3.95,4.03,0
T00002632,Model_A,2.68,4.04,3.98,3.68,0
T00002634,Model_A,2.76,4.01,3.72,3.48,0
T00002637,Model_A,4.4,2.93,3.25,3.57,1
T00002638,Model_A,4.04,4.03,3.47,3.63,0
T00002639,Model_A,3.73,3.59,2.77,3.4,0
T00002640,Model_A,3.05,3.88,3.37,3.24,0
T00002643,Model_A,3.91,3.73,4.23,3.76,0
T00002645,Model_A,3.67,3.66,3.1,3.8,0
T00002647,Model_A,4.26,2.94,2.99,3.18,0
T00002649,Model_A,3.12,3.1,2.83,3.38,0
T00002658,Model_A,3.54,3.39,2.85,3.39,0
T00002667,Model_A,3.46,3.84,3.72,3.51,0
T00002669,Model_A,3.14,4.42,3.03,3.63,0
T00002671,Model_A,1.98,3.65,3.38,2.8,0
T00002673,Model_A,3.34,3.15,3.61,3.63,0
T00002674,Model_A,3.44,4.29,4.5,3.87,0
T00002676,Model_A,2.77,4.3,3.89,3.58,0
T00002679,Model_A,3.25,3.86,3.45,3.79,0
T00002680,Model_A,3.71,3.79,3.07,3.81,0
T00002683,Model_A,4.09,3.2,3.77,3.61,0
T00002689,Model_A,4.2,3.72,2.76,3.71,0
T00002693,Model_A,2.9,3.92,4.04,3.65,0
T00002702,Model_A,3.8,3.42,3.48,3.53,0
T00002705,Model_A,3.48,2.48,3.42,3.2,0
T00002708,Model_A,3.73,3.64,3.98,3.92,0
T00002709,Model_A,3.54,4.21,2.31,3.33,0
T00002710,Model_A,4.19,4.15,3.75,4.1,0
T00002712,Model_A,3.47,3.41,4.06,3.69,0
T00002717,Model_A,3.89,3.58,4.11,3.94,0
T00002718,Model_A,3.37,3.98,3.4,3.47,0
T00002719,Model_A,4.17,3.84,2.86,3.79,0
T00002721,Model_A,4.51,3.1,3.4,3.88,0
T00002727,Model_A,4.17,3.64,4.38,4.3,0
T00002729,Model_A,4.06,3.92,2.86,3.53,0
T00002730,Model_A,3.02,4.05,2.52,3.21,0
T00002731,Model_A,3.35,2.98,2.62,2.61,1
T00002734,Model_A,3.7,3.64,2.94,3.41,0
T00002736,Model_A,3.13,3.32,4.09,3.5,0
T00002738,Model_A,3.94,3.5,3.57,3.82,0
T00002741,Model_A,3.56,4.18,3.62,3.75,0
T00002744,Model_A,2.3,4.41,3.53,3.44,0
T00002746,Model_A,3.14,3.52,2.97,3.09,0
T00002749,Model_A,3.39,3.6,4.03,3.62,0
T00002757,Model_A,3.58,3.08,3.79,3.54,0
T00002759,Model_A,3.3,3.82,3.49,3.52,0
T00002761,Model_A,3.12,3.56,3.53,3.46,0
T00002762,Model_A,2.58,3.95,3.95,3.52,0
T00002764,Model_A,3.15,3.57,3.36,3.57,0
T00002768,Model_A,3.39,3.14,4.07,3.25,0
T00002769,Model_A,3.91,3.92,3.8,3.93,0
T00002773,Model_A,3.25,3.6,3.61,3.37,0
T00002776,Model_A,3.4,3.45,3.72,3.61,0
T00002777,Model_A,3.8,3.86,4.58,3.96,0
T00002780,Model_A,3.87,4.07,3.05,3.6,0
T00002785,Model_A,3.02,3.72,3.0,3.29,0
T00002792,Model_A,4.3,3.84,3.34,3.87,0
T00002796,Model_A,3.88,3.6,3.35,3.3,0
T00002798,Model_A,3.62,3.96,3.57,3.81,0
T00002801,Model_A,3.46,3.73,2.94,3.45,0
T00002802,Model_A,3.86,3.13,2.77,3.11,0
T00002803,Model_A,4.05,4.13,3.94,3.79,1
T00002804,Model_A,3.53,3.56,3.15,3.56,0
T00002810,Model_A,3.34,3.51,4.28,3.99,0
T00002811,Model_A,3.48,2.75,3.37,3.31,0
T00002814,Model_A,3.96,3.5,3.12,3.77,0
T00002815,Model_A,2.91,3.34,3.63,3.42,0
T00002818,Model_A,4.21,3.43,3.56,3.65,0
T00002820,Model_A,3.97,4.06,3.05,3.62,0
T00002824,Model_A,2.62,3.0,2.56,2.85,0
T00002830,Model_A,4.08,3.31,3.24,3.65,0
T00002833,Model_A,3.56,4.27,3.01,3.75,0
T00002834,Model_A,3.46,3.78,2.7,3.48,0
T00002838,Model_A,4.09,3.7,3.39,4.17,0
T00002841,Model_A,2.78,3.1,3.27,3.17,0
T00002846,Model_A,4.86,3.11,3.03,3.73,0
T00002849,Model_A,3.38,4.04,3.72,4.0,0
T00002856,Model_A,3.91,3.77,3.54,3.83,0
T00002863,Model_A,2.54,3.78,2.77,2.99,0
T00002864,Model_A,3.96,3.36,3.47,3.64,0
T00002866,Model_A,3.46,4.02,3.44,3.49,0
T00002870,Model_A,5.0,4.11,3.92,4.58,0
T00002874,Model_A,3.93,3.28,3.33,3.79,0
T00002883,Model_A,3.57,2.87,3.43,3.2,0
T00002886,Model_A,3.77,3.73,3.78,3.91,0
T00002887,Model_A,3.34,2.86,3.72,3.32,0
T00002894,Model_A,3.94,3.38,4.3,3.89,0
T00002896,Model_A,3.72,3.83,3.87,3.74,0
T00002899,Model_A,3.03,3.52,3.73,3.61,0
T00002907,Model_A,2.72,2.47,3.03,2.56,0
T00002915,Model_A,3.68,3.64,4.01,3.87,0
T00002917,Model_A,3.87,4.24,3.89,4.05,0
T00002923,Model_A,3.29,3.2,2.79,3.22,0
T00002929,Model_A,2.97,3.96,2.95,3.48,0
T00002930,Model_A,3.92,3.8,4.17,4.12,0
T00002933,Model_A,3.19,3.6,2.77,3.34,0
T00002934,Model_A,3.26,2.47,3.41,3.1,0
T00002935,Model_A,3.59,3.55,2.89,3.72,0
T00002940,Model_A,4.01,3.8,3.5,3.77,0
T00002941,Model_A,3.3,2.76,3.01,3.36,0
T00002943,Model_A,3.58,3.25,2.75,2.93,0
T00002949,Model_A,3.82,3.0,3.74,3.61,0
T00002950,Model_A,4.26,3.13,3.27,3.44,0
T00002951,Model_A,2.83,3.48,2.88,3.31,0
T00002953,Model_A,3.62,4.03,3.3,3.57,1
T00002958,Model_A,3.57,3.83,4.45,4.22,0
T00002960,Model_A,3.44,3.81,3.18,3.62,0
T00002962,Model_A,3.58,3.95,3.34,3.62,0
T00002964,Model_A,3.12,3.51,3.97,3.39,0
T00002968,Model_A,3.73,2.71,3.85,3.71,0
T00002969,Model_A,3.74,3.22,2.89,3.22,0
T00002970,Model_A,3.82,3.48,3.91,3.48,0
T00002973,Model_A,3.31,3.79,3.56,3.28,0
T00002975,Model_A,4.11,2.75,5.0,3.91,0
T00002976,Model_A,3.67,3.06,2.52,3.19,0
T00002977,Model_A,3.93,2.92,3.67,3.54,0
T00002978,Model_A,3.49,3.24,3.88,3.64,0
T00002979,Model_A,3.21,3.69,2.57,3.36,0
T00002980,Model_A,4.35,4.13,3.56,4.32,0
T00002981,Model_A,3.79,3.41,3.41,3.49,0
T00002983,Model_A,3.29,4.08,3.28,3.62,0
T00002989,Model_A,3.98,2.98,3.15,3.58,0
T00002991,Model_A,3.41,3.85,3.64,3.59,0
T00002994,Model_A,4.04,3.92,3.67,3.76,0
T00002996,Model_A,3.62,2.91,3.25,3.58,0
T00003001,Model_A,4.21,2.82,3.31,3.45,0
T00003003,Model_A,3.98,3.85,3.53,3.86,0
T00003004,Model_A,3.48,3.5,2.91,3.53,0
T00003005,Model_A,3.39,3.73,2.04,3.13,0
T00003007,Model_A,4.69,3.35,3.58,3.77,0
T00003012,Model_A,2.75,3.42,4.46,3.07,0
T00003017,Model_A,3.16,3.69,3.63,3.58,0
T00003019,Model_A,3.66,3.86,2.87,3.99,0
T00003024,Model_A,4.02,3.68,2.89,4.08,0
T00003025,Model_A,3.44,3.61,2.79,3.46,0
T00003028,Model_A,3.63,3.76,2.83,3.37,0
T00003029,Model_A,3.12,3.26,3.26,3.13,0
T00003034,Model_A,3.24,3.93,4.13,3.7,0
T00003038,Model_A,3.61,3.13,2.75,3.45,0
T00003039,Model_A,3.54,3.65,3.42,3.63,0
T00003043,Model_A,3.75,2.99,4.26,3.8,0
T00003046,Model_A,3.87,3.1,3.91,3.26,0
T00003047,Model_A,3.28,3.23,3.81,3.55,0
T00003050,Model_A,4.1,3.76,2.97,3.46,0
T00003051,Model_A,4.41,3.2,4.18,3.95,0
T00003053,Model_A,3.39,3.41,4.09,3.8,0
T00003055,Model_A,3.85,3.36,3.44,3.44,0
T00003057,Model_A,3.97,2.52,3.49,3.47,0
T00003061,Model_A,3.67,3.91,3.22,3.34,0
T00003062,Model_A,4.27,3.67,3.51,3.89,0
T00003067,Model_A,4.09,2.98,3.64,3.61,0
T00003069,Model_A,4.09,3.48,3.1,3.81,0
T00003070,Model_A,3.82,2.97,4.21,3.84,0
T00003081,Model_A,3.61,4.19,3.57,3.66,0
T00003084,Model_A,3.53,3.53,2.63,3.17,0
T00003086,Model_A,3.35,3.7,4.27,3.84,0
T00003087,Model_A,3.9,3.28,3.74,3.58,1
T00003089,Model_A,3.49,3.99,3.15,3.83,0
T00003090,Model_A,4.07,2.9,3.18,3.52,0
T00003092,Model_A,4.3,3.14,4.17,3.32,0
T00003096,Model_A,3.1,4.22,2.95,3.51,0
T00003099,Model_A,3.04,2.74,3.51,3.11,0
T00003100,Model_A,3.96,3.82,3.96,3.62,0
T00003101,Model_A,4.01,4.59,3.83,4.27,0
T00003102,Model_A,2.78,3.54,3.59,3.14,1
T00003104,Model_A,4.07,2.6,3.28,3.3,0
T00003107,Model_A,3.71,3.71,3.46,3.42,0
T00003112,Model_A,3.74,3.04,3.83,3.38,0
T00003113,Model_A,3.41,3.46,4.22,3.66,0
T00003117,Model_A,3.89,3.44,3.27,3.51,0
T00003119,Model_A,3.68,2.84,3.04,3.28,0
T00003121,Model_A,4.66,3.73,3.41,3.84,0
T00003127,Model_A,3.6,4.23,2.66,3.29,0
T00003131,Model_A,3.37,3.05,4.0,3.71,0
T00003133,Model_A,3.55,3.22,3.61,3.76,0
T00003139,Model_A,3.58,3.81,4.01,4.09,0
T00003141,Model_A,2.66,2.89,3.32,3.02,0
T00003146,Model_A,3.14,4.66,2.66,3.8,0
T00003147,Model_A,3.86,3.67,3.8,3.65,0
T00003149,Model_A,3.09,2.98,3.08,2.92,0
T00003152,Model_A,4.2,3.81,4.19,4.09,0
T00003155,Model_A,3.91,3.65,3.39,3.93,0
T00003165,Model_A,3.54,2.96,2.57,2.99,1
T00003169,Model_A,2.81,4.19,3.29,3.53,1
T00003170,Model_A,3.72,3.63,3.61,3.79,0
T00003177,Model_A,3.15,3.4,4.52,3.63,0
T00003178,Model_A,3.58,3.94,3.84,3.9,0
T00003180,Model_A,2.94,3.61,3.76,3.47,0
T00003182,Model_A,3.88,4.09,3.72,4.01,0
T00003186,Model_A,3.37,4.0,2.95,3.4,0
T00003187,Model_A,3.31,3.67,2.26,3.06,0
T00003193,Model_A,4.48,2.71,3.36,3.52,0
T00003196,Model_A,3.25,4.25,4.21,4.02,0
T00003199,Model_A,3.38,3.39,4.16,3.68,0
T00003212,Model_A,2.82,3.48,2.94,3.06,0
T00003215,Model_A,3.26,3.74,3.83,3.58,0
T00003224,Model_A,4.18,3.36,3.38,3.9,0
T00003230,Model_A,3.44,2.91,3.48,3.26,0
T00003236,Model_A,3.29,3.27,3.63,3.22,0
T00003237,Model_A,4.44,4.18,3.52,4.02,0
T00003240,Model_A,3.37,4.17,2.74,3.31,0
T00003243,Model_A,4.27,3.05,4.03,3.66,0
T00003247,Model_A,2.69,3.65,4.14,3.79,0
T00003253,Model_A,3.27,3.16,4.08,3.58,0
T00003255,Model_A,4.13,3.54,3.93,3.74,0
T00003263,Model_A,3.0,3.26,2.45,2.79,0
T00003266,Model_A,3.98,3.99,3.71,3.84,0
T00003268,Model_A,2.79,3.98,3.69,3.57,0
T00003269,Model_A,2.71,3.59,3.43,3.29,0
T00003271,Model_A,3.49,4.32,3.81,4.1,0
T00003274,Model_A,3.91,3.14,3.48,3.6,0
T00003279,Model_A,4.11,3.95,3.2,3.38,0
T00003281,Model_A,3.92,3.5,4.11,3.72,0
T00003282,Model_A,3.68,3.11,3.75,3.49,0
T00003283,Model_A,3.91,3.23,3.09,3.61,0
T00003287,Model_A,3.6,4.02,2.93,3.4,0
T00003294,Model_A,3.83,4.12,3.91,3.82,0
T00003299,Model_A,3.55,3.85,3.82,3.82,0
T00003302,Model_A,2.67,3.5,2.99,3.02,0
T00003304,Model_A,4.34,3.23,3.78,3.61,0
T00003306,Model_A,3.25,4.64,3.7,4.0,0
T00003308,Model_A,3.69,3.45,3.17,3.63,0
T00003309,Model_A,4.12,3.52,2.96,3.66,0
T00003311,Model_A,4.08,4.07,3.97,4.04,0
T00003319,Model_A,3.2,3.52,3.23,3.53,0
T00003320,Model_A,3.77,3.13,3.59,3.45,0
T00003322,Model_A,4.08,4.53,2.65,3.81,0
T00003325,Model_A,3.13,4.01,3.41,3.54,0
T00003330,Model_A,4.29,4.1,3.83,4.14,0
T00003331,Model_A,3.66,4.72,3.6,4.13,0
T00003332,Model_A,3.16,3.94,4.11,3.61,0
T00003345,Model_A,2.24,3.52,3.52,3.07,0
T00003347,Model_A,3.63,2.61,2.76,3.0,0
T00003348,Model_A,3.38,4.23,3.52,3.8,0
T00003349,Model_A,3.22,3.17,2.96,2.7,0
T00003352,Model_A,3.43,4.61,3.63,4.02,0
T00003359,Model_A,3.42,3.74,3.88,3.75,0
T00003360,Model_A,3.41,4.36,2.79,3.37,0
T00003367,Model_A,4.11,4.2,3.56,3.96,0
T00003369,Model_A,4.07,3.34,3.59,3.87,0
T00003370,Model_A,3.86,4.1,3.29,3.79,0
T00003375,Model_A,3.69,3.91,2.91,3.81,0
T00003376,Model_A,3.56,3.07,3.48,3.54,0
T00003377,Model_A,4.22,3.85,3.4,3.77,0
T00003381,Model_A,3.05,3.91,3.18,3.26,0
T00003382,Model_A,3.93,2.79,2.96,3.43,0
T00003386,Model_A,3.56,3.62,3.15,3.69,0
T00003388,Model_A,3.88,3.99,2.98,3.81,0
T00003389,Model_A,3.93,3.38,4.37,3.73,0
T00003395,Model_A,2.94,3.55,2.5,2.84,0
T00003396,Model_A,4.17,3.36,3.16,3.59,0
T00003397,Model_A,3.52,3.11,3.81,3.57,0
T00003398,Model_A,4.02,4.03,3.69,4.09,0
T00003400,Model_A,3.38,4.06,3.9,3.6,0
T00003402,Model_A,3.8,3.06,3.95,3.57,0
T00003404,Model_A,3.83,3.91,3.62,4.1,0
T00003407,Model_A,3.91,3.67,3.81,3.51,0
T00003408,Model_A,3.97,2.81,3.51,3.34,0
T00003415,Model_A,3.47,3.55,4.23,3.58,0
T00003416,Model_A,3.7,3.39,3.28,3.25,0
T00003419,Model_A,3.39,4.17,3.84,3.5,0
T00003420,Model_A,3.93,3.0,3.63,3.5,0
T00003422,Model_A,2.52,3.47,3.62,3.11,0
T00003423,Model_A,3.76,3.07,4.18,3.65,0
T00003424,Model_A,3.59,4.02,3.44,3.6,0
T00003428,Model_A,2.88,2.66,3.55,2.9,0
T00003439,Model_A,3.64,3.49,2.99,3.78,0
T00003441,Model_A,2.94,3.45,3.36,2.91,0
T00003446,Model_A,3.47,3.83,3.4,3.35,0
T00003449,Model_A,4.05,4.06,3.36,3.83,0
T00003458,Model_A,3.66,3.46,3.54,3.71,0
T00003463,Model_A,2.73,3.01,3.22,3.08,0
T00003469,Model_A,3.67,3.1,2.8,3.38,0
T00003471,Model_A,3.76,2.77,3.58,3.41,0
T00003472,Model_A,3.38,3.34,2.45,3.1,0
T00003473,Model_A,3.19,2.44,3.29,2.92,0
T00003474,Model_A,3.54,3.11,4.56,3.44,0
T00003477,Model_A,3.02,3.25,3.43,3.53,0
T00003478,Model_A,4.18,3.55,3.13,3.56,0
T00003481,Model_A,2.95,3.65,3.35,3.06,0
T00003487,Model_A,4.29,2.88,3.42,3.36,0
T00003495,Model_A,3.0,4.16,3.56,3.52,0
T00003497,Model_A,4.27,3.19,3.71,3.73,0
T00003500,Model_A,3.79,3.03,2.56,3.2,0
T00003502,Model_A,3.42,2.63,4.3,3.63,0
T00003504,Model_A,3.84,4.27,3.1,3.56,0
T00003506,Model_A,3.22,2.93,3.86,3.6,0
T00003511,Model_A,3.44,3.2,2.47,2.99,0
T00003512,Model_A,3.69,3.88,3.64,3.72,0
T00003516,Model_A,2.58,3.25,3.87,3.14,0
T00003517,Model_A,3.61,3.89,3.11,3.63,0
T00003520,Model_A,3.85,3.2,4.31,3.69,0
T00003521,Model_A,3.4,3.65,3.01,3.56,0
T00003522,Model_A,3.67,3.64,2.67,3.33,0
T00003525,Model_A,3.91,4.27,3.06,3.98,0
T00003528,Model_A,4.43,3.33,3.3,3.72,0
T00003529,Model_A,3.23,3.24,3.48,3.23,0
T00003540,Model_A,3.96,2.86,3.5,3.37,0
T00003542,Model_A,4.31,4.03,4.23,4.3,0
T00003543,Model_A,3.63,3.49,3.48,3.46,0
T00003545,Model_A,3.15,3.83,3.5,3.44,0
T00003546,Model_A,4.06,2.39,4.18,3.7,0
T00003550,Model_A,4.7,3.3,3.84,3.86,0
T00003552,Model_A,2.98,4.26,4.13,3.78,0
T00003555,Model_A,3.41,4.16,2.75,3.51,0
T00003556,Model_A,3.89,3.73,4.69,4.28,0
T00003559,Model_A,3.35,2.57,3.82,3.22,0
T00003564,Model_A,3.84,3.82,2.98,3.57,0
T00003565,Model_A,2.81,3.55,4.29,3.5,0
T00003566,Model_A,3.74,3.14,2.86,3.78,0
T00003567,Model_A,3.68,3.53,3.19,3.22,0
T00003568,Model_A,3.45,3.62,2.31,3.24,0
T00003569,Model_A,3.19,2.76,4.09,3.25,0
T00003573,Model_A,3.23,3.8,3.17,3.13,0
T00003574,Model_A,3.69,4.37,3.53,3.95,0
T00003575,Model_A,2.61,3.41,3.94,3.09,0
T00003576,Model_A,3.62,4.26,3.51,3.96,1
T00003577,Model_A,4.95,2.57,3.99,3.62,0
T00003585,Model_A,3.27,3.2,2.94,3.2,0
T00003586,Model_A,3.24,2.81,3.73,3.2,0
T00003590,Model_A,3.24,3.94,3.63,3.54,0
T00003592,Model_A,3.73,3.77,3.38,3.5,0
T00003599,Model_A,4.06,3.89,3.71,3.72,0
T00003604,Model_A,4.09,2.57,3.21,3.27,0
T00003606,Model_A,4.09,2.95,3.79,3.42,0
T00003607,Model_A,3.92,3.96,3.2,4.04,0
T00003609,Model_A,3.56,2.65,3.87,3.3,0
T00003616,Model_A,3.6,3.22,3.77,3.72,0
T00003617,Model_A,3.34,3.18,3.43,3.29,0
T00003624,Model_A,3.91,3.46,3.14,3.53,0
T00003625,Model_A,3.36,3.58,2.13,2.99,0
T00003628,Model_A,3.18,3.21,3.86,3.48,0
T00003638,Model_A,3.36,2.25,3.8,3.16,0
T00003645,Model_A,4.53,3.83,3.46,3.94,0
T00003648,Model_A,3.15,3.1,2.96,3.26,0
T00003655,Model_A,3.68,3.62,3.37,3.52,0
T00003656,Model_A,3.64,3.04,3.13,3.25,0
T00003657,Model_A,3.16,3.03,3.2,3.1,0
T00003658,Model_A,4.0,3.71,2.93,3.64,0
T00003659,Model_A,3.77,3.89,4.58,4.19,0
T00003660,Model_A,3.63,3.75,4.48,4.01,0
T00003669,Model_A,3.83,3.84,2.94,3.14,0
T00003671,Model_A,4.09,3.53,3.48,3.96,0
T00003672,Model_A,4.01,3.65,2.65,3.55,0
T00003684,Model_A,3.93,3.22,3.53,3.36,0
T00003685,Model_A,3.68,3.68,3.64,3.57,0
T00003686,Model_A,2.78,3.12,3.79,3.4,0
T00003688,Model_A,4.75,4.13,3.91,4.2,0
T00003693,Model_A,3.22,3.28,2.95,3.39,0
T00003694,Model_A,4.07,3.71,4.2,3.8,0
T00003699,Model_A,3.43,2.83,4.63,3.4,0
T00003703,Model_A,3.67,2.97,3.72,3.56,0
T00003704,Model_A,4.13,4.25,3.52,4.05,0
T00003705,Model_A,3.77,4.1,3.23,3.78,0
T00003706,Model_A,3.32,3.34,3.8,3.87,0
T00003709,Model_A,4.36,3.35,3.37,4.1,0
T00003710,Model_A,2.69,3.05,3.93,3.12,0
T00003712,Model_A,3.66,2.82,3.61,3.27,0
T00003714,Model_A,2.81,3.14,3.21,3.31,0
T00003721,Model_A,3.94,3.42,3.45,3.63,0
T00003724,Model_A,4.31,3.77,3.63,3.93,0
T00003728,Model_A,3.46,2.86,2.6,3.25,0
T00003733,Model_A,4.15,2.58,4.19,3.56,0
T00003734,Model_A,3.82,3.81,3.84,3.67,0
T00003736,Model_A,4.01,3.65,4.04,3.9,0
T00003739,Model_A,3.77,3.65,3.66,3.64,0
T00003740,Model_A,3.81,3.62,3.25,3.67,0
T00003752,Model_A,4.07,3.33,3.98,3.86,0
T00003755,Model_A,3.59,3.7,2.73,3.55,0
T00003761,Model_A,3.23,3.21,3.51,3.35,0
T00003765,Model_A,3.83,3.57,4.49,3.96,0
T00003770,Model_A,3.32,3.51,3.8,3.73,0
T00003771,Model_A,3.86,3.92,3.57,4.06,0
T00003775,Model_A,3.67,2.86,3.38,3.38,0
T00003778,Model_A,4.37,2.66,4.01,3.72,0
T00003782,Model_A,3.39,3.43,3.31,3.31,0
T00003783,Model_A,3.34,3.39,3.16,3.31,0
T00003784,Model_A,2.98,4.26,3.99,3.86,0
T00003787,Model_A,4.03,2.82,3.36,3.55,0
T00003790,Model_A,3.26,2.58,3.79,3.17,0
T00003794,Model_A,3.53,4.14,3.95,3.69,0
T00003799,Model_A,2.96,3.01,2.81,2.69,0
T00003800,Model_A,3.81,3.31,3.68,3.62,0
T00003801,Model_A,4.24,3.48,3.79,3.81,0
T00003803,Model_A,4.21,3.96,3.23,3.78,0
T00003808,Model_A,3.86,2.99,2.44,2.98,0
T00003813,Model_A,3.8,2.57,3.01,3.13,0
T00003814,Model_A,3.85,3.96,3.9,4.0,0
T00003816,Model_A,3.2,3.77,3.67,3.69,0
T00003817,Model_A,4.13,4.08,3.21,3.75,0
T00003820,Model_A,3.36,2.8,3.56,3.29,0
T00003822,Model_A,3.2,3.66,3.93,3.12,0
T00003823,Model_A,3.91,3.31,3.26,3.56,0
T00003826,Model_A,3.72,3.66,3.23,3.55,0
T00003830,Model_A,3.89,3.21,3.18,3.35,0
T00003831,Model_A,2.57,3.6,3.63,3.19,0
T00003833,Model_A,3.03,3.53,3.61,3.31,0
T00003834,Model_A,4.49,3.61,3.48,3.92,0
T00003837,Model_A,3.22,3.69,3.73,3.23,0
T00003838,Model_A,3.67,3.28,3.36,3.59,0
T00003843,Model_A,2.87,3.86,3.34,3.51,0
T00003845,Model_A,3.68,3.72,4.08,4.0,0
T00003851,Model_A,3.36,3.79,3.32,3.45,0
T00003855,Model_A,3.94,2.74,3.15,3.43,1
T00003857,Model_A,3.74,3.64,3.41,3.59,0
T00003858,Model_A,4.01,2.66,4.23,3.63,0
T00003859,Model_A,3.51,3.35,3.26,3.27,0
T00003860,Model_A,4.03,3.7,3.57,3.94,0
T00003863,Model_A,4.25,3.43,2.28,3.46,0
T00003866,Model_A,3.63,3.32,3.32,3.23,0
T00003874,Model_A,3.18,3.31,3.63,3.16,0
T00003880,Model_A,3.38,3.16,4.15,3.36,0
T00003891,Model_A,3.72,4.35,3.69,4.07,0
T00003893,Model_A,3.53,3.66,4.51,4.13,0
T00003894,Model_A,2.63,4.45,4.32,3.73,0
T00003895,Model_A,3.91,4.31,3.48,3.91,0
T00003897,Model_A,3.01,4.27,3.31,3.54,0
T00003899,Model_A,3.57,3.21,2.86,3.18,0
T00003906,Model_A,2.83,3.44,3.19,3.24,0
T00003911,Model_A,3.54,3.29,4.13,3.73,0
T00003920,Model_A,3.83,4.01,3.74,3.63,0
T00003921,Model_A,3.25,4.37,3.72,3.73,0
T00003922,Model_A,3.55,3.84,3.15,3.66,0
T00003924,Model_A,3.11,3.22,3.45,3.27,0
T00003926,Model_A,3.18,3.29,3.17,3.06,0
T00003927,Model_A,3.43,3.91,3.44,3.34,0
T00003929,Model_A,3.75,3.1,3.11,3.11,0
T00003931,Model_A,3.82,3.54,3.43,3.49,0
T00003933,Model_A,4.33,4.03,4.11,4.11,0
T00003936,Model_A,3.78,3.98,3.53,3.7,0
T00003944,Model_A,3.66,4.26,2.97,3.4,0
T00003945,Model_A,3.35,3.08,3.46,2.95,0
T00003949,Model_A,3.75,2.91,3.35,3.38,0
T00003950,Model_A,3.93,3.4,3.93,4.1,0
T00003951,Model_A,3.81,4.19,3.34,3.93,0
T00003952,Model_A,3.38,2.95,4.18,3.38,0
T00003953,Model_A,2.98,4.04,3.96,3.7,0
T00003959,Model_A,3.12,3.7,3.9,3.69,0
T00003960,Model_A,3.57,2.5,3.46,3.34,0
T00003964,Model_A,3.58,3.62,4.49,3.87,0
T00003965,Model_A,3.74,4.04,3.32,3.66,1
T00003966,Model_A,3.43,4.28,3.48,3.88,0
T00003973,Model_A,2.72,4.34,3.98,3.67,0
T00003976,Model_A,3.99,3.61,2.96,3.55,0
T00003977,Model_A,4.29,3.56,3.31,3.8,0
T00003987,Model_A,3.3,3.33,3.35,3.39,0
T00003988,Model_A,3.58,3.74,2.72,3.3,0
T00003990,Model_A,3.37,4.42,3.93,3.96,0
T00003991,Model_A,3.52,4.67,3.6,3.99,0
T00003992,Model_A,3.37,4.35,3.11,3.97,0
T00003996,Model_A,3.69,2.56,3.4,3.39,0
T00003999,Model_A,3.24,4.12,3.31,3.56,0
T00004000,Model_A,3.46,3.74,3.05,3.71,0
T00004001,Model_A,3.4,3.85,4.16,4.17,0
T00004006,Model_A,3.16,3.94,3.44,3.45,0
T00004007,Model_A,3.51,3.34,3.21,3.59,0
T00004009,Model_A,3.89,3.69,3.38,3.64,0
T00004010,Model_A,3.62,3.66,2.9,3.38,0
T00004017,Model_A,3.83,2.93,3.25,3.4,0
T00004018,Model_A,3.96,3.24,3.52,3.5,0
T00004020,Model_A,3.35,4.11,3.49,3.28,0
T00004022,Model_A,2.75,3.88,3.56,3.38,0
T00004023,Model_A,2.8,3.61,3.45,3.41,0
T00004025,Model_A,3.51,3.43,3.14,3.66,0
T00004028,Model_A,2.78,4.04,3.11,3.21,0
T00004031,Model_A,3.59,4.51,3.16,3.83,0
T00004032,Model_A,3.57,3.95,3.72,3.48,0
T00004041,Model_A,2.83,3.96,4.33,3.87,0
T00004043,Model_A,2.96,3.08,3.75,3.18,0
T00004054,Model_A,4.41,3.15,2.99,3.65,0
T00004056,Model_A,3.81,3.3,3.4,3.47,0
T00004061,Model_A,3.52,3.97,3.3,3.72,0
T00004063,Model_A,3.62,3.88,3.05,3.76,0
T00004066,Model_A,3.32,3.7,3.78,3.38,0
T00004069,Model_A,3.59,3.17,3.03,3.13,0
T00004070,Model_A,3.62,3.56,3.75,3.86,0
T00004071,Model_A,4.12,4.05,4.06,4.05,0
T00004073,Model_A,4.14,4.18,3.67,3.89,0
T00004074,Model_A,3.36,3.36,3.85,3.43,0
T00004079,Model_A,3.75,3.37,2.69,3.24,0
T00004080,Model_A,3.01,2.88,3.4,2.79,0
T00004091,Model_A,4.37,3.36,3.75,3.85,0
T00004096,Model_A,4.13,3.99,4.05,3.83,0
T00004101,Model_A,3.08,3.62,3.74,3.41,0
T00004108,Model_A,3.1,3.34,3.98,3.51,0
T00004109,Model_A,3.75,3.39,3.3,3.72,0
T00004110,Model_A,4.08,3.09,3.52,3.66,0
T00004114,Model_A,2.66,3.88,2.86,2.96,0
T00004123,Model_A,3.12,3.4,3.83,3.47,0
T00004126,Model_A,3.92,3.13,3.87,3.61,0
T00004131,Model_A,4.1,3.69,2.83,3.69,0
T00004132,Model_A,3.75,3.28,3.03,3.46,0
T00004133,Model_A,3.44,3.01,3.04,3.08,0
T00004135,Model_A,3.24,3.16,3.93,3.54,0
T00004136,Model_A,3.12,3.49,2.67,3.05,0
T00004139,Model_A,4.15,4.23,3.41,3.78,0
T00004144,Model_A,4.03,4.25,3.09,3.99,0
T00004145,Model_A,4.16,4.17,4.89,4.56,0
T00004147,Model_A,4.08,3.68,3.06,3.82,0
T00004148,Model_A,3.56,4.03,3.76,3.83,0
T00004150,Model_A,2.96,3.6,3.53,3.59,0
T00004152,Model_A,3.1,3.2,4.12,3.24,0
T00004153,Model_A,3.76,3.46,4.24,3.74,0
T00004155,Model_A,3.58,3.8,3.44,3.84,0
T00004156,Model_A,4.47,2.64,3.37,3.59,0
T00004158,Model_A,3.3,3.8,3.93,3.62,0
T00004160,Model_A,3.78,2.91,1.94,3.18,0
T00004172,Model_A,3.95,3.31,3.92,3.88,0
T00004174,Model_A,3.21,3.04,3.71,3.41,0
T00004178,Model_A,2.98,3.4,2.57,3.26,1
T00004179,Model_A,3.4,4.27,2.81,3.39,0
T00004182,Model_A,3.78,4.07,3.08,3.72,0
T00004184,Model_A,5.0,3.88,3.77,4.26,0
T00004186,Model_A,3.52,2.65,4.09,3.39,0
T00004188,Model_A,3.78,2.9,3.45,3.63,0
T00004190,Model_A,3.58,3.48,3.61,3.39,0
T00004192,Model_A,3.28,3.43,3.54,3.3,0
T00004200,Model_A,3.25,3.18,2.9,3.02,0
T00004201,Model_A,3.35,3.35,3.63,3.58,0
T00004206,Model_A,3.01,2.67,3.1,2.65,0
T00004210,Model_A,2.89,3.51,3.38,3.42,0
T00004215,Model_A,4.65,3.1,3.91,3.8,0
T00004217,Model_A,3.58,3.47,4.69,3.49,0
T00004220,Model_A,3.84,4.27,3.46,3.97,0
T00004221,Model_A,2.77,3.09,3.32,3.21,1
T00004226,Model_A,3.45,2.66,2.65,2.99,0
T00004229,Model_A,3.3,3.18,2.85,3.16,0
T00004233,Model_A,4.56,3.89,4.56,4.49,0
T00004236,Model_A,3.51,3.76,3.25,3.25,0
T00004237,Model_A,2.71,3.61,3.5,3.33,0
T00004241,Model_A,3.36,4.33,4.05,3.73,0
T00004245,Model_A,3.21,3.39,2.87,3.31,0
T00004253,Model_A,3.71,3.2,2.54,2.99,0
T00004258,Model_A,4.14,3.65,2.99,3.7,0
T00004259,Model_A,4.33,3.66,3.01,3.84,0
T00004261,Model_A,3.93,4.37,3.78,4.09,0
T00004263,Model_A,4.37,3.56,4.15,4.25,0
T00004265,Model_A,2.97,1.88,3.02,2.84,0
T00004266,Model_A,3.53,3.97,3.81,3.64,0
T00004274,Model_A,3.77,3.38,3.51,3.27,0
T00004279,Model_A,3.26,2.67,3.0,3.03,0
T00004285,Model_A,2.98,4.08,3.64,3.43,0
T00004287,Model_A,3.52,2.94,3.59,3.25,0
T00004289,Model_A,3.54,3.55,3.48,3.46,0
T00004290,Model_A,3.97,3.43,3.34,3.91,0
T00004291,Model_A,3.49,3.79,3.46,4.0,0
T00004293,Model_A,4.1,4.54,3.56,3.75,0
T00004300,Model_A,3.6,3.74,3.97,3.65,0
T00004306,Model_A,4.03,3.58,3.36,3.56,0
T00004313,Model_A,4.47,4.04,3.36,3.98,0
T00004318,Model_A,2.71,3.52,4.19,3.69,0
T00004319,Model_A,4.07,3.71,4.11,3.87,0
T00004320,Model_A,2.98,3.06,3.56,3.39,0
T00004326,Model_A,3.83,4.62,4.12,4.12,0
T00004330,Model_A,3.44,3.55,3.05,3.62,0
T00004331,Model_A,4.11,3.41,3.26,3.7,0
T00004332,Model_A,3.55,3.12,3.04,3.01,0
T00004333,Model_A,4.07,4.07,3.73,4.08,0
T00004346,Model_A,3.84,3.3,3.56,3.31,0
T00004347,Model_A,3.72,3.78,2.33,3.26,0
T00004350,Model_A,4.01,4.25,3.65,4.07,0
T00004351,Model_A,3.41,3.09,3.3,3.42,0
T00004354,Model_A,3.1,3.78,3.81,3.42,0
T00004355,Model_A,4.75,3.6,2.79,3.67,0
T00004359,Model_A,3.41,3.69,4.01,3.46,0
T00004367,Model_A,2.96,3.45,3.83,3.44,0
T00004368,Model_A,3.58,4.29,3.41,3.87,0
T00004373,Model_A,3.36,2.99,4.31,3.46,0
T00004374,Model_A,3.35,4.64,2.58,3.55,0
T00004375,Model_A,3.92,3.94,3.92,4.01,0
T00004376,Model_A,3.61,4.23,2.47,3.49,0
T00004379,Model_A,3.92,3.1,3.86,3.62,0
T00004383,Model_A,4.54,4.18,3.37,3.96,0
T00004385,Model_A,4.25,4.12,2.94,3.95,0
T00004388,Model_A,3.66,3.74,3.73,3.63,0
T00004399,Model_A,3.7,4.11,3.21,3.93,0
T00004401,Model_A,3.53,3.53,3.69,3.68,0
T00004405,Model_A,3.48,4.19,3.27,3.85,0
T00004406,Model_A,2.86,3.24,4.48,3.59,0
T00004407,Model_A,3.52,3.41,4.05,3.53,0
T00004409,Model_A,4.46,3.01,3.1,3.7,0
T00004411,Model_A,3.97,3.07,3.44,3.61,0
T00004418,Model_A,3.73,2.72,4.03,3.33,0
T00004419,Model_A,4.23,3.69,3.39,4.04,0
T00004420,Model_A,3.32,3.36,3.31,3.21,0
T00004422,Model_A,3.94,4.39,3.02,3.97,0
T00004425,Model_A,3.6,2.99,3.24,3.23,0
T00004429,Model_A,3.28,3.4,3.52,3.31,0
T00004430,Model_A,4.53,3.89,3.57,4.16,0
T00004436,Model_A,3.46,3.2,3.27,3.41,0
T00004438,Model_A,3.87,3.34,3.26,3.62,0
T00004446,Model_A,3.12,3.5,3.5,3.43,0
T00004447,Model_A,3.1,3.52,3.69,3.33,0
T00004449,Model_A,4.29,3.6,3.97,3.75,0
T00004453,Model_A,4.2,2.9,3.11,3.13,0
T00004461,Model_A,3.83,3.14,3.57,3.42,0
T00004464,Model_A,3.22,3.56,3.82,3.53,0
T00004465,Model_A,3.08,3.83,3.94,3.5,0
T00004466,Model_A,3.03,3.43,3.03,3.09,0
T00004467,Model_A,3.32,3.15,3.31,3.41,0
T00004470,Model_A,3.58,3.95,3.41,3.84,0
T00004472,Model_A,3.71,3.33,3.49,3.65,0
T00004476,Model_A,4.48,2.96,4.15,4.19,0
T00004477,Model_A,3.69,2.37,4.44,3.77,0
T00004478,Model_A,3.35,2.69,3.98,3.23,0
T00004479,Model_A,3.67,3.97,3.45,3.75,0
T00004480,Model_A,4.24,3.23,3.39,3.9,0
T00004486,Model_A,4.36,3.48,3.27,3.55,0
T00004487,Model_A,3.53,3.23,3.07,2.93,0
T00004489,Model_A,4.0,3.37,4.76,3.93,0
T00004490,Model_A,4.79,4.04,3.42,4.33,0
T00004493,Model_A,3.72,3.52,3.86,3.67,0
T00004496,Model_A,4.06,3.47,2.71,3.22,0
T00004498,Model_A,3.13,4.3,2.34,3.3,0
T00004499,Model_A,3.91,4.3,2.62,3.79,0
T00004503,Model_A,3.94,2.57,2.55,3.02,0
T00004505,Model_A,4.05,2.53,2.76,3.12,0
T00004509,Model_A,3.16,4.5,3.46,3.7,0
T00004512,Model_A,4.66,3.24,2.45,3.5,0
T00004514,Model_A,4.04,3.22,4.24,3.94,0
T00004515,Model_A,3.54,3.74,3.67,3.45,0
T00004519,Model_A,3.83,3.29,3.33,3.56,0
T00004520,Model_A,3.77,4.23,3.97,4.15,0
T00004524,Model_A,3.51,3.68,3.28,3.67,0
T00004526,Model_A,3.52,3.02,3.7,3.46,0
T00004532,Model_A,3.63,3.46,3.2,3.49,0
T00004535,Model_A,3.79,3.69,3.88,3.98,0
T00004536,Model_A,3.34,3.99,4.1,3.78,0
T00004537,Model_A,3.2,3.61,3.89,3.55,0
T00004540,Model_A,3.06,3.12,3.15,3.15,0
T00004541,Model_A,4.09,4.46,3.48,4.15,0
T00004543,Model_A,4.2,3.3,2.72,3.6,0
T00004551,Model_A,3.75,4.26,4.3,4.27,0
T00004556,Model_A,2.62,3.93,4.44,3.46,0
T00004564,Model_A,3.98,3.74,3.16,3.69,0
T00004566,Model_A,2.96,3.63,4.2,3.82,0
T00004568,Model_A,3.39,4.05,3.53,3.68,0
T00004575,Model_A,3.2,3.61,3.34,3.38,0
T00004576,Model_A,4.26,3.28,2.73,3.44,0
T00004578,Model_A,3.22,2.87,2.61,2.68,0
T00004580,Model_A,3.75,3.53,4.19,3.82,0
T00004586,Model_A,4.02,3.75,3.39,3.79,1
T00004591,Model_A,3.0,3.68,4.49,3.94,0
T00004598,Model_A,3.28,3.08,3.51,3.16,0
T00004605,Model_A,4.28,4.28,3.38,3.9,0
T00004607,Model_A,4.08,3.65,3.76,3.8,0
T00004611,Model_A,3.27,3.32,2.71,3.41,0
T00004612,Model_A,3.4,3.34,3.14,3.35,0
T00004614,Model_A,3.58,3.78,3.61,3.67,0
T00004618,Model_A,3.09,3.53,3.31,3.21,0
T00004620,Model_A,3.89,3.75,2.65,3.5,0
T00004625,Model_A,4.18,3.09,4.54,3.85,0
T00004626,Model_A,3.58,4.43,4.23,3.98,0
T00004628,Model_A,3.45,3.25,3.23,2.98,0
T00004630,Model_A,3.39,3.63,3.69,3.62,0
T00004631,Model_A,3.72,3.52,4.0,3.61,0
T00004632,Model_A,2.92,3.06,3.57,3.14,0
T00004639,Model_A,3.56,4.08,4.74,4.04,0
T00004640,Model_A,3.31,2.77,2.74,2.83,0
T00004642,Model_A,3.12,3.19,3.66,3.3,0
T00004643,Model_A,3.82,3.1,2.86,3.44,0
T00004648,Model_A,4.34,3.6,4.06,4.05,0
T00004658,Model_A,3.48,3.98,2.91,3.41,0
T00004659,Model_A,3.75,3.59,3.44,3.6,0
T00004662,Model_A,3.69,3.48,4.06,3.78,0
T00004663,Model_A,3.98,3.25,3.37,3.73,0
T00004668,Model_A,3.35,3.15,3.79,3.47,0
T00004676,Model_A,4.19,4.02,3.85,3.9,0
T00004677,Model_A,3.89,3.8,3.59,3.86,0
T00004678,Model_A,2.93,4.18,3.4,3.49,0
T00004682,Model_A,3.7,4.0,4.69,4.22,0
T00004684,Model_A,3.62,4.01,3.57,3.92,0
T00004688,Model_A,4.34,4.38,2.26,3.73,0
T00004689,Model_A,3.21,3.61,3.47,3.67,0
T00004690,Model_A,3.59,3.68,3.69,3.57,0
T00004691,Model_A,2.75,2.67,3.47,2.95,0
T00004692,Model_A,3.87,3.77,3.11,3.56,0
T00004694,Model_A,3.06,3.6,3.88,3.46,0
T00004695,Model_A,3.77,3.78,4.09,3.8,0
T00004701,Model_A,3.93,2.94,4.28,3.69,0
T00004702,Model_A,3.38,3.51,3.37,3.24,0
T00004703,Model_A,3.89,3.13,2.93,3.17,0
T00004705,Model_A,3.73,3.2,3.6,3.76,0
T00004706,Model_A,3.3,3.49,2.76,3.14,0
T00004708,Model_A,3.64,3.77,3.19,3.44,0
T00004711,Model_A,3.97,4.03,2.7,3.78,0
T00004713,Model_A,3.57,2.96,4.36,3.51,0
T00004714,Model_A,3.66,3.68,3.72,3.58,0
T00004718,Model_A,3.37,3.27,3.35,3.33,0
T00004719,Model_A,4.18,3.21,3.61,3.78,0
T00004720,Model_A,3.17,2.62,4.18,3.35,0
T00004726,Model_A,3.55,4.07,2.62,3.19,0
T00004727,Model_A,3.78,4.44,3.78,3.85,0
T00004729,Model_A,3.06,2.88,3.21,2.78,0
T00004730,Model_A,4.65,3.48,2.9,3.52,0
T00004733,Model_A,3.4,4.1,3.14,3.53,0
T00004736,Model_A,4.1,4.05,3.47,3.84,0
T00004737,Model_A,3.52,2.7,3.85,3.08,0
T00004739,Model_A,3.94,3.05,3.25,3.3,0
T00004740,Model_A,2.94,3.73,3.39,3.27,0
T00004744,Model_A,3.85,3.76,3.03,3.96,0
T00004746,Model_A,3.67,3.23,4.05,3.58,0
T00004748,Model_A,3.65,3.33,4.4,4.03,0
T00004749,Model_A,3.49,3.22,3.4,3.28,0
T00004756,Model_A,3.97,2.7,2.82,3.17,0
T00004759,Model_A,4.14,3.26,3.15,3.57,0
T00004761,Model_A,3.77,3.77,2.75,3.31,0
T00004763,Model_A,4.04,3.57,2.49,3.53,0
T00004765,Model_A,3.27,3.77,3.06,3.48,0
T00004766,Model_A,4.05,4.36,3.31,4.08,0
T00004769,Model_A,3.29,3.43,3.78,3.56,0
T00004776,Model_A,4.04,2.97,3.74,3.47,0
T00004777,Model_A,3.52,3.84,2.76,3.4,0
T00004784,Model_A,3.37,4.09,3.22,3.53,0
T00004787,Model_A,3.27,3.63,4.19,3.8,0
T00004796,Model_A,3.46,3.89,3.47,3.88,0
T00004807,Model_A,3.72,3.31,2.76,3.34,0
T00004808,Model_A,3.82,3.79,3.38,3.8,0
T00004828,Model_A,3.01,4.04,2.83,3.32,0
T00004829,Model_A,4.14,4.25,3.86,3.99,0
T00004832,Model_A,4.17,3.98,3.78,3.73,0
T00004834,Model_A,4.84,3.06,3.21,3.96,0
T00004840,Model_A,4.44,3.31,3.91,3.97,0
T00004843,Model_A,3.67,3.99,3.02,3.66,0
T00004851,Model_A,4.11,3.5,4.5,3.71,0
T00004852,Model_A,3.72,3.0,3.48,3.36,0
T00004855,Model_A,2.94,3.32,3.47,3.27,0
T00004856,Model_A,3.68,4.25,3.09,3.53,0
T00004857,Model_A,3.2,3.64,2.79,3.17,0
T00004859,Model_A,3.61,3.49,4.06,3.56,0
T00004860,Model_A,3.92,4.15,3.58,3.83,0
T00004861,Model_A,3.83,3.59,3.53,3.65,0
T00004865,Model_A,4.16,3.93,3.18,3.68,0
T00004872,Model_A,3.63,3.41,3.28,3.59,0
T00004876,Model_A,3.68,3.53,3.33,3.6,0
T00004878,Model_A,3.53,4.36,3.83,3.96,0
T00004883,Model_A,4.64,3.74,3.81,3.93,0
T00004885,Model_A,3.67,3.2,3.71,3.29,0
T00004891,Model_A,3.6,3.33,2.97,3.26,0
T00004896,Model_A,3.23,3.22,3.47,3.04,0
T00004898,Model_A,4.57,3.56,3.09,4.06,0
T00004899,Model_A,3.68,3.95,2.84,3.6,0
T00004901,Model_A,2.5,3.68,3.02,3.28,0
T00004903,Model_A,3.71,4.56,3.68,4.06,0
T00004905,Model_A,3.63,3.99,3.81,4.05,0
T00004906,Model_A,3.7,3.07,3.79,3.36,0
T00004907,Model_A,2.86,4.09,3.64,3.37,0
T00004909,Model_A,3.5,2.63,3.9,3.62,0
T00004913,Model_A,3.55,3.52,3.84,3.63,0
T00004915,Model_A,3.8,4.0,2.97,3.66,0
T00004916,Model_A,3.49,3.63,4.02,3.62,1
T00004921,Model_A,2.16,3.72,2.99,3.01,0
T00004927,Model_A,3.2,3.84,3.36,3.33,0
T00004928,Model_A,4.3,4.11,2.82,3.59,0
T00004931,Model_A,3.74,3.57,2.25,3.15,0
T00004932,Model_A,4.26,3.71,2.77,3.53,0
T00004939,Model_A,3.66,3.76,3.79,3.6,0
T00004940,Model_A,4.02,2.5,3.48,3.49,1
T00004943,Model_A,3.65,3.87,3.46,3.55,0
T00004948,Model_A,3.67,4.03,4.05,3.81,0
T00004949,Model_A,3.8,3.37,3.03,3.55,0
T00004951,Model_A,4.1,3.68,3.82,3.71,0
T00004953,Model_A,3.75,3.79,3.6,3.75,0
T00004955,Model_A,3.78,3.86,4.09,3.91,0
T00004956,Model_A,3.72,3.14,3.55,3.88,0
T00004960,Model_A,3.13,3.67,3.73,3.5,0
T00004964,Model_A,3.72,3.44,3.98,3.68,0
T00004966,Model_A,4.11,4.0,3.68,4.14,0
T00004968,Model_A,3.18,2.76,3.09,3.09,0
T00004969,Model_A,4.38,4.19,2.33,3.96,0
T00004971,Model_A,3.44,3.24,3.96,3.58,0
T00004974,Model_A,3.5,3.64,3.1,3.32,0
T00004975,Model_A,3.62,3.13,2.95,3.27,0
T00004977,Model_A,3.7,3.78,3.18,3.74,0
T00004979,Model_A,3.62,3.49,3.12,3.56,0
T00004982,Model_A,3.61,3.76,3.76,3.63,0
T00004985,Model_A,3.19,3.15,2.93,3.37,0
T00004990,Model_A,3.64,4.15,2.38,3.13,0
T00004992,Model_A,4.41,4.1,3.17,3.98,0
T00004995,Model_A,3.6,4.3,3.27,3.66,0
T00004996,Model_A,3.4,3.76,3.65,3.65,0
T00004997,Model_A,3.9,3.92,3.46,3.61,0
T00004998,Model_A,3.59,3.44,3.02,3.38,0
T00005006,Model_A,4.36,3.77,3.78,4.04,0
T00005007,Model_A,3.35,3.65,3.34,3.52,0
T00005012,Model_A,3.05,3.78,4.12,3.71,0
T00005014,Model_A,2.93,3.26,3.58,3.16,0
T00005018,Model_A,3.49,3.13,3.48,3.31,0
T00005019,Model_A,3.83,3.55,3.15,3.69,0
T00005020,Model_A,3.24,2.75,3.35,3.18,0
T00005021,Model_A,4.5,3.0,2.47,3.33,0
T00005023,Model_A,4.25,3.31,3.57,3.93,0
T00005027,Model_A,3.13,3.64,2.76,3.37,0
T00005030,Model_A,3.62,4.03,3.18,4.03,0
T00005033,Model_A,3.5,3.24,3.05,3.22,0
T00005037,Model_A,3.14,3.31,4.6,3.65,0
T00005038,Model_A,3.79,3.88,3.01,3.58,0
T00005049,Model_A,4.2,3.65,3.15,3.76,0
T00005050,Model_A,4.16,3.64,4.07,3.92,0
T00005052,Model_A,3.33,4.13,3.76,3.79,0
T00005053,Model_A,3.28,3.71,3.2,3.58,0
T00005064,Model_A,3.49,3.37,3.21,3.2,0
T00005066,Model_A,3.56,3.42,3.59,3.63,0
T00005067,Model_A,3.96,3.04,2.76,3.37,0
T00005072,Model_A,4.21,3.89,3.34,3.94,0
T00005075,Model_A,2.97,4.11,5.0,3.79,0
T00005077,Model_A,4.27,3.59,3.02,3.8,0
T00005082,Model_A,3.46,3.81,2.96,3.35,0
T00005086,Model_A,4.23,3.73,3.05,3.32,0
T00005087,Model_A,3.65,3.21,2.5,3.48,0
T00005089,Model_A,4.47,4.83,3.58,4.5,0
T00005095,Model_A,4.11,2.57,3.66,3.46,0
T00005102,Model_A,4.04,3.41,3.2,3.5,0
T00005105,Model_A,3.03,3.18,3.38,3.03,0
T00005107,Model_A,3.42,3.46,4.44,3.5,0
T00005109,Model_A,4.19,3.46,3.74,3.69,0
T00005121,Model_A,3.42,3.03,4.65,3.64,0
T00005124,Model_A,3.42,3.49,3.83,3.45,0
T00005129,Model_A,3.83,2.74,3.99,3.28,0
T00005135,Model_A,4.35,3.59,3.74,3.82,0
T00005140,Model_A,1.67,3.5,2.59,2.47,0
T00005145,Model_A,4.07,4.04,2.99,3.95,0
T00005147,Model_A,3.09,3.42,2.96,3.45,0
T00005150,Model_A,3.19,2.9,3.2,2.95,0
T00005154,Model_A,3.69,3.62,3.22,3.67,0
T00005157,Model_A,3.27,3.04,2.68,2.95,0
T00005162,Model_A,3.64,3.79,3.53,3.46,0
T00005163,Model_A,3.71,3.61,3.72,3.47,0
T00005164,Model_A,3.37,3.51,3.59,3.44,0
T00005167,Model_A,3.37,3.68,3.84,4.13,0
T00005168,Model_A,3.69,3.37,2.97,3.05,0
T00005169,Model_A,3.79,4.58,3.25,3.86,0
T00005174,Model_A,3.52,3.81,3.41,3.46,0
T00005176,Model_A,3.13,4.1,3.25,2.94,0
T00005177,Model_A,3.67,4.01,3.61,3.69,0
T00005180,Model_A,3.58,3.67,2.45,3.25,0
T00005181,Model_A,3.11,4.47,3.38,3.58,0
T00005182,Model_A,4.04,3.85,3.15,3.71,0
T00005190,Model_A,3.91,3.65,3.15,3.44,0
T00005191,Model_A,4.44,3.89,3.85,4.14,0
T00005195,Model_A,3.24,3.52,3.57,3.5,0
T00005196,Model_A,3.9,3.15,3.52,3.59,0
T00005198,Model_A,3.31,3.62,3.8,3.69,0
T00005200,Model_A,3.54,3.16,3.79,3.39,0
T00005201,Model_A,3.03,4.03,3.7,3.82,0
T00005203,Model_A,3.27,3.07,2.91,2.99,0
T00005208,Model_A,4.12,3.22,3.88,3.63,0
T00005214,Model_A,2.58,3.05,3.15,2.96,0
T00005215,Model_A,4.09,3.3,3.76,3.86,0
T00005217,Model_A,3.98,3.54,3.59,3.77,0
T00005222,Model_A,3.55,3.57,2.8,3.25,0
T00005223,Model_A,3.11,3.51,3.0,3.28,0
T00005228,Model_A,3.95,3.34,3.57,3.2,0
T00005229,Model_A,3.41,3.73,2.91,3.27,0
T00005230,Model_A,4.65,3.2,3.58,3.77,0
T00005236,Model_A,3.38,3.81,2.74,3.35,0
T00005239,Model_A,4.06,3.49,4.27,3.7,0
T00005241,Model_A,3.87,3.16,3.64,3.58,0
T00005243,Model_A,3.35,3.08,2.92,3.17,0
T00005246,Model_A,3.77,3.56,3.17,3.58,0
T00005248,Model_A,3.46,3.44,2.52,3.23,0
T00005250,Model_A,3.49,4.34,3.57,3.88,0
T00005253,Model_A,4.01,4.34,3.71,3.99,0
T00005261,Model_A,3.49,3.9,2.8,3.37,0
T00005265,Model_A,3.38,4.57,3.6,4.1,0
T00005266,Model_A,3.7,3.35,3.58,3.58,0
T00005268,Model_A,3.53,3.86,3.11,3.69,0
T00005270,Model_A,3.67,3.76,2.7,3.39,0
T00005272,Model_A,3.2,3.17,3.25,3.21,0
T00005273,Model_A,3.19,3.19,3.37,3.37,0
T00005278,Model_A,4.22,3.1,4.06,3.55,0
T00005282,Model_A,4.3,3.66,3.9,4.11,0
T00005286,Model_A,3.84,3.81,3.48,3.92,0
T00005288,Model_A,3.49,4.24,3.66,3.73,0
T00005290,Model_A,3.32,4.29,3.32,3.65,0
T00005294,Model_A,3.33,4.22,4.23,3.91,0
T00005295,Model_A,3.96,3.83,3.09,3.55,0
T00005297,Model_A,2.93,4.53,3.24,3.62,0
T00005299,Model_A,3.63,4.23,3.15,3.59,0
T00005303,Model_A,3.75,4.21,2.73,3.34,0
T00005306,Model_A,4.52,3.94,3.96,4.29,0
T00005307,Model_A,3.83,3.62,4.13,3.97,0
T00005308,Model_A,3.41,3.31,3.83,3.6,0
T00005312,Model_A,3.39,3.62,3.4,3.29,1
T00005313,Model_A,3.16,3.46,4.26,3.58,0
T00005315,Model_A,3.17,3.67,3.87,3.55,1
T00005317,Model_A,4.03,2.76,3.66,3.62,0
T00005323,Model_A,3.78,3.72,3.27,3.18,0
T00005328,Model_A,3.44,3.5,2.6,3.1,0
T00005331,Model_A,4.12,3.64,2.83,3.66,0
T00005335,Model_A,3.08,2.75,3.13,3.04,0
T00005339,Model_A,3.63,4.31,3.48,3.99,0
T00005341,Model_A,3.52,2.58,3.1,2.9,0
T00005345,Model_A,3.69,3.69,3.09,3.31,0
T00005347,Model_A,3.65,3.51,4.04,3.32,0
T00005350,Model_A,3.72,3.63,2.96,3.73,0
T00005352,Model_A,3.47,3.75,3.2,3.51,0
T00005355,Model_A,3.5,3.21,2.89,2.79,0
T00005356,Model_A,3.43,2.72,3.82,3.09,0
T00005357,Model_A,4.42,2.79,4.16,3.85,0
T00005358,Model_A,3.29,2.78,3.42,3.06,0
T00005360,Model_A,3.71,4.17,3.72,3.78,0
T00005368,Model_A,3.62,3.27,4.43,3.78,0
T00005370,Model_A,3.76,3.59,3.13,3.63,0
T00005372,Model_A,4.54,3.95,3.51,4.07,0
T00005374,Model_A,4.04,3.58,3.5,3.44,0
T00005379,Model_A,3.82,2.86,3.92,3.43,0
T00005382,Model_A,3.36,2.95,3.59,3.63,0
T00005384,Model_A,2.94,4.38,3.57,3.63,0
T00005386,Model_A,3.24,2.71,3.6,3.08,0
T00005387,Model_A,3.44,3.91,3.32,3.48,0
T00005390,Model_A,4.65,3.23,2.57,3.73,0
T00005392,Model_A,3.08,2.46,3.92,3.22,0
T00005395,Model_A,3.9,3.33,3.83,3.51,0
T00005398,Model_A,3.64,3.03,2.82,3.06,0
T00005405,Model_A,3.33,3.69,3.23,3.43,0
T00005409,Model_A,3.57,3.39,3.33,3.43,0
T00005413,Model_A,3.34,3.59,3.21,3.26,0
T00005422,Model_A,3.16,3.05,2.94,2.88,0
T00005423,Model_A,5.0,4.13,3.84,4.45,0
T00005425,Model_A,3.27,3.35,3.09,3.35,0
T00005426,Model_A,3.51,3.62,4.44,3.71,0
T00005431,Model_A,3.46,4.24,3.07,3.46,0
T00005432,Model_A,2.34,3.74,2.85,3.05,0
T00005434,Model_A,3.56,3.41,3.72,3.64,0
T00005436,Model_A,3.41,3.57,3.1,3.33,0
T00005437,Model_A,3.58,2.94,4.07,3.59,0
T00005442,Model_A,3.82,3.17,3.54,3.58,0
T00005446,Model_A,4.05,2.85,3.31,3.53,0
T00005447,Model_A,2.91,3.77,2.97,3.2,0
T00005449,Model_A,4.34,3.48,3.71,3.99,0
T00005454,Model_A,3.17,2.87,4.0,3.22,0
T00005457,Model_A,3.09,4.13,3.17,3.62,0
T00005460,Model_A,3.96,3.61,3.95,3.84,0
T00005462,Model_A,4.11,3.56,3.94,3.78,0
T00005467,Model_A,2.9,4.64,2.6,3.48,0
T00005472,Model_A,3.85,3.24,3.5,3.48,0
T00005473,Model_A,3.49,4.31,3.63,3.94,0
T00005479,Model_A,5.0,3.33,3.44,3.81,0
T00005480,Model_A,3.33,3.3,3.25,3.35,0
T00005481,Model_A,3.42,3.2,3.71,3.45,0
T00005485,Model_A,3.49,3.0,3.57,3.6,0
T00005500,Model_A,3.98,3.48,3.75,3.68,0
T00005507,Model_A,3.6,2.9,3.28,3.44,0
T00005509,Model_A,3.94,2.77,3.22,3.44,0
T00005510,Model_A,4.09,3.96,4.2,3.94,0
T00005513,Model_A,4.25,3.15,3.73,3.82,0
T00005514,Model_A,3.97,3.42,3.81,3.83,0
T00005515,Model_A,3.98,3.51,3.77,3.64,0
T00005517,Model_A,4.24,2.56,3.13,3.18,0
T00005518,Model_A,3.29,3.41,3.46,3.44,0
T00005519,Model_A,4.38,3.94,3.78,3.84,0
T00005520,Model_A,4.53,2.59,2.33,3.18,0
T00005523,Model_A,4.09,4.38,2.94,4.08,0
T00005531,Model_A,4.05,3.13,3.8,3.47,0
T00005534,Model_A,3.44,4.06,4.68,4.09,0
T00005537,Model_A,3.22,3.16,3.92,3.62,0
T00005549,Model_A,2.96,4.38,3.01,3.65,0
T00005556,Model_A,4.31,4.37,3.52,4.0,0
T00005558,Model_A,3.1,3.96,3.12,3.47,0
T00005562,Model_A,3.31,2.81,3.42,3.3,0
T00005563,Model_A,3.25,4.72,3.53,4.03,0
T00005566,Model_A,3.07,3.74,2.81,3.3,0
T00005568,Model_A,3.33,4.17,3.32,3.6,0
T00005575,Model_A,4.23,3.24,3.2,3.73,0
T00005576,Model_A,3.68,4.03,3.09,3.53,0
T00005577,Model_A,3.23,4.01,3.1,3.19,0
T00005585,Model_A,4.07,3.38,3.9,3.72,0
T00005587,Model_A,4.17,3.16,3.46,3.71,0
T00005589,Model_A,3.2,3.79,3.46,3.42,0
T00005591,Model_A,3.94,3.14,3.67,3.65,0
T00005592,Model_A,4.89,4.16,2.2,3.99,0
T00005593,Model_A,3.76,3.81,3.46,3.62,0
T00005597,Model_A,3.59,3.96,3.78,3.83,0
T00005599,Model_A,4.18,3.8,3.64,3.71,0
T00005601,Model_A,3.05,3.44,3.78,3.28,0
T00005602,Model_A,3.97,3.55,3.24,3.51,0
T00005604,Model_A,3.27,2.98,3.11,3.13,0
T00005617,Model_A,3.99,3.69,3.53,3.58,0
T00005625,Model_A,3.67,3.34,3.45,3.59,0
T00005637,Model_A,3.13,3.24,4.26,3.26,0
T00005642,Model_A,3.75,4.12,3.53,3.58,0
T00005643,Model_A,3.81,3.39,3.71,3.59,0
T00005647,Model_A,3.52,4.36,3.24,3.76,0
T00005648,Model_A,3.76,3.63,3.23,3.2,0
T00005650,Model_A,3.39,3.08,3.75,3.48,1
T00005654,Model_A,3.72,3.57,2.36,3.3,0
T00005656,Model_A,3.39,4.27,2.73,3.47,0
T00005660,Model_A,3.54,3.6,3.13,3.34,0
T00005661,Model_A,4.04,3.67,3.31,3.8,0
T00005664,Model_A,3.26,2.46,3.31,2.61,0
T00005668,Model_A,3.58,3.03,3.43,3.18,0
T00005677,Model_A,3.87,4.4,3.38,3.95,0
T00005678,Model_A,3.11,3.94,3.38,3.54,0
T00005687,Model_A,2.26,3.01,3.2,2.86,0
T00005691,Model_A,3.84,3.82,3.18,3.5,0
T00005699,Model_A,3.82,2.69,4.23,3.59,0
T00005706,Model_A,3.76,3.19,3.9,3.61,0
T00005708,Model_A,2.79,3.58,3.86,3.23,0
T00005709,Model_A,3.49,4.57,3.0,3.51,0
T00005715,Model_A,4.28,3.45,2.98,3.57,0
T00005717,Model_A,4.5,3.33,3.7,3.76,0
T00005721,Model_A,4.38,2.83,4.07,4.03,0
T00005722,Model_A,2.44,3.11,3.06,2.86,0
T00005726,Model_A,3.54,3.33,3.37,3.49,0
T00005728,Model_A,4.01,3.2,2.75,3.56,0
T00005741,Model_A,3.56,3.73,4.17,3.72,0
T00005743,Model_A,3.71,4.06,3.02,3.49,0
T00005744,Model_A,4.62,3.67,3.53,3.63,0
T00005745,Model_A,2.74,3.26,3.92,3.31,0
T00005750,Model_A,2.75,3.25,3.63,3.16,0
T00005753,Model_A,3.06,3.68,3.69,3.59,0
T00005756,Model_A,3.23,3.94,3.01,3.23,0
T00005758,Model_A,4.13,3.75,3.36,3.97,0
T00005759,Model_A,4.18,3.64,3.45,3.86,0
T00005761,Model_A,3.69,3.2,3.43,3.27,0
T00005763,Model_A,3.79,3.52,3.3,3.64,0
T00005774,Model_A,3.33,4.32,3.01,3.55,0
T00005775,Model_A,3.51,3.42,4.36,3.52,0
T00005776,Model_A,3.1,3.23,2.83,3.02,0
T00005777,Model_A,4.71,2.93,3.58,3.57,0
T00005785,Model_A,3.5,3.4,4.41,3.95,0
T00005787,Model_A,3.31,4.27,3.57,3.58,0
T00005792,Model_A,4.61,3.12,3.89,3.94,0
T00005811,Model_A,4.08,4.42,3.77,4.14,0
T00005819,Model_A,4.44,3.09,3.42,3.75,0
T00005821,Model_A,3.58,3.35,3.38,3.49,0
T00005824,Model_A,3.7,3.37,3.49,3.77,0
T00005826,Model_A,3.86,3.82,4.5,4.28,0
T00005828,Model_A,4.27,3.34,3.14,3.56,0
T00005832,Model_A,3.57,3.73,2.79,3.28,0
T00005833,Model_A,3.22,4.4,3.74,3.93,0
T00005837,Model_A,3.68,3.75,2.88,3.51,0
T00005839,Model_A,3.22,4.18,3.56,3.6,0
T00005841,Model_A,3.52,3.45,4.0,3.52,0
T00005843,Model_A,3.71,4.13,3.58,3.89,0
T00005849,Model_A,3.35,3.44,3.52,3.57,0
T00005852,Model_A,3.72,3.41,3.02,3.22,0
T00005853,Model_A,2.85,3.86,2.91,3.35,0
T00005857,Model_A,4.04,3.88,2.78,3.49,0
T00005858,Model_A,4.06,2.87,4.23,3.8,0
T00005862,Model_A,3.73,4.18,3.43,3.95,0
T00005864,Model_A,3.56,4.34,3.61,3.75,0
T00005867,Model_A,3.88,3.26,3.51,3.39,0
T00005868,Model_A,3.59,2.72,3.47,3.39,0
T00005869,Model_A,3.86,4.12,3.24,3.71,0
T00005873,Model_A,3.24,3.88,3.68,3.71,0
T00005874,Model_A,3.27,3.03,3.35,3.04,0
T00005880,Model_A,2.9,2.99,3.82,3.36,0
T00005881,Model_A,3.71,3.01,3.54,3.91,0
T00005885,Model_A,3.41,3.92,4.01,4.07,0
T00005886,Model_A,4.07,2.89,4.14,3.85,0
T00005889,Model_A,3.46,2.99,3.63,3.42,0
T00005892,Model_A,3.64,3.48,3.6,3.69,0
T00005896,Model_A,3.48,3.54,3.58,3.4,0
T00005900,Model_A,3.13,3.71,3.71,3.32,0
T00005908,Model_A,4.53,4.58,3.68,4.28,0
T00005909,Model_A,3.17,3.73,3.84,3.56,0
T00005913,Model_A,3.2,3.8,2.64,3.19,0
T00005915,Model_A,4.08,3.61,3.69,3.83,0
T00005917,Model_A,3.16,2.9,3.35,2.87,0
T00005919,Model_A,3.41,3.37,2.84,3.08,0
T00005921,Model_A,4.05,3.71,2.52,3.53,0
T00005924,Model_A,4.34,3.51,3.9,3.98,0
T00005926,Model_A,3.67,4.12,3.92,3.91,0
T00005927,Model_A,3.62,3.96,3.59,3.81,0
T00005930,Model_A,3.7,2.95,4.1,3.6,0
T00005934,Model_A,4.04,3.94,3.22,3.76,0
T00005935,Model_A,3.93,2.59,3.72,3.22,0
T00005941,Model_A,3.0,3.48,3.53,3.49,1
T00005942,Model_A,3.2,3.72,3.39,3.31,0
T00005947,Model_A,3.78,3.36,3.54,3.67,0
T00005949,Model_A,3.13,3.31,4.43,3.6,0
T00005953,Model_A,4.56,2.48,3.76,3.2,0
T00005955,Model_A,3.58,3.38,3.35,3.57,0
T00005956,Model_A,3.28,3.54,3.06,3.39,0
T00005959,Model_A,3.58,3.42,2.85,3.63,0
T00005961,Model_A,2.67,3.63,3.04,3.11,0
T00005962,Model_A,3.66,3.1,3.62,3.47,0
T00005966,Model_A,3.97,3.69,3.48,3.75,0
T00005967,Model_A,3.77,4.33,3.57,4.12,0
T00005968,Model_A,3.69,3.5,3.63,3.6,0
T00005969,Model_A,3.73,4.17,3.29,3.69,0
T00005970,Model_A,2.79,3.18,2.72,2.91,0
T00005971,Model_A,3.56,3.61,2.81,3.13,0
T00005973,Model_A,3.92,3.83,3.22,3.93,0
T00005976,Model_A,4.53,2.93,3.81,3.81,0
T00005977,Model_A,3.2,4.37,4.1,3.8,0
T00005985,Model_A,3.43,3.34,3.91,3.45,0
T00005988,Model_A,3.83,3.51,3.48,3.66,0
T00005991,Model_A,3.79,3.19,3.65,3.35,0
T00005999,Model_A,3.31,3.36,3.57,3.38,0
T00006003,Model_A,3.68,3.21,4.15,3.66,0
T00006004,Model_A,3.27,3.45,3.31,3.23,0
T00006008,Model_A,4.29,3.35,3.38,3.85,0
T00006013,Model_A,3.88,3.83,2.94,3.38,0
T00006014,Model_A,3.6,2.57,3.49,3.22,0
T00006015,Model_A,3.53,3.12,3.0,3.5,0
T00006018,Model_A,3.55,3.59,4.14,3.85,0
T00006021,Model_A,3.23,3.71,2.64,3.13,0
T00006023,Model_A,3.91,4.15,3.82,4.14,0
T00006025,Model_A,3.41,4.15,4.1,3.83,0
T00006028,Model_A,3.94,3.54,2.82,3.6,0
T00006029,Model_A,3.29,3.9,3.22,3.61,0
T00006030,Model_A,3.91,4.01,3.25,3.55,0
T00006032,Model_A,2.99,3.12,3.12,2.73,0
T00006036,Model_A,3.88,3.46,3.43,3.66,0
T00006037,Model_A,4.07,3.83,3.91,4.0,1
T00006042,Model_A,4.68,3.54,2.44,3.74,0
T00006043,Model_A,4.26,3.93,3.08,3.91,0
T00006046,Model_A,4.15,2.89,3.5,3.3,0
T00006047,Model_A,3.89,3.79,3.62,3.67,0
T00006051,Model_A,3.5,3.8,1.79,3.06,0
T00006052,Model_A,3.64,2.9,3.09,2.96,0
T00006054,Model_A,4.34,3.14,2.57,3.33,0
T00006058,Model_A,3.26,3.17,3.14,3.02,0
T00006059,Model_A,3.11,3.19,3.28,3.04,0
T00006060,Model_A,3.44,4.15,2.47,3.54,0
T00006064,Model_A,3.56,3.77,3.57,3.86,0
T00006065,Model_A,3.1,4.1,3.24,3.54,0
T00006066,Model_A,3.65,2.8,3.37,3.19,0
T00006068,Model_A,3.71,3.93,3.03,3.57,0
T00006070,Model_A,3.77,3.85,3.01,3.73,0
T00006071,Model_A,3.26,4.24,3.86,3.53,0
T00006079,Model_A,4.21,3.54,2.78,3.56,0
T00006086,Model_A,3.85,3.73,3.47,3.52,0
T00006089,Model_A,3.49,3.29,3.77,3.39,0
T00006091,Model_A,3.66,2.64,3.13,2.99,0
T00006092,Model_A,2.8,4.61,3.11,3.49,0
T00006097,Model_A,4.03,3.16,3.19,3.28,0
T00006099,Model_A,4.03,3.99,2.17,3.32,0
T00006100,Model_A,4.05,3.04,4.16,3.8,0
T00006103,Model_A,4.63,4.11,3.66,4.3,0
T00006104,Model_A,3.2,3.17,3.53,3.23,0
T00006106,Model_A,3.59,3.66,2.28,3.1,0
T00006107,Model_A,4.38,4.09,3.54,4.03,0
T00006108,Model_A,3.31,3.09,3.1,2.91,0
T00006109,Model_A,3.38,4.07,3.58,3.87,0
T00006111,Model_A,3.75,3.18,3.26,3.36,0
T00006115,Model_A,3.87,2.99,3.5,3.61,0
T00006116,Model_A,3.63,3.98,3.38,3.98,0
T00006121,Model_A,4.01,4.08,4.4,4.51,0
T00006123,Model_A,2.13,4.18,3.03,2.76,0
T00006129,Model_A,3.67,3.08,4.55,3.96,0
T00006130,Model_A,3.68,3.53,3.57,3.52,0
T00006137,Model_A,4.79,3.11,4.15,4.16,0
T00006139,Model_A,3.56,3.23,4.66,3.6,0
T00006140,Model_A,3.92,3.21,3.22,3.48,0
T00006141,Model_A,3.36,3.61,3.62,3.25,0
T00006156,Model_A,3.47,3.32,3.32,2.96,0
T00006157,Model_A,3.5,3.16,3.48,3.48,0
T00006158,Model_A,3.44,3.37,2.84,3.39,0
T00006161,Model_A,3.33,4.11,4.2,3.97,0
T00006165,Model_A,3.36,3.5,3.37,3.44,0
T00006167,Model_A,3.4,3.49,3.97,3.43,0
T00006170,Model_A,4.33,4.58,3.21,4.0,0
T00006171,Model_A,4.15,4.39,3.26,3.97,0
T00006172,Model_A,3.96,3.32,3.26,3.34,0
T00006173,Model_A,3.87,3.22,3.64,3.57,0
T00006175,Model_A,3.24,3.23,2.51,2.69,0
T00006176,Model_A,3.88,2.9,3.41,3.33,0
T00006177,Model_A,3.91,3.07,3.28,3.58,0
T00006180,Model_A,3.26,3.84,4.09,3.73,0
T00006182,Model_A,3.33,3.33,1.91,3.09,0
T00006187,Model_A,3.75,2.7,4.01,3.46,0
T00006189,Model_A,3.28,2.79,3.81,3.49,0
T00006193,Model_A,3.04,2.84,2.92,2.93,0
T00006196,Model_A,3.45,4.29,3.76,4.2,0
T00006197,Model_A,4.08,3.91,3.7,3.94,0
T00006198,Model_A,3.63,3.61,3.63,3.61,0
T00006199,Model_A,4.03,3.46,4.15,3.79,0
T00006201,Model_A,4.11,3.64,2.51,3.5,0
T00006203,Model_A,3.13,3.88,3.33,3.41,0
T00006204,Model_A,3.6,3.68,3.4,3.87,0
T00006208,Model_A,3.76,3.19,2.97,3.39,0
T00006210,Model_A,2.56,3.56,3.69,3.04,0
T00006212,Model_A,3.72,2.91,3.08,3.02,0
T00006213,Model_A,3.57,3.54,3.51,3.56,0
T00006220,Model_A,3.5,3.8,3.94,3.69,0
T00006226,Model_A,3.57,3.28,3.41,3.46,0
T00006229,Model_A,2.97,3.21,3.52,3.25,0
T00006230,Model_A,4.08,3.55,2.71,3.7,0
T00006233,Model_A,2.93,3.84,3.88,3.59,0
T00006235,Model_A,4.74,3.97,2.77,3.79,0
T00006236,Model_A,4.64,4.34,3.09,3.91,0
T00006237,Model_A,3.34,4.29,3.2,3.32,1
T00006243,Model_A,3.55,3.81,3.2,3.53,0
T00006246,Model_A,3.77,3.35,3.1,3.16,0
T00006248,Model_A,4.11,3.04,3.99,3.83,0
T00006250,Model_A,3.28,3.05,3.52,3.19,0
T00006253,Model_A,3.45,3.52,3.89,3.51,0
T00006256,Model_A,4.08,2.58,3.6,3.31,0
T00006257,Model_A,3.92,4.39,3.47,4.08,0
T00006258,Model_A,3.25,3.15,3.84,3.31,0
T00006261,Model_A,4.11,3.76,2.52,3.81,0
T00006263,Model_A,4.22,4.02,3.55,4.05,0
T00006266,Model_A,4.3,4.04,4.19,3.95,0
T00006267,Model_A,3.36,3.75,4.15,3.63,0
T00006271,Model_A,3.81,4.06,3.52,3.94,0
T00006275,Model_A,2.92,3.26,4.1,3.22,0
T00006278,Model_A,2.66,4.07,3.38,3.39,0
T00006280,Model_A,3.93,2.87,3.49,3.52,0
T00006282,Model_A,3.74,3.84,3.56,3.52,0
T00006284,Model_A,4.22,3.75,3.24,3.58,0
T00006289,Model_A,3.36,3.13,3.94,3.18,0
T00006290,Model_A,3.42,3.5,3.47,3.37,0
T00006292,Model_A,4.07,3.51,2.57,3.62,0
T00006293,Model_A,3.82,3.13,3.52,3.61,0
T00006296,Model_A,3.87,4.17,3.66,3.55,0
T00006297,Model_A,3.31,3.67,3.14,3.28,0
T00006299,Model_A,3.16,3.87,3.74,3.39,0
T00006303,Model_A,3.6,3.48,3.19,3.48,0
T00006304,Model_A,3.97,3.59,4.01,3.89,0
T00006307,Model_A,3.8,3.57,3.18,3.81,0
T00006313,Model_A,3.48,3.55,3.65,3.48,0
T00006314,Model_A,4.66,3.52,3.02,3.81,0
T00006319,Model_A,3.48,3.32,4.53,3.58,0
T00006320,Model_A,3.61,3.68,3.81,3.62,0
T00006324,Model_A,3.27,3.8,4.11,3.69,0
T00006326,Model_A,3.29,4.16,3.16,3.75,0
T00006329,Model_A,3.92,3.09,3.35,3.37,0
T00006330,Model_A,3.72,3.31,4.25,3.85,0
T00006334,Model_A,3.11,3.43,3.17,3.25,0
T00006339,Model_A,3.28,3.02,3.83,3.32,0
T00006344,Model_A,3.28,3.32,2.77,3.16,0
T00006345,Model_A,3.99,2.9,3.4,3.13,0
T00006346,Model_A,4.41,4.11,3.9,4.05,1
T00006350,Model_A,3.48,3.91,3.68,3.35,0
T00006351,Model_A,3.11,3.34,3.04,3.3,0
T00006352,Model_A,2.75,3.47,3.07,2.99,0
T00006354,Model_A,3.13,3.53,3.46,3.21,0
T00006362,Model_A,3.94,3.96,4.01,3.78,0
T00006365,Model_A,4.53,3.67,3.17,3.76,0
T00006366,Model_A,4.08,3.66,2.5,3.46,0
T00006370,Model_A,3.58,2.93,2.98,2.93,0
T00006371,Model_A,4.03,4.28,3.32,3.69,0
T00006374,Model_A,3.07,3.05,4.22,3.57,0
T00006375,Model_A,3.2,3.62,3.7,3.84,0
T00006380,Model_A,3.59,3.67,3.66,3.45,0
T00006385,Model_A,3.43,3.05,3.49,3.16,0
T00006387,Model_A,2.86,3.8,3.77,3.43,0
T00006389,Model_A,2.79,3.84,2.54,3.12,0
T00006396,Model_A,3.3,3.85,2.93,3.66,0
T00006397,Model_A,3.33,3.6,3.89,3.57,0
T00006398,Model_A,3.83,3.78,3.13,3.48,0
T00006401,Model_A,3.92,3.16,4.33,3.86,0
T00006402,Model_A,3.21,3.64,3.97,3.33,0
T00006403,Model_A,3.77,2.67,2.87,3.26,0
T00006404,Model_A,4.19,2.78,3.52,3.35,0
T00006406,Model_A,3.5,3.67,3.43,3.33,0
T00006407,Model_A,3.86,3.39,4.24,3.83,0
T00006411,Model_A,3.16,3.49,2.21,3.34,0
T00006416,Model_A,3.72,2.51,3.27,3.33,0
T00006419,Model_A,3.46,2.77,4.19,3.32,0
T00006420,Model_A,3.07,3.72,2.77,3.44,0
T00006421,Model_A,3.12,3.86,3.37,3.35,0
T00006423,Model_A,2.54,3.31,4.51,3.36,0
T00006424,Model_A,3.83,3.84,3.18,3.89,0
T00006429,Model_A,3.84,4.22,3.75,3.8,0
T00006433,Model_A,4.22,3.68,3.25,3.59,0
T00006436,Model_A,3.71,3.48,3.66,3.44,0
T00006437,Model_A,3.25,4.41,3.85,4.02,0
T00006440,Model_A,4.21,3.92,3.48,3.73,0
T00006443,Model_A,3.07,3.59,3.7,3.46,0
T00006445,Model_A,3.65,3.82,3.8,3.86,0
T00006446,Model_A,3.85,4.12,3.3,3.65,0
T00006447,Model_A,3.73,3.56,3.16,3.6,0
T00006448,Model_A,3.24,3.71,3.37,3.48,0
T00006451,Model_A,3.17,3.69,3.33,3.15,0
T00006455,Model_A,3.86,3.63,3.45,4.0,0
T00006463,Model_A,3.53,3.9,2.95,3.56,0
T00006464,Model_A,3.43,3.97,2.73,3.31,0
T00006471,Model_A,4.04,4.02,3.7,4.08,0
T00006477,Model_A,3.6,2.54,3.02,3.04,0
T00006480,Model_A,3.17,3.62,3.74,3.58,0
T00006485,Model_A,3.71,2.99,3.53,3.0,0
T00006486,Model_A,3.83,3.13,2.94,3.13,0
T00006487,Model_A,4.2,3.6,2.87,3.62,0
T00006492,Model_A,3.85,4.21,4.04,3.96,0
T00006493,Model_A,4.03,3.1,3.15,3.23,0
T00006496,Model_A,3.93,3.52,3.86,4.09,0
T00006498,Model_A,4.03,3.37,3.45,3.55,0
T00006499,Model_A,3.53,4.37,3.63,3.92,0
T00006501,Model_A,4.03,3.45,3.07,3.59,0
T00006504,Model_A,2.86,4.11,2.91,3.58,0
T00006505,Model_A,3.5,3.15,2.89,3.22,0
T00006508,Model_A,3.82,3.82,3.15,3.42,0
T00006510,Model_A,3.58,3.79,3.3,3.43,0
T00006512,Model_A,3.27,3.18,3.11,2.76,0
T00006514,Model_A,3.59,3.63,4.03,3.74,0
T00006519,Model_A,3.15,3.09,1.72,2.87,0
T00006520,Model_A,4.0,3.64,2.89,3.4,0
T00006521,Model_A,3.87,3.64,2.6,3.73,0
T00006526,Model_A,3.76,4.26,2.97,3.57,0
T00006528,Model_A,4.07,3.18,3.12,3.6,0
T00006530,Model_A,4.52,3.09,3.12,3.68,0
T00006531,Model_A,3.51,3.92,3.19,3.25,0
T00006532,Model_A,3.33,3.87,4.42,3.63,0
T00006534,Model_A,4.45,4.05,2.98,4.06,0
T00006540,Model_A,3.59,3.53,3.33,3.63,0
T00006548,Model_A,3.57,4.34,3.99,3.88,0
T00006550,Model_A,4.51,3.94,3.39,3.8,0
T00006554,Model_A,3.91,3.21,3.7,3.55,0
T00006556,Model_A,3.08,3.37,3.44,3.03,0
T00006557,Model_A,3.83,3.88,2.84,3.21,0
T00006558,Model_A,4.36,3.52,3.46,3.63,0
T00006560,Model_A,3.43,3.29,3.0,3.43,0
T00006564,Model_A,3.43,3.14,3.7,3.35,1
T00006565,Model_A,3.36,3.69,3.65,3.48,0
T00006566,Model_A,3.0,3.17,3.42,3.23,0
T00006569,Model_A,3.18,3.16,3.14,3.01,0
T00006579,Model_A,3.42,3.25,2.92,3.02,0
T00006580,Model_A,3.98,4.25,4.29,4.13,0
T00006581,Model_A,4.2,2.89,3.63,3.52,0
T00006582,Model_A,3.49,4.06,3.68,3.75,0
T00006584,Model_A,3.38,3.85,2.99,3.5,0
T00006585,Model_A,3.44,4.57,3.69,3.93,0
T00006586,Model_A,3.68,2.87,3.69,3.3,0
T00006587,Model_A,2.55,3.57,3.07,2.76,0
T00006590,Model_A,3.19,3.58,3.87,3.68,0
T00006591,Model_A,3.09,3.53,4.55,3.69,0
T00006593,Model_A,3.5,3.36,3.28,3.22,0
T00006594,Model_A,3.83,3.4,3.91,3.99,0
T00006596,Model_A,3.54,3.56,3.23,3.71,0
T00006597,Model_A,3.51,4.31,2.9,3.75,0
T00006600,Model_A,4.16,3.34,3.8,4.0,0
T00006601,Model_A,3.17,3.73,2.29,2.96,0
T00006606,Model_A,4.18,3.13,3.44,3.51,0
T00006607,Model_A,3.67,3.42,3.61,3.57,0
T00006614,Model_A,3.58,4.23,4.48,3.79,0
T00006619,Model_A,3.52,3.32,3.36,3.27,0
T00006621,Model_A,2.41,3.6,2.89,2.93,0
T00006623,Model_A,3.99,2.91,3.89,3.61,0
T00006624,Model_A,3.63,3.06,4.23,3.58,1
T00006626,Model_A,3.43,3.33,3.8,3.7,0
T00006628,Model_A,4.14,3.34,3.1,3.45,0
T00006629,Model_A,3.13,3.9,4.32,3.9,0
T00006630,Model_A,2.45,3.66,2.98,3.09,0
T00006632,Model_A,2.81,2.98,3.47,3.08,0
T00006634,Model_A,3.59,4.33,3.63,3.65,0
T00006635,Model_A,3.67,3.28,4.03,3.81,0
T00006636,Model_A,2.83,3.82,3.28,3.34,0
T00006638,Model_A,3.58,3.58,3.66,3.65,0
T00006640,Model_A,4.02,3.61,3.63,3.52,0
T00006641,Model_A,3.83,3.26,2.45,3.11,0
T00006645,Model_A,3.81,3.03,3.09,3.35,0
T00006647,Model_A,3.38,3.63,2.94,3.33,0
T00006648,Model_A,3.77,3.49,4.76,3.92,0
T00006650,Model_A,3.55,3.59,3.68,3.81,0
T00006651,Model_A,3.98,3.8,3.48,3.87,0
T00006654,Model_A,3.24,4.78,4.01,3.79,0
T00006655,Model_A,3.11,3.04,3.48,2.99,0
T00006659,Model_A,3.65,2.94,3.0,3.11,0
T00006663,Model_A,2.94,3.81,3.49,3.39,0
T00006674,Model_A,3.55,3.11,3.46,3.39,0
T00006677,Model_A,3.22,3.64,3.25,3.33,0
T00006682,Model_A,3.92,3.41,3.79,3.93,0
T00006686,Model_A,3.44,4.33,3.98,3.99,0
T00006688,Model_A,3.1,3.99,3.66,3.48,0
T00006692,Model_A,3.72,3.97,3.39,3.53,0
T00006693,Model_A,3.26,3.82,3.28,3.41,0
T00006695,Model_A,3.83,3.89,3.59,3.74,0
T00006697,Model_A,3.74,3.14,3.85,3.66,0
T00006699,Model_A,3.51,3.41,3.02,3.35,0
T00006701,Model_A,4.22,3.31,3.1,3.5,0
T00006703,Model_A,3.95,3.94,2.77,3.86,0
T00006710,Model_A,3.72,4.59,3.66,4.43,0
T00006714,Model_A,3.32,3.38,2.74,3.15,0
T00006715,Model_A,3.49,3.31,3.61,3.43,0
T00006719,Model_A,2.63,3.27,2.86,2.99,0
T00006722,Model_A,3.45,3.55,4.02,3.53,0
T00006723,Model_A,3.22,4.31,3.3,3.39,0
T00006724,Model_A,4.13,3.61,3.3,3.7,0
T00006725,Model_A,3.28,3.76,2.96,3.06,0
T00006726,Model_A,3.96,3.75,3.28,3.53,0
T00006735,Model_A,3.78,2.8,3.39,3.26,0
T00006737,Model_A,2.93,3.57,3.37,3.15,0
T00006738,Model_A,4.27,3.31,4.86,3.98,0
T00006739,Model_A,3.41,3.43,3.4,3.46,0
T00006741,Model_A,3.82,3.4,3.79,3.78,0
T00006745,Model_A,4.33,3.23,3.65,3.71,0
T00006748,Model_A,2.97,4.14,3.33,3.43,0
T00006755,Model_A,3.81,3.1,3.13,3.24,0
T00006767,Model_A,2.79,3.29,3.85,3.35,0
T00006771,Model_A,3.91,3.25,2.94,3.83,0
T00006779,Model_A,3.27,3.33,4.06,3.36,0
T00006788,Model_A,3.41,3.93,3.17,3.53,0
T00006793,Model_A,3.25,3.39,3.48,3.7,0
T00006794,Model_A,3.3,2.43,3.9,3.3,0
T00006799,Model_A,3.58,4.52,3.15,4.16,0
T00006801,Model_A,3.33,3.53,3.1,3.26,0
T00006803,Model_A,2.89,4.34,3.69,3.84,0
T00006804,Model_A,3.85,3.82,3.21,3.61,0
T00006806,Model_A,3.81,3.47,3.53,3.34,0
T00006808,Model_A,3.31,2.81,3.06,3.04,0
T00006809,Model_A,2.99,2.27,3.44,3.17,0
T00006810,Model_A,3.2,2.61,3.67,3.38,0
T00006819,Model_A,3.09,4.36,2.94,3.27,0
T00006821,Model_A,3.03,2.75,4.55,3.35,0
T00006823,Model_A,3.88,3.36,3.69,3.66,0
T00006831,Model_A,3.51,3.77,3.01,3.77,0
T00006833,Model_A,4.23,2.76,2.98,3.26,0
T00006835,Model_A,3.53,3.27,2.66,3.2,0
T00006836,Model_A,3.08,3.28,4.21,3.39,0
T00006838,Model_A,3.33,3.61,2.8,3.34,0
T00006840,Model_A,4.17,3.2,3.52,3.43,0
T00006847,Model_A,2.76,2.95,3.87,3.17,0
T00006848,Model_A,3.22,3.82,3.01,3.18,0
T00006849,Model_A,4.3,3.48,4.13,3.96,0
T00006850,Model_A,3.38,3.36,2.89,3.58,0
T00006853,Model_A,3.31,3.57,3.52,3.83,0
T00006854,Model_A,2.87,3.38,3.51,3.11,0
T00006855,Model_A,3.87,3.72,4.42,3.96,0
T00006858,Model_A,4.07,3.21,3.49,3.32,1
T00006866,Model_A,3.67,2.9,4.5,3.5,0
T00006868,Model_A,3.5,3.86,4.19,3.84,0
T00006869,Model_A,4.59,2.89,3.12,3.5,1
T00006871,Model_A,3.47,3.47,3.15,3.21,0
T00006872,Model_A,2.64,3.76,3.45,3.23,0
T00006878,Model_A,4.53,4.34,3.3,4.12,0
T00006879,Model_A,3.61,2.43,3.55,3.21,0
T00006880,Model_A,3.68,2.7,3.67,3.48,0
T00006885,Model_A,3.75,2.8,4.18,3.56,0
T00006890,Model_A,3.5,3.27,3.56,3.27,0
T00006892,Model_A,3.21,3.59,4.33,3.72,0
T00006895,Model_A,3.46,2.95,3.84,3.45,0
T00006899,Model_A,4.43,3.7,3.33,3.63,0
T00006900,Model_A,3.48,3.85,3.75,3.7,0
T00006902,Model_A,4.54,3.99,3.06,4.01,0
T00006905,Model_A,3.8,3.77,3.7,3.79,0
T00006908,Model_A,3.19,4.03,3.93,3.74,0
T00006910,Model_A,3.76,3.54,2.87,3.35,0
T00006913,Model_A,3.25,4.04,3.05,3.42,0
T00006914,Model_A,4.28,3.37,3.67,3.79,0
T00006915,Model_A,4.04,4.26,3.3,3.8,0
T00006917,Model_A,4.52,3.16,3.28,3.61,0
T00006919,Model_A,3.17,3.39,3.5,3.53,0
T00006921,Model_A,3.15,4.36,4.24,3.67,0
T00006922,Model_A,4.1,3.79,3.73,3.92,0
T00006924,Model_A,3.1,3.16,3.76,2.86,0
T00006928,Model_A,4.31,3.01,3.09,3.61,0
T00006929,Model_A,2.52,3.51,3.95,3.39,0
T00006932,Model_A,3.5,3.17,3.67,3.29,0
T00006937,Model_A,3.25,3.5,3.71,3.21,0
T00006938,Model_A,3.67,3.8,3.59,3.48,0
T00006939,Model_A,2.98,4.29,3.9,3.53,0
T00006943,Model_A,3.72,3.22,3.75,3.2,0
T00006952,Model_A,3.39,3.9,2.58,3.39,0
T00006953,Model_A,3.95,4.29,3.23,3.97,0
T00006956,Model_A,3.63,3.59,3.78,3.69,0
T00006957,Model_A,4.39,3.91,3.78,3.74,0
T00006958,Model_A,3.11,2.96,4.09,3.61,0
T00006960,Model_A,3.27,3.09,3.46,3.4,0
T00006966,Model_A,3.02,3.56,3.97,3.6,0
T00006968,Model_A,3.46,3.42,3.74,3.91,0
T00006971,Model_A,3.38,3.21,3.54,3.73,0
T00006972,Model_A,4.27,2.88,3.21,3.53,0
T00006973,Model_A,3.01,3.0,3.47,3.19,0
T00006978,Model_A,3.21,4.12,4.72,3.87,0
T00006979,Model_A,3.04,3.79,3.56,3.46,0
T00006982,Model_A,3.4,3.53,3.81,3.51,0
T00006983,Model_A,4.3,3.6,2.48,3.25,0
T00006984,Model_A,4.26,3.42,3.97,3.78,0
T00006990,Model_A,3.78,3.28,3.49,3.1,0
T00006992,Model_A,3.67,3.11,3.45,3.62,0
T00006993,Model_A,3.43,3.44,3.53,3.37,0
T00007001,Model_A,3.89,3.24,3.62,3.52,0
T00007003,Model_A,3.87,3.25,2.87,3.38,0
T00007005,Model_A,4.46,3.71,3.72,4.06,0
T00007010,Model_A,3.74,3.86,3.67,3.91,0
T00007011,Model_A,3.63,3.62,3.4,3.53,0
T00007012,Model_A,3.26,3.5,4.23,3.46,0
T00007013,Model_A,3.27,2.86,3.04,2.95,0
T00007014,Model_A,3.8,3.73,2.89,3.39,0
T00007017,Model_A,3.11,2.73,2.39,2.6,0
T00007027,Model_A,3.71,3.98,3.5,3.67,0
T00007032,Model_A,3.6,3.2,3.39,3.27,0
T00007035,Model_A,3.32,4.08,2.64,3.48,0
T00007039,Model_A,3.86,2.93,3.59,3.64,0
T00007049,Model_A,3.49,3.59,4.03,3.82,0
T00007050,Model_A,3.82,4.07,4.2,3.76,0
T00007051,Model_A,3.02,3.63,3.55,3.02,0
T00007052,Model_A,4.12,3.13,3.83,3.97,0
T00007054,Model_A,3.38,4.42,3.84,4.07,0
T00007061,Model_A,3.11,3.55,3.02,3.11,0
T00007063,Model_A,3.37,3.27,3.9,3.56,0
T00007064,Model_A,2.78,2.75,3.14,3.17,0
T00007065,Model_A,3.02,3.75,4.06,3.71,0
T00007066,Model_A,3.3,3.63,3.15,3.45,0
T00007067,Model_A,3.96,3.77,3.62,3.79,0
T00007072,Model_A,3.22,3.91,4.44,3.79,0
T00007079,Model_A,3.65,2.74,2.87,2.91,0
T00007083,Model_A,3.42,4.16,3.86,3.78,0
T00007086,Model_A,3.67,4.13,3.73,3.84,0
T00007092,Model_A,3.89,3.0,3.04,3.53,0
T00007095,Model_A,4.23,3.94,2.98,3.85,0
T00007097,Model_A,3.68,3.62,2.99,3.34,0
T00007099,Model_A,4.82,3.99,3.57,3.87,0
T00007106,Model_A,4.07,4.0,3.75,3.97,0
T00007109,Model_A,3.16,2.95,2.93,2.97,0
T00007110,Model_A,3.26,3.56,2.51,3.57,0
T00007111,Model_A,2.77,3.51,2.41,2.81,0
T00007113,Model_A,3.79,4.2,4.33,4.23,0
T00007117,Model_A,3.94,3.91,3.18,3.69,0
T00007123,Model_A,3.48,3.23,3.17,3.11,0
T00007132,Model_A,3.79,3.31,3.37,3.53,0
T00007135,Model_A,4.51,3.39,3.29,3.65,0
T00007139,Model_A,3.24,3.32,2.99,3.21,0
T00007146,Model_A,3.59,3.8,3.47,3.74,0
T00007148,Model_A,2.81,3.08,3.25,3.26,0
T00007151,Model_A,3.49,2.75,4.0,3.35,0
T00007153,Model_A,4.39,4.21,3.55,4.11,0
T00007155,Model_A,3.93,3.65,3.77,3.92,0
T00007156,Model_A,4.3,3.6,3.12,3.84,0
T00007162,Model_A,4.05,3.57,2.95,3.42,0
T00007163,Model_A,4.13,3.2,3.33,3.63,0
T00007166,Model_A,3.35,3.32,3.95,3.53,0
T00007168,Model_A,3.55,3.22,2.88,3.33,0
T00007170,Model_A,3.21,3.41,3.85,3.37,0
T00007171,Model_A,4.13,3.72,3.02,3.73,0
T00007172,Model_A,3.04,4.46,3.32,3.77,0
T00007174,Model_A,3.66,3.03,3.41,3.28,0
T00007176,Model_A,3.36,3.86,3.62,3.5,0
T00007182,Model_A,3.81,3.1,2.63,3.33,0
T00007188,Model_A,2.83,4.09,3.91,3.6,0
T00007194,Model_A,3.16,3.49,3.96,3.73,0
T00007196,Model_A,3.67,3.94,3.41,3.82,0
T00007199,Model_A,2.97,2.77,3.25,3.0,0
T00007201,Model_A,3.55,4.88,3.25,3.71,0
T00007205,Model_A,4.15,4.13,3.21,4.13,0
T00007214,Model_A,4.4,4.31,3.73,4.28,0
T00007217,Model_A,3.82,3.72,3.86,3.66,0
T00007219,Model_A,3.33,3.75,3.28,3.51,0
T00007224,Model_A,4.5,4.02,3.18,4.08,0
T00007225,Model_A,4.36,3.57,3.2,3.81,0
T00007228,Model_A,3.94,3.52,3.39,3.85,0
T00007229,Model_A,3.62,3.67,3.44,3.51,0
T00007231,Model_A,3.75,4.07,2.7,3.46,0
T00007232,Model_A,4.84,3.16,3.6,4.08,0
T00007235,Model_A,4.25,2.79,3.62,3.51,0
T00007236,Model_A,3.49,3.95,3.4,3.81,0
T00007240,Model_A,3.54,4.03,3.95,3.93,0
T00007243,Model_A,3.67,3.15,3.54,3.51,0
T00007251,Model_A,3.43,3.65,2.91,3.46,0
T00007252,Model_A,3.72,3.64,3.98,3.87,0
T00007253,Model_A,3.73,3.25,2.81,3.17,0
T00007255,Model_A,3.69,4.58,4.35,4.1,0
T00007258,Model_A,3.94,4.0,3.52,3.86,0
T00007259,Model_A,3.88,2.71,3.41,3.25,0
T00007260,Model_A,2.85,3.86,3.47,3.24,0
T00007270,Model_A,3.69,3.12,3.73,3.43,0
T00007271,Model_A,4.04,3.84,3.78,3.89,0
T00007274,Model_A,3.72,3.71,3.34,3.74,1
T00007277,Model_A,4.36,3.74,3.84,3.99,0
T00007280,Model_A,3.66,4.05,3.32,3.81,0
T00007282,Model_A,4.04,3.76,4.81,4.12,0
T00007284,Model_A,4.28,3.7,3.13,3.73,0
T00007285,Model_A,2.64,2.91,3.43,3.09,0
T00007289,Model_A,2.71,2.45,3.14,2.78,0
T00007290,Model_A,3.5,3.87,3.25,3.37,0
T00007292,Model_A,3.63,3.22,2.81,3.42,1
T00007294,Model_A,3.86,3.22,4.07,3.6,0
T00007302,Model_A,3.45,3.49,2.85,3.45,0
T00007303,Model_A,3.55,3.98,3.9,3.59,0
T00007310,Model_A,3.43,2.48,3.99,3.4,0
T00007311,Model_A,3.5,2.96,4.01,3.53,0
T00007312,Model_A,4.02,2.95,3.64,3.88,0
T00007314,Model_A,2.81,3.09,3.27,3.02,0
T00007315,Model_A,3.64,3.27,3.69,3.75,0
T00007318,Model_A,3.7,3.05,3.41,3.36,0
T00007319,Model_A,4.22,2.89,3.18,3.53,0
T00007321,Model_A,4.1,2.69,3.17,3.27,0
T00007329,Model_A,4.12,3.86,4.12,4.05,0
T00007330,Model_A,3.42,3.55,3.57,3.66,0
T00007333,Model_A,3.38,3.87,4.2,4.05,0
T00007334,Model_A,4.29,3.73,3.9,3.95,0
T00007335,Model_A,3.1,3.62,3.24,3.2,0
T00007338,Model_A,4.45,4.28,4.3,4.48,0
T00007340,Model_A,3.98,4.29,4.18,3.95,0
T00007342,Model_A,3.81,3.23,3.31,3.38,0
T00007343,Model_A,4.19,3.88,2.26,3.77,0
T00007346,Model_A,3.56,3.77,3.34,3.87,0
T00007347,Model_A,3.96,4.36,2.4,3.64,0
T00007357,Model_A,3.76,4.6,3.83,4.3,0
T00007360,Model_A,3.44,4.52,3.8,3.99,0
T00007365,Model_A,3.4,3.99,3.35,3.41,0
T00007366,Model_A,3.18,3.86,3.19,3.5,0
T00007370,Model_A,2.99,3.71,3.87,3.45,0
T00007373,Model_A,4.0,3.13,3.48,3.83,0
T00007377,Model_A,3.53,3.56,3.7,4.03,0
T00007378,Model_A,3.19,3.74,2.97,3.23,0
T00007379,Model_A,3.36,3.67,3.89,3.44,0
T00007380,Model_A,3.39,3.23,2.54,3.09,0
T00007385,Model_A,3.8,3.24,3.8,3.88,0
T00007386,Model_A,3.94,3.3,3.35,3.72,0
T00007389,Model_A,3.02,3.58,4.23,3.8,0
T00007391,Model_A,4.01,3.64,3.61,3.94,0
T00007393,Model_A,4.2,3.5,3.41,3.8,0
T00007396,Model_A,3.44,3.6,4.14,3.86,0
T00007401,Model_A,3.59,3.09,3.25,3.28,0
T00007410,Model_A,3.54,3.6,3.44,3.35,0
T00007411,Model_A,3.04,3.81,3.1,3.21,0
T00007416,Model_A,3.38,3.97,4.39,3.79,0
T00007417,Model_A,2.83,3.73,2.03,2.89,0
T00007419,Model_A,4.36,3.32,3.96,4.17,0
T00007420,Model_A,3.64,3.17,2.84,3.34,0
T00007426,Model_A,4.2,3.47,3.75,3.81,0
T00007429,Model_A,3.71,3.52,3.58,3.69,0
T00007433,Model_A,3.58,3.9,3.46,3.66,0
T00007436,Model_A,3.69,3.48,3.94,3.53,0
T00007440,Model_A,2.77,2.71,3.66,2.93,0
T00007441,Model_A,3.21,3.55,3.88,3.43,0
T00007444,Model_A,3.77,3.04,3.85,3.55,0
T00007446,Model_A,2.97,3.51,2.97,3.09,0
T00007450,Model_A,3.82,3.99,3.33,3.48,0
T00007452,Model_A,2.93,3.84,2.77,3.36,0
T00007454,Model_A,4.4,4.75,3.3,4.24,0
T00007457,Model_A,3.61,3.82,3.05,3.97,0
T00007464,Model_A,3.75,3.96,3.43,3.71,0
T00007466,Model_A,4.02,3.25,3.18,3.49,1
T00007468,Model_A,4.25,3.69,4.03,3.89,0
T00007470,Model_A,4.15,3.51,3.08,3.57,0
T00007474,Model_A,3.44,3.67,3.66,3.67,0
T00007476,Model_A,3.3,3.47,3.11,3.34,0
T00007479,Model_A,3.77,4.18,3.59,3.66,0
T00007487,Model_A,4.14,3.62,3.7,3.89,0
T00007490,Model_A,3.42,3.43,3.71,3.46,0
T00007495,Model_A,3.79,3.78,3.25,3.69,0
T00007499,Model_A,3.51,3.23,4.18,3.52,0
T00007503,Model_A,4.48,3.39,2.76,3.48,0
T00007504,Model_A,3.71,3.5,3.52,3.87,0
T00007506,Model_A,4.09,2.91,2.47,3.17,0
T00007508,Model_A,3.53,3.76,3.88,3.79,0
T00007516,Model_A,3.93,3.87,2.61,3.31,0
T00007518,Model_A,3.7,3.48,3.57,3.81,0
T00007519,Model_A,3.05,3.22,4.38,3.57,0
T00007523,Model_A,3.92,3.21,3.29,3.54,0
T00007525,Model_A,2.84,3.65,3.88,3.27,0
T00007532,Model_A,3.7,3.64,3.04,3.48,0
T00007533,Model_A,3.72,3.27,2.92,3.58,0
T00007536,Model_A,4.49,3.11,3.42,3.82,0
T00007542,Model_A,3.02,3.67,2.71,3.34,0
T00007543,Model_A,3.85,2.86,3.54,3.45,0
T00007544,Model_A,3.71,2.86,4.01,3.67,0
T00007545,Model_A,4.23,4.16,3.48,3.76,0
T00007548,Model_A,3.46,3.01,3.76,3.47,0
T00007549,Model_A,2.85,3.21,3.08,2.94,0
T00007550,Model_A,3.39,3.53,4.2,3.82,0
T00007555,Model_A,3.41,3.88,2.44,3.4,0
T00007560,Model_A,2.84,3.58,3.65,3.43,0
T00007562,Model_A,3.5,4.5,3.17,3.67,0
T00007563,Model_A,3.9,4.35,3.38,3.76,0
T00007568,Model_A,3.17,3.45,3.24,3.39,0
T00007571,Model_A,4.05,3.7,3.68,3.68,0
T00007576,Model_A,2.89,2.89,3.92,3.34,0
T00007577,Model_A,3.56,3.49,3.62,3.16,0
T00007578,Model_A,2.02,3.65,2.78,3.05,0
T00007582,Model_A,4.04,3.22,3.31,3.36,0
T00007594,Model_A,2.8,3.5,3.9,3.0,0
T00007601,Model_A,3.45,3.73,2.9,3.41,0
T00007604,Model_A,4.27,3.85,3.55,3.87,0
T00007605,Model_A,3.83,3.57,3.31,3.33,0
T00007606,Model_A,4.41,2.93,3.45,3.51,0
T00007607,Model_A,3.23,4.18,3.75,3.85,0
T00007608,Model_A,3.69,2.79,4.4,3.73,0
T00007613,Model_A,3.99,3.98,3.35,3.74,0
T00007615,Model_A,3.8,3.41,4.2,3.9,0
T00007619,Model_A,3.61,3.51,4.09,3.66,0
T00007625,Model_A,3.12,3.09,4.63,3.38,0
T00007627,Model_A,3.56,3.17,3.88,3.36,0
T00007632,Model_A,2.83,2.55,3.49,2.9,0
T00007634,Model_A,4.31,4.1,3.59,4.19,0
T00007638,Model_A,3.19,3.4,2.18,2.97,0
T00007639,Model_A,3.57,3.77,3.57,3.7,0
T00007641,Model_A,4.05,4.38,3.88,4.21,0
T00007648,Model_A,3.75,4.56,3.86,3.97,0
T00007651,Model_A,3.53,3.56,3.25,3.42,0
T00007657,Model_A,3.04,4.18,2.75,3.39,0
T00007658,Model_A,3.58,3.3,2.79,3.4,0
T00007659,Model_A,4.36,2.81,4.2,3.85,0
T00007660,Model_A,3.85,3.42,3.38,3.52,0
T00007664,Model_A,3.68,3.62,3.22,3.65,0
T00007666,Model_A,3.73,2.5,3.17,3.48,0
T00007671,Model_A,3.96,3.52,3.57,3.74,0
T00007674,Model_A,3.65,3.58,3.01,3.34,0
T00007676,Model_A,5.0,3.1,4.03,3.91,0
T00007678,Model_A,4.01,3.81,3.31,3.74,0
T00007683,Model_A,3.6,3.5,3.68,3.67,0
T00007685,Model_A,3.65,3.92,3.45,3.65,0
T00007687,Model_A,3.53,3.63,3.52,3.61,0
T00007690,Model_A,3.55,4.23,3.56,3.78,0
T00007692,Model_A,4.06,3.62,3.58,3.83,0
T00007693,Model_A,4.81,3.15,3.44,4.07,0
T00007697,Model_A,3.65,4.05,3.2,3.59,0
T00007699,Model_A,2.72,3.39,3.93,3.43,0
T00007701,Model_A,2.99,3.91,3.19,3.07,0
T00007703,Model_A,3.69,3.29,3.59,3.54,0
T00007706,Model_A,3.37,3.4,2.78,3.24,0
T00007711,Model_A,3.73,3.44,3.28,3.77,0
T00007715,Model_A,3.94,3.43,2.75,3.48,0
T00007716,Model_A,4.04,4.18,3.64,4.0,0
T00007718,Model_A,3.36,3.85,4.34,4.0,0
T00007722,Model_A,4.7,3.18,4.09,4.19,0
T00007726,Model_A,3.19,4.15,3.76,3.93,0
T00007728,Model_A,3.39,3.67,3.51,3.81,0
T00007731,Model_A,3.23,3.51,4.01,3.61,0
T00007733,Model_A,3.16,3.28,3.61,3.36,0
T00007734,Model_A,3.03,3.26,2.85,3.38,0
T00007735,Model_A,3.61,3.27,3.11,2.93,0
T00007736,Model_A,3.62,4.07,3.26,3.55,0
T00007739,Model_A,4.62,3.36,3.34,3.88,0
T00007740,Model_A,3.71,3.8,2.79,3.25,0
T00007741,Model_A,3.88,3.03,3.59,3.43,0
T00007742,Model_A,4.13,3.42,3.79,3.99,0
T00007745,Model_A,2.67,3.21,3.07,3.08,0
T00007749,Model_A,3.29,3.6,3.81,3.42,0
T00007751,Model_A,3.37,2.95,3.42,3.61,0
T00007754,Model_A,3.25,3.98,3.56,3.66,0
T00007776,Model_A,3.43,3.94,3.57,3.59,0
T00007778,Model_A,3.34,2.93,3.87,3.01,0
T00007782,Model_A,3.1,3.22,3.93,3.35,0
T00007784,Model_A,4.05,3.12,3.69,3.81,0
T00007787,Model_A,4.28,3.81,2.94,3.63,0
T00007789,Model_A,4.12,3.7,3.82,3.75,0
T00007791,Model_A,3.87,3.63,3.46,3.6,0
T00007793,Model_A,3.58,3.94,3.31,3.65,0
T00007796,Model_A,3.27,3.19,3.5,3.34,0
T00007798,Model_A,3.24,2.93,3.97,3.63,0
T00007801,Model_A,3.19,4.16,4.17,3.7,0
T00007802,Model_A,3.79,3.74,3.92,3.99,0
T00007803,Model_A,3.64,3.25,3.96,3.9,0
T00007810,Model_A,4.0,2.32,3.31,3.14,0
T00007811,Model_A,2.61,3.68,3.73,3.14,0
T00007812,Model_A,3.75,3.4,4.08,3.64,0
T00007813,Model_A,2.81,3.24,3.31,3.28,0
T00007815,Model_A,3.34,4.3,2.65,3.51,0
T00007818,Model_A,2.73,3.2,2.89,2.94,0
T00007819,Model_A,3.78,3.2,3.78,3.54,0
T00007822,Model_A,3.07,4.26,3.92,3.64,0
T00007825,Model_A,3.95,3.6,3.8,3.77,0
T00007829,Model_A,4.11,2.97,4.23,3.88,0
T00007831,Model_A,4.14,3.58,3.58,3.86,0
T00007833,Model_A,3.76,4.26,4.03,4.11,0
T00007835,Model_A,3.65,4.29,3.43,4.09,0
T00007836,Model_A,2.63,3.29,3.16,2.94,0
T00007838,Model_A,3.09,3.46,3.32,3.48,0
T00007843,Model_A,3.88,3.61,3.52,4.13,0
T00007848,Model_A,4.05,4.2,3.63,4.08,0
T00007851,Model_A,3.65,2.56,3.6,3.46,0
T00007852,Model_A,2.66,4.05,3.58,3.11,0
T00007853,Model_A,3.39,3.56,3.3,3.18,0
T00007854,Model_A,2.14,3.51,4.04,3.23,0
T00007855,Model_A,3.35,3.5,3.39,3.44,0
T00007861,Model_A,3.9,4.13,3.78,4.27,0
T00007863,Model_A,3.77,3.65,2.8,3.67,0
T00007864,Model_A,3.62,4.04,3.54,3.59,0
T00007865,Model_A,2.86,3.8,3.75,3.68,0
T00007870,Model_A,3.96,3.39,3.43,3.8,0
T00007872,Model_A,3.26,3.1,2.68,3.16,0
T00007873,Model_A,3.62,3.78,3.4,3.44,0
T00007878,Model_A,3.36,3.68,3.15,3.47,0
T00007882,Model_A,3.53,3.93,3.5,3.68,0
T00007883,Model_A,3.9,3.11,3.11,3.27,0
T00007887,Model_A,3.88,3.58,4.04,3.72,0
T00007891,Model_A,3.21,3.31,3.61,3.27,0
T00007893,Model_A,3.89,3.76,3.36,3.52,0
T00007901,Model_A,4.02,2.85,4.0,3.57,0
T00007902,Model_A,3.32,3.74,3.98,3.55,0
T00007907,Model_A,4.19,3.96,3.22,4.01,0
T00007908,Model_A,3.14,3.2,3.44,3.63,0
T00007909,Model_A,3.37,3.64,3.72,3.54,0
T00007910,Model_A,3.54,3.2,3.28,3.47,0
T00007911,Model_A,3.66,3.47,3.53,3.54,0
T00007915,Model_A,3.67,4.04,2.92,3.46,0
T00007917,Model_A,2.58,4.46,4.07,3.41,0
T00007920,Model_A,3.62,3.22,4.34,3.76,0
T00007927,Model_A,3.63,3.12,4.03,3.37,0
T00007928,Model_A,4.07,3.21,3.47,3.64,0
T00007931,Model_A,3.46,4.27,3.49,3.44,0
T00007937,Model_A,3.38,3.32,4.05,3.66,0
T00007938,Model_A,4.43,4.59,2.62,4.16,0
T00007942,Model_A,2.45,4.06,3.16,3.2,0
T00007943,Model_A,4.11,3.34,3.85,4.08,0
T00007944,Model_A,2.24,3.28,3.81,2.81,0
T00007945,Model_A,4.41,4.72,2.89,3.97,0
T00007947,Model_A,3.42,2.82,3.44,3.36,0
T00007948,Model_A,3.24,4.4,3.64,3.74,0
T00007950,Model_A,4.36,3.18,3.53,3.7,0
T00007953,Model_A,3.92,4.23,3.98,3.95,0
T00007954,Model_A,3.37,3.51,3.51,3.63,0
T00007955,Model_A,3.93,3.89,3.7,3.76,0
T00007956,Model_A,3.3,3.77,3.3,3.42,0
T00007960,Model_A,4.08,3.9,2.99,3.75,0
T00007964,Model_A,3.82,3.55,4.31,3.99,0
T00007965,Model_A,3.48,2.62,2.92,3.0,1
T00007967,Model_A,3.48,3.26,3.57,3.38,0
T00007968,Model_A,4.06,3.44,3.65,3.71,0
T00007973,Model_A,4.06,3.83,4.24,3.79,0
T00007976,Model_A,2.44,2.63,3.94,3.25,0
T00007978,Model_A,4.22,2.49,3.61,3.44,0
T00007986,Model_A,3.52,4.07,4.06,3.84,0
T00007987,Model_A,4.37,3.92,2.59,3.85,1
T00007993,Model_A,3.96,4.37,3.0,3.75,0
T00007994,Model_A,3.84,3.33,3.63,3.41,0
T00007999,Model_A,3.83,3.66,3.61,3.42,0
T00008002,Model_A,3.44,3.35,3.53,3.53,0
T00008004,Model_A,3.7,3.14,2.98,3.27,0
T00008010,Model_A,3.83,3.81,4.55,3.86,0
T00008013,Model_A,3.59,2.65,3.71,3.34,0
T00008014,Model_A,3.62,3.17,3.15,3.39,0
T00008016,Model_A,3.25,3.63,3.65,3.49,0
T00008018,Model_A,3.34,3.2,3.68,3.31,0
T00008019,Model_A,2.97,3.86,3.27,3.47,0
T00008023,Model_A,3.49,3.7,3.32,3.49,0
T00008028,Model_A,4.37,2.45,3.69,3.81,0
T00008032,Model_A,2.49,3.59,4.06,3.0,0
T00008033,Model_A,3.62,4.16,3.86,3.66,0
T00008034,Model_A,3.77,3.11,3.24,3.15,0
T00008035,Model_A,3.61,3.73,3.91,3.67,0
T00008036,Model_A,4.04,3.52,3.67,3.6,0
T00008038,Model_A,3.93,4.17,3.82,4.3,0
T00008042,Model_A,4.68,3.16,3.38,3.65,0
T00008043,Model_A,3.46,2.88,3.73,3.4,0
T00008047,Model_A,2.95,3.66,2.68,3.43,0
T00008051,Model_A,3.78,3.64,4.47,3.89,0
T00008053,Model_A,3.62,2.95,2.91,3.25,0
T00008054,Model_A,4.17,4.05,3.89,4.21,0
T00008058,Model_A,3.75,3.7,2.27,3.19,0
T00008060,Model_A,4.25,4.2,3.51,3.94,0
T00008062,Model_A,3.14,3.63,3.36,3.51,0
T00008064,Model_A,4.22,3.88,3.66,3.8,0
T00008065,Model_A,2.5,3.18,3.18,3.11,0
T00008069,Model_A,4.24,3.62,3.8,3.91,0
T00008073,Model_A,3.24,4.35,3.45,3.45,0
T00008081,Model_A,3.87,3.25,3.96,3.87,0
T00008083,Model_A,3.91,3.28,3.02,3.45,0
T00008087,Model_A,2.93,2.79,3.79,3.19,0
T00008097,Model_A,3.32,2.82,3.46,3.11,0
T00008101,Model_A,2.92,4.45,3.51,3.73,0
T00008103,Model_A,3.45,3.24,4.43,3.53,0
T00008104,Model_A,4.29,3.07,4.0,3.99,0
T00008106,Model_A,4.04,2.88,3.58,3.3,0
T00008112,Model_A,3.38,4.16,3.89,3.96,0
T00008114,Model_A,4.15,3.35,2.84,3.47,0
T00008116,Model_A,3.25,3.21,3.39,3.25,0
T00008117,Model_A,2.43,2.85,2.69,2.99,0
T00008119,Model_A,3.2,3.89,4.32,3.73,0
T00008122,Model_A,4.18,2.96,2.75,3.15,0
T00008123,Model_A,3.06,3.48,3.58,3.3,0
T00008127,Model_A,3.41,4.32,3.18,3.82,0
T00008128,Model_A,3.36,3.34,4.51,3.86,0
T00008129,Model_A,3.78,4.16,3.41,3.59,0
T00008130,Model_A,4.37,3.65,3.54,3.58,0
T00008131,Model_A,4.01,3.56,3.06,3.7,0
T00008132,Model_A,3.48,3.7,3.06,3.77,0
T00008133,Model_A,3.18,2.46,3.35,3.09,0
T00008135,Model_A,3.63,3.19,4.64,3.65,0
T00008136,Model_A,3.67,3.01,2.72,3.08,1
T00008138,Model_A,2.24,3.73,3.47,3.25,0
T00008139,Model_A,3.66,3.11,3.46,3.3,0
T00008140,Model_A,4.0,3.14,3.09,3.34,0
T00008142,Model_A,3.57,3.77,3.36,3.59,0
T00008143,Model_A,3.1,3.38,3.38,3.06,0
T00008148,Model_A,4.98,3.67,3.44,4.19,0
T00008150,Model_A,3.76,3.54,3.85,3.65,1
T00008151,Model_A,3.28,2.98,4.31,3.57,0
T00008152,Model_A,2.82,3.48,4.1,3.54,0
T00008153,Model_A,3.43,4.18,3.86,3.68,0
T00008156,Model_A,4.28,4.23,3.56,4.07,0
T00008157,Model_A,3.56,3.38,3.0,3.32,0
T00008164,Model_A,3.03,3.04,3.59,2.93,0
T00008165,Model_A,3.73,3.05,3.36,3.13,0
T00008167,Model_A,3.27,3.49,3.47,3.24,0
T00008168,Model_A,3.01,2.98,3.35,2.83,0
T00008172,Model_A,3.24,3.54,4.61,3.66,0
T00008174,Model_A,3.76,3.68,3.63,3.77,0
T00008175,Model_A,3.9,4.32,3.02,3.47,0
T00008176,Model_A,3.72,3.37,3.33,3.48,0
T00008177,Model_A,4.74,3.49,3.65,3.83,0
T00008180,Model_A,3.94,3.02,3.33,3.44,0
T00008181,Model_A,4.46,4.01,3.05,4.13,0
T00008183,Model_A,3.41,3.24,4.28,4.08,0
T00008185,Model_A,3.22,4.02,3.26,3.71,0
T00008189,Model_A,3.34,3.95,3.85,3.69,0
T00008190,Model_A,4.56,2.47,3.14,3.53,0
T00008192,Model_A,3.44,4.49,2.96,3.51,0
T00008195,Model_A,3.6,4.33,2.66,3.65,0
T00008197,Model_A,3.91,3.36,3.03,3.7,0
T00008199,Model_A,3.83,4.3,3.15,3.71,0
T00008200,Model_A,3.88,3.87,3.34,3.61,0
T00008207,Model_A,3.62,3.97,3.29,3.7,0
T00008208,Model_A,3.82,3.88,4.15,3.77,0
T00008212,Model_A,3.4,3.31,3.34,3.34,0
T00008216,Model_A,3.79,3.38,3.47,3.8,0
T00008218,Model_A,2.68,3.72,3.52,3.36,0
T00008223,Model_A,3.39,2.93,4.18,3.45,0
T00008227,Model_A,3.99,3.37,2.88,3.61,0
T00008228,Model_A,2.86,3.86,3.48,3.28,0
T00008233,Model_A,3.74,4.09,2.62,3.57,0
T00008240,Model_A,3.85,3.69,3.89,3.82,0
T00008245,Model_A,3.58,3.45,3.37,3.45,0
T00008246,Model_A,3.92,3.21,3.23,3.39,0
T00008251,Model_A,4.12,4.06,3.31,3.7,0
T00008252,Model_A,2.92,4.11,4.38,3.59,0
T00008255,Model_A,3.96,3.17,3.6,3.77,1
T00008261,Model_A,3.73,3.7,3.37,3.45,0
T00008265,Model_A,4.19,3.66,3.23,3.74,0
T00008266,Model_A,3.63,3.57,3.65,3.56,0
T00008272,Model_A,3.26,3.35,3.61,3.44,0
T00008278,Model_A,3.88,3.32,3.97,3.79,0
T00008282,Model_A,2.64,3.78,3.67,3.34,0
T00008283,Model_A,2.64,3.54,3.38,3.23,0
T00008289,Model_A,3.21,4.01,3.94,3.59,0
T00008291,Model_A,3.86,2.7,3.65,3.84,0
T00008292,Model_A,3.65,2.94,2.74,2.96,0
T00008294,Model_A,4.68,3.43,3.66,4.18,0
T00008295,Model_A,2.77,3.75,3.42,3.37,0
T00008300,Model_A,4.23,3.68,2.49,3.72,0
T00008303,Model_A,3.52,3.32,3.52,3.34,0
T00008304,Model_A,4.09,3.7,4.22,4.02,0
T00008306,Model_A,3.62,3.23,3.79,3.43,0
T00008307,Model_A,4.17,3.58,4.7,4.07,0
T00008308,Model_A,3.36,2.03,2.96,2.86,0
T00008312,Model_A,3.71,3.63,3.61,3.86,0
T00008316,Model_A,4.45,2.64,3.58,3.51,0
T00008321,Model_A,3.59,3.35,2.75,3.53,0
T00008323,Model_A,4.27,3.06,3.47,3.57,0
T00008324,Model_A,4.87,3.49,4.67,4.5,0
T00008327,Model_A,3.81,3.59,2.53,3.4,0
T00008329,Model_A,2.76,4.38,3.47,3.73,0
T00008332,Model_A,2.39,3.36,3.12,2.96,0
T00008333,Model_A,4.07,3.9,3.89,3.62,0
T00008337,Model_A,3.56,2.77,3.08,3.44,0
T00008340,Model_A,3.24,3.46,3.56,3.04,0
T00008343,Model_A,4.03,3.43,3.35,3.75,0
T00008345,Model_A,3.27,4.19,2.82,3.7,0
T00008346,Model_A,3.42,2.94,3.65,3.21,0
T00008347,Model_A,3.77,2.75,3.82,3.35,0
T00008348,Model_A,3.27,3.87,3.73,3.48,0
T00008349,Model_A,3.6,3.21,3.76,3.27,0
T00008355,Model_A,3.67,2.97,3.5,3.12,0
T00008358,Model_A,4.37,2.85,3.29,3.62,0
T00008367,Model_A,2.76,3.35,3.24,3.27,0
T00008368,Model_A,3.73,3.62,4.05,3.82,0
T00008370,Model_A,3.81,4.02,2.62,3.71,0
T00008373,Model_A,2.69,3.17,3.2,3.12,0
T00008374,Model_A,3.61,3.55,4.58,3.75,0
T00008375,Model_A,3.43,3.3,3.82,3.3,0
T00008376,Model_A,3.54,3.7,3.8,3.71,0
T00008378,Model_A,4.02,3.62,3.82,3.8,0
T00008380,Model_A,3.2,4.4,3.85,3.81,0
T00008383,Model_A,3.46,2.83,3.75,3.11,0
T00008387,Model_A,4.03,3.33,3.9,3.44,0
T00008393,Model_A,2.92,2.96,2.93,2.97,0
T00008399,Model_A,2.95,3.76,3.26,3.34,0
T00008401,Model_A,4.04,3.26,3.61,3.69,0
T00008408,Model_A,3.08,3.67,3.37,3.57,0
T00008409,Model_A,3.48,3.77,4.07,3.74,0
T00008412,Model_A,3.36,4.59,3.66,3.99,0
T00008414,Model_A,3.09,4.14,3.59,3.72,0
T00008419,Model_A,3.65,4.02,3.58,3.95,0
T00008432,Model_A,4.34,3.39,3.92,3.74,0
T00008437,Model_A,3.74,3.26,3.1,3.27,0
T00008439,Model_A,3.8,3.52,3.19,3.61,0
T00008449,Model_A,4.64,3.39,3.16,3.87,0
T00008451,Model_A,3.73,2.97,4.51,3.53,0
T00008452,Model_A,3.56,3.08,4.19,3.67,0
T00008456,Model_A,3.8,3.34,3.55,3.6,0
T00008457,Model_A,3.07,4.19,3.01,3.42,0
T00008458,Model_A,4.34,3.15,4.67,4.19,0
T00008464,Model_A,3.45,3.59,2.75,3.45,0
T00008469,Model_A,3.49,3.58,3.71,3.67,0
T00008471,Model_A,4.14,2.26,3.28,3.34,0
T00008478,Model_A,3.99,4.44,3.83,4.09,0
T00008490,Model_A,4.29,4.23,3.48,4.08,0
T00008491,Model_A,3.41,3.92,3.72,3.62,0
T00008494,Model_A,2.3,3.46,2.25,2.66,0
T00008496,Model_A,4.07,3.8,3.14,3.71,0
T00008499,Model_A,3.59,4.01,4.25,3.85,0
T00008501,Model_A,2.79,3.27,4.06,3.29,0
T00008505,Model_A,4.53,3.73,3.7,3.83,0
T00008508,Model_A,4.11,3.17,3.21,3.28,0
T00008509,Model_A,3.5,3.39,3.05,3.45,0
T00008511,Model_A,3.76,3.44,3.88,3.72,0
T00008513,Model_A,3.74,4.25,3.67,4.14,0
T00008514,Model_A,3.46,3.84,4.42,3.86,0
T00008515,Model_A,3.59,3.49,4.49,4.15,0
T00008520,Model_A,3.51,3.48,3.53,3.75,0
T00008522,Model_A,3.26,3.42,3.03,3.2,0
T00008526,Model_A,3.28,2.59,3.34,3.09,0
T00008530,Model_A,3.73,3.99,3.81,4.02,0
T00008532,Model_A,3.76,2.52,3.7,3.32,0
T00008535,Model_A,3.73,2.83,3.49,3.4,0
T00008537,Model_A,3.63,2.78,2.78,2.9,0
T00008540,Model_A,3.38,4.47,2.91,3.27,0
T00008541,Model_A,4.11,3.85,3.96,3.92,0
T00008545,Model_A,3.7,4.75,3.77,3.99,0
T00008547,Model_A,3.53,3.25,3.02,3.33,0
T00008550,Model_A,3.17,3.81,3.72,3.56,0
T00008554,Model_A,3.77,3.42,3.65,3.68,0
T00008558,Model_A,4.25,4.33,3.8,3.99,0
T00008559,Model_A,3.26,3.4,3.32,3.55,0
T00008565,Model_A,2.61,3.56,3.02,2.98,0
T00008567,Model_A,4.09,2.15,2.58,3.0,0
T00008568,Model_A,3.16,3.55,3.79,3.65,0
T00008571,Model_A,3.76,3.39,3.23,3.47,0
T00008574,Model_A,4.43,3.07,3.26,3.66,0
T00008578,Model_A,3.77,3.99,3.74,4.0,0
T00008579,Model_A,3.08,3.54,2.66,3.11,0
T00008583,Model_A,3.82,3.69,4.17,3.96,0
T00008584,Model_A,3.11,3.56,3.76,3.55,0
T00008585,Model_A,3.54,2.68,3.58,3.29,0
T00008586,Model_A,3.05,3.86,4.2,3.98,0
T00008591,Model_A,4.11,3.36,2.61,3.52,0
T00008595,Model_A,3.95,3.28,3.19,3.23,0
T00008597,Model_A,3.09,4.31,3.49,3.73,0
T00008599,Model_A,3.11,3.12,4.12,3.38,0
T00008603,Model_A,3.54,3.75,3.17,3.37,0
T00008606,Model_A,3.91,3.93,3.12,3.81,0
T00008607,Model_A,3.55,4.28,3.33,3.63,0
T00008610,Model_A,4.04,3.72,3.09,3.23,0
T00008615,Model_A,3.27,3.42,3.46,3.34,0
T00008616,Model_A,4.1,3.29,3.19,3.73,0
T00008621,Model_A,3.28,3.53,3.51,3.25,0
T00008623,Model_A,3.89,3.78,3.12,3.8,0
T00008624,Model_A,3.41,2.92,2.66,3.08,0
T00008625,Model_A,3.37,3.89,3.02,3.06,0
T00008627,Model_A,3.99,3.34,2.71,3.36,0
T00008628,Model_A,4.18,3.27,3.81,3.71,0
T00008633,Model_A,4.29,4.04,3.75,3.88,0
T00008636,Model_A,3.85,2.67,4.33,3.74,0
T00008638,Model_A,3.86,3.73,2.8,3.67,0
T00008640,Model_A,3.84,3.69,3.02,3.64,0
T00008644,Model_A,3.61,3.31,3.25,3.42,0
T00008645,Model_A,4.79,4.55,3.74,4.21,0
T00008646,Model_A,3.63,2.8,3.13,3.03,0
T00008647,Model_A,4.24,2.85,4.0,3.61,0
T00008648,Model_A,3.85,3.08,4.12,3.49,0
T00008649,Model_A,3.78,3.33,3.6,3.43,0
T00008653,Model_A,3.52,4.22,4.16,4.13,0
T00008654,Model_A,3.07,3.1,3.99,3.36,0
T00008655,Model_A,3.34,3.47,3.21,3.19,0
T00008657,Model_A,4.0,4.03,3.92,4.13,0
T00008660,Model_A,2.7,3.23,4.0,3.07,0
T00008661,Model_A,3.5,3.27,3.87,3.56,0
T00008662,Model_A,3.26,4.49,3.56,3.97,0
T00008667,Model_A,3.68,3.19,3.21,3.43,0
T00008668,Model_A,3.88,4.67,3.98,4.02,0
T00008674,Model_A,3.75,3.88,3.68,3.68,0
T00008675,Model_A,3.57,3.83,3.62,3.59,0
T00008676,Model_A,3.58,3.6,3.42,3.75,0
T00008683,Model_A,4.07,3.95,4.21,4.19,0
T00008684,Model_A,3.81,4.08,3.08,3.9,1
T00008686,Model_A,4.06,3.52,3.49,3.76,0
T00008687,Model_A,3.04,3.35,3.55,3.5,0
T00008695,Model_A,3.61,3.35,3.5,3.52,0
T00008696,Model_A,2.92,3.36,3.44,3.1,0
T00008697,Model_A,3.79,4.07,3.39,3.71,0
T00008698,Model_A,3.83,3.72,3.24,3.61,0
T00008700,Model_A,4.09,3.15,3.58,3.71,0
T00008702,Model_A,4.1,3.65,3.54,3.69,0
T00008703,Model_A,3.72,4.57,3.48,4.11,0
T00008706,Model_A,3.79,2.81,4.02,3.57,0
T00008711,Model_A,4.11,3.5,3.35,3.55,0
T00008713,Model_A,3.22,2.33,3.24,3.11,0
T00008714,Model_A,3.28,3.8,3.17,3.44,0
T00008718,Model_A,3.72,2.66,4.26,3.55,0
T00008724,Model_A,3.64,3.13,3.71,3.51,0
T00008725,Model_A,2.87,3.76,3.13,3.16,0
T00008731,Model_A,2.55,3.34,3.67,3.47,0
T00008734,Model_A,3.84,2.89,2.94,3.17,0
T00008736,Model_A,3.34,3.08,3.63,2.98,0
T00008744,Model_A,3.65,3.78,2.82,3.31,0
T00008747,Model_A,2.8,3.06,3.61,3.11,0
T00008750,Model_A,4.16,3.43,3.17,3.45,0
T00008751,Model_A,3.32,2.67,3.53,3.27,0
T00008753,Model_A,4.01,3.33,3.67,3.79,0
T00008754,Model_A,3.77,3.72,4.01,4.13,0
T00008755,Model_A,4.49,3.73,4.09,4.17,0
T00008757,Model_A,3.81,4.01,3.44,3.98,0
T00008758,Model_A,2.8,3.88,3.31,3.36,0
T00008759,Model_A,3.56,2.71,3.47,3.25,0
T00008762,Model_A,3.52,2.61,3.08,3.0,0
T00008764,Model_A,4.24,3.44,3.6,3.77,0
T00008766,Model_A,3.34,3.57,3.63,3.31,0
T00008767,Model_A,2.5,3.34,3.15,3.02,0
T00008769,Model_A,3.58,2.99,3.8,3.79,0
T00008770,Model_A,3.39,3.33,3.69,3.31,0
T00008772,Model_A,3.51,4.15,3.94,3.65,0
T00008773,Model_A,3.6,3.48,3.02,3.38,0
T00008776,Model_A,3.57,3.39,3.06,3.22,0
T00008780,Model_A,3.42,4.42,3.65,4.01,0
T00008781,Model_A,3.36,3.11,3.81,3.23,0
T00008783,Model_A,3.39,2.65,3.39,3.14,0
T00008785,Model_A,2.73,3.95,3.21,3.06,0
T00008787,Model_A,3.27,3.94,4.25,3.76,0
T00008788,Model_A,2.85,3.8,3.5,3.29,0
T00008791,Model_A,3.83,4.21,4.1,3.85,0
T00008796,Model_A,3.95,3.25,3.89,3.79,0
T00008799,Model_A,3.96,3.66,4.86,3.99,0
T00008803,Model_A,3.38,4.58,2.91,4.06,0
T00008805,Model_A,3.77,4.1,3.32,3.28,0
T00008807,Model_A,4.75,3.1,3.83,4.14,0
T00008808,Model_A,3.66,3.46,3.67,3.53,0
T00008816,Model_A,3.63,3.05,3.5,3.33,0
T00008818,Model_A,3.86,3.84,4.07,3.86,0
T00008821,Model_A,3.4,2.87,3.37,3.35,0
T00008822,Model_A,3.74,3.82,3.9,4.16,0
T00008825,Model_A,3.54,3.68,4.18,3.74,0
T00008826,Model_A,3.97,4.15,3.36,3.93,0
T00008829,Model_A,2.6,3.38,3.48,3.14,0
T00008830,Model_A,2.85,3.54,3.65,3.65,0
T00008833,Model_A,3.67,3.5,3.29,3.49,0
T00008834,Model_A,3.69,3.31,3.92,3.53,0
T00008836,Model_A,3.18,3.6,3.71,3.17,0
T00008844,Model_A,2.47,4.22,3.73,3.8,0
T00008846,Model_A,3.69,3.77,3.67,3.95,0
T00008852,Model_A,3.92,3.6,2.9,3.54,0
T00008853,Model_A,3.16,4.2,4.22,3.9,0
T00008859,Model_A,3.96,3.39,3.97,3.67,0
T00008860,Model_A,3.17,3.32,3.82,3.63,0
T00008864,Model_A,4.08,3.33,3.92,3.48,0
T00008868,Model_A,3.41,3.88,3.12,3.41,0
T00008870,Model_A,3.18,3.37,3.09,3.4,0
T00008875,Model_A,2.96,3.37,3.0,3.12,0
T00008876,Model_A,2.87,3.73,3.73,3.47,0
T00008877,Model_A,3.57,3.39,3.05,3.38,0
T00008879,Model_A,3.16,3.14,4.3,3.61,0
T00008883,Model_A,3.59,3.35,3.52,3.56,0
T00008886,Model_A,3.32,3.69,3.93,3.41,0
T00008888,Model_A,3.9,3.24,3.07,3.29,0
T00008890,Model_A,3.11,3.67,3.33,3.55,0
T00008894,Model_A,3.97,3.87,3.22,3.9,0
T00008895,Model_A,3.18,2.87,3.61,3.18,0
T00008904,Model_A,3.64,3.74,3.69,3.9,0
T00008909,Model_A,2.8,3.78,3.8,3.38,0
T00008921,Model_A,3.6,3.48,3.93,3.48,0
T00008922,Model_A,3.51,4.42,3.24,3.65,0
T00008924,Model_A,3.18,3.48,3.74,3.62,0
T00008936,Model_A,3.12,3.51,3.56,3.19,0
T00008937,Model_A,3.82,3.04,3.98,3.79,1
T00008938,Model_A,3.94,3.01,3.45,3.66,0
T00008943,Model_A,3.91,4.12,3.67,3.88,0
T00008953,Model_A,2.95,4.26,3.37,3.28,0
T00008954,Model_A,3.08,3.29,3.42,3.36,0
T00008956,Model_A,3.31,3.57,3.67,3.5,0
T00008957,Model_A,3.92,3.77,4.04,3.94,0
T00008958,Model_A,3.49,3.67,3.53,3.38,0
T00008960,Model_A,2.4,3.78,3.96,3.46,0
T00008964,Model_A,4.42,3.53,3.13,3.51,0
T00008965,Model_A,3.38,3.35,2.41,2.78,0
T00008967,Model_A,2.85,3.77,3.93,3.73,0
T00008972,Model_A,3.99,3.5,3.88,3.95,0
T00008973,Model_A,4.11,3.48,3.83,4.13,0
T00008975,Model_A,3.18,3.53,3.53,3.4,0
T00008976,Model_A,3.95,3.94,3.29,4.03,0
T00008978,Model_A,3.12,3.36,3.43,2.97,0
T00008980,Model_A,3.27,2.99,3.64,3.22,0
T00008984,Model_A,3.45,3.49,4.07,3.64,0
T00008987,Model_A,3.7,3.82,2.72,3.6,0
T00008991,Model_A,2.82,4.24,3.73,3.41,0
T00008993,Model_A,3.56,3.7,3.12,3.49,0
T00008994,Model_A,4.55,4.0,3.7,4.19,0
T00008995,Model_A,3.98,2.47,3.42,3.15,0
T00008999,Model_A,3.58,3.47,3.93,3.68,0
T00009002,Model_A,3.82,3.58,2.37,3.55,0
T00009007,Model_A,3.46,3.38,3.52,3.42,0
T00009010,Model_A,4.2,3.94,3.64,4.07,0
T00009016,Model_A,3.88,3.0,3.98,3.24,0
T00009021,Model_A,3.31,3.24,3.42,3.39,0
T00009024,Model_A,3.59,4.47,3.47,3.81,0
T00009025,Model_A,3.42,3.56,3.22,3.44,0
T00009028,Model_A,3.12,3.13,3.63,3.25,0
T00009033,Model_A,3.69,3.76,3.05,3.71,0
T00009035,Model_A,3.49,2.9,3.88,3.67,0
T00009036,Model_A,2.78,3.21,3.43,2.94,0
T00009038,Model_A,3.68,3.11,3.71,3.48,0
T00009045,Model_A,3.03,3.13,3.81,3.2,0
T00009054,Model_A,3.09,3.55,2.98,3.16,0
T00009055,Model_A,4.07,3.61,3.65,3.97,0
T00009059,Model_A,4.59,3.56,3.52,3.87,0
T00009061,Model_A,3.5,3.28,3.71,3.48,0
T00009063,Model_A,3.66,3.07,3.48,3.43,0
T00009066,Model_A,3.98,3.56,3.95,4.07,0
T00009069,Model_A,3.59,3.52,3.09,3.12,0
T00009072,Model_A,3.83,3.44,2.32,3.37,0
T00009073,Model_A,3.94,2.25,3.73,3.2,0
T00009076,Model_A,3.07,3.76,3.92,3.6,0
T00009077,Model_A,3.57,3.64,3.9,3.53,0
T00009084,Model_A,3.7,3.91,3.06,3.65,0
T00009092,Model_A,3.7,3.2,3.58,3.45,1
T00009098,Model_A,3.9,2.89,3.76,3.32,0
T00009099,Model_A,3.33,2.95,2.96,3.24,0
T00009100,Model_A,4.08,2.11,4.05,3.48,0
T00009102,Model_A,3.14,3.19,4.1,3.67,0
T00009103,Model_A,4.09,3.61,3.27,3.65,0
T00009104,Model_A,3.21,3.58,3.47,3.2,0
T00009109,Model_A,3.08,3.19,3.63,3.26,0
T00009110,Model_A,2.64,4.04,3.28,3.2,0
T00009111,Model_A,4.41,4.01,3.3,3.96,0
T00009112,Model_A,3.93,3.48,3.56,3.81,0
T00009115,Model_A,4.77,3.23,2.48,3.4,0
T00009119,Model_A,3.45,3.17,4.01,3.44,0
T00009120,Model_A,3.63,3.71,2.95,3.43,0
T00009121,Model_A,2.92,2.73,3.53,3.14,0
T00009122,Model_A,3.14,3.87,3.13,3.44,0
T00009123,Model_A,4.0,3.44,3.38,3.52,0
T00009127,Model_A,2.58,4.24,3.41,3.56,0
T00009128,Model_A,3.56,4.58,3.84,3.93,0
T00009138,Model_A,4.06,3.39,3.46,3.61,0
T00009139,Model_A,4.48,4.93,3.04,4.16,0
T00009141,Model_A,4.55,3.64,3.8,3.98,0
T00009144,Model_A,3.87,3.29,4.14,3.65,0
T00009147,Model_A,3.14,3.15,3.63,3.2,0
T00009150,Model_A,2.02,2.13,3.88,2.75,0
T00009151,Model_A,3.45,4.1,3.93,3.74,0
T00009152,Model_A,3.76,3.67,3.13,3.72,0
T00009155,Model_A,3.28,4.52,3.17,3.55,0
T00009156,Model_A,3.86,3.59,4.58,4.08,0
T00009158,Model_A,2.78,3.25,3.49,3.2,0
T00009165,Model_A,3.2,3.27,3.71,3.5,0
T00009166,Model_A,4.24,3.46,3.09,3.49,0
T00009171,Model_A,2.29,3.93,3.53,3.11,0
T00009172,Model_A,3.53,3.43,3.01,3.16,0
T00009180,Model_A,4.29,2.79,3.45,3.59,0
T00009183,Model_A,2.98,3.86,4.38,3.6,0
T00009186,Model_A,3.52,3.74,2.78,3.42,0
T00009189,Model_A,3.09,3.99,4.1,3.58,0
T00009192,Model_A,4.12,3.95,3.63,3.94,0
T00009194,Model_A,3.66,3.11,4.01,3.4,0
T00009195,Model_A,3.51,3.58,3.58,3.64,0
T00009200,Model_A,2.96,3.51,3.17,2.91,0
T00009215,Model_A,3.75,3.37,3.45,3.72,0
T00009218,Model_A,3.85,3.63,3.65,3.95,0
T00009219,Model_A,3.06,3.3,3.91,3.19,0
T00009225,Model_A,3.26,3.57,3.79,3.66,0
T00009226,Model_A,3.56,3.99,2.65,3.42,0
T00009227,Model_A,3.23,3.59,3.76,3.67,0
T00009229,Model_A,3.41,3.1,3.23,3.43,0
T00009232,Model_A,3.95,4.38,2.95,3.86,0
T00009234,Model_A,4.2,3.21,2.79,3.58,0
T00009241,Model_A,3.29,4.08,3.71,3.6,0
T00009242,Model_A,3.47,3.43,2.53,3.1,0
T00009245,Model_A,3.92,3.23,3.95,3.93,0
T00009249,Model_A,4.37,3.66,3.49,3.96,0
T00009254,Model_A,3.03,3.33,3.33,3.37,0
T00009255,Model_A,4.4,3.78,3.16,3.73,0
T00009261,Model_A,3.0,3.24,3.3,3.35,0
T00009262,Model_A,3.01,3.59,3.42,3.21,0
T00009269,Model_A,3.43,3.77,3.49,3.17,0
T00009270,Model_A,3.86,3.75,3.49,3.77,0
T00009273,Model_A,3.04,3.31,3.61,3.39,0
T00009275,Model_A,3.89,4.24,2.39,3.75,0
T00009276,Model_A,3.33,3.26,3.98,3.67,0
T00009279,Model_A,2.92,3.7,3.31,3.37,0
T00009281,Model_A,3.47,3.39,3.84,3.52,0
T00009282,Model_A,3.95,4.02,4.03,4.1,0
T00009283,Model_A,2.9,2.8,3.76,3.51,0
T00009284,Model_A,3.32,3.61,3.39,3.15,0
T00009289,Model_A,3.44,3.53,4.07,3.66,0
T00009291,Model_A,2.86,2.97,3.03,3.04,0
T00009293,Model_A,3.48,4.36,3.42,3.37,0
T00009295,Model_A,3.32,4.05,4.19,3.79,0
T00009301,Model_A,4.45,4.41,4.47,4.6,0
T00009303,Model_A,4.0,3.87,3.47,3.68,0
T00009306,Model_A,3.46,3.33,3.33,3.79,0
T00009307,Model_A,3.95,3.31,3.51,3.66,0
T00009308,Model_A,3.87,2.66,3.46,3.5,0
T00009312,Model_A,3.78,4.49,3.66,4.07,0
T00009315,Model_A,4.05,3.16,3.59,3.63,0
T00009317,Model_A,2.64,3.98,3.98,3.73,0
T00009325,Model_A,3.8,3.24,2.69,3.3,0
T00009329,Model_A,3.24,3.24,3.01,3.29,0
T00009332,Model_A,4.29,3.58,3.43,3.72,0
T00009335,Model_A,4.32,3.41,3.15,3.49,0
T00009339,Model_A,3.75,3.53,3.07,3.63,0
T00009343,Model_A,3.13,3.0,4.2,3.03,0
T00009345,Model_A,3.29,3.8,3.16,3.38,1
T00009350,Model_A,4.29,3.27,3.95,3.8,0
T00009351,Model_A,3.18,3.83,2.84,3.23,0
T00009352,Model_A,3.62,3.66,3.88,3.81,0
T00009355,Model_A,3.84,2.92,3.85,3.47,0
T00009356,Model_A,3.53,3.61,3.96,3.8,0
T00009359,Model_A,2.28,4.35,3.06,2.9,0
T00009360,Model_A,3.67,3.87,3.26,3.63,0
T00009361,Model_A,3.38,3.56,3.4,3.25,0
T00009362,Model_A,3.37,3.59,3.59,3.94,0
T00009363,Model_A,3.8,2.63,3.69,3.44,0
T00009364,Model_A,3.7,3.95,3.34,3.57,0
T00009365,Model_A,3.45,3.86,3.63,3.61,0
T00009366,Model_A,3.16,3.52,3.58,3.67,0
T00009367,Model_A,4.37,3.28,3.95,3.76,0
T00009369,Model_A,3.41,3.31,2.74,2.8,0
T00009371,Model_A,3.03,3.43,3.31,2.99,0
T00009373,Model_A,3.75,3.9,4.07,3.74,0
T00009378,Model_A,3.79,3.4,3.54,3.68,0
T00009383,Model_A,3.42,3.98,4.38,4.11,0
T00009384,Model_A,3.75,3.13,3.9,3.45,0
T00009386,Model_A,3.57,3.86,3.15,3.5,0
T00009388,Model_A,3.96,3.27,2.57,3.49,0
T00009390,Model_A,3.84,3.4,3.29,3.53,0
T00009392,Model_A,3.48,3.79,4.11,3.67,0
T00009393,Model_A,3.57,3.41,3.43,3.52,0
T00009395,Model_A,3.89,2.94,3.01,3.12,0
T00009398,Model_A,4.07,3.58,3.55,3.88,0
T00009404,Model_A,3.73,4.65,3.62,4.13,0
T00009407,Model_A,3.36,3.08,2.69,3.11,0
T00009408,Model_A,4.24,4.15,2.71,3.55,0
T00009411,Model_A,3.24,3.8,4.08,3.64,0
T00009419,Model_A,3.81,2.7,4.62,3.52,0
T00009421,Model_A,2.66,3.39,2.79,2.92,0
T00009422,Model_A,3.95,2.88,2.83,3.35,0
T00009428,Model_A,3.66,4.48,3.88,4.09,0
T00009438,Model_A,4.48,3.52,3.81,3.91,0
T00009441,Model_A,3.86,3.77,3.98,3.95,0
T00009445,Model_A,4.28,3.96,3.02,3.87,0
T00009450,Model_A,2.68,2.98,3.05,3.13,0
T00009455,Model_A,4.15,3.17,3.35,3.87,0
T00009456,Model_A,3.17,2.74,4.22,3.18,0
T00009457,Model_A,3.96,2.86,3.8,3.78,0
T00009459,Model_A,3.64,4.02,3.18,3.69,0
T00009460,Model_A,3.26,4.24,3.22,3.52,0
T00009464,Model_A,2.22,3.77,3.34,3.0,0
T00009466,Model_A,4.41,3.47,3.16,3.65,0
T00009471,Model_A,3.53,3.99,3.89,3.87,0
T00009482,Model_A,5.0,3.57,3.59,4.19,0
T00009486,Model_A,3.19,3.73,3.54,3.29,0
T00009490,Model_A,3.35,2.98,3.15,3.14,0
T00009492,Model_A,3.44,3.01,3.78,3.45,0
T00009493,Model_A,2.92,4.73,3.18,3.62,0
T00009501,Model_A,3.66,3.24,2.67,3.1,0
T00009509,Model_A,3.73,3.47,3.79,3.41,0
T00009510,Model_A,3.66,3.64,3.14,3.65,0
T00009511,Model_A,3.38,2.59,3.94,3.13,0
T00009512,Model_A,3.48,3.69,3.49,3.49,1
T00009513,Model_A,3.51,3.06,4.17,3.79,0
T00009519,Model_A,3.32,3.67,3.09,3.19,0
T00009523,Model_A,3.72,3.58,3.28,3.67,0
T00009536,Model_A,3.47,4.23,2.9,3.82,0
T00009538,Model_A,3.6,3.2,4.34,3.6,0
T00009541,Model_A,4.21,3.61,3.36,3.84,0
T00009543,Model_A,4.17,3.38,3.45,3.68,0
T00009545,Model_A,3.44,3.32,3.34,3.51,0
T00009551,Model_A,3.61,3.19,3.65,3.45,0
T00009552,Model_A,3.78,3.62,3.34,3.52,0
T00009555,Model_A,3.35,3.49,3.09,3.51,0
T00009556,Model_A,2.79,2.89,3.91,2.9,0
T00009561,Model_A,3.42,3.4,3.82,3.55,1
T00009565,Model_A,3.75,3.48,2.98,3.53,0
T00009571,Model_A,3.52,3.94,3.98,3.9,0
T00009572,Model_A,4.06,3.11,4.53,3.82,0
T00009576,Model_A,4.08,3.66,3.1,3.61,0
T00009578,Model_A,3.7,2.93,2.97,3.35,0
T00009580,Model_A,3.78,2.28,3.6,3.15,0
T00009584,Model_A,3.72,4.24,3.22,4.13,0
T00009587,Model_A,3.47,3.38,2.91,3.2,0
T00009589,Model_A,3.56,4.05,3.12,3.62,0
T00009590,Model_A,4.25,3.5,2.96,3.71,0
T00009592,Model_A,2.95,3.04,3.64,3.04,0
T00009604,Model_A,3.93,3.47,3.24,3.47,0
T00009607,Model_A,3.65,4.58,3.56,3.97,0
T00009608,Model_A,3.18,3.66,3.28,3.37,0
T00009609,Model_A,4.14,4.35,3.34,3.94,0
T00009614,Model_A,3.58,3.45,3.69,3.52,0
T00009618,Model_A,2.8,3.19,3.67,3.07,0
T00009621,Model_A,3.65,3.74,3.58,3.53,0
T00009623,Model_A,3.6,3.73,3.73,3.71,0
T00009625,Model_A,2.96,3.47,3.39,3.29,0
T00009637,Model_A,4.48,3.31,3.74,3.98,0
T00009639,Model_A,3.63,3.53,3.33,3.45,0
T00009644,Model_A,3.18,3.77,3.84,3.52,0
T00009650,Model_A,3.76,3.95,3.21,4.0,0
T00009655,Model_A,4.02,3.67,4.07,3.84,0
T00009658,Model_A,4.17,3.11,3.26,3.53,0
T00009666,Model_A,3.58,3.9,4.14,3.7,0
T00009667,Model_A,3.25,3.3,3.56,3.25,0
T00009668,Model_A,3.49,2.82,3.87,3.73,0
T00009676,Model_A,4.1,4.53,3.96,4.31,0
T00009677,Model_A,3.44,3.98,3.76,3.59,0
T00009681,Model_A,4.07,3.96,3.05,3.78,0
T00009683,Model_A,3.41,3.74,2.79,3.29,0
T00009687,Model_A,3.69,2.85,3.78,3.39,0
T00009688,Model_A,4.24,3.93,3.51,3.94,0
T00009692,Model_A,3.72,3.65,3.21,3.55,0
T00009694,Model_A,4.25,3.79,2.87,3.84,0
T00009696,Model_A,3.78,3.12,4.1,3.66,0
T00009706,Model_A,3.67,3.22,3.64,3.48,0
T00009707,Model_A,3.99,4.28,4.72,4.31,0
T00009708,Model_A,3.44,4.31,4.18,3.46,0
T00009709,Model_A,3.91,2.69,3.69,3.55,0
T00009711,Model_A,3.28,3.27,3.59,3.03,0
T00009715,Model_A,3.53,3.23,2.46,2.93,0
T00009719,Model_A,3.56,2.32,3.63,3.16,0
T00009725,Model_A,3.64,2.76,4.21,3.21,0
T00009726,Model_A,3.36,4.23,3.02,3.4,0
T00009728,Model_A,3.78,4.36,3.29,3.62,0
T00009729,Model_A,3.35,3.45,2.36,3.05,0
T00009730,Model_A,2.61,3.31,4.43,3.46,0
T00009735,Model_A,3.17,3.77,3.81,3.52,0
T00009738,Model_A,3.48,3.68,3.49,3.32,0
T00009739,Model_A,3.42,3.55,2.43,3.22,0
T00009747,Model_A,3.57,3.65,3.31,3.22,1
T00009752,Model_A,3.93,4.12,3.2,3.72,0
T00009754,Model_A,4.0,3.78,3.22,3.49,0
T00009760,Model_A,3.24,2.7,3.69,3.17,0
T00009763,Model_A,2.58,3.86,2.96,3.03,0
T00009764,Model_A,3.8,3.81,3.63,3.75,0
T00009765,Model_A,3.46,3.31,4.16,3.22,0
T00009767,Model_A,3.39,3.27,3.31,3.22,0
T00009768,Model_A,3.5,3.52,2.78,3.0,0
T00009781,Model_A,4.12,3.15,3.56,3.84,0
T00009783,Model_A,3.87,3.59,3.83,3.84,0
T00009786,Model_A,4.11,3.96,3.59,4.19,0
T00009788,Model_A,3.65,3.62,3.9,3.83,0
T00009794,Model_A,4.77,4.01,2.36,3.68,0
T00009796,Model_A,3.26,2.89,3.63,3.21,0
T00009797,Model_A,3.47,3.34,3.84,3.64,0
T00009805,Model_A,3.08,3.49,3.16,3.07,0
T00009807,Model_A,4.67,3.5,3.37,3.94,0
T00009808,Model_A,3.85,2.84,2.97,3.36,0
T00009809,Model_A,3.58,3.76,3.68,3.62,0
T00009813,Model_A,3.85,4.01,3.85,3.84,0
T00009818,Model_A,3.86,3.47,3.54,3.45,0
T00009819,Model_A,3.24,3.97,3.2,3.34,0
T00009821,Model_A,4.05,3.05,3.29,3.33,0
T00009822,Model_A,3.82,3.33,3.05,3.36,0
T00009827,Model_A,3.9,3.7,3.1,3.43,0
T00009829,Model_A,3.77,3.26,3.43,3.79,0
T00009830,Model_A,3.09,4.44,3.97,3.72,0
T00009837,Model_A,3.85,3.3,3.06,3.28,0
T00009839,Model_A,3.18,4.24,4.19,3.87,0
T00009841,Model_A,3.92,4.11,2.38,3.46,0
T00009845,Model_A,3.38,3.38,3.84,3.39,0
T00009848,Model_A,3.67,4.09,4.01,3.95,0
T00009849,Model_A,4.07,4.07,2.78,3.48,0
T00009850,Model_A,2.68,3.77,4.14,3.45,0
T00009854,Model_A,3.33,3.24,4.28,3.6,0
T00009858,Model_A,3.66,3.25,2.35,3.09,0
T00009859,Model_A,3.61,2.99,3.71,3.24,0
T00009861,Model_A,4.85,3.18,3.22,3.73,0
T00009864,Model_A,3.46,3.03,3.59,3.27,0
T00009865,Model_A,2.68,3.76,3.12,3.16,0
T00009868,Model_A,3.55,3.63,3.96,3.67,0
T00009871,Model_A,4.12,3.75,3.35,3.78,0
T00009872,Model_A,3.91,3.84,4.29,4.13,0
T00009875,Model_A,3.38,3.43,3.7,3.66,0
T00009883,Model_A,3.04,3.2,2.99,3.05,0
T00009887,Model_A,3.17,3.29,3.49,3.37,0
T00009890,Model_A,3.45,3.56,3.55,3.61,0
T00009897,Model_A,3.07,4.05,3.82,3.55,0
T00009901,Model_A,4.08,3.21,3.41,3.39,0
T00009904,Model_A,4.09,2.99,3.22,3.63,0
T00009906,Model_A,3.79,3.98,3.97,3.97,0
T00009914,Model_A,4.09,3.57,3.54,3.69,0
T00009915,Model_A,4.02,3.8,3.37,3.37,0
T00009916,Model_A,3.51,3.75,3.7,3.45,0
T00009917,Model_A,4.19,3.13,3.57,3.24,0
T00009919,Model_A,3.76,2.99,4.03,3.38,0
T00009921,Model_A,3.24,3.45,3.92,3.71,0
T00009923,Model_A,3.14,3.03,4.14,3.33,0
T00009929,Model_A,4.19,3.92,3.3,3.98,0
T00009935,Model_A,3.34,3.96,3.5,3.67,0
T00009939,Model_A,4.27,2.87,2.96,3.21,0
T00009940,Model_A,2.87,2.65,3.89,3.4,0
T00009943,Model_A,3.34,3.93,4.05,3.76,0
T00009951,Model_A,2.42,3.92,3.55,3.47,0
T00009960,Model_A,4.14,4.11,3.0,3.69,0
T00009965,Model_A,3.63,2.77,3.29,3.35,0
T00009966,Model_A,2.96,4.06,3.6,3.53,0
T00009969,Model_A,3.43,3.69,2.46,3.17,0
T00009975,Model_A,4.25,3.42,3.43,3.59,0
T00009976,Model_A,3.39,3.32,2.99,3.34,0
T00009977,Model_A,3.13,2.97,3.13,3.08,0
T00009980,Model_A,3.42,4.38,3.58,3.73,0
T00009981,Model_A,3.3,4.66,2.99,3.49,0
T00009982,Model_A,3.94,2.99,3.97,3.62,0
T00009984,Model_A,3.04,4.1,3.56,3.75,0
T00009985,Model_A,3.46,3.62,4.18,3.81,0
T00009989,Model_A,3.68,3.03,4.4,3.66,0
T00009991,Model_A,4.21,3.55,2.85,3.54,0
T00009993,Model_A,3.45,3.23,3.12,3.45,0
T00009995,Model_A,3.92,3.85,3.69,3.87,0
T00009999,Model_A,2.99,4.98,2.67,3.66,0
T00010000,Model_A,3.2,3.65,2.75,3.51,0
T00010005,Model_A,3.54,3.21,3.9,3.59,0
T00010009,Model_A,3.69,3.63,2.59,3.46,0
T00010023,Model_A,3.25,4.3,3.47,3.62,0
T00010028,Model_A,3.52,3.62,3.65,3.62,0
T00010031,Model_A,4.15,3.74,3.3,3.69,0
T00010034,Model_A,3.57,3.9,3.29,3.68,0
T00010041,Model_A,5.0,4.14,3.58,4.33,0
T00010042,Model_A,3.39,3.95,3.29,3.63,0
T00010045,Model_A,2.97,4.13,4.24,3.66,0
T00010049,Model_A,3.1,3.84,3.87,3.75,0
T00010051,Model_A,2.94,3.6,3.82,3.19,0
T00010057,Model_A,4.14,4.24,3.33,4.12,0
T00010058,Model_A,4.11,3.3,4.06,3.93,0
T00010063,Model_A,3.58,4.16,2.98,3.35,0
T00010065,Model_A,2.97,4.68,3.4,3.84,0
T00010066,Model_A,3.16,3.76,3.83,3.27,0
T00010067,Model_A,3.27,3.7,3.5,3.62,0
T00010075,Model_A,3.39,3.27,3.95,3.93,0
T00010077,Model_A,4.22,3.59,4.52,3.98,0
T00010081,Model_A,4.31,3.31,3.33,3.88,0
T00010083,Model_A,3.15,3.69,3.16,3.14,0
T00010093,Model_A,3.29,3.05,3.24,3.14,0
T00010095,Model_A,4.26,3.81,3.64,4.15,0
T00010108,Model_A,3.46,3.44,3.0,3.09,0
T00010110,Model_A,3.11,3.66,3.07,3.24,0
T00010112,Model_A,3.24,3.45,3.51,3.25,0
T00010114,Model_A,3.64,4.35,3.1,3.72,0
T00010115,Model_A,4.23,3.68,3.95,3.76,0
T00010116,Model_A,3.34,3.52,2.99,3.26,0
T00010117,Model_A,3.91,2.92,3.3,3.44,0
T00010120,Model_A,3.81,2.95,4.26,3.61,0
T00010126,Model_A,3.33,3.24,4.08,3.43,0
T00010127,Model_A,3.41,3.93,3.11,3.28,0
T00010136,Model_A,4.03,3.0,3.72,3.71,0
T00010139,Model_A,3.93,3.36,2.91,3.44,0
T00010140,Model_A,2.73,2.72,4.18,2.98,0
T00010142,Model_A,2.69,3.92,3.51,3.28,0
T00010143,Model_A,3.27,4.31,2.9,3.54,0
T00010147,Model_A,3.68,3.42,3.51,3.56,0
T00010148,Model_A,2.77,3.57,3.35,3.42,0
T00010153,Model_A,3.89,3.2,3.46,3.61,0
T00010156,Model_A,3.42,3.45,3.6,3.62,0
T00010157,Model_A,3.32,3.64,3.05,3.61,0
T00010158,Model_A,3.97,4.13,3.0,3.84,0
T00010167,Model_A,3.47,3.18,3.29,3.14,0
T00010169,Model_A,4.29,3.43,2.88,3.59,0
T00010170,Model_A,3.52,3.39,3.47,3.55,0
T00010172,Model_A,3.79,4.25,3.01,3.39,0
T00010173,Model_A,3.64,3.25,3.72,3.77,0
T00010179,Model_A,4.03,4.02,3.77,4.21,0
T00010180,Model_A,3.88,3.12,4.62,3.83,0
T00010183,Model_A,3.25,3.16,3.62,3.31,0
T00010190,Model_A,3.89,3.46,3.08,3.71,0
T00010193,Model_A,4.14,4.03,2.53,3.46,0
T00010194,Model_A,3.33,3.7,3.65,3.48,0
T00010197,Model_A,3.62,3.42,3.49,3.66,0
T00010199,Model_A,3.5,4.09,3.59,3.43,0
T00010200,Model_A,3.82,3.61,3.66,3.65,0
T00010201,Model_A,4.08,3.81,3.48,3.82,0
T00010202,Model_A,2.93,2.79,3.51,2.85,0
T00010210,Model_A,4.06,3.04,3.77,3.62,0
T00010211,Model_A,3.13,3.05,3.38,3.3,0
T00010222,Model_A,3.94,3.36,3.24,3.57,0
T00010223,Model_A,3.61,3.73,3.29,3.36,0
T00010231,Model_A,3.65,3.23,3.42,3.42,0
T00010233,Model_A,4.47,3.37,3.95,4.09,0
T00010236,Model_A,3.62,3.62,3.2,3.52,0
T00010237,Model_A,2.83,3.84,3.37,3.41,0
T00010238,Model_A,4.16,2.56,3.86,3.31,0
T00010241,Model_A,4.07,3.44,3.87,3.88,0
T00010244,Model_A,3.66,3.42,4.78,3.46,0
T00010245,Model_A,3.73,2.61,3.89,3.31,0
T00010246,Model_A,3.15,3.26,3.47,3.35,0
T00010248,Model_A,3.8,3.72,2.91,3.63,0
T00010249,Model_A,2.97,2.78,3.97,3.24,0
T00010251,Model_A,2.97,3.73,3.43,3.35,0
T00010253,Model_A,3.28,3.75,3.18,3.65,0
T00010254,Model_A,2.58,3.34,3.55,3.01,0
T00010256,Model_A,4.06,3.03,3.36,3.34,0
T00010258,Model_A,3.94,3.16,4.21,3.96,0
T00010264,Model_A,3.5,3.37,3.52,3.46,0
T00010271,Model_A,3.89,3.31,4.13,3.77,0
T00010272,Model_A,4.06,2.46,3.4,3.11,0
T00010274,Model_A,3.6,3.93,3.68,3.75,0
T00010279,Model_A,3.4,3.63,3.39,3.61,0
T00010280,Model_A,3.71,2.69,4.32,3.39,0
T00010281,Model_A,3.57,4.11,3.46,3.66,0
T00010283,Model_A,3.47,3.71,3.52,3.78,0
T00010285,Model_A,4.53,3.49,4.19,4.2,0
T00010287,Model_A,3.63,2.26,3.48,3.25,0
T00010291,Model_A,3.71,3.55,3.65,3.56,0
T00010296,Model_A,3.92,3.83,3.35,3.61,0
T00010299,Model_A,4.14,3.06,3.54,3.48,0
T00010305,Model_A,4.61,3.65,2.62,3.68,0
T00010308,Model_A,2.92,4.26,3.37,3.49,0
T00010311,Model_A,3.54,3.97,3.06,3.45,0
T00010314,Model_A,2.76,3.89,3.31,3.32,0
T00010323,Model_A,3.89,2.79,3.45,3.14,0
T00010329,Model_A,3.88,2.99,3.29,3.12,0
T00010332,Model_A,3.49,3.85,3.66,3.68,0
T00010337,Model_A,3.57,3.68,4.31,3.66,0
T00010342,Model_A,3.73,3.84,3.22,3.58,0
T00010345,Model_A,4.16,3.14,3.44,3.62,0
T00010350,Model_A,4.2,3.07,4.24,3.76,0
T00010351,Model_A,3.59,3.66,3.35,3.62,0
T00010355,Model_A,4.51,4.14,3.68,4.28,0
T00010359,Model_A,4.18,3.3,2.88,3.65,0
T00010360,Model_A,3.97,3.9,3.57,3.89,0
T00010364,Model_A,3.8,3.94,3.07,3.94,0
T00010369,Model_A,3.24,3.64,3.61,3.45,0
T00010370,Model_A,3.53,2.85,3.42,3.3,0
T00010372,Model_A,3.3,3.11,3.71,3.19,0
T00010374,Model_A,3.02,3.76,3.91,3.62,0
T00010380,Model_A,3.79,2.81,3.92,3.59,0
T00010384,Model_A,4.42,3.05,4.79,4.15,0
T00010385,Model_A,3.59,3.23,3.92,3.38,0
T00010386,Model_A,3.74,3.89,3.66,3.58,0
T00010387,Model_A,4.35,3.04,3.67,3.85,0
T00010389,Model_A,3.94,3.99,3.58,3.65,0
T00010391,Model_A,3.65,3.26,3.67,3.5,0
T00010395,Model_A,3.67,3.83,2.73,3.53,0
T00010397,Model_A,3.65,2.83,3.34,3.03,0
T00010399,Model_A,3.03,3.1,4.25,3.36,0
T00010401,Model_A,3.99,3.25,3.67,3.99,0
T00010405,Model_A,3.85,4.39,2.77,3.63,0
T00010407,Model_A,3.13,3.32,4.59,3.63,0
T00010408,Model_A,4.54,3.53,3.42,4.06,0
T00010410,Model_A,3.99,3.51,3.56,3.67,0
T00010416,Model_A,2.91,3.72,4.09,3.4,0
T00010419,Model_A,3.74,3.99,3.78,3.77,0
T00010422,Model_A,3.39,3.43,2.78,3.33,0
T00010424,Model_A,3.4,2.79,3.5,3.26,0
T00010425,Model_A,3.27,3.66,3.71,3.49,0
T00010431,Model_A,4.44,3.71,4.16,3.95,0
T00010432,Model_A,3.05,4.56,3.24,3.64,0
T00010435,Model_A,2.99,2.7,3.5,3.1,0
T00010442,Model_A,3.73,3.72,3.44,3.36,0
T00010448,Model_A,4.36,3.05,3.36,3.82,0
T00010451,Model_A,3.55,4.0,3.1,3.63,0
T00010452,Model_A,3.81,3.96,2.72,3.51,0
T00010453,Model_A,2.92,3.52,3.63,3.42,0
T00010454,Model_A,3.33,3.24,3.32,3.41,0
T00010455,Model_A,3.85,3.14,2.93,3.32,0
T00010460,Model_A,4.17,3.96,4.05,4.4,0
T00010464,Model_A,3.84,3.64,3.45,3.55,0
T00010465,Model_A,4.32,3.96,3.92,4.15,0
T00010466,Model_A,3.42,3.47,3.75,3.44,0
T00010470,Model_A,4.3,3.78,3.56,3.91,0
T00010475,Model_A,3.53,4.72,3.81,4.05,0
T00010477,Model_A,3.88,3.34,3.59,3.72,0
T00010481,Model_A,3.85,3.62,3.04,3.49,0
T00010484,Model_A,3.57,3.57,3.21,3.49,0
T00010486,Model_A,4.15,3.99,3.3,3.77,0
T00010488,Model_A,3.85,3.83,3.88,3.71,0
T00010489,Model_A,3.15,3.35,3.47,3.01,0
T00010493,Model_A,3.94,3.64,3.43,3.53,0
T00010494,Model_A,4.1,4.0,3.6,3.93,0
T00010500,Model_A,2.9,3.31,3.29,3.34,0
T00010504,Model_A,2.91,3.11,2.79,3.03,0
T00010507,Model_A,2.94,2.74,3.77,3.37,0
T00010508,Model_A,3.9,3.36,3.42,3.73,0
T00010515,Model_A,3.02,4.22,3.83,3.64,0
T00010517,Model_A,3.72,3.07,3.75,3.51,0
T00010519,Model_A,3.48,3.27,4.69,3.57,0
T00010525,Model_A,4.46,3.25,3.92,3.91,0
T00010532,Model_A,2.49,3.4,3.23,3.0,0
T00010539,Model_A,3.18,3.32,3.28,3.06,0
T00010541,Model_A,3.33,3.85,3.13,3.38,0
T00010542,Model_A,3.85,3.26,3.75,3.86,0
T00010545,Model_A,2.98,3.36,2.99,2.98,0
T00010550,Model_A,4.32,4.62,2.7,3.91,1
T00010552,Model_A,3.83,2.7,2.94,3.26,0
T00010553,Model_A,3.56,4.13,3.62,3.66,0
T00010556,Model_A,3.51,3.73,2.69,3.21,0
T00010557,Model_A,4.24,3.12,4.5,4.3,0
T00010566,Model_A,3.76,2.86,3.8,3.73,0
T00010568,Model_A,2.79,3.22,3.79,3.01,0
T00010570,Model_A,3.19,2.8,3.4,2.94,0
T00010571,Model_A,3.75,3.24,2.72,3.47,0
T00010578,Model_A,2.81,3.8,3.23,3.12,0
T00010581,Model_A,4.26,3.65,2.81,3.57,0
T00010583,Model_A,3.53,3.48,3.13,3.48,0
T00010585,Model_A,2.77,3.43,4.33,3.48,0
T00010586,Model_A,4.04,3.72,3.59,3.66,0
T00010588,Model_A,3.72,3.63,3.84,3.58,0
T00010589,Model_A,4.43,4.03,3.74,4.12,0
T00010591,Model_A,3.52,3.63,2.87,3.13,0
T00010593,Model_A,3.32,4.17,5.0,4.09,0
T00010594,Model_A,3.84,3.29,3.97,3.46,0
T00010595,Model_A,3.11,3.11,3.52,3.23,0
T00010596,Model_A,2.82,3.65,3.64,3.44,0
T00010603,Model_A,4.47,3.61,3.93,3.91,0
T00010604,Model_A,3.96,3.62,4.03,3.87,0
T00010608,Model_A,2.87,2.73,2.88,3.16,0
T00010610,Model_A,3.15,3.2,3.93,3.29,0
T00010612,Model_A,3.96,3.32,3.62,3.78,0
T00010618,Model_A,2.61,3.06,3.79,3.11,0
T00010621,Model_A,4.0,2.83,3.85,3.76,0
T00010623,Model_A,2.74,4.1,4.13,3.33,0
T00010625,Model_A,3.32,3.57,3.94,3.67,0
T00010629,Model_A,4.2,3.62,2.3,3.7,0
T00010633,Model_A,4.32,3.49,3.73,4.2,0
T00010644,Model_A,4.16,3.43,3.88,3.72,0
T00010648,Model_A,3.26,4.21,3.74,3.74,0
T00010653,Model_A,4.08,3.43,3.5,3.65,0
T00010660,Model_A,4.42,4.3,3.66,4.1,0
T00010670,Model_A,2.89,4.92,4.07,3.81,0
T00010674,Model_A,3.96,3.91,3.28,3.63,0
T00010676,Model_A,3.21,4.45,3.19,3.72,0
T00010682,Model_A,3.95,3.28,2.54,3.51,0
T00010683,Model_A,3.19,3.58,3.87,3.07,0
T00010684,Model_A,3.82,3.64,2.86,3.27,0
T00010688,Model_A,4.33,2.98,3.71,3.82,0
T00010690,Model_A,4.13,2.85,3.29,3.43,0
T00010691,Model_A,3.95,3.37,3.55,3.57,0
T00010693,Model_A,4.05,3.17,2.99,3.33,0
T00010699,Model_A,3.97,3.65,2.78,3.23,0
T00010701,Model_A,3.91,3.96,3.0,3.71,0
T00010704,Model_A,4.14,3.58,2.54,3.49,0
T00010705,Model_A,4.44,3.35,3.34,4.0,0
T00010708,Model_A,2.92,3.65,3.42,3.25,0
T00010711,Model_A,4.0,2.92,3.54,3.39,0
T00010712,Model_A,3.0,3.44,3.18,3.5,0
T00010722,Model_A,3.98,3.46,2.82,3.54,0
T00010724,Model_A,4.18,4.04,3.45,3.97,0
T00010726,Model_A,3.38,3.7,3.12,3.33,0
T00010727,Model_A,3.86,2.72,3.84,3.34,0
T00010732,Model_A,4.01,4.08,2.69,3.63,0
T00010733,Model_A,3.99,3.51,3.16,3.44,1
T00010735,Model_A,3.52,3.53,3.44,3.54,0
T00010740,Model_A,2.61,3.16,3.79,3.32,0
T00010742,Model_A,3.46,4.08,3.27,3.61,0
T00010743,Model_A,3.8,3.63,3.49,3.77,0
T00010746,Model_A,3.22,2.38,3.58,3.12,0
T00010747,Model_A,4.33,4.0,3.34,3.99,0
T00010748,Model_A,2.67,2.58,3.76,3.01,0
T00010753,Model_A,3.52,3.64,3.15,3.45,0
T00010756,Model_A,4.42,3.58,3.64,3.97,0
T00010759,Model_A,4.78,3.18,3.66,4.27,0
T00010761,Model_A,3.89,3.59,2.87,3.22,0
T00010762,Model_A,4.44,3.1,3.36,3.77,0
T00010763,Model_A,3.68,3.01,3.35,3.22,0
T00010764,Model_A,3.81,3.42,2.83,3.18,0
T00010767,Model_A,3.72,4.11,4.19,3.83,0
T00010769,Model_A,3.03,3.36,4.16,3.39,0
T00010770,Model_A,4.32,3.54,4.7,4.14,0
T00010771,Model_A,2.95,2.77,3.84,2.93,0
T00010774,Model_A,4.09,3.23,3.38,3.53,0
T00010776,Model_A,3.61,3.55,2.83,3.12,0
T00010778,Model_A,3.77,3.35,3.75,3.63,0
T00010781,Model_A,4.02,3.95,3.8,3.72,0
T00010783,Model_A,3.29,3.69,3.86,3.52,0
T00010789,Model_A,4.11,4.19,3.53,4.08,0
T00010792,Model_A,3.44,2.64,3.17,3.03,0
T00010798,Model_A,2.66,3.77,3.41,3.41,0
T00010801,Model_A,3.77,3.3,3.45,3.5,0
T00010807,Model_A,3.87,3.32,2.66,3.37,0
T00010812,Model_A,2.78,3.78,3.93,3.57,0
T00010818,Model_A,3.73,3.51,3.32,3.7,0
T00010819,Model_A,3.33,3.56,3.1,3.37,0
T00010825,Model_A,3.18,4.65,3.86,3.51,0
T00010826,Model_A,3.26,2.68,3.56,3.24,0
T00010827,Model_A,4.11,3.4,3.74,4.09,0
T00010828,Model_A,3.21,3.66,3.74,3.13,0
T00010829,Model_A,2.91,3.31,4.22,3.48,0
T00010831,Model_A,3.69,3.58,3.72,3.71,0
T00010832,Model_A,3.81,3.44,3.39,3.5,0
T00010833,Model_A,4.35,4.23,3.77,4.31,0
T00010837,Model_A,4.37,3.58,3.19,3.89,0
T00010838,Model_A,3.96,2.15,2.99,3.02,0
T00010842,Model_A,4.16,3.55,3.41,3.68,0
T00010848,Model_A,3.68,3.43,3.31,3.6,0
T00010851,Model_A,3.81,2.11,3.02,3.13,0
T00010855,Model_A,3.77,3.14,3.42,3.27,0
T00010856,Model_A,3.31,3.71,3.57,3.62,0
T00010858,Model_A,3.12,2.84,4.6,3.34,0
T00010860,Model_A,3.85,3.43,3.55,3.69,0
T00010862,Model_A,2.93,4.37,3.12,3.62,0
T00010863,Model_A,3.64,3.12,2.73,2.91,0
T00010868,Model_A,2.47,3.95,3.47,3.31,1
T00010873,Model_A,3.53,3.81,3.12,3.33,0
T00010875,Model_A,3.72,2.84,3.0,3.14,0
T00010886,Model_A,3.73,3.47,4.26,3.77,0
T00010889,Model_A,3.85,3.9,3.73,3.99,0
T00010891,Model_A,3.94,3.52,2.78,3.37,0
T00010892,Model_A,2.94,4.17,3.92,3.61,0
T00010893,Model_A,3.9,3.69,3.42,3.72,0
T00010894,Model_A,3.99,3.82,3.42,3.44,0
T00010900,Model_A,4.25,3.6,2.91,3.56,0
T00010903,Model_A,4.11,3.54,3.7,3.75,0
T00010905,Model_A,3.16,2.65,3.27,3.12,0
T00010909,Model_A,4.16,4.22,3.79,4.1,0
T00010910,Model_A,3.13,4.05,4.42,3.65,0
T00010922,Model_A,4.01,3.74,3.47,4.12,0
T00010924,Model_A,3.47,3.08,3.37,3.25,0
T00010926,Model_A,2.8,3.19,3.1,3.14,0
T00010927,Model_A,3.55,3.89,3.61,3.45,0
T00010931,Model_A,3.78,3.52,3.12,3.65,0
T00010932,Model_A,2.83,2.39,3.68,2.83,0
T00010933,Model_A,2.77,3.06,2.98,2.94,0
T00010937,Model_A,2.91,3.87,3.58,3.37,0
T00010938,Model_A,2.59,3.15,3.02,2.81,0
T00010939,Model_A,3.64,3.88,4.37,3.85,0
T00010941,Model_A,3.96,3.34,3.9,3.74,0
T00010945,Model_A,4.2,4.03,3.27,4.02,0
T00010950,Model_A,3.42,3.41,3.56,3.39,0
T00010953,Model_A,3.69,3.0,3.53,3.49,0
T00010954,Model_A,4.49,2.96,2.69,3.56,0
T00010960,Model_A,3.14,3.24,3.6,3.36,0
T00010961,Model_A,3.47,3.5,3.06,3.16,0
T00010962,Model_A,3.94,3.96,3.09,3.72,0
T00010963,Model_A,3.43,3.97,3.47,3.33,0
T00010964,Model_A,3.1,3.29,3.14,3.36,0
T00010968,Model_A,3.68,2.65,4.63,3.68,0
T00010974,Model_A,3.89,3.63,3.57,3.75,0
T00010975,Model_A,4.42,3.69,4.54,4.32,0
T00010978,Model_A,3.7,4.31,3.41,4.18,0
T00010980,Model_A,2.9,2.74,3.39,3.05,0
T00010987,Model_A,4.8,3.33,3.64,3.99,0
T00010988,Model_A,4.13,3.66,3.37,3.83,0
T00010994,Model_A,3.68,3.77,3.87,3.65,0
T00010999,Model_A,4.05,3.11,3.3,3.61,0
T00011003,Model_A,4.23,3.46,4.21,3.88,0
T00011004,Model_A,3.47,3.59,3.58,3.54,0
T00011007,Model_A,4.9,3.73,3.72,4.18,0
T00011009,Model_A,3.63,3.84,3.63,3.82,0
T00011011,Model_A,3.95,3.18,3.15,3.3,0
T00011012,Model_A,3.13,3.89,3.61,3.75,0
T00011014,Model_A,2.83,2.96,3.69,3.13,0
T00011017,Model_A,2.69,3.14,3.42,3.17,0
T00011022,Model_A,4.06,2.88,3.53,3.58,0
T00011025,Model_A,3.09,3.97,4.19,3.7,0
T00011026,Model_A,3.18,3.25,4.27,3.49,0
T00011028,Model_A,3.29,2.75,3.4,3.24,0
T00011030,Model_A,3.6,3.04,3.25,3.25,0
T00011034,Model_A,3.27,3.67,3.03,3.38,0
T00011035,Model_A,4.0,3.26,3.6,3.82,0
T00011036,Model_A,4.62,3.37,4.94,4.52,0
T00011040,Model_A,2.58,3.44,3.48,3.2,0
T00011041,Model_A,3.6,2.93,2.66,2.92,1
T00011042,Model_A,4.1,3.56,3.75,3.92,0
T00011043,Model_A,3.03,3.76,3.67,3.58,0
T00011044,Model_A,3.21,4.51,3.53,3.69,0
T00011046,Model_A,4.26,3.28,3.26,3.34,0
T00011047,Model_A,3.25,3.55,3.5,3.33,0
T00011052,Model_A,3.14,3.95,2.82,3.04,0
T00011053,Model_A,3.87,3.55,2.86,3.5,0
T00011056,Model_A,3.88,3.0,3.43,3.56,0
T00011059,Model_A,3.4,3.18,4.5,3.47,0
T00011060,Model_A,4.33,3.4,3.99,4.08,1
T00011062,Model_A,3.4,2.7,3.25,2.98,0
T00011063,Model_A,3.42,2.36,3.72,3.05,0
T00011065,Model_A,3.02,3.13,4.04,3.41,0
T00011068,Model_A,3.63,3.19,3.34,3.66,0
T00011071,Model_A,3.17,4.42,4.28,3.84,0
T00011075,Model_A,3.53,2.73,3.29,3.14,0
T00011079,Model_A,3.1,3.12,3.14,3.04,0
T00011081,Model_A,4.03,3.97,3.52,3.79,0
T00011085,Model_A,2.67,3.01,3.81,3.23,0
T00011086,Model_A,4.11,3.15,3.79,3.9,0
T00011087,Model_A,3.6,3.36,3.63,3.24,0
T00011090,Model_A,3.97,3.41,3.97,3.51,0
T00011107,Model_A,3.69,3.67,4.03,4.01,0
T00011114,Model_A,2.65,4.25,4.04,3.53,0
T00011119,Model_A,3.02,4.29,2.99,3.73,0
T00011123,Model_A,3.81,2.72,4.18,3.64,0
T00011126,Model_A,3.39,3.96,3.84,3.41,0
T00011128,Model_A,4.48,3.21,4.25,3.78,0
T00011131,Model_A,3.63,4.09,3.46,3.66,0
T00011132,Model_A,3.85,3.75,3.42,3.46,0
T00011135,Model_A,3.69,3.39,4.03,3.47,0
T00011136,Model_A,3.45,3.89,3.69,3.56,0
T00011138,Model_A,3.53,3.82,3.59,3.55,0
T00011139,Model_A,3.83,3.57,3.1,3.57,0
T00011140,Model_A,3.51,3.49,3.23,3.15,0
T00011141,Model_A,3.17,3.82,4.0,3.67,0
T00011143,Model_A,3.42,3.39,2.86,3.43,0
T00011146,Model_A,4.05,3.64,3.02,3.55,0
T00011147,Model_A,3.71,4.53,3.66,4.21,0
T00011151,Model_A,4.3,3.73,3.51,3.8,0
T00011154,Model_A,3.94,3.5,3.36,3.68,0
T00011157,Model_A,4.7,3.6,4.01,4.04,0
T00011158,Model_A,2.91,3.49,3.52,3.05,0
T00011159,Model_A,2.96,3.7,2.96,2.91,0
T00011161,Model_A,3.57,4.06,3.43,3.72,0
T00011163,Model_A,3.26,3.38,3.67,3.18,0
T00011166,Model_A,3.04,3.63,3.36,3.32,0
T00011167,Model_A,3.46,2.84,3.2,3.12,0
T00011168,Model_A,3.39,3.71,3.71,3.47,0
T00011170,Model_A,3.83,4.38,3.6,3.94,0
T00011171,Model_A,3.76,3.08,3.45,3.65,0
T00011182,Model_A,3.82,3.25,3.77,3.64,0
T00011188,Model_A,4.0,3.35,3.36,3.7,0
T00011189,Model_A,4.55,4.72,3.91,4.38,0
T00011192,Model_A,4.55,2.9,3.04,3.61,0
T00011193,Model_A,2.55,3.7,3.3,3.1,0
T00011194,Model_A,3.56,3.98,3.06,3.64,0
T00011196,Model_A,3.8,3.42,3.47,3.55,0
T00011201,Model_A,3.59,3.29,3.46,3.64,0
T00011202,Model_A,3.7,3.65,3.66,3.73,0
T00011203,Model_A,3.1,4.08,3.47,3.48,0
T00011204,Model_A,3.58,3.41,3.36,3.44,0
T00011207,Model_A,4.19,2.7,2.77,3.2,0
T00011208,Model_A,2.8,3.76,4.5,3.79,0
T00011214,Model_A,4.05,4.13,3.07,3.73,0
T00011216,Model_A,3.99,3.0,3.05,3.43,0
T00011217,Model_A,2.71,3.23,2.99,2.68,0
T00011218,Model_A,3.67,3.62,3.67,3.73,0
T00011220,Model_A,3.76,3.6,3.17,3.83,0
T00011225,Model_A,4.02,3.39,3.42,3.44,0
T00011229,Model_A,3.61,4.39,3.95,3.85,0
T00011230,Model_A,2.67,3.25,3.66,3.27,0
T00011231,Model_A,3.73,4.46,3.18,4.07,0
T00011232,Model_A,3.9,3.68,3.41,3.83,0
T00011234,Model_A,3.84,3.68,3.79,3.87,0
T00011237,Model_A,3.51,3.63,2.48,3.16,0
T00011241,Model_A,4.13,4.0,3.56,4.23,0
T00011245,Model_A,2.78,3.55,3.48,3.14,0
T00011251,Model_A,3.02,3.69,3.19,3.28,0
T00011253,Model_A,3.57,3.07,4.17,3.68,0
T00011256,Model_A,3.43,3.76,3.32,3.55,0
T00011257,Model_A,3.71,4.32,3.5,3.95,0
T00011258,Model_A,3.51,2.94,3.81,3.71,0
T00011259,Model_A,4.2,3.16,3.36,3.58,0
T00011260,Model_A,4.33,3.81,3.99,4.28,0
T00011264,Model_A,4.0,3.54,3.38,3.73,0
T00011268,Model_A,3.37,3.68,4.06,3.58,0
T00011270,Model_A,3.7,3.94,3.16,3.7,0
T00011271,Model_A,3.78,3.65,3.82,3.78,0
T00011284,Model_A,3.87,4.21,2.85,3.82,0
T00011287,Model_A,3.88,3.6,2.75,3.43,0
T00011288,Model_A,2.91,3.12,3.59,3.11,0
T00011290,Model_A,3.79,3.31,4.17,3.56,0
T00011291,Model_A,3.39,3.92,2.9,3.57,0
T00011292,Model_A,2.91,2.17,2.95,2.67,0
T00011293,Model_A,3.38,3.47,3.17,3.16,0
T00011294,Model_A,3.8,4.19,3.67,4.16,0
T00011298,Model_A,4.13,4.45,2.68,3.4,0
T00011299,Model_A,3.02,4.05,2.3,3.11,0
T00011303,Model_A,4.1,3.34,3.74,3.77,0
T00011304,Model_A,2.37,3.57,3.56,2.9,0
T00011305,Model_A,3.1,4.22,3.63,3.71,0
T00011307,Model_A,3.58,2.72,3.93,3.27,0
T00011310,Model_A,3.71,2.97,4.0,3.74,0
T00011311,Model_A,4.23,4.07,3.28,4.04,0
T00011312,Model_A,3.4,3.73,3.21,3.53,0
T00011314,Model_A,3.47,3.69,4.01,3.76,0
T00011318,Model_A,4.34,3.5,3.54,4.0,0
T00011320,Model_A,3.44,4.36,2.4,3.64,0
T00011322,Model_A,3.83,3.5,4.04,3.4,0
T00011325,Model_A,3.82,2.93,4.31,3.55,0
T00011326,Model_A,3.79,3.12,2.91,3.58,0
T00011330,Model_A,2.98,4.47,3.19,3.55,0
T00011331,Model_A,3.65,3.77,3.99,3.65,0
T00011333,Model_A,3.26,3.82,3.54,3.37,0
T00011336,Model_A,4.18,3.76,3.66,3.71,0
T00011339,Model_A,3.94,4.21,3.07,3.8,0
T00011341,Model_A,3.33,3.3,3.26,3.22,0
T00011345,Model_A,4.27,4.75,4.21,4.36,0
T00011352,Model_A,3.2,3.87,3.81,3.47,0
T00011355,Model_A,3.22,3.74,4.08,3.71,0
T00011356,Model_A,4.14,3.15,3.34,3.67,0
T00011357,Model_A,4.01,3.65,3.66,3.35,0
T00011358,Model_A,3.17,2.8,3.86,3.26,1
T00011362,Model_A,3.53,3.44,2.83,3.46,0
T00011365,Model_A,2.74,3.22,3.38,2.66,0
T00011372,Model_A,3.61,3.25,3.73,3.42,0
T00011373,Model_A,3.66,3.68,3.32,3.61,0
T00011375,Model_A,3.44,3.85,3.31,3.44,0
T00011377,Model_A,3.7,3.36,3.79,3.55,0
T00011382,Model_A,3.75,3.6,3.12,3.51,0
T00011390,Model_A,4.15,3.98,3.79,3.89,0
T00011391,Model_A,4.44,3.36,4.11,3.64,0
T00011393,Model_A,4.49,3.26,4.2,3.82,0
T00011394,Model_A,3.57,4.44,3.55,3.96,0
T00011395,Model_A,3.09,3.68,3.69,3.45,0
T00011399,Model_A,3.71,3.12,2.88,3.21,0
T00011402,Model_A,4.01,3.65,4.19,4.17,0
T00011404,Model_A,3.46,3.97,3.54,3.85,0
T00011409,Model_A,4.22,3.79,2.97,3.38,0
T00011417,Model_A,3.99,3.87,2.93,3.5,0
T00011418,Model_A,2.82,3.06,3.65,3.15,0
T00011423,Model_A,3.65,3.28,3.63,3.56,0
T00011425,Model_A,3.46,3.7,3.9,3.79,0
T00011426,Model_A,3.34,3.52,3.67,3.58,0
T00011430,Model_A,4.47,3.16,3.38,3.86,0
T00011433,Model_A,3.64,3.15,4.09,3.85,0
T00011434,Model_A,3.6,3.21,2.95,3.11,0
T00011437,Model_A,4.4,3.35,3.07,3.53,0
T00011442,Model_A,4.32,3.03,3.73,3.78,0
T00011445,Model_A,3.75,3.38,4.17,3.93,0
T00011446,Model_A,2.74,3.18,3.88,3.5,0
T00011447,Model_A,3.73,2.87,4.11,3.53,0
T00011448,Model_A,3.42,3.31,3.43,3.5,0
T00011455,Model_A,3.45,2.71,3.08,2.94,0
T00011459,Model_A,4.41,4.45,3.84,4.21,0
T00011460,Model_A,4.1,3.77,2.67,3.56,0
T00011463,Model_A,3.57,3.65,3.8,3.63,0
T00011464,Model_A,2.96,2.29,2.44,2.62,0
T00011474,Model_A,3.67,3.42,3.3,3.56,0
T00011475,Model_A,5.0,3.05,2.51,3.65,0
T00011477,Model_A,3.85,3.69,3.21,3.64,0
T00011478,Model_A,2.92,4.17,3.64,3.49,0
T00011484,Model_A,3.92,3.49,3.56,3.38,0
T00011487,Model_A,4.53,2.42,3.65,3.84,0
T00011488,Model_A,3.55,3.89,2.86,3.35,0
T00011490,Model_A,3.61,2.76,3.22,3.26,0
T00011491,Model_A,3.53,3.85,3.5,3.28,0
T00011493,Model_A,2.99,3.33,3.56,3.19,0
T00011494,Model_A,3.51,2.76,3.66,3.23,0
T00011495,Model_A,2.78,3.38,2.75,3.03,0
T00011496,Model_A,3.43,2.86,3.24,3.16,0
T00011497,Model_A,3.65,3.48,3.23,3.61,1
T00011499,Model_A,3.6,3.79,4.18,3.93,0
T00011501,Model_A,3.96,3.32,3.17,3.35,0
T00011503,Model_A,3.42,4.34,3.62,3.55,0
T00011504,Model_A,3.65,3.51,4.24,3.7,1
T00011505,Model_A,2.44,3.47,3.02,2.75,0
T00011508,Model_A,2.88,3.8,2.86,3.42,0
T00011510,Model_A,3.22,3.4,3.42,3.11,0
T00011511,Model_A,3.21,3.38,3.2,3.26,0
T00011514,Model_A,4.04,3.68,3.14,3.78,0
T00011516,Model_A,3.1,3.18,3.55,3.21,0
T00011517,Model_A,2.89,1.9,3.86,3.06,0
T00011519,Model_A,3.82,3.4,4.17,3.97,0
T00011525,Model_A,3.39,3.22,4.02,3.58,0
T00011529,Model_A,3.06,2.67,3.29,3.25,0
T00011530,Model_A,4.06,3.66,3.35,3.84,0
T00011531,Model_A,4.38,3.71,3.36,3.75,0
T00011532,Model_A,3.99,3.85,3.87,3.73,0
T00011533,Model_A,4.24,3.09,3.37,3.68,0
T00011534,Model_A,2.88,3.58,3.43,3.36,0
T00011535,Model_A,3.82,3.51,3.08,3.39,0
T00011539,Model_A,4.4,3.55,3.92,3.99,0
T00011542,Model_A,4.11,3.86,3.42,3.8,0
T00011544,Model_A,2.91,4.08,3.65,3.45,0
T00011547,Model_A,3.55,2.87,3.18,2.86,0
T00011548,Model_A,3.34,3.49,4.27,3.65,0
T00011549,Model_A,4.5,4.16,2.76,3.88,0
T00011552,Model_A,4.16,3.89,3.08,3.67,0
T00011554,Model_A,3.37,2.97,2.83,2.99,0
T00011556,Model_A,4.4,2.79,3.75,3.63,0
T00011557,Model_A,3.99,3.51,3.86,3.83,0
T00011559,Model_A,4.55,3.62,2.57,3.8,0
T00011560,Model_A,3.36,3.91,3.44,3.85,0
T00011561,Model_A,3.61,3.97,3.29,3.58,0
T00011564,Model_A,3.42,3.61,3.41,3.69,0
T00011572,Model_A,4.94,3.57,3.8,4.21,0
T00011575,Model_A,4.24,4.31,3.71,4.11,0
T00011576,Model_A,4.93,3.55,3.57,3.82,0
T00011583,Model_A,3.81,3.08,3.53,3.27,0
T00011584,Model_A,3.93,2.93,3.15,3.27,0
T00011589,Model_A,3.57,3.18,3.56,3.22,0
T00011590,Model_A,3.51,2.9,3.93,3.62,0
T00011591,Model_A,4.34,3.92,3.5,3.92,0
T00011592,Model_A,3.96,2.27,3.21,3.14,0
T00011594,Model_A,3.61,3.38,3.92,3.78,0
T00011596,Model_A,3.73,3.36,4.05,3.8,0
T00011599,Model_A,4.38,4.17,3.04,4.18,0
T00011606,Model_A,3.92,4.24,4.82,4.21,0
T00011608,Model_A,2.92,3.46,2.72,2.94,0
T00011610,Model_A,3.61,3.32,4.17,3.76,0
T00011611,Model_A,3.39,3.16,3.12,3.08,0
T00011612,Model_A,4.13,4.54,3.89,4.47,0
T00011616,Model_A,3.32,3.62,3.69,3.5,0
T00011619,Model_A,3.54,3.8,3.9,3.55,0
T00011623,Model_A,3.98,3.59,3.87,3.7,0
T00011626,Model_A,4.07,3.46,4.02,3.78,0
T00011635,Model_A,4.27,3.43,3.54,3.83,0
T00011636,Model_A,3.73,3.69,4.21,3.87,0
T00011641,Model_A,4.58,3.69,3.27,3.8,0
T00011643,Model_A,2.85,4.11,1.66,2.87,0
T00011644,Model_A,3.05,3.42,3.24,3.3,0
T00011645,Model_A,2.68,3.67,3.52,3.17,0
T00011646,Model_A,3.8,3.51,3.12,3.47,0
T00011652,Model_A,3.64,3.43,2.58,3.11,0
T00011656,Model_A,3.22,3.6,3.68,3.29,0
T00011664,Model_A,4.43,3.28,2.96,3.65,0
T00011665,Model_A,3.7,3.68,3.6,3.72,0
T00011667,Model_A,3.92,2.99,2.24,2.84,0
T00011668,Model_A,3.44,4.0,3.37,3.57,0
T00011669,Model_A,3.02,3.44,3.1,2.81,0
T00011673,Model_A,4.05,3.39,4.19,3.68,0
T00011675,Model_A,3.38,3.42,3.53,3.35,0
T00011682,Model_A,3.06,4.05,3.32,3.58,0
T00011690,Model_A,3.66,3.21,3.08,3.52,0
T00011708,Model_A,4.26,3.39,2.89,3.4,0
T00011709,Model_A,3.89,3.24,3.23,3.42,0
T00011712,Model_A,4.06,4.17,2.97,3.63,0
T00011714,Model_A,3.61,3.94,3.73,3.77,0
T00011715,Model_A,3.48,2.85,4.0,3.21,0
T00011716,Model_A,3.94,3.43,3.3,3.53,0
T00011717,Model_A,2.94,3.15,3.84,3.38,0
T00011718,Model_A,2.82,3.59,4.38,3.31,0
T00011721,Model_A,3.98,3.22,2.52,3.52,0
T00011724,Model_A,4.34,3.92,3.61,4.0,0
T00011730,Model_A,3.42,4.03,4.05,3.75,0
T00011736,Model_A,3.89,4.15,3.97,3.92,0
T00011738,Model_A,3.69,3.7,3.07,3.73,0
T00011741,Model_A,3.69,3.3,3.32,3.54,0
T00011743,Model_A,3.4,3.66,3.42,3.27,0
T00011745,Model_A,4.18,3.52,4.24,3.55,0
T00011751,Model_A,3.95,4.0,4.35,4.06,0
T00011755,Model_A,3.88,3.43,3.62,3.69,0
T00011758,Model_A,3.39,3.18,2.85,3.01,0
T00011759,Model_A,3.02,4.33,4.14,3.5,0
T00011762,Model_A,3.06,3.24,3.44,3.39,0
T00011764,Model_A,3.32,3.8,2.91,3.09,0
T00011765,Model_A,3.46,3.36,3.62,3.41,0
T00011766,Model_A,3.81,3.76,2.78,3.27,0
T00011768,Model_A,3.66,4.21,3.48,3.7,0
T00011772,Model_A,4.06,4.06,3.3,3.72,0
T00011774,Model_A,2.73,4.27,2.97,3.5,0
T00011775,Model_A,3.83,3.68,4.37,4.02,0
T00011777,Model_A,4.46,3.67,3.38,3.9,0
T00011779,Model_A,4.21,3.28,4.03,4.14,0
T00011780,Model_A,4.19,3.59,3.82,3.93,0
T00011786,Model_A,3.48,3.62,4.2,3.75,0
T00011792,Model_A,3.81,3.0,3.6,3.53,0
T00011793,Model_A,3.56,3.3,2.92,2.94,0
T00011800,Model_A,3.97,3.75,3.53,3.68,0
T00011801,Model_A,3.68,3.55,3.41,3.64,0
T00011804,Model_A,3.57,3.64,3.41,3.59,0
T00011805,Model_A,3.51,3.94,3.85,3.81,0
T00011808,Model_A,3.78,3.91,4.16,3.97,0
T00011809,Model_A,2.38,2.88,3.41,2.73,0
T00011810,Model_A,3.8,3.79,3.06,3.42,0
T00011813,Model_A,3.29,3.38,3.87,3.45,0
T00011814,Model_A,3.42,3.24,4.17,3.51,0
T00011815,Model_A,3.28,3.9,3.55,3.7,0
T00011818,Model_A,4.43,3.64,2.79,3.88,0
T00011833,Model_A,4.12,3.04,2.72,3.41,0
T00011836,Model_A,3.25,3.69,3.34,3.41,0
T00011838,Model_A,3.79,3.6,4.36,4.02,0
T00011842,Model_A,4.2,3.9,3.92,4.06,0
T00011843,Model_A,2.91,3.76,3.75,3.58,0
T00011847,Model_A,4.26,3.49,3.27,3.71,0
T00011848,Model_A,4.34,3.82,4.05,4.3,0
T00011850,Model_A,2.75,4.85,2.84,3.34,0
T00011852,Model_A,3.7,3.37,2.92,3.31,0
T00011853,Model_A,3.42,3.94,3.61,3.54,0
T00011854,Model_A,4.47,3.61,3.58,4.02,0
T00011856,Model_A,4.33,3.45,4.43,4.08,0
T00011857,Model_A,4.07,4.13,3.87,3.9,0
T00011859,Model_A,3.63,3.89,3.67,3.85,0
T00011862,Model_A,3.0,3.19,4.86,3.44,0
T00011865,Model_A,4.24,3.31,2.46,3.43,0
T00011875,Model_A,3.57,2.71,3.28,3.38,0
T00011876,Model_A,3.73,3.4,3.16,3.39,0
T00011883,Model_A,3.88,3.23,3.68,3.65,0
T00011885,Model_A,2.5,3.91,2.83,3.12,0
T00011888,Model_A,3.79,3.61,4.24,3.85,0
T00011900,Model_A,4.17,3.39,3.18,3.61,0
T00011901,Model_A,3.63,3.34,3.77,3.7,0
T00011904,Model_A,3.22,4.13,3.44,3.62,0
T00011907,Model_A,3.54,3.79,2.97,3.49,0
T00011911,Model_A,3.69,3.48,3.62,3.62,0
T00011912,Model_A,2.85,2.6,3.74,2.86,0
T00011913,Model_A,3.27,3.83,3.28,3.24,0
T00011917,Model_A,3.38,3.31,3.08,3.39,0
T00011920,Model_A,2.55,4.08,3.64,3.22,0
T00011921,Model_A,3.82,3.63,3.73,3.88,0
T00011923,Model_A,3.23,3.27,4.54,3.62,0
T00011926,Model_A,3.59,2.89,2.82,3.15,0
T00011928,Model_A,2.81,4.3,3.56,3.45,0
T00011932,Model_A,3.86,2.83,3.69,3.57,0
T00011933,Model_A,3.99,3.77,2.81,3.64,0
T00011941,Model_A,3.68,3.7,4.21,3.86,0
T00011942,Model_A,3.85,3.01,3.21,3.6,0
T00011944,Model_A,3.85,3.56,3.33,3.59,0
T00011945,Model_A,3.26,3.38,4.13,3.34,0
T00011949,Model_A,3.63,3.43,3.56,3.43,0
T00011950,Model_A,3.58,4.33,2.64,3.64,0
T00011952,Model_A,3.45,3.46,3.75,3.34,0
T00011954,Model_A,3.7,3.72,3.81,3.6,0
T00011959,Model_A,3.39,3.04,3.12,3.12,0
T00011960,Model_A,3.34,3.23,4.48,3.4,0
T00011961,Model_A,3.61,3.13,4.13,3.67,0
T00011963,Model_A,3.75,4.04,3.32,3.76,0
T00011965,Model_A,5.0,3.59,3.56,3.93,0
T00011969,Model_A,3.66,3.93,3.16,3.63,0
T00011971,Model_A,3.66,2.79,2.69,3.16,0
T00011972,Model_A,4.22,3.43,2.97,3.51,0
T00011975,Model_A,3.96,3.93,2.56,3.73,0
T00011978,Model_A,3.81,3.46,3.95,3.59,0
T00011979,Model_A,3.93,3.52,2.9,3.53,0
T00011981,Model_A,3.14,3.0,3.74,3.18,0
T00011982,Model_A,3.95,3.44,3.01,3.44,0
T00011985,Model_A,3.45,3.71,4.07,3.56,1
T00011989,Model_A,3.05,3.1,3.06,2.88,0
T00011990,Model_A,3.64,3.29,2.13,3.0,0
T00011992,Model_A,3.92,3.28,4.52,3.76,0
T00011996,Model_A,3.2,3.49,3.43,3.28,0
T00011998,Model_A,3.87,3.75,2.89,3.43,0
T00012002,Model_A,3.97,2.83,3.62,3.51,0
T00012003,Model_A,3.54,3.38,3.79,3.64,0
T00012004,Model_A,4.0,3.72,3.51,3.62,0
T00012006,Model_A,2.84,2.94,3.47,3.41,0
T00012009,Model_A,3.6,3.97,2.93,3.31,0
T00012010,Model_A,2.94,3.65,3.33,3.03,0
T00012011,Model_A,3.27,2.79,3.33,3.42,0
T00012018,Model_A,4.07,4.1,2.65,3.78,0
T00012019,Model_A,2.34,3.54,3.98,3.27,0
T00012025,Model_A,3.16,3.04,3.35,3.03,0
T00012030,Model_A,3.84,3.99,3.54,3.62,0
T00012031,Model_A,3.87,3.45,3.3,3.69,0
T00012032,Model_A,3.47,3.39,3.75,3.62,0
T00012033,Model_A,3.33,3.78,3.06,2.99,0
T00012038,Model_A,4.52,3.93,3.36,3.99,0
T00012039,Model_A,3.19,4.57,3.1,3.64,0
T00012044,Model_A,3.43,3.32,4.08,3.63,0
T00012048,Model_A,3.61,3.54,3.47,3.58,0
T00012049,Model_A,3.78,3.98,4.29,3.69,0
T00012050,Model_A,3.96,3.28,3.73,3.9,0
T00012057,Model_A,2.88,3.53,4.18,3.48,0
T00012060,Model_A,2.84,3.41,2.83,3.12,0
T00012063,Model_A,3.74,3.76,3.28,3.4,0
T00012067,Model_A,2.87,3.34,3.22,3.01,0
T00012073,Model_A,4.15,4.31,2.94,3.92,0
T00012081,Model_A,3.77,2.8,3.27,3.09,0
T00012083,Model_A,3.69,3.63,3.97,3.99,0
T00012085,Model_A,3.08,3.92,4.56,3.56,0
T00012086,Model_A,3.64,3.49,3.48,3.37,0
T00012089,Model_A,2.81,3.58,3.03,3.28,0
T00012096,Model_A,3.12,3.4,3.85,3.48,0
T00012100,Model_A,4.13,3.58,3.77,3.64,0
T00012107,Model_A,2.78,3.24,3.9,3.04,0
T00012108,Model_A,2.68,2.97,4.41,3.02,0
T00012109,Model_A,4.06,3.65,3.99,3.64,0
T00012112,Model_A,3.62,3.89,4.21,3.88,0
T00012116,Model_A,3.33,3.57,3.6,3.64,0
T00012122,Model_A,3.41,3.42,4.04,3.39,0
T00012125,Model_A,3.25,3.51,3.17,3.02,0
T00012130,Model_A,3.78,3.44,3.07,3.27,0
T00012133,Model_A,3.28,3.81,4.18,3.66,0
T00012134,Model_A,3.3,3.66,3.58,3.65,0
T00012139,Model_A,3.85,3.23,3.64,3.55,0
T00012141,Model_A,3.13,3.54,3.11,3.33,0
T00012142,Model_A,3.48,2.96,3.1,3.15,0
T00012143,Model_A,2.87,3.71,3.04,3.12,0
T00012149,Model_A,3.03,3.93,2.85,3.21,0
T00012150,Model_A,3.21,4.09,2.92,3.49,0
T00012156,Model_A,3.24,2.89,3.47,2.99,0
T00012157,Model_A,3.53,3.32,3.42,3.28,0
T00012177,Model_A,2.32,3.27,3.86,3.23,0
T00012180,Model_A,2.97,3.72,3.08,3.25,0
T00012188,Model_A,3.65,4.01,3.21,3.8,0
T00012189,Model_A,4.7,3.92,3.97,4.55,0
T00012190,Model_A,3.96,3.11,3.12,3.44,0
T00012191,Model_A,3.5,3.95,3.56,3.57,0
T00012195,Model_A,3.78,3.78,2.49,3.51,0
T00012200,Model_A,3.74,3.38,3.72,3.79,0
T00012206,Model_A,2.92,3.45,3.72,3.36,0
T00012207,Model_A,2.96,3.57,3.79,3.17,0
T00012208,Model_A,3.07,4.24,2.82,3.33,0
T00012209,Model_A,3.38,3.4,3.35,3.26,0
T00012211,Model_A,3.66,3.5,3.1,3.56,0
T00012220,Model_A,3.68,3.9,3.22,3.65,0
T00012221,Model_A,3.02,3.85,3.64,3.16,0
T00012222,Model_A,2.76,3.51,3.96,3.31,0
T00012223,Model_A,4.31,3.5,3.25,3.73,0
T00012225,Model_A,3.86,3.68,4.08,3.96,0
T00012227,Model_A,3.74,3.17,3.36,3.23,0
T00012228,Model_A,2.91,4.23,3.12,3.33,0
T00012234,Model_A,2.67,3.14,4.58,3.55,0
T00012236,Model_A,2.82,3.73,4.34,3.77,0
T00012238,Model_A,3.54,3.25,3.23,3.4,0
T00012239,Model_A,3.31,3.52,4.17,3.73,0
T00012244,Model_A,3.51,4.3,4.13,3.92,0
T00012247,Model_A,3.2,3.95,3.51,3.19,0
T00012248,Model_A,3.88,3.9,3.94,3.75,0
T00012252,Model_A,3.36,3.75,3.73,3.53,0
T00012255,Model_A,3.67,3.09,3.34,3.22,0
T00012266,Model_A,3.5,4.03,3.35,3.57,0
T00012267,Model_A,3.34,4.27,3.65,3.54,1
T00012270,Model_A,2.9,3.71,3.42,3.09,0
T00012275,Model_A,3.58,3.52,3.18,3.53,0
T00012277,Model_A,3.81,2.85,3.37,3.24,0
T00012278,Model_A,3.28,3.48,3.28,3.25,0
T00012280,Model_A,2.95,3.48,3.22,3.43,0
T00012283,Model_A,3.67,3.05,3.46,3.45,0
T00012284,Model_A,3.16,3.88,3.38,3.42,0
T00012286,Model_A,3.18,3.77,3.52,3.36,0
T00012289,Model_A,3.7,2.46,3.47,3.19,0
T00012293,Model_A,3.95,2.66,4.29,3.42,0
T00012294,Model_A,2.98,3.06,2.8,2.98,0
T00012296,Model_A,3.82,3.79,3.21,3.71,0
T00012299,Model_A,3.91,3.78,4.62,4.21,0
T00012303,Model_A,3.55,3.41,3.38,3.25,0
T00012314,Model_A,3.01,2.9,3.13,3.32,0
T00012316,Model_A,4.51,4.32,3.54,4.24,0
T00012317,Model_A,3.41,3.25,3.11,3.43,0
T00012322,Model_A,3.48,4.19,3.12,3.72,0
T00012327,Model_A,3.67,3.57,3.4,3.76,0
T00012332,Model_A,3.56,4.07,2.73,3.7,0
T00012335,Model_A,3.89,3.82,3.77,3.8,0
T00012339,Model_A,4.18,3.52,3.87,3.91,0
T00012344,Model_A,3.72,3.59,3.85,3.5,0
T00012348,Model_A,3.3,3.2,3.85,3.38,0
T00012351,Model_A,3.3,3.75,3.09,3.13,0
T00012354,Model_A,3.65,3.87,3.75,3.82,0
T00012359,Model_A,3.39,2.89,3.51,3.38,0
T00012360,Model_A,3.75,2.87,3.42,3.38,0
T00012362,Model_A,4.04,3.44,3.41,3.82,0
T00012363,Model_A,3.79,3.47,3.18,3.37,0
T00012365,Model_A,4.01,3.14,3.27,3.38,0
T00012366,Model_A,2.9,3.06,3.19,3.12,0
T00012367,Model_A,2.79,2.95,3.06,3.06,0
T00012373,Model_A,3.07,3.44,3.23,3.16,0
T00012374,Model_A,4.37,3.36,3.46,3.79,0
T00012375,Model_A,3.66,3.88,2.85,3.32,0
T00012382,Model_A,3.14,3.21,2.98,2.92,1
T00012383,Model_A,3.83,4.94,3.25,3.97,0
T00012387,Model_A,4.01,2.96,3.29,3.56,0
T00012388,Model_A,4.48,3.75,3.35,3.98,0
T00012391,Model_A,3.5,4.04,3.54,3.8,0
T00012393,Model_A,3.79,3.84,3.54,3.78,0
T00012394,Model_A,3.59,3.63,4.25,3.56,0
T00012395,Model_A,2.66,3.04,3.11,3.24,0
T00012397,Model_A,3.37,3.85,3.63,3.37,0
T00012398,Model_A,3.86,3.75,3.48,3.86,0
T00012402,Model_A,3.56,4.17,3.37,3.67,0
T00012406,Model_A,2.82,4.4,3.11,3.49,0
T00012407,Model_A,4.88,3.83,2.78,3.8,0
T00012411,Model_A,3.46,3.34,3.96,3.6,0
T00012416,Model_A,4.43,3.27,3.35,3.61,0
T00012424,Model_A,3.9,3.95,4.49,3.75,0
T00012426,Model_A,3.61,5.0,3.53,4.0,0
T00012429,Model_A,3.87,3.77,3.33,3.61,0
T00012437,Model_A,2.78,4.19,3.41,3.15,0
T00012438,Model_A,3.63,3.52,3.73,3.87,0
T00012440,Model_A,2.13,4.18,3.26,3.14,0
T00012441,Model_A,4.15,3.14,3.91,3.91,0
T00012445,Model_A,3.48,3.57,3.22,3.41,0
T00012446,Model_A,3.56,3.65,3.17,3.6,0
T00012449,Model_A,3.31,3.38,4.2,3.74,0
T00012450,Model_A,3.09,3.74,3.32,3.35,0
T00012452,Model_A,3.61,3.16,3.86,3.52,0
T00012454,Model_A,3.37,3.69,2.87,3.42,0
T00012456,Model_A,3.82,3.7,3.66,3.73,0
T00012459,Model_A,3.91,3.19,3.44,3.53,0
T00012462,Model_A,3.51,4.06,3.51,3.67,0
T00012469,Model_A,3.34,4.03,3.93,3.84,0
T00012473,Model_A,3.58,2.96,4.0,3.57,0
T00012474,Model_A,3.43,3.49,3.41,3.58,0
T00012475,Model_A,4.09,3.85,2.83,3.73,0
T00012480,Model_A,3.63,4.14,3.2,3.58,0
T00012482,Model_A,3.38,3.98,3.78,3.81,0
T00012488,Model_A,3.38,3.49,4.05,3.47,0
T00012492,Model_A,3.26,3.53,3.87,3.45,0
T00012493,Model_A,3.22,3.84,3.76,3.49,0
T00012497,Model_A,3.49,4.15,3.62,3.8,0
T00012501,Model_A,3.24,3.86,3.94,3.79,0
T00012504,Model_A,3.5,3.62,3.51,3.72,0
T00012508,Model_A,3.91,3.68,4.12,4.22,0
T00012511,Model_A,4.41,4.08,3.09,3.76,0
T00012512,Model_A,3.48,3.21,3.76,3.48,0
T00012514,Model_A,5.0,4.34,3.28,3.99,0
T00012519,Model_A,3.99,2.75,3.95,3.52,0
T00012520,Model_A,3.99,3.02,2.77,3.52,0
T00012521,Model_A,3.28,4.37,3.64,3.69,0
T00012523,Model_A,3.73,2.42,3.07,2.96,0
T00012524,Model_A,3.82,3.89,4.24,3.74,0
T00012525,Model_A,3.7,3.63,3.39,3.62,0
T00012527,Model_A,5.0,3.26,3.64,3.98,0
T00012529,Model_A,3.57,3.57,3.45,3.55,0
T00012531,Model_A,4.33,3.9,3.42,3.84,0
T00012534,Model_A,3.71,3.59,3.54,3.66,0
T00012535,Model_A,4.28,2.92,3.08,3.31,0
T00012541,Model_A,2.97,3.06,3.28,3.44,0
T00012545,Model_A,3.81,4.07,3.62,3.87,0
T00012547,Model_A,3.32,3.56,2.68,3.0,0
T00012548,Model_A,4.55,2.59,3.11,3.33,0
T00012549,Model_A,3.97,3.53,3.55,3.72,0
T00012566,Model_A,3.04,1.79,4.46,3.02,0
T00012569,Model_A,3.62,3.24,3.72,3.46,0
T00012572,Model_A,3.05,2.94,2.67,3.2,0
T00012575,Model_A,4.32,4.08,3.64,3.83,0
T00012577,Model_A,2.66,3.44,3.47,3.39,0
T00012579,Model_A,3.62,2.91,3.92,3.44,0
T00012586,Model_A,3.99,3.99,4.54,4.03,0
T00012590,Model_A,2.59,3.47,2.95,2.9,0
T00012591,Model_A,4.0,2.73,3.13,3.02,0
T00012594,Model_A,3.63,3.12,3.62,3.31,0
T00012597,Model_A,3.52,3.72,2.83,3.54,0
T00012600,Model_A,3.97,3.62,3.73,3.76,0
T00012602,Model_A,2.87,4.21,2.8,3.21,0
T00012609,Model_A,3.16,3.35,3.07,3.07,0
T00012611,Model_A,4.01,4.75,2.49,4.1,0
T00012614,Model_A,4.52,3.37,4.27,3.97,0
T00012620,Model_A,2.9,3.8,3.0,3.33,0
T00012621,Model_A,3.78,3.61,3.56,3.68,0
T00012626,Model_A,3.81,3.89,4.32,4.1,0
T00012630,Model_A,3.01,3.9,2.62,3.27,0
T00012631,Model_A,2.77,2.86,4.04,3.33,0
T00012632,Model_A,3.36,3.09,4.12,3.35,0
T00012644,Model_A,3.99,4.07,3.49,3.94,0
T00012646,Model_A,3.84,4.42,4.19,4.12,0
T00012650,Model_A,3.51,2.86,3.48,3.37,0
T00012655,Model_A,3.38,3.45,3.0,3.23,0
T00012657,Model_A,4.08,3.66,3.72,3.81,0
T00012658,Model_A,4.18,3.3,3.56,3.71,0
T00012660,Model_A,4.13,3.96,4.07,4.11,0
T00012661,Model_A,4.63,3.82,2.51,3.86,0
T00012668,Model_A,3.99,3.5,3.82,3.67,0
T00012670,Model_A,3.4,2.77,3.44,2.97,0
T00012674,Model_A,3.78,3.4,3.47,3.62,0
T00012675,Model_A,4.08,3.58,3.18,3.62,0
T00012679,Model_A,3.34,2.93,2.61,2.93,0
T00012682,Model_A,2.09,3.36,3.26,2.91,0
T00012691,Model_A,3.32,4.15,3.16,3.57,0
T00012693,Model_A,3.23,3.03,3.52,3.32,0
T00012696,Model_A,3.53,4.23,2.85,3.81,0
T00012697,Model_A,3.76,3.97,3.89,4.0,0
T00012698,Model_A,3.66,4.01,3.12,3.95,0
T00012701,Model_A,3.59,3.99,4.0,3.82,0
T00012703,Model_A,4.25,4.0,3.23,3.7,0
T00012704,Model_A,2.7,2.92,2.91,3.07,0
T00012706,Model_A,3.58,3.99,3.45,3.73,0
T00012718,Model_A,2.86,4.25,3.01,3.18,0
T00012719,Model_A,3.88,3.12,2.86,3.31,0
T00012721,Model_A,3.39,2.88,3.6,3.34,0
T00012722,Model_A,3.14,3.44,3.02,3.11,0
T00012727,Model_A,3.23,3.41,4.38,3.55,0
T00012732,Model_A,2.95,3.58,2.96,2.97,0
T00012737,Model_A,4.7,3.43,2.84,3.61,0
T00012738,Model_A,3.23,3.8,3.32,3.45,0
T00012740,Model_A,3.96,3.25,2.36,3.39,0
T00012741,Model_A,2.89,3.8,2.83,3.26,0
T00012742,Model_A,3.21,3.92,3.42,3.67,0
T00012744,Model_A,4.13,4.06,2.95,3.81,0
T00012746,Model_A,3.63,3.42,3.08,3.45,0
T00012750,Model_A,3.49,4.02,3.16,3.51,0
T00012751,Model_A,3.43,3.05,4.51,3.83,0
T00012752,Model_A,3.49,3.83,3.81,3.72,0
T00012758,Model_A,3.87,3.43,4.56,3.73,0
T00012762,Model_A,3.53,3.36,3.88,3.64,0
T00012765,Model_A,4.0,3.85,4.23,3.76,0
T00012767,Model_A,3.18,4.28,4.15,3.83,0
T00012771,Model_A,3.25,3.93,2.97,3.36,0
T00012772,Model_A,4.25,4.03,3.56,3.9,0
T00012773,Model_A,3.62,2.97,4.42,3.71,0
T00012774,Model_A,3.87,2.44,3.22,2.97,0
T00012780,Model_A,3.17,4.47,3.77,3.66,0
T00012788,Model_A,3.6,3.36,3.53,3.34,0
T00012791,Model_A,3.25,3.65,3.92,3.61,0
T00012792,Model_A,3.27,3.85,2.68,3.11,0
T00012793,Model_A,4.05,3.59,4.36,4.01,0
T00012798,Model_A,3.36,3.38,3.09,3.24,0
T00012803,Model_A,3.08,3.59,3.32,3.19,0
T00012806,Model_A,3.02,3.6,3.15,3.29,0
T00012807,Model_A,4.38,3.64,2.41,3.71,1
T00012808,Model_A,3.85,4.01,3.81,4.17,0
T00012809,Model_A,4.23,3.13,3.65,3.54,0
T00012811,Model_A,3.75,2.62,4.16,3.42,0
T00012812,Model_A,3.64,3.95,3.4,3.71,0
T00012816,Model_A,3.64,3.78,3.7,3.79,0
T00012820,Model_A,4.16,4.1,3.95,3.92,0
T00012826,Model_A,4.23,3.32,3.18,3.54,0
T00012828,Model_A,3.59,3.51,3.1,3.58,0
T00012830,Model_A,4.25,4.23,2.92,3.77,0
T00012834,Model_A,3.91,3.28,4.42,3.81,0
T00012836,Model_A,4.0,4.25,3.32,3.9,0
T00012842,Model_A,3.49,3.76,3.17,3.72,0
T00012843,Model_A,3.17,3.49,3.57,3.46,0
T00012844,Model_A,3.68,3.07,3.46,3.65,0
T00012849,Model_A,3.96,2.95,3.85,3.59,0
T00012851,Model_A,4.19,2.98,2.62,3.18,0
T00012852,Model_A,3.0,3.75,4.3,3.46,0
T00012858,Model_A,4.31,3.39,3.3,3.74,0
T00012859,Model_A,4.69,4.24,3.34,4.25,0
T00012863,Model_A,4.41,4.39,3.58,4.23,0
T00012866,Model_A,3.51,3.72,4.12,3.9,0
T00012867,Model_A,4.05,3.59,3.26,3.48,0
T00012868,Model_A,2.96,3.45,2.8,3.09,0
T00012869,Model_A,4.27,4.5,3.43,4.22,0
T00012871,Model_A,3.67,3.12,3.85,3.34,0
T00012872,Model_A,3.06,3.17,2.98,3.01,0
T00012873,Model_A,3.8,3.04,4.07,3.58,0
T00012878,Model_A,3.16,3.56,3.97,3.61,0
T00012879,Model_A,3.23,3.37,3.42,3.32,0
T00012881,Model_A,3.69,3.82,4.29,4.01,0
T00012883,Model_A,3.72,3.39,3.36,3.31,0
T00012884,Model_A,3.58,3.7,3.71,3.91,0
T00012885,Model_A,3.66,3.61,3.55,3.48,0
T00012890,Model_A,3.75,3.19,3.39,3.17,0
T00012893,Model_A,4.27,4.16,3.53,4.16,0
T00012896,Model_A,3.21,3.01,3.73,3.09,0
T00012897,Model_A,3.2,4.34,2.73,3.32,0
T00012905,Model_A,3.31,2.1,2.76,2.95,0
T00012906,Model_A,3.5,4.19,3.5,4.06,0
T00012908,Model_A,4.38,3.22,3.89,3.98,0
T00012909,Model_A,3.83,3.34,3.7,3.58,0
T00012912,Model_A,4.05,3.12,3.51,3.7,0
T00012913,Model_A,2.63,3.6,3.33,3.14,1
T00012917,Model_A,2.93,3.31,3.73,3.24,0
T00012919,Model_A,3.4,3.73,3.76,3.53,0
T00012923,Model_A,2.58,3.36,3.38,3.25,0
T00012926,Model_A,4.07,3.54,3.78,3.79,0
T00012928,Model_A,2.99,3.07,2.95,3.09,0
T00012936,Model_A,3.53,4.69,3.06,3.9,0
T00012937,Model_A,3.97,3.14,3.91,3.59,0
T00012946,Model_A,3.22,2.85,3.1,3.57,0
T00012948,Model_A,3.69,3.8,3.99,4.02,0
T00012949,Model_A,3.67,3.8,3.29,3.6,0
T00012952,Model_A,3.23,3.31,3.37,3.26,0
T00012955,Model_A,4.11,4.18,2.89,3.67,0
T00012957,Model_A,3.01,3.43,2.87,3.37,0
T00012959,Model_A,3.06,3.07,3.41,3.63,0
T00012961,Model_A,3.47,3.04,2.71,3.3,1
T00012964,Model_A,3.79,4.03,2.97,3.93,0
T00012966,Model_A,4.07,3.85,3.41,3.95,0
T00012968,Model_A,3.79,3.94,3.79,4.07,0
T00012973,Model_A,4.06,4.02,3.36,4.17,0
T00012976,Model_A,3.47,3.27,3.45,3.15,0
T00012978,Model_A,3.3,3.74,3.38,3.4,0
T00012979,Model_A,3.26,4.01,3.61,3.53,0
T00012982,Model_A,3.29,3.94,3.53,3.88,0
T00012984,Model_A,3.86,4.33,2.99,3.82,0
T00012986,Model_A,3.43,3.6,3.32,3.13,0
T00012989,Model_A,4.47,4.45,3.36,3.99,0
T00012993,Model_A,2.55,3.82,4.19,3.39,0
T00012994,Model_A,3.7,3.61,3.35,3.9,0
T00012995,Model_A,3.43,3.51,3.5,3.61,0
T00012998,Model_A,3.27,3.08,3.64,3.06,0
T00012999,Model_A,4.44,2.4,4.03,3.51,0
T00013006,Model_A,3.6,3.76,3.73,3.9,0
T00013007,Model_A,3.51,2.99,3.38,3.21,0
T00013009,Model_A,3.85,3.31,3.59,3.81,0
T00013013,Model_A,3.91,3.96,2.02,3.44,0
T00013015,Model_A,3.33,3.48,4.14,3.79,0
T00013016,Model_A,3.66,3.02,3.76,3.53,0
T00013017,Model_A,2.76,3.83,3.68,3.38,0
T00013019,Model_A,3.81,3.72,3.75,3.41,0
T00013024,Model_A,3.6,3.45,4.95,3.83,0
T00013025,Model_A,3.54,4.11,3.73,3.94,0
T00013027,Model_A,4.19,4.28,3.39,3.97,0
T00013031,Model_A,3.52,3.71,2.72,3.25,1
T00013034,Model_A,2.75,4.06,3.25,3.27,0
T00013038,Model_A,4.43,3.27,3.1,3.79,0
T00013041,Model_A,3.18,3.76,3.39,3.51,0
T00013046,Model_A,3.16,3.3,3.04,3.25,0
T00013050,Model_A,3.21,2.87,3.88,3.42,0
T00013052,Model_A,3.53,3.43,3.63,3.67,0
T00013059,Model_A,4.55,3.95,2.85,3.88,0
T00013065,Model_A,3.49,3.35,4.05,3.8,0
T00013069,Model_A,3.89,3.3,3.61,3.64,0
T00013073,Model_A,3.1,4.01,3.94,3.65,0
T00013077,Model_A,3.82,4.41,3.39,4.04,0
T00013081,Model_A,4.1,2.69,2.93,3.34,0
T00013082,Model_A,4.89,3.91,3.78,4.5,0
T00013086,Model_A,2.8,4.08,4.07,3.54,0
T00013088,Model_A,3.39,3.28,2.48,3.29,0
T00013089,Model_A,3.86,3.35,3.2,3.69,0
T00013091,Model_A,3.89,4.23,3.33,3.69,0
T00013097,Model_A,3.66,3.53,2.77,3.25,0
T00013098,Model_A,3.86,3.03,3.92,3.5,0
T00013100,Model_A,4.35,3.76,3.16,3.75,0
T00013101,Model_A,3.71,2.48,3.07,3.07,0
T00013106,Model_A,3.77,3.31,3.3,3.45,0
T00013108,Model_A,3.97,3.79,3.73,4.07,0
T00013110,Model_A,3.79,2.91,3.12,3.15,0
T00013115,Model_A,3.47,2.35,3.43,3.14,0
T00013117,Model_A,3.71,3.0,3.07,3.59,0
T00013121,Model_A,3.36,3.65,3.77,3.55,0
T00013128,Model_A,4.1,4.83,2.73,4.01,0
T00013129,Model_A,4.21,4.38,3.1,4.12,0
T00013131,Model_A,3.58,3.38,3.72,3.32,0
T00013133,Model_A,3.48,3.16,3.62,3.22,0
T00013134,Model_A,4.12,3.12,3.82,3.66,0
T00013137,Model_A,4.61,3.49,4.02,3.83,0
T00013138,Model_A,3.67,3.17,3.9,3.61,0
T00013141,Model_A,3.07,4.4,2.61,3.34,0
T00013147,Model_A,3.93,4.57,2.6,3.54,0
T00013148,Model_A,3.52,3.39,3.51,3.23,0
T00013149,Model_A,3.86,3.61,3.72,3.78,0
T00013150,Model_A,3.13,3.71,4.65,3.82,0
T00013151,Model_A,3.95,3.47,3.84,4.01,0
T00013152,Model_A,3.41,2.99,3.07,3.25,0
T00013155,Model_A,3.59,4.05,4.19,3.98,0
T00013166,Model_A,4.11,3.08,3.68,3.89,0
T00013169,Model_A,3.73,3.01,2.98,3.47,0
T00013174,Model_A,3.12,3.59,3.3,3.58,0
T00013177,Model_A,3.54,3.5,2.78,3.55,0
T00013180,Model_A,3.06,3.27,3.02,3.07,0
T00013181,Model_A,3.72,2.95,3.79,3.56,0
T00013183,Model_A,4.01,3.72,4.0,3.91,0
T00013185,Model_A,4.95,3.75,3.06,3.97,0
T00013187,Model_A,3.74,3.91,4.05,3.77,0
T00013188,Model_A,4.76,3.77,3.04,3.91,0
T00013189,Model_A,3.14,2.48,4.06,3.25,0
T00013196,Model_A,4.66,4.25,3.83,4.27,0
T00013197,Model_A,3.28,3.32,3.93,3.62,0
T00013198,Model_A,3.8,3.22,3.07,3.53,0
T00013200,Model_A,4.16,4.18,3.35,3.97,0
T00013202,Model_A,3.93,3.11,3.58,3.83,0
T00013208,Model_A,3.87,3.61,3.74,4.01,0
T00013209,Model_A,2.78,3.47,3.06,2.81,0
T00013211,Model_A,4.47,3.99,3.83,4.11,0
T00013216,Model_A,3.98,2.85,4.29,3.82,0
T00013217,Model_A,3.44,2.58,3.75,3.16,0
T00013220,Model_A,3.6,3.28,3.05,3.35,1
T00013222,Model_A,3.87,4.57,4.31,4.06,0
T00013225,Model_A,3.91,3.35,2.85,3.52,0
T00013226,Model_A,4.19,3.31,2.67,3.57,0
T00013227,Model_A,3.1,3.14,3.72,3.19,1
T00013231,Model_A,3.54,3.99,3.9,4.03,0
T00013232,Model_A,4.14,3.14,3.79,3.76,0
T00013233,Model_A,3.47,4.66,3.66,4.01,0
T00013235,Model_A,3.56,4.78,3.5,4.0,0
T00013236,Model_A,3.54,4.13,3.13,3.58,0
T00013238,Model_A,4.08,3.58,3.62,3.84,0
T00013241,Model_A,3.51,3.79,3.94,3.55,0
T00013248,Model_A,4.0,3.77,2.98,3.78,0
T00013257,Model_A,3.72,4.59,3.25,4.05,0
T00013259,Model_A,4.16,3.45,3.41,3.63,0
T00013260,Model_A,3.59,2.96,4.18,3.53,0
T00013261,Model_A,4.57,3.41,3.39,3.66,0
T00013263,Model_A,4.02,3.99,3.88,4.17,0
T00013270,Model_A,3.46,3.87,4.06,3.89,0
T00013274,Model_A,3.01,4.05,3.5,3.54,0
T00013279,Model_A,4.01,2.79,2.52,2.94,0
T00013282,Model_A,3.99,4.13,3.56,3.81,0
T00013284,Model_A,4.14,3.61,2.77,3.51,0
T00013287,Model_A,4.14,3.34,3.9,3.7,0
T00013291,Model_A,3.99,3.33,3.39,3.64,0
T00013297,Model_A,3.27,4.87,3.61,4.07,0
T00013298,Model_A,3.95,3.62,3.78,3.66,0
T00013299,Model_A,3.53,3.46,3.2,3.55,0
T00013304,Model_A,3.3,3.64,4.71,3.52,0
T00013309,Model_A,3.84,4.64,2.98,4.07,0
T00013310,Model_A,4.91,4.19,2.5,3.94,0
T00013318,Model_A,3.45,3.31,4.29,3.61,0
T00013321,Model_A,4.27,4.71,2.18,3.95,0
T00013324,Model_A,3.51,3.96,3.38,3.4,0
T00013332,Model_A,4.38,3.19,3.47,3.74,0
T00013336,Model_A,2.88,3.99,3.66,3.32,0
T00013337,Model_A,3.55,3.25,2.71,3.29,0
T00013340,Model_A,3.41,3.7,3.98,3.61,0
T00013341,Model_A,3.9,3.23,2.96,3.31,0
T00013343,Model_A,3.28,3.8,2.75,3.18,0
T00013344,Model_A,3.25,3.36,3.76,3.35,0
T00013356,Model_A,3.23,4.02,3.91,3.77,0
T00013359,Model_A,3.62,3.71,3.29,3.47,0
T00013362,Model_A,3.44,4.05,3.21,3.41,0
T00013364,Model_A,3.53,3.92,3.95,3.67,0
T00013369,Model_A,3.83,3.16,2.86,3.47,0
T00013373,Model_A,2.86,3.77,2.76,3.38,0
T00013375,Model_A,3.43,3.23,4.17,3.45,0
T00013376,Model_A,3.11,4.0,3.46,3.51,0
T00013377,Model_A,3.36,4.54,3.29,3.95,0
T00013382,Model_A,3.67,2.98,3.25,3.25,0
T00013389,Model_A,4.41,3.3,4.2,4.15,1
T00013392,Model_A,4.36,3.95,3.87,3.99,0
T00013396,Model_A,4.8,3.37,3.69,3.82,0
T00013398,Model_A,3.6,3.93,3.65,3.56,0
T00013399,Model_A,4.03,4.37,3.67,4.11,0
T00013401,Model_A,2.68,3.01,3.92,3.08,0
T00013402,Model_A,3.43,3.77,3.62,4.05,0
T00013404,Model_A,3.26,3.36,3.2,3.39,0
T00013405,Model_A,3.22,3.58,4.13,3.34,0
T00013407,Model_A,3.65,4.38,2.93,3.79,0
T00013410,Model_A,3.59,3.29,3.38,3.15,0
T00013411,Model_A,3.64,2.92,3.78,3.55,0
T00013415,Model_A,4.29,4.0,3.36,4.21,0
T00013417,Model_A,4.5,3.04,3.14,3.78,0
T00013420,Model_A,3.09,2.84,3.78,3.36,0
T00013423,Model_A,4.32,3.63,3.88,4.05,0
T00013424,Model_A,3.18,3.5,3.51,3.45,0
T00013425,Model_A,3.27,2.8,3.19,2.98,0
T00013430,Model_A,3.77,3.19,3.86,3.55,0
T00013431,Model_A,3.44,3.02,3.1,3.25,0
T00013435,Model_A,3.42,3.99,3.64,3.54,0
T00013438,Model_A,3.38,2.7,3.21,3.26,0
T00013441,Model_A,3.96,3.35,2.91,3.27,0
T00013443,Model_A,3.98,3.68,3.34,3.83,0
T00013445,Model_A,3.86,3.27,2.82,3.41,0
T00013448,Model_A,4.31,4.24,3.04,3.85,0
T00013450,Model_A,3.35,3.47,3.72,3.45,0
T00013452,Model_A,3.07,3.79,4.25,3.21,0
T00013454,Model_A,2.36,3.61,4.32,3.48,0
T00013457,Model_A,3.65,3.38,2.98,3.29,0
T00013463,Model_A,3.31,3.8,3.43,3.57,0
T00013464,Model_A,3.71,3.72,3.49,3.69,0
T00013467,Model_A,2.95,4.04,4.09,3.45,0
T00013472,Model_A,3.2,3.74,3.93,3.52,0
T00013479,Model_A,3.95,3.16,3.89,3.69,0
T00013485,Model_A,2.99,3.08,4.26,3.43,0
T00013487,Model_A,4.08,3.41,2.45,3.58,0
T00013490,Model_A,3.43,3.73,4.17,3.63,0
T00013493,Model_A,4.11,3.49,4.25,4.09,0
T00013498,Model_A,3.83,2.75,3.49,3.61,0
T00013500,Model_A,3.66,3.69,3.58,3.45,0
T00013509,Model_A,3.78,3.59,2.36,3.47,0
T00013510,Model_A,3.85,3.62,3.78,3.8,0
T00013513,Model_A,3.72,3.63,2.41,3.36,0
T00013514,Model_A,3.57,4.19,3.35,4.05,0
T00013515,Model_A,3.63,3.71,4.05,3.67,0
T00013516,Model_A,3.89,4.23,2.56,3.56,0
T00013520,Model_A,4.03,3.9,3.62,3.69,0
T00013523,Model_A,3.43,3.56,3.36,3.46,0
T00013526,Model_A,3.1,4.67,3.04,3.54,0
T00013527,Model_A,3.75,3.66,2.91,3.51,0
T00013530,Model_A,4.3,3.71,4.34,4.24,0
T00013531,Model_A,3.12,4.32,3.61,3.76,0
T00013532,Model_A,4.55,4.46,2.79,4.03,0
T00013536,Model_A,3.75,2.48,3.33,3.33,0
T00013539,Model_A,3.74,3.57,4.11,4.04,0
T00013543,Model_A,3.96,3.56,3.33,3.61,0
T00013544,Model_A,2.9,3.68,3.95,3.36,0
T00013545,Model_A,4.16,2.67,3.11,3.35,0
T00013549,Model_A,3.42,3.75,4.45,3.63,0
T00013556,Model_A,3.63,2.68,3.3,3.32,0
T00013559,Model_A,3.33,3.76,3.51,3.34,0
T00013561,Model_A,3.31,4.19,2.84,3.69,0
T00013562,Model_A,3.13,3.78,3.44,3.46,0
T00013566,Model_A,3.3,4.3,2.8,3.65,1
T00013567,Model_A,2.37,3.79,3.6,3.27,0
T00013568,Model_A,3.82,4.44,2.78,3.82,0
T00013569,Model_A,3.04,3.43,3.62,3.19,0
T00013570,Model_A,4.16,4.29,3.68,4.23,0
T00013572,Model_A,3.08,3.44,3.3,3.26,0
T00013574,Model_A,3.77,3.17,2.61,3.18,0
T00013580,Model_A,3.12,3.05,4.29,3.37,0
T00013583,Model_A,3.39,3.01,3.79,3.4,0
T00013588,Model_A,3.69,3.65,2.54,3.23,0
T00013589,Model_A,3.16,4.14,3.42,3.44,0
T00013591,Model_A,4.17,3.64,3.3,3.77,0
T00013593,Model_A,3.98,3.47,4.09,3.66,0
T00013595,Model_A,3.67,3.81,3.28,3.69,0
T00013598,Model_A,4.11,3.12,4.15,4.0,0
T00013600,Model_A,4.02,3.48,3.29,3.76,0
T00013601,Model_A,3.35,4.72,3.55,3.92,0
T00013602,Model_A,3.59,3.84,2.98,3.46,0
T00013603,Model_A,4.41,2.58,3.6,3.64,0
T00013606,Model_A,4.54,3.16,4.54,3.96,0
T00013612,Model_A,4.53,2.66,3.19,3.41,0
T00013614,Model_A,3.87,4.06,3.47,3.76,0
T00013617,Model_A,3.04,4.3,4.02,3.68,0
T00013619,Model_A,4.08,3.34,3.57,3.62,0
T00013620,Model_A,3.39,3.81,3.54,3.68,0
T00013622,Model_A,3.22,4.18,3.35,3.57,0
T00013624,Model_A,3.91,3.17,4.33,3.76,0
T00013625,Model_A,4.84,3.62,4.02,4.05,0
T00013626,Model_A,3.59,4.1,4.61,3.74,0
T00013628,Model_A,4.49,3.26,3.93,4.0,0
T00013634,Model_A,3.95,4.01,2.85,3.58,0
T00013637,Model_A,4.27,3.22,2.91,3.58,0
T00013638,Model_A,2.31,3.49,4.31,3.38,0
T00013639,Model_A,3.94,3.58,3.46,3.45,0
T00013640,Model_A,3.6,3.69,3.14,3.61,0
T00013642,Model_A,3.52,3.18,2.78,3.37,0
T00013647,Model_A,4.01,3.82,4.06,3.95,0
T00013652,Model_A,3.53,4.4,4.13,4.09,0
T00013653,Model_A,2.93,4.63,3.17,3.41,0
T00013659,Model_A,3.57,3.5,3.04,3.19,0
T00013662,Model_A,4.37,3.48,4.53,3.95,0
T00013663,Model_A,3.15,3.19,3.47,3.34,0
T00013671,Model_A,4.22,3.52,3.93,3.96,0
T00013672,Model_A,3.21,3.5,3.01,3.44,0
T00013675,Model_A,3.48,3.76,3.53,3.73,0
T00013676,Model_A,3.73,3.12,3.88,3.62,0
T00013677,Model_A,3.5,4.15,3.11,3.51,0
T00013681,Model_A,4.21,3.34,3.21,3.87,0
T00013691,Model_A,4.32,3.25,4.0,3.93,0
T00013692,Model_A,3.78,4.04,3.59,3.59,0
T00013695,Model_A,3.34,3.75,3.97,3.62,0
T00013698,Model_A,3.68,3.22,3.43,3.46,0
T00013703,Model_A,2.94,4.38,3.88,4.11,0
T00013704,Model_A,4.04,3.0,3.52,3.6,0
T00013709,Model_A,3.76,4.09,2.87,3.72,0
T00013712,Model_A,4.21,3.65,3.58,4.09,0
T00013714,Model_A,3.0,4.35,4.33,4.16,0
T00013718,Model_A,3.5,3.42,3.7,3.47,0
T00013719,Model_A,3.44,3.31,4.42,3.41,0
T00013720,Model_A,4.62,4.45,3.57,4.59,0
T00013723,Model_A,3.1,3.25,4.33,3.51,0
T00013724,Model_A,2.82,3.86,4.05,3.35,0
T00013726,Model_A,3.99,3.43,3.95,3.74,0
T00013727,Model_A,3.67,3.12,3.0,3.4,0
T00013728,Model_A,3.87,2.9,3.14,3.3,0
T00013729,Model_A,3.39,3.95,3.26,3.58,0
T00013734,Model_A,3.6,4.28,3.28,3.84,0
T00013737,Model_A,2.72,3.43,3.18,3.32,0
T00013739,Model_A,3.36,3.51,3.17,3.33,0
T00013740,Model_A,3.07,2.66,3.12,2.7,0
T00013743,Model_A,4.21,2.93,3.0,3.47,0
T00013750,Model_A,3.54,3.45,3.57,3.77,0
T00013751,Model_A,4.37,3.43,3.59,3.69,0
T00013754,Model_A,3.65,3.22,3.91,3.65,0
T00013756,Model_A,3.63,3.86,3.94,3.99,0
T00013757,Model_A,4.36,3.33,3.64,3.8,0
T00013762,Model_A,4.05,4.24,3.39,3.88,0
T00013764,Model_A,4.1,3.47,3.42,3.75,0
T00013765,Model_A,3.48,3.73,3.94,3.46,0
T00013766,Model_A,3.15,3.27,3.29,3.12,0
T00013767,Model_A,3.42,2.7,2.85,2.91,0
T00013769,Model_A,3.66,4.63,3.58,4.05,0
T00013771,Model_A,3.61,2.85,2.94,3.04,0
T00013774,Model_A,4.14,3.37,3.78,3.95,0
T00013775,Model_A,3.43,2.98,3.34,3.52,0
T00013779,Model_A,3.19,3.59,3.03,3.19,0
T00013784,Model_A,3.17,3.29,3.25,3.54,0
T00013791,Model_A,3.81,3.41,4.3,3.77,0
T00013792,Model_A,3.91,3.05,3.75,3.74,0
T00013795,Model_A,3.29,3.39,3.44,3.46,0
T00013796,Model_A,4.18,3.1,4.32,3.97,0
T00013797,Model_A,2.55,3.88,3.33,3.16,0
T00013799,Model_A,3.83,3.81,2.53,3.57,0
T00013801,Model_A,3.76,3.53,3.16,3.43,0
T00013806,Model_A,3.12,3.98,3.23,3.4,0
T00013810,Model_A,3.76,3.77,2.62,3.72,0
T00013813,Model_A,3.0,3.75,3.43,3.55,0
T00013814,Model_A,3.7,3.51,4.15,3.84,0
T00013816,Model_A,3.29,3.28,3.47,3.19,0
T00013818,Model_A,3.16,3.33,3.96,3.57,0
T00013823,Model_A,3.09,3.33,2.46,2.69,0
T00013825,Model_A,3.86,4.09,3.7,3.95,0
T00013829,Model_A,2.74,4.01,2.53,3.19,0
T00013831,Model_A,3.21,3.23,2.74,3.09,0
T00013832,Model_A,3.34,3.28,3.36,3.23,0
T00013835,Model_A,3.03,3.16,3.55,3.51,0
T00013837,Model_A,3.8,3.21,2.72,3.17,0
T00013838,Model_A,3.93,3.42,3.33,4.04,0
T00013839,Model_A,3.2,3.01,3.25,3.32,0
T00013843,Model_A,3.96,3.36,3.5,3.46,0
T00013844,Model_A,3.39,3.46,3.09,3.26,0
T00013845,Model_A,3.77,3.56,4.24,3.86,0
T00013847,Model_A,3.38,4.47,3.37,3.48,0
T00013848,Model_A,3.36,4.07,3.26,3.73,0
T00013850,Model_A,3.58,3.34,4.2,3.66,0
T00013851,Model_A,3.32,3.09,3.34,3.2,0
T00013852,Model_A,3.94,4.01,3.37,3.9,0
T00013853,Model_A,3.44,4.51,3.71,3.87,0
T00013856,Model_A,3.67,3.63,3.42,3.51,0
T00013857,Model_A,4.51,3.09,3.47,3.81,0
T00013858,Model_A,3.71,2.44,3.12,3.05,0
T00013859,Model_A,4.42,3.91,3.77,4.23,0
T00013863,Model_A,4.03,4.31,4.21,4.07,0
T00013865,Model_A,3.32,3.08,2.96,2.95,0
T00013868,Model_A,4.35,3.95,3.37,3.91,0
T00013871,Model_A,3.87,3.89,3.03,3.57,0
T00013874,Model_A,3.66,3.94,3.76,3.88,0
T00013878,Model_A,3.75,4.14,3.25,3.46,0
T00013880,Model_A,3.17,4.08,3.45,3.62,0
T00013881,Model_A,3.64,4.32,3.63,3.69,0
T00013884,Model_A,3.65,3.54,4.1,3.76,0
T00013885,Model_A,2.94,4.1,3.8,3.77,0
T00013887,Model_A,2.96,2.91,3.05,3.05,0
T00013891,Model_A,4.63,3.81,3.64,3.98,0
T00013892,Model_A,2.97,3.01,2.34,2.41,0
T00013906,Model_A,3.69,3.11,3.21,3.37,0
T00013907,Model_A,3.3,2.7,3.74,3.37,0
T00013908,Model_A,3.0,1.9,3.83,2.93,0
T00013910,Model_A,3.78,3.42,2.25,3.19,0
T00013911,Model_A,4.09,3.86,4.09,4.06,0
T00013915,Model_A,3.88,3.72,3.86,3.94,0
T00013920,Model_A,3.38,3.42,2.87,2.98,0
T00013922,Model_A,4.96,3.55,3.55,4.15,0
T00013923,Model_A,3.49,3.23,3.83,3.58,0
T00013927,Model_A,4.76,3.54,4.46,4.34,0
T00013932,Model_A,3.78,3.3,3.02,3.39,0
T00013934,Model_A,4.43,3.95,3.51,3.86,0
T00013936,Model_A,3.89,3.13,2.94,3.32,0
T00013938,Model_A,4.2,2.56,3.46,3.19,0
T00013944,Model_A,3.56,3.79,3.31,3.55,0
T00013945,Model_A,3.39,4.36,3.55,3.75,0
T00013950,Model_A,4.18,4.49,3.5,3.93,0
T00013954,Model_A,2.89,5.0,4.48,3.98,0
T00013958,Model_A,3.07,3.25,2.94,3.14,0
T00013962,Model_A,2.88,3.69,4.42,3.32,0
T00013963,Model_A,4.06,3.38,3.1,3.52,0
T00013967,Model_A,3.95,3.23,4.26,3.84,0
T00013970,Model_A,3.25,3.64,3.53,3.45,0
T00013971,Model_A,4.12,3.7,3.99,4.32,0
T00013973,Model_A,3.27,4.13,4.01,3.59,0
T00013979,Model_A,4.12,3.96,3.63,4.02,0
T00013982,Model_A,4.35,3.71,3.57,3.76,0
T00013983,Model_A,4.18,3.34,3.69,3.69,0
T00013985,Model_A,3.8,3.44,3.78,3.62,0
T00013991,Model_A,3.86,4.21,4.44,4.13,0
T00013992,Model_A,3.82,3.68,2.92,3.31,0
T00013996,Model_A,4.16,3.23,3.05,3.71,0
T00013997,Model_A,3.4,3.62,3.06,3.72,0
T00014000,Model_A,3.37,3.02,3.14,3.28,0
T00014003,Model_A,3.62,3.3,3.03,3.37,0
T00014005,Model_A,2.7,3.1,2.94,3.06,0
T00014006,Model_A,3.13,3.72,4.22,3.74,0
T00014007,Model_A,3.89,4.44,2.83,3.8,0
T00014010,Model_A,4.13,2.59,3.72,3.59,1
T00014011,Model_A,3.96,3.57,3.96,4.07,0
T00014012,Model_A,5.0,3.21,3.53,4.02,0
T00014015,Model_A,3.22,3.57,4.72,3.74,0
T00014016,Model_A,3.02,2.45,3.24,2.89,0
T00014017,Model_A,4.0,3.26,3.68,3.7,0
T00014019,Model_A,3.18,3.98,3.57,3.46,0
T00014023,Model_A,3.94,2.97,3.65,3.32,1
T00014026,Model_A,3.08,3.41,3.17,3.36,0
T00014027,Model_A,4.09,4.7,3.5,3.95,1
T00014031,Model_A,4.23,3.99,4.01,3.81,0
T00014033,Model_A,4.17,3.82,3.73,4.16,0
T00014036,Model_A,3.09,2.76,3.42,3.25,0
T00014041,Model_A,3.58,3.72,3.09,3.24,0
T00014042,Model_A,3.62,3.08,3.66,3.5,0
T00014043,Model_A,4.26,3.46,4.11,3.75,1
T00014045,Model_A,2.9,3.83,4.33,3.86,0
T00014050,Model_A,3.09,3.93,3.13,3.2,0
T00014051,Model_A,2.91,2.6,3.7,2.84,0
T00014052,Model_A,3.49,3.04,3.64,3.74,0
T00014056,Model_A,3.76,4.33,3.03,3.51,0
T00014057,Model_A,3.9,3.19,3.82,3.89,0
T00014058,Model_A,2.61,3.55,3.6,3.32,0
T00014060,Model_A,3.23,3.71,2.47,3.56,0
T00014062,Model_A,4.8,3.33,3.51,3.79,0
T00014063,Model_A,3.58,3.45,2.94,3.24,0
T00014064,Model_A,2.65,2.68,3.11,2.72,0
T00014068,Model_A,3.48,3.33,3.13,3.4,0
T00014071,Model_A,4.34,3.91,3.26,3.88,0
T00014076,Model_A,3.11,3.18,3.09,3.54,0
T00014084,Model_A,2.74,3.42,3.52,3.0,0
T00014086,Model_A,3.67,4.22,4.08,4.11,0
T00014089,Model_A,3.49,3.0,3.81,3.42,0
T00014090,Model_A,3.92,2.92,3.76,3.61,0
T00014098,Model_A,3.7,3.7,3.81,3.69,0
T00014100,Model_A,3.42,3.48,2.66,3.18,0
T00014103,Model_A,3.86,3.23,4.06,3.78,0
T00014108,Model_A,3.4,4.39,3.28,3.78,0
T00014110,Model_A,3.59,3.06,3.2,3.21,0
T00014112,Model_A,3.72,3.3,4.01,3.65,0
T00014113,Model_A,3.56,3.53,2.57,3.33,0
T00014114,Model_A,4.11,3.93,3.35,3.81,0
T00014116,Model_A,3.46,3.87,3.35,3.62,0
T00014117,Model_A,4.33,4.01,4.02,4.12,0
T00014118,Model_A,3.72,4.15,3.61,4.09,0
T00014119,Model_A,4.07,3.98,3.39,4.02,0
T00014120,Model_A,3.55,3.76,3.07,3.44,0
T00014121,Model_A,3.04,4.25,3.69,3.44,0
T00014122,Model_A,3.16,4.4,3.77,3.66,0
T00014127,Model_A,3.2,3.91,3.97,3.86,0
T00014129,Model_A,3.47,3.29,3.29,3.53,0
T00014130,Model_A,3.98,3.97,4.71,4.01,0
T00014131,Model_A,3.7,4.01,3.13,3.61,0
T00014132,Model_A,4.73,3.5,3.44,4.27,0
T00014138,Model_A,3.62,2.93,3.97,3.62,0
T00014148,Model_A,4.47,3.99,3.68,3.93,0
T00014150,Model_A,3.86,3.4,2.9,3.58,0
T00014152,Model_A,4.01,3.41,3.15,3.71,0
T00014153,Model_A,3.0,3.09,2.21,2.85,0
T00014154,Model_A,3.58,3.86,3.82,3.39,0
T00014156,Model_A,4.29,4.32,4.39,4.37,0
T00014161,Model_A,4.37,4.54,4.03,4.45,0
T00014166,Model_A,3.25,2.92,3.72,3.32,0
T00014170,Model_A,4.0,3.42,3.34,3.44,0
T00014171,Model_A,4.05,3.42,3.23,3.59,0
T00014175,Model_A,3.06,3.2,3.3,3.38,0
T00014176,Model_A,2.97,3.86,4.03,3.51,0
T00014177,Model_A,3.9,4.16,4.06,3.94,0
T00014178,Model_A,3.66,3.85,2.82,3.2,0
T00014181,Model_A,3.41,4.43,4.73,4.1,0
T00014185,Model_A,4.05,3.66,3.77,4.16,0
T00014186,Model_A,4.24,3.64,3.61,3.79,0
T00014193,Model_A,3.24,3.39,3.96,3.64,0
T00014194,Model_A,3.79,2.47,3.26,3.45,0
T00014201,Model_A,3.87,3.67,3.32,3.42,0
T00014202,Model_A,4.09,3.19,3.1,3.5,0
T00014205,Model_A,2.98,3.17,3.18,3.11,0
T00014207,Model_A,4.21,3.28,3.07,3.6,0
T00014212,Model_A,3.59,4.21,3.31,4.03,0
T00014213,Model_A,3.28,3.15,3.56,3.4,0
T00014219,Model_A,4.02,3.78,3.54,4.09,0
T00014223,Model_A,3.05,3.23,3.34,2.9,0
T00014225,Model_A,3.62,3.31,3.03,3.43,0
T00014226,Model_A,3.85,3.81,2.91,3.51,0
T00014230,Model_A,3.63,3.55,3.33,3.81,0
T00014231,Model_A,4.36,3.73,3.91,3.85,0
T00014232,Model_A,3.12,3.59,3.68,3.4,0
T00014236,Model_A,3.08,4.23,3.85,3.86,0
T00014241,Model_A,4.34,2.99,3.54,3.5,0
T00014247,Model_A,3.66,3.16,2.99,3.31,0
T00014249,Model_A,3.83,3.99,2.86,3.64,0
T00014250,Model_A,4.53,3.11,2.98,3.67,0
T00014255,Model_A,3.48,3.26,4.12,3.85,0
T00014258,Model_A,3.06,2.48,3.23,3.01,0
T00014259,Model_A,3.5,3.41,3.61,3.53,0
T00014260,Model_A,3.11,4.21,3.28,3.6,0
T00014265,Model_A,3.56,2.71,2.97,2.95,1
T00014267,Model_A,3.01,2.72,3.44,3.13,0
T00014269,Model_A,3.43,4.2,3.57,3.56,0
T00014270,Model_A,4.06,2.97,3.04,3.49,0
T00014273,Model_A,4.12,4.31,3.19,4.12,0
T00014274,Model_A,3.42,3.33,3.26,3.21,0
T00014275,Model_A,3.21,4.08,4.84,4.16,0
T00014277,Model_A,3.1,3.15,3.57,3.2,0
T00014279,Model_A,3.64,3.28,3.07,3.21,0
T00014280,Model_A,3.93,4.3,3.55,3.64,0
T00014282,Model_A,4.18,4.06,3.61,3.92,0
T00014284,Model_A,4.0,4.03,3.16,4.01,0
T00014295,Model_A,3.93,2.7,3.53,3.38,0
T00014302,Model_A,3.96,2.87,3.58,3.28,0
T00014305,Model_A,3.86,4.07,3.61,4.09,0
T00014308,Model_A,3.88,3.37,3.17,3.71,0
T00014309,Model_A,3.45,3.39,3.18,3.71,0
T00014311,Model_A,3.56,4.81,3.76,4.14,0
T00014313,Model_A,3.99,4.29,3.66,4.07,0
T00014314,Model_A,3.61,2.96,2.9,3.09,0
T00014315,Model_A,4.73,3.12,3.59,3.96,0
T00014319,Model_A,3.17,3.08,3.2,3.11,0
T00014323,Model_A,3.68,3.91,3.68,3.82,0
T00014324,Model_A,3.94,3.63,3.53,3.61,0
T00014326,Model_A,3.69,3.18,2.36,2.91,0
T00014327,Model_A,3.35,3.07,3.45,3.58,0
T00014329,Model_A,2.29,3.49,3.31,3.19,0
T00014333,Model_A,3.3,2.94,4.4,3.44,0
T00014335,Model_A,3.39,3.22,3.32,3.44,0
T00014337,Model_A,4.17,3.56,3.07,3.47,0
T00014339,Model_A,1.92,3.96,1.92,2.6,0
T00014343,Model_A,3.71,3.52,4.08,3.55,0
T00014345,Model_A,3.13,3.27,4.09,3.55,0
T00014346,Model_A,4.04,3.98,3.86,4.09,0
T00014356,Model_A,3.29,4.51,3.96,4.15,0
T00014361,Model_A,3.47,3.26,4.04,3.51,0
T00014371,Model_A,2.96,3.72,3.29,3.44,0
T00014373,Model_A,3.06,4.39,2.83,3.5,0
T00014374,Model_A,3.13,4.51,3.74,3.73,0
T00014378,Model_A,3.87,3.35,3.98,3.85,0
T00014379,Model_A,3.71,3.87,2.97,3.49,0
T00014380,Model_A,4.03,3.7,3.8,3.82,0
T00014384,Model_A,3.1,3.43,3.42,3.18,0
T00014389,Model_A,2.87,4.26,3.03,3.64,0
T00014392,Model_A,2.92,3.38,2.93,3.04,0
T00014393,Model_A,4.14,3.3,2.27,3.26,0
T00014403,Model_A,3.77,3.7,4.21,3.87,0
T00014406,Model_A,3.42,3.04,3.48,3.48,0
T00014407,Model_A,4.18,3.2,4.21,3.72,0
T00014409,Model_A,3.57,4.16,4.31,3.85,0
T00014410,Model_A,3.79,2.88,3.77,3.42,0
T00014413,Model_A,3.35,3.67,2.76,3.42,0
T00014420,Model_A,4.16,3.44,4.1,4.08,0
T00014422,Model_A,3.96,3.87,4.13,3.92,0
T00014428,Model_A,3.31,3.61,4.02,3.49,0
T00014437,Model_A,3.69,4.16,3.4,3.66,0
T00014441,Model_A,3.99,3.58,3.66,3.77,0
T00014442,Model_A,2.87,3.87,3.24,3.39,0
T00014443,Model_A,4.17,3.87,2.85,3.72,0
T00014444,Model_A,3.57,3.61,3.64,3.63,0
T00014446,Model_A,3.46,3.83,3.97,3.73,0
T00014448,Model_A,3.91,3.75,3.44,3.81,0
T00014453,Model_A,3.19,3.46,3.13,3.4,0
T00014460,Model_A,3.55,3.17,3.53,3.57,0
T00014461,Model_A,2.82,3.66,4.64,3.44,1
T00014462,Model_A,3.34,3.11,3.38,2.96,0
T00014465,Model_A,3.88,3.56,2.6,3.03,0
T00014467,Model_A,3.57,4.15,3.16,3.65,0
T00014469,Model_A,3.51,2.92,4.08,3.5,0
T00014470,Model_A,4.28,4.1,2.6,3.93,0
T00014473,Model_A,3.42,3.0,3.17,3.17,0
T00014474,Model_A,3.56,3.65,3.34,3.35,0
T00014475,Model_A,4.62,3.97,3.84,4.2,0
T00014478,Model_A,3.81,4.45,3.4,3.84,0
T00014483,Model_A,3.58,3.59,3.51,3.69,0
T00014485,Model_A,4.04,4.02,3.22,3.89,0
T00014486,Model_A,3.52,3.95,4.11,3.96,0
T00014487,Model_A,3.47,3.9,4.43,3.95,0
T00014490,Model_A,3.56,2.79,3.14,3.18,0
T00014491,Model_A,3.76,3.15,4.14,3.63,0
T00014497,Model_A,5.0,3.92,2.01,3.48,0
T00014499,Model_A,3.3,2.87,3.37,2.97,0
T00014500,Model_A,3.86,4.37,3.13,3.68,0
T00014501,Model_A,3.22,3.5,3.23,3.8,0
T00014503,Model_A,3.73,2.83,3.88,3.48,0
T00014507,Model_A,3.75,3.73,3.66,3.67,0
T00014510,Model_A,3.58,4.9,3.63,4.07,0
T00014511,Model_A,3.74,3.99,3.23,3.79,0
T00014516,Model_A,3.92,2.91,3.88,3.45,0
T00014520,Model_A,3.86,3.31,3.05,3.48,0
T00014521,Model_A,3.58,3.84,4.1,3.68,0
T00014526,Model_A,3.83,2.93,3.32,3.49,0
T00014527,Model_A,3.73,3.66,3.53,3.74,0
T00014534,Model_A,3.83,3.06,4.32,3.9,0
T00014539,Model_A,3.84,3.82,3.61,3.81,0
T00014541,Model_A,4.1,3.46,3.45,3.44,0
T00014542,Model_A,3.32,3.13,3.95,3.29,0
T00014548,Model_A,3.52,3.85,4.09,4.06,0
T00014559,Model_A,4.25,2.84,3.72,3.54,0
T00014562,Model_A,4.49,4.25,3.78,4.32,0
T00014564,Model_A,4.02,3.24,3.62,3.65,0
T00014565,Model_A,3.6,3.9,3.52,3.74,0
T00014569,Model_A,3.46,3.69,3.0,3.47,0
T00014576,Model_A,3.5,3.35,3.74,3.46,0
T00014577,Model_A,3.06,3.25,3.15,3.13,0
T00014579,Model_A,2.56,3.71,3.5,3.26,0
T00014582,Model_A,3.44,3.24,3.66,3.3,0
T00014583,Model_A,4.07,3.59,3.03,3.83,0
T00014588,Model_A,3.42,3.44,3.46,3.47,0
T00014590,Model_A,3.69,4.76,3.42,3.97,0
T00014591,Model_A,3.52,3.59,3.31,3.66,0
T00014595,Model_A,4.39,3.46,3.74,4.16,0
T00014598,Model_A,2.87,2.67,3.48,3.1,0
T00014599,Model_A,3.05,4.05,3.07,3.55,0
T00014603,Model_A,2.91,3.51,3.45,3.06,0
T00014604,Model_A,3.33,3.8,3.27,3.69,0
T00014605,Model_A,3.46,4.05,3.7,3.42,0
T00014609,Model_A,3.91,3.87,3.56,4.01,0
T00014611,Model_A,4.03,3.79,3.44,4.0,0
T00014613,Model_A,4.73,3.63,3.28,3.77,0
T00014619,Model_A,3.56,3.75,3.92,3.6,0
T00014620,Model_A,3.21,2.96,3.7,3.42,0
T00014621,Model_A,4.11,3.38,4.02,3.76,0
T00014624,Model_A,4.29,2.99,3.37,3.82,0
T00014625,Model_A,4.01,3.58,3.85,3.84,0
T00014627,Model_A,3.25,2.82,2.46,2.83,0
T00014628,Model_A,3.66,2.67,3.44,3.36,0
T00014629,Model_A,4.34,3.77,4.1,3.82,0
T00014630,Model_A,3.6,3.27,3.76,3.82,0
T00014632,Model_A,2.72,2.9,2.99,2.82,0
T00014633,Model_A,3.51,3.82,3.24,3.51,0
T00014634,Model_A,3.43,3.1,3.32,3.29,0
T00014635,Model_A,4.95,3.33,3.52,3.92,0
T00014637,Model_A,3.85,3.52,3.43,3.96,0
T00014638,Model_A,2.56,2.91,2.9,3.08,0
T00014639,Model_A,4.45,3.42,3.28,4.03,0
T00014641,Model_A,4.32,3.35,2.98,3.8,0
T00014645,Model_A,3.65,3.44,3.41,3.46,0
T00014648,Model_A,3.94,3.23,3.54,3.44,0
T00014649,Model_A,3.95,3.41,2.67,3.44,0
T00014655,Model_A,4.27,4.32,2.83,3.92,0
T00014657,Model_A,3.27,3.31,3.37,3.03,0
T00014665,Model_A,3.7,3.99,2.88,3.59,0
T00014666,Model_A,3.19,2.65,3.9,3.3,0
T00014667,Model_A,3.33,3.62,3.48,3.58,0
T00014674,Model_A,3.5,3.83,2.67,3.41,1
T00014675,Model_A,2.65,3.61,3.76,3.04,0
T00014677,Model_A,2.66,2.3,2.87,2.68,0
T00014679,Model_A,3.97,2.56,3.26,3.31,0
T00014681,Model_A,2.74,3.55,4.19,3.48,0
T00014685,Model_A,4.3,4.28,3.59,3.99,0
T00014688,Model_A,2.95,2.85,3.47,2.98,0
T00014689,Model_A,3.32,4.65,2.67,3.82,1
T00014697,Model_A,3.69,3.86,2.7,3.57,0
T00014699,Model_A,2.99,3.86,3.69,3.3,0
T00014700,Model_A,3.36,3.27,4.54,3.74,0
T00014702,Model_A,3.79,3.36,3.54,3.83,0
T00014703,Model_A,2.95,3.96,4.05,3.59,0
T00014704,Model_A,3.81,3.48,3.31,3.52,0
T00014706,Model_A,4.52,4.18,4.63,4.31,0
T00014710,Model_A,3.4,3.57,3.19,3.41,0
T00014711,Model_A,2.64,3.45,3.74,3.14,0
T00014713,Model_A,2.87,3.2,4.14,3.53,0
T00014714,Model_A,4.13,3.61,3.97,3.96,0
T00014720,Model_A,4.01,4.04,3.82,3.66,0
T00014724,Model_A,3.38,3.09,3.37,3.54,0
T00014730,Model_A,3.51,4.13,3.86,3.8,0
T00014733,Model_A,4.5,3.42,3.66,3.98,0
T00014734,Model_A,4.66,5.0,3.16,4.09,0
T00014736,Model_A,4.29,3.26,4.53,3.92,0
T00014737,Model_A,3.38,2.98,4.51,3.47,0
T00014739,Model_A,3.38,3.58,3.77,3.78,0
T00014745,Model_A,3.69,3.46,3.52,3.67,0
T00014750,Model_A,3.4,2.45,3.29,3.0,0
T00014753,Model_A,3.45,3.36,3.84,3.55,0
T00014754,Model_A,3.51,4.3,3.35,3.43,0
T00014760,Model_A,3.64,3.58,3.87,3.58,0
T00014763,Model_A,4.07,3.39,3.34,3.7,0
T00014765,Model_A,2.86,3.4,3.18,3.31,0
T00014766,Model_A,3.93,3.38,3.77,3.57,0
T00014772,Model_A,3.33,3.14,3.83,3.57,0
T00014775,Model_A,3.1,3.33,3.23,3.39,0
T00014781,Model_A,3.44,2.83,3.91,3.21,0
T00014782,Model_A,3.45,3.76,3.74,3.64,0
T00014787,Model_A,3.79,3.58,3.62,3.59,0
T00014793,Model_A,3.1,4.18,3.36,3.65,0
T00014802,Model_A,3.04,3.72,4.0,3.45,0
T00014803,Model_A,3.61,3.18,2.9,2.9,0
T00014805,Model_A,3.6,3.46,3.14,3.83,0
T00014815,Model_A,3.98,4.33,4.02,4.22,0
T00014820,Model_A,3.08,3.78,3.95,3.33,0
T00014827,Model_A,2.98,2.76,4.72,3.44,0
T00014834,Model_A,4.62,3.3,3.08,3.79,0
T00014839,Model_A,3.67,4.07,2.7,3.38,0
T00014848,Model_A,3.86,3.23,3.38,3.34,0
T00014849,Model_A,3.16,3.19,3.61,3.19,0
T00014850,Model_A,3.4,3.73,3.82,3.69,0
T00014852,Model_A,3.75,3.55,3.05,3.8,0
T00014857,Model_A,3.93,3.2,3.76,3.64,1
T00014859,Model_A,3.66,3.78,2.11,3.02,0
T00014863,Model_A,3.6,2.26,3.48,2.98,0
T00014866,Model_A,4.67,4.46,2.91,3.87,0
T00014867,Model_A,3.27,3.19,3.77,3.46,0
T00014868,Model_A,3.18,3.43,4.09,3.47,0
T00014869,Model_A,3.09,3.25,4.14,3.31,0
T00014876,Model_A,4.12,3.58,3.96,3.89,0
T00014887,Model_A,3.62,2.82,3.66,3.28,0
T00014888,Model_A,3.29,3.05,3.41,3.35,0
T00014889,Model_A,3.96,3.68,3.72,3.72,0
T00014893,Model_A,4.47,3.13,3.5,3.86,0
T00014898,Model_A,3.79,3.5,3.74,3.77,0
T00014902,Model_A,4.52,3.55,2.7,3.68,0
T00014904,Model_A,4.09,3.83,3.58,3.65,0
T00014905,Model_A,4.01,3.34,3.07,3.48,0
T00014906,Model_A,3.37,3.08,2.88,3.23,0
T00014908,Model_A,2.86,3.92,2.79,3.49,0
T00014910,Model_A,3.2,3.41,3.65,3.44,0
T00014913,Model_A,3.07,4.3,3.88,3.77,0
T00014916,Model_A,3.14,3.64,2.9,3.33,0
T00014917,Model_A,3.65,4.35,2.86,3.45,0
T00014922,Model_A,2.92,2.69,3.48,2.83,0
T00014927,Model_A,3.3,3.11,3.23,3.13,0
T00014931,Model_A,3.53,3.61,3.04,3.56,0
T00014937,Model_A,3.17,2.88,4.31,3.2,0
T00014938,Model_A,3.54,4.16,3.58,3.92,0
T00014939,Model_A,3.13,3.51,3.37,3.32,0
T00014943,Model_A,3.91,4.23,3.63,3.99,0
T00014948,Model_A,3.79,3.57,3.39,3.85,0
T00014949,Model_A,3.95,4.21,3.82,4.13,0
T00014950,Model_A,4.15,2.73,3.45,3.57,1
T00014951,Model_A,4.22,3.75,4.44,4.17,0
T00014953,Model_A,3.32,3.95,4.4,3.91,0
T00014960,Model_A,4.04,3.29,3.09,3.33,0
T00014964,Model_A,3.57,4.94,2.21,3.57,0
T00014966,Model_A,3.51,4.48,3.26,3.76,0
T00014967,Model_A,3.75,4.44,3.12,3.8,0
T00014969,Model_A,4.15,3.25,3.48,3.45,0
T00014971,Model_A,3.87,3.36,2.86,3.35,0
T00014977,Model_A,3.92,2.76,3.57,3.55,0
T00014978,Model_A,3.86,3.16,3.82,3.59,0
T00014979,Model_A,3.18,3.67,3.39,3.73,0
T00014981,Model_A,4.46,4.45,4.28,4.57,0
T00014983,Model_A,4.11,3.47,3.14,3.78,0
T00014986,Model_A,4.35,3.1,3.77,3.67,0
T00014987,Model_A,3.93,3.98,3.49,3.83,0
T00014991,Model_A,2.93,3.51,3.75,3.53,0
T00014994,Model_A,4.16,3.45,3.36,3.75,0
T00014995,Model_A,2.74,3.26,4.2,3.29,0
T00014997,Model_A,4.01,3.56,3.73,3.84,0
T00015001,Model_A,3.6,3.81,3.52,3.96,0
T00015005,Model_A,3.18,3.81,2.33,2.9,0
T00015006,Model_A,3.21,2.72,3.68,3.33,0
T00015011,Model_A,4.37,4.37,3.4,4.19,0
T00015015,Model_A,3.57,3.27,3.72,3.58,0
T00015016,Model_A,3.45,3.37,3.7,3.4,0
T00015026,Model_A,3.27,3.43,3.3,3.49,0
T00015027,Model_A,3.93,3.58,2.8,3.25,0
T00015029,Model_A,3.78,2.78,3.64,3.56,0
T00015033,Model_A,3.32,3.23,3.34,3.23,0
T00015034,Model_A,3.44,3.52,4.03,3.7,0
T00015040,Model_A,3.95,3.69,3.64,3.81,0
T00015042,Model_A,3.75,4.05,3.62,4.15,0
T00015045,Model_A,3.32,3.8,3.27,3.27,0
T00015047,Model_A,3.69,3.12,3.67,3.59,0
T00015050,Model_A,3.45,2.77,3.65,3.0,0
T00015052,Model_A,3.55,3.09,3.66,3.59,0
T00015057,Model_A,3.76,4.04,2.9,3.45,0
T00015060,Model_A,3.19,2.81,3.0,2.93,0
T00015067,Model_A,3.26,3.71,3.23,3.44,0
T00015070,Model_A,4.25,3.21,2.96,3.5,0
T00015071,Model_A,4.66,3.31,2.95,3.61,0
T00015075,Model_A,4.86,3.31,3.44,4.16,0
T00015078,Model_A,3.74,4.0,3.08,4.06,0
T00015080,Model_A,3.32,2.89,2.52,2.96,0
T00015081,Model_A,4.02,2.86,3.15,3.56,0
T00015087,Model_A,3.8,3.98,4.32,4.21,0
T00015088,Model_A,4.92,3.79,3.62,4.23,0
T00015090,Model_A,3.81,2.58,3.9,3.52,0
T00015093,Model_A,3.68,3.84,2.93,3.34,0
T00015098,Model_A,4.59,3.29,3.09,3.9,0
T00015100,Model_A,3.13,4.33,2.81,3.78,0
T00015101,Model_A,3.76,2.92,3.42,3.24,0
T00015102,Model_A,4.11,3.76,3.16,3.77,1
T00015106,Model_A,3.79,3.75,3.46,3.82,0
T00015108,Model_A,3.85,3.93,2.87,3.49,0
T00015111,Model_A,3.59,2.71,3.85,3.31,0
T00015112,Model_A,3.76,2.36,3.45,3.35,1
T00015113,Model_A,3.76,3.14,4.28,3.6,0
T00015114,Model_A,4.25,3.42,3.33,3.83,0
T00015115,Model_A,3.62,2.99,3.46,3.46,0
T00015116,Model_A,4.12,4.14,3.54,3.78,0
T00015119,Model_A,4.21,3.01,2.93,3.5,0
T00015120,Model_A,3.98,3.18,3.3,3.59,0
T00015121,Model_A,3.49,3.35,3.8,3.72,0
T00015123,Model_A,4.13,3.68,3.75,3.92,0
T00015126,Model_A,4.17,3.79,3.71,3.99,0
T00015129,Model_A,3.56,3.25,3.94,3.48,0
T00015136,Model_A,3.91,3.86,2.95,3.82,0
T00015137,Model_A,3.51,3.98,3.47,3.52,0
T00015140,Model_A,3.55,3.74,3.33,3.5,0
T00015141,Model_A,3.35,3.24,3.4,3.26,1
T00015144,Model_A,3.34,3.66,3.54,3.44,0
T00015149,Model_A,3.81,2.99,3.28,3.26,0
T00015150,Model_A,3.19,3.58,3.34,3.26,0
T00015151,Model_A,3.89,2.42,3.63,3.2,0
T00015152,Model_A,2.49,3.82,3.75,3.55,0
T00015155,Model_A,4.16,3.47,4.35,3.96,0
T00015156,Model_A,3.49,3.04,3.28,3.45,0
T00015157,Model_A,2.74,4.08,3.88,3.21,0
T00015159,Model_A,2.81,3.48,3.84,3.35,0
T00015167,Model_A,3.94,3.5,3.53,3.36,0
T00015177,Model_A,2.72,4.2,3.14,3.52,0
T00015178,Model_A,3.71,3.61,2.26,3.49,0
T00015181,Model_A,4.11,4.3,3.67,3.97,0
T00015182,Model_A,3.69,3.89,3.33,3.79,0
T00015184,Model_A,3.92,3.82,3.66,3.79,0
T00015188,Model_A,4.89,3.41,3.65,3.98,0
T00015190,Model_A,3.86,3.89,3.66,3.72,0
T00015191,Model_A,3.46,2.98,3.58,3.72,0
T00015192,Model_A,3.2,3.86,2.5,3.27,0
T00015193,Model_A,3.13,2.79,4.24,3.31,0
T00015194,Model_A,4.12,3.24,3.98,3.8,0
T00015198,Model_A,4.0,3.36,3.47,3.79,0
T00015199,Model_A,3.53,4.22,4.09,3.75,0
T00015200,Model_A,4.26,3.13,3.49,3.84,0
T00015201,Model_A,4.06,3.42,3.45,3.74,0
T00015202,Model_A,3.81,3.74,3.19,3.42,0
T00015208,Model_A,3.23,3.62,3.78,3.61,0
T00015212,Model_A,3.33,3.94,3.65,3.55,0
T00015215,Model_A,3.41,3.3,4.57,3.72,0
T00015217,Model_A,3.74,4.03,3.64,3.64,0
T00015220,Model_A,4.1,3.44,4.37,4.03,0
T00015224,Model_A,3.69,4.21,3.03,3.62,0
T00015226,Model_A,3.36,3.26,3.41,3.28,0
T00015228,Model_A,3.73,3.19,3.22,3.38,0
T00015233,Model_A,3.52,3.53,3.33,3.59,0
T00015234,Model_A,3.12,3.76,3.46,3.47,0
T00015238,Model_A,4.38,3.85,3.25,3.89,0
T00015239,Model_A,4.02,3.64,2.98,3.62,0
T00015240,Model_A,3.97,3.65,2.9,3.57,0
T00015244,Model_A,3.92,3.53,5.0,3.95,0
T00015256,Model_A,3.95,4.1,3.3,3.96,0
T00015258,Model_A,3.94,3.58,3.62,3.63,0
T00015260,Model_A,3.5,2.71,3.76,3.16,0
T00015263,Model_A,4.23,3.17,3.69,3.77,0
T00015266,Model_A,4.07,4.26,3.57,4.13,0
T00015267,Model_A,3.15,3.5,2.95,3.16,0
T00015280,Model_A,3.17,4.76,3.1,3.72,0
T00015281,Model_A,3.21,3.53,4.05,3.22,0
T00015283,Model_A,4.2,3.59,4.26,4.19,0
T00015285,Model_A,3.6,3.77,3.71,3.9,0
T00015287,Model_A,3.31,4.04,3.58,3.79,0
T00015291,Model_A,3.83,3.74,3.49,3.63,0
T00015292,Model_A,3.46,4.01,4.54,4.18,0
T00015293,Model_A,4.04,3.41,2.83,3.8,0
T00015294,Model_A,3.64,3.58,4.2,3.63,0
T00015295,Model_A,3.37,3.31,3.73,3.38,0
T00015296,Model_A,2.88,4.03,4.16,3.7,0
T00015297,Model_A,3.94,4.03,3.26,4.05,0
T00015298,Model_A,3.63,3.95,3.84,3.76,0
T00015299,Model_A,3.16,3.2,3.59,3.04,0
T00015300,Model_A,3.25,2.49,2.75,2.92,0
T00015309,Model_A,3.87,3.79,2.74,3.17,0
T00015315,Model_A,2.92,3.85,3.33,3.27,0
T00015317,Model_A,3.9,3.81,2.74,3.26,0
T00015323,Model_A,4.01,4.09,3.22,3.84,0
T00015325,Model_A,3.45,3.84,3.53,3.53,0
T00015326,Model_A,3.98,3.65,3.2,3.56,0
T00015327,Model_A,3.69,3.47,4.0,3.67,0
T00015328,Model_A,4.5,3.44,4.71,4.03,0
T00015329,Model_A,3.85,3.73,3.2,3.61,0
T00015331,Model_A,3.5,3.22,3.16,3.37,0
T00015332,Model_A,3.33,3.6,3.67,3.52,0
T00015334,Model_A,3.55,4.3,3.64,3.98,0
T00015339,Model_A,3.13,3.56,3.02,3.21,0
T00015340,Model_A,2.9,3.95,3.19,3.28,0
T00015342,Model_A,4.06,4.11,3.13,3.76,0
T00015343,Model_A,3.6,3.63,3.39,3.49,0
T00015346,Model_A,4.26,3.54,3.2,3.87,0
T00015349,Model_A,2.89,3.82,2.65,3.39,0
T00015350,Model_A,3.47,3.47,3.58,3.56,0
T00015352,Model_A,3.47,3.95,3.04,3.42,0
T00015353,Model_A,3.52,4.0,3.35,3.46,0
T00015354,Model_A,3.51,3.38,3.2,3.45,0
T00015358,Model_A,3.68,3.02,3.58,3.38,0
T00015361,Model_A,3.64,3.06,4.07,3.55,0
T00015364,Model_A,3.7,2.39,3.49,3.35,0
T00015366,Model_A,3.8,3.9,3.46,3.59,0
T00015367,Model_A,3.84,2.7,3.71,3.45,0
T00015368,Model_A,3.77,3.8,3.86,3.69,0
T00015371,Model_A,3.47,4.32,3.86,3.68,0
T00015372,Model_A,3.48,3.6,2.73,3.46,0
T00015374,Model_A,2.64,3.25,4.09,3.19,0
T00015381,Model_A,3.03,3.55,3.56,3.49,0
T00015383,Model_A,3.18,4.09,2.94,3.89,0
T00015384,Model_A,4.28,3.96,3.03,3.71,0
T00015386,Model_A,3.92,3.08,3.56,3.44,0
T00015392,Model_A,3.49,3.99,3.62,3.48,0
T00015395,Model_A,2.71,4.93,3.77,3.43,0
T00015398,Model_A,3.94,4.17,3.4,3.75,0
T00015400,Model_A,3.57,3.39,3.62,3.57,0
T00015401,Model_A,3.69,2.64,2.91,3.26,0
T00015402,Model_A,3.22,4.15,2.76,3.62,0
T00015406,Model_A,3.54,4.27,3.15,3.73,0
T00015408,Model_A,3.96,3.4,3.3,3.43,0
T00015409,Model_A,3.83,3.21,3.38,3.45,0
T00015410,Model_A,3.18,3.75,3.29,3.26,0
T00015411,Model_A,3.8,2.9,3.31,3.18,0
T00015412,Model_A,3.61,3.85,3.0,3.4,0
T00015414,Model_A,3.84,2.86,2.41,3.17,0
T00015417,Model_A,3.84,3.5,4.42,3.87,0
T00015419,Model_A,3.29,3.6,3.84,3.86,0
T00015420,Model_A,3.49,3.56,2.52,3.27,0
T00015421,Model_A,3.55,3.93,3.74,3.74,0
T00015422,Model_A,3.51,4.05,3.2,3.72,0
T00015425,Model_A,2.92,2.54,3.59,2.89,0
T00015427,Model_A,3.4,3.2,2.58,3.39,0
T00015431,Model_A,4.21,3.39,3.12,3.41,0
T00015435,Model_A,3.81,3.53,3.54,3.53,0
T00015438,Model_A,4.1,3.62,3.1,3.89,0
T00015440,Model_A,3.41,3.87,2.79,3.39,0
T00015442,Model_A,3.6,3.83,3.46,3.6,0
T00015444,Model_A,3.21,4.21,3.44,3.63,0
T00015447,Model_A,3.17,3.49,3.29,3.46,0
T00015448,Model_A,3.6,3.57,2.85,3.42,0
T00015457,Model_A,4.16,3.34,3.51,3.66,0
T00015459,Model_A,3.36,3.41,4.04,3.78,0
T00015464,Model_A,3.84,3.47,3.17,3.73,0
T00015465,Model_A,3.8,3.08,3.02,3.3,0
T00015466,Model_A,3.43,3.77,3.9,3.41,0
T00015467,Model_A,3.49,3.48,4.02,3.7,0
T00015468,Model_A,3.58,4.08,2.91,3.47,0
T00015469,Model_A,4.17,4.68,3.75,4.07,0
T00015472,Model_A,3.43,4.05,3.25,3.47,0
T00015476,Model_A,3.72,3.57,3.07,3.39,0
T00015477,Model_A,2.87,4.28,4.49,3.83,0
T00015483,Model_A,3.45,4.2,3.62,3.82,0
T00015484,Model_A,3.11,3.47,2.94,3.21,0
T00015486,Model_A,3.72,3.39,3.69,3.63,0
T00015487,Model_A,3.83,3.79,3.87,4.11,0
T00015493,Model_A,3.11,3.29,3.62,3.27,0
T00015500,Model_A,4.14,2.85,3.06,3.49,0
T00015501,Model_A,3.68,4.32,3.29,3.53,0
T00015504,Model_A,3.58,3.5,3.88,3.64,0
T00015507,Model_A,3.43,4.25,3.24,3.93,0
T00015512,Model_A,4.29,2.97,3.59,3.67,0
T00015514,Model_A,4.22,3.55,2.79,3.57,0
T00015522,Model_A,4.09,4.47,3.9,4.2,0
T00015528,Model_A,3.84,3.94,2.7,3.56,0
T00015529,Model_A,3.96,3.12,3.97,3.47,0
T00015530,Model_A,4.02,2.62,3.33,3.13,0
T00015532,Model_A,3.45,4.37,3.31,3.65,0
T00015535,Model_A,4.09,2.92,3.44,3.59,0
T00015539,Model_A,2.88,4.0,2.63,3.13,0
T00015540,Model_A,2.93,3.48,3.68,3.08,0
T00015548,Model_A,4.46,3.87,3.61,4.26,0
T00015551,Model_A,3.11,3.24,3.42,3.21,0
T00015557,Model_A,4.13,2.61,3.32,3.43,0
T00015562,Model_A,3.4,4.09,3.63,4.06,0
T00015564,Model_A,3.99,2.87,3.31,3.59,0
T00015566,Model_A,3.22,3.73,3.46,3.36,0
T00015567,Model_A,3.81,3.17,3.67,3.3,0
T00015570,Model_A,4.07,3.27,2.55,3.15,0
T00015574,Model_A,3.75,3.88,3.45,3.74,0
T00015575,Model_A,4.35,3.2,2.98,3.47,0
T00015579,Model_A,3.6,3.09,3.55,3.53,0
T00015581,Model_A,3.71,3.73,2.69,3.72,0
T00015583,Model_A,2.69,3.79,2.53,2.91,0
T00015584,Model_A,3.55,3.42,3.85,3.56,0
T00015585,Model_A,2.83,3.74,2.98,3.17,0
T00015594,Model_A,3.42,3.97,3.68,3.8,0
T00015605,Model_A,4.14,3.66,3.82,3.86,0
T00015609,Model_A,3.96,3.73,3.8,3.65,0
T00015612,Model_A,3.84,3.61,3.62,3.68,0
T00015613,Model_A,3.89,3.95,3.14,3.77,0
T00015614,Model_A,2.64,3.74,3.69,3.61,0
T00015618,Model_A,3.63,3.77,4.1,3.64,0
T00015623,Model_A,3.16,2.88,3.28,3.3,0
T00015625,Model_A,4.14,3.09,3.92,3.83,0
T00015631,Model_A,3.95,3.52,3.59,3.65,0
T00015636,Model_A,3.26,3.44,3.42,3.58,0
T00015638,Model_A,3.57,4.21,2.93,3.47,0
T00015641,Model_A,4.45,3.67,4.59,4.26,0
T00015645,Model_A,3.34,3.02,3.35,3.16,0
T00015651,Model_A,3.47,3.29,3.15,3.3,0
T00015658,Model_A,3.18,2.94,3.01,2.99,0
T00015659,Model_A,3.93,3.77,3.33,3.7,0
T00015661,Model_A,3.31,3.3,2.82,3.03,0
T00015667,Model_A,3.93,3.11,3.11,3.5,0
T00015668,Model_A,3.54,2.97,4.15,3.56,0
T00015673,Model_A,3.69,3.61,3.34,3.52,0
T00015682,Model_A,4.02,3.25,3.86,3.86,0
T00015683,Model_A,3.9,3.57,3.75,3.53,0
T00015684,Model_A,3.24,3.66,2.55,3.27,0
T00015687,Model_A,3.75,3.63,3.69,3.55,0
T00015689,Model_A,4.03,3.44,3.27,3.54,0
T00015690,Model_A,2.72,3.78,4.27,3.34,0
T00015691,Model_A,3.41,3.28,3.91,3.43,0
T00015692,Model_A,4.19,3.44,4.07,3.78,0
T00015693,Model_A,3.67,3.88,3.19,3.82,0
T00015695,Model_A,3.17,3.49,3.14,3.11,0
T00015697,Model_A,3.01,2.76,2.97,3.07,0
T00015704,Model_A,3.51,3.05,3.88,3.59,0
T00015705,Model_A,3.41,2.53,3.44,3.1,0
T00015707,Model_A,3.13,3.72,2.96,3.26,0
T00015708,Model_A,3.65,3.1,2.89,3.34,0
T00015722,Model_A,3.94,3.49,4.23,4.09,0
T00015727,Model_A,3.42,4.25,3.5,3.62,0
T00015728,Model_A,3.55,2.83,3.64,3.11,0
T00015729,Model_A,3.79,2.83,3.09,3.08,0
T00015732,Model_A,3.65,3.43,3.63,3.42,0
T00015735,Model_A,3.18,3.77,3.78,3.49,0
T00015737,Model_A,3.59,4.26,3.35,3.87,0
T00015739,Model_A,3.8,3.39,3.18,3.19,0
T00015740,Model_A,3.49,4.08,2.82,3.45,0
T00015741,Model_A,3.53,3.77,2.94,3.58,0
T00015742,Model_A,3.93,3.18,3.08,3.6,0
T00015744,Model_A,3.57,3.2,2.49,3.21,0
T00015745,Model_A,3.71,3.52,3.02,3.37,0
T00015749,Model_A,3.8,3.86,3.82,4.08,0
T00015751,Model_A,3.73,3.46,4.24,3.76,0
T00015752,Model_A,3.46,3.73,3.69,3.55,0
T00015755,Model_A,3.39,4.05,2.5,3.32,0
T00015756,Model_A,3.21,4.25,3.29,3.76,0
T00015761,Model_A,3.93,3.14,3.58,3.38,0
T00015765,Model_A,3.89,2.85,3.22,3.21,0
T00015771,Model_A,4.15,3.43,3.46,3.75,0
T00015772,Model_A,4.37,3.12,2.64,3.57,0
T00015784,Model_A,2.97,4.69,3.54,3.62,0
T00015789,Model_A,3.21,3.8,3.08,3.49,0
T00015790,Model_A,3.54,3.02,3.85,3.71,0
T00015796,Model_A,4.17,3.51,4.03,3.91,0
T00015801,Model_A,3.99,3.7,3.0,3.54,0
T00015803,Model_A,3.94,3.19,3.22,3.22,0
T00015810,Model_A,3.6,3.99,3.66,3.6,0
T00015813,Model_A,4.21,4.23,3.55,3.93,0
T00015823,Model_A,3.26,4.12,3.83,3.73,0
T00015825,Model_A,3.98,3.61,2.86,3.34,0
T00015827,Model_A,4.18,2.96,3.35,3.38,0
T00015828,Model_A,3.6,3.71,3.32,3.78,0
T00015831,Model_A,3.39,4.35,4.26,4.01,0
T00015836,Model_A,3.87,3.22,4.17,3.44,0
T00015839,Model_A,4.17,3.78,3.47,3.72,0
T00015842,Model_A,3.32,3.48,3.64,3.32,0
T00015847,Model_A,3.62,3.87,3.36,3.78,0
T00015850,Model_A,3.69,3.05,3.71,3.57,0
T00015851,Model_A,3.8,3.9,3.35,3.69,0
T00015853,Model_A,4.88,3.57,3.57,4.31,0
T00015856,Model_A,3.96,3.76,4.15,4.29,0
T00015862,Model_A,2.85,3.93,3.64,3.45,0
T00015874,Model_A,3.52,3.72,2.8,3.16,0
T00015875,Model_A,3.88,3.5,3.71,3.94,0
T00015876,Model_A,3.5,3.02,4.1,3.34,0
T00015877,Model_A,3.31,3.37,4.06,3.52,0
T00015878,Model_A,3.4,3.93,3.58,3.4,0
T00015880,Model_A,4.34,3.44,3.69,3.92,0
T00015881,Model_A,3.55,3.59,4.5,3.82,0
T00015882,Model_A,3.64,3.44,3.29,3.58,0
T00015883,Model_A,3.68,4.14,3.12,3.71,0
T00015889,Model_A,2.94,3.52,3.67,3.28,0
T00015892,Model_A,3.49,3.02,3.09,3.03,0
T00015894,Model_A,3.42,3.19,3.81,3.44,0
T00015897,Model_A,4.36,4.24,3.59,3.97,0
T00015899,Model_A,3.69,3.75,3.48,3.79,0
T00015900,Model_A,2.91,3.5,3.9,3.58,0
T00015902,Model_A,2.72,1.75,4.0,2.66,0
T00015903,Model_A,4.0,3.04,3.66,3.44,0
T00015906,Model_A,3.91,3.21,3.14,3.51,0
T00015910,Model_A,4.04,4.7,4.08,4.28,0
T00015912,Model_A,3.95,3.63,2.98,3.56,0
T00015913,Model_A,3.73,3.42,2.91,3.77,0
T00015917,Model_A,3.63,3.08,4.04,3.94,0
T00015918,Model_A,3.61,3.12,3.33,3.41,0
T00015920,Model_A,3.43,3.03,2.82,3.03,0
T00015931,Model_A,4.0,3.89,3.95,3.99,0
T00015933,Model_A,3.73,2.69,4.17,3.38,0
T00015934,Model_A,3.95,3.82,3.33,3.89,0
T00015939,Model_A,4.37,3.07,4.34,3.73,0
T00015940,Model_A,4.05,4.09,4.46,4.07,0
T00015944,Model_A,3.31,3.53,3.33,3.88,0
T00015948,Model_A,3.46,3.57,3.68,3.4,0
T00015949,Model_A,4.13,3.37,3.42,3.73,0
T00015963,Model_A,4.65,3.63,3.51,3.79,0
T00015965,Model_A,3.79,3.55,4.0,3.79,0
T00015966,Model_A,4.13,3.16,3.65,3.5,0
T00015969,Model_A,4.14,3.64,3.13,3.67,0
T00015972,Model_A,3.38,4.9,3.43,3.78,0
T00015974,Model_A,3.62,3.8,4.19,3.93,0
T00015979,Model_A,3.86,2.81,3.74,3.72,0
T00015981,Model_A,3.53,3.96,3.44,3.5,0
T00015982,Model_A,3.75,3.43,2.95,3.64,0
T00015983,Model_A,3.89,4.34,3.37,3.82,0
T00015984,Model_A,4.13,3.77,3.61,3.97,0
T00015985,Model_A,3.39,3.93,3.53,4.05,0
T00015986,Model_A,3.66,3.87,4.0,3.69,0
T00015990,Model_A,3.49,3.42,4.04,3.47,0
T00015993,Model_A,3.8,4.93,2.71,3.65,0
T00015997,Model_A,3.96,3.48,3.81,3.9,0
T00016001,Model_A,3.28,4.11,4.54,3.87,0
T00016007,Model_A,4.12,3.86,4.79,4.1,0
T00016010,Model_A,3.97,4.23,4.0,3.92,0
T00016015,Model_A,3.77,4.37,3.69,3.85,0
T00016019,Model_A,3.01,3.6,3.88,3.6,0
T00016021,Model_A,4.1,3.7,4.07,3.92,0
T00016026,Model_A,3.8,3.76,2.86,3.68,0
T00016027,Model_A,3.53,3.72,2.96,3.36,0
T00016029,Model_A,3.45,3.75,2.71,3.41,0
T00016032,Model_A,3.48,3.92,2.46,3.3,0
T00016037,Model_A,3.8,3.75,4.1,4.05,0
T00016041,Model_A,2.76,3.6,4.01,3.41,0
T00016043,Model_A,4.48,3.31,3.28,3.73,0
T00016044,Model_A,3.66,3.16,3.35,3.31,0
T00016050,Model_A,3.89,3.24,3.45,3.68,0
T00016052,Model_A,4.67,3.0,3.75,4.04,0
T00016054,Model_A,3.3,3.32,4.32,3.54,0
T00016055,Model_A,3.8,3.67,2.57,3.43,0
T00016056,Model_A,4.44,2.84,2.82,3.7,0
T00016058,Model_A,3.57,4.17,3.95,3.92,0
T00016059,Model_A,3.82,2.83,3.28,3.48,0
T00016060,Model_A,3.43,3.91,3.36,3.37,0
T00016061,Model_A,3.95,3.95,3.31,3.83,0
T00016067,Model_A,3.57,3.49,3.35,3.22,0
T00016070,Model_A,5.0,3.65,3.2,3.95,0
T00016071,Model_A,3.18,3.3,4.14,3.33,0
T00016076,Model_A,3.68,3.97,3.76,3.71,0
T00016077,Model_A,3.66,4.57,3.36,4.11,0
T00016080,Model_A,4.14,3.53,3.87,3.76,0
T00016092,Model_A,2.91,3.88,3.27,3.21,0
T00016096,Model_A,3.89,2.62,4.05,3.4,0
T00016099,Model_A,3.81,4.08,3.36,3.79,0
T00016100,Model_A,3.12,3.77,3.23,3.61,0
T00016101,Model_A,3.3,3.31,3.93,3.37,0
T00016105,Model_A,3.48,3.64,3.5,3.49,0
T00016107,Model_A,4.33,3.78,4.34,4.13,0
T00016112,Model_A,4.09,3.27,3.66,4.0,0
T00016115,Model_A,2.91,5.0,3.87,4.02,0
T00016117,Model_A,3.88,3.5,3.57,3.54,0
T00016118,Model_A,4.13,3.37,4.07,3.88,0
T00016121,Model_A,3.36,2.46,3.87,3.18,0
T00016127,Model_A,3.48,3.49,3.69,3.2,0
T00016129,Model_A,3.56,2.7,4.13,3.38,0
T00016131,Model_A,4.0,4.18,3.35,3.9,0
T00016134,Model_A,2.77,4.07,3.3,3.18,0
T00016140,Model_A,3.39,3.59,3.45,3.34,0
T00016144,Model_A,3.28,3.52,4.36,3.56,0
T00016145,Model_A,4.01,3.22,3.82,3.42,0
T00016150,Model_A,3.32,2.77,3.63,3.37,0
T00016152,Model_A,2.3,3.63,3.82,3.11,0
T00016154,Model_A,3.65,3.39,3.88,3.73,0
T00016168,Model_A,4.14,4.06,2.84,3.79,0
T00016173,Model_A,3.95,3.66,3.35,3.8,0
T00016174,Model_A,3.58,2.81,3.43,3.36,0
T00016177,Model_A,3.73,3.35,3.89,3.91,0
T00016179,Model_A,3.39,4.14,2.67,3.6,0
T00016183,Model_A,3.96,3.46,3.48,3.5,0
T00016186,Model_A,4.28,3.83,3.39,3.85,0
T00016188,Model_A,3.6,3.7,3.62,4.06,0
T00016195,Model_A,3.46,3.2,4.01,3.55,0
T00016196,Model_A,4.05,2.95,3.9,3.79,0
T00016200,Model_A,3.22,3.29,3.71,3.25,0
T00016201,Model_A,3.02,3.66,4.47,3.67,0
T00016205,Model_A,3.02,3.26,3.29,3.0,0
T00016215,Model_A,2.81,2.55,2.86,2.8,0
T00016216,Model_A,3.32,4.1,3.77,3.88,0
T00016217,Model_A,4.15,3.54,2.61,3.45,0
T00016221,Model_A,4.16,3.52,3.57,3.57,0
T00016222,Model_A,3.35,4.03,3.79,3.81,0
T00016223,Model_A,3.46,3.46,3.72,3.7,0
T00016225,Model_A,4.13,2.68,3.73,3.6,0
T00016229,Model_A,3.65,3.75,2.8,3.4,0
T00016233,Model_A,3.77,3.59,3.44,3.73,0
T00016234,Model_A,3.37,3.17,3.52,3.1,0
T00016236,Model_A,4.2,4.33,3.93,4.23,0
T00016242,Model_A,3.51,3.05,4.16,3.6,0
T00016245,Model_A,3.01,3.38,2.45,2.76,0
T00016246,Model_A,4.08,3.27,3.83,3.52,0
T00016247,Model_A,3.56,3.25,3.94,3.47,0
T00016248,Model_A,3.82,3.28,3.54,3.58,0
T00016249,Model_A,4.55,2.51,2.65,3.25,0
T00016251,Model_A,3.29,3.23,3.61,3.19,0
T00016254,Model_A,3.54,3.26,2.94,3.37,0
T00016256,Model_A,3.95,3.97,3.66,4.16,0
T00016257,Model_A,3.66,3.67,3.16,3.34,0
T00016260,Model_A,4.19,2.77,3.61,3.41,0
T00016265,Model_A,3.71,3.92,3.76,3.76,0
T00016266,Model_A,3.1,3.6,3.33,3.3,0
T00016270,Model_A,4.5,2.72,3.59,3.54,0
T00016275,Model_A,3.11,3.36,3.56,3.2,0
T00016278,Model_A,3.99,2.41,3.43,3.27,1
T00016286,Model_A,3.86,3.35,3.82,3.93,0
T00016289,Model_A,2.86,2.8,2.82,2.7,0
T00016292,Model_A,2.97,3.59,3.24,3.16,0
T00016294,Model_A,3.93,3.36,3.02,3.67,0
T00016295,Model_A,3.45,3.47,3.43,3.45,0
T00016296,Model_A,3.49,3.48,3.38,3.3,0
T00016299,Model_A,3.66,4.05,3.88,3.81,0
T00016301,Model_A,3.4,3.23,3.44,3.24,0
T00016303,Model_A,4.92,3.07,3.81,3.99,0
T00016306,Model_A,4.04,4.18,3.79,3.92,0
T00016310,Model_A,3.06,3.55,3.83,3.33,0
T00016314,Model_A,3.69,2.39,3.66,3.32,0
T00016316,Model_A,3.9,3.94,3.89,3.69,0
T00016317,Model_A,3.42,3.18,3.45,3.38,0
T00016318,Model_A,3.2,3.17,3.93,3.57,0
T00016321,Model_A,3.4,3.58,3.92,3.51,0
T00016323,Model_A,3.14,3.7,3.93,3.56,0
T00016325,Model_A,3.26,3.74,3.38,3.69,0
T00016332,Model_A,4.17,3.58,4.2,3.87,0
T00016333,Model_A,4.3,3.42,3.31,3.72,0
T00016334,Model_A,3.67,3.64,2.72,3.5,0
T00016335,Model_A,2.96,3.28,3.08,2.85,0
T00016336,Model_A,3.99,4.03,4.16,4.13,0
T00016338,Model_A,3.71,3.45,3.48,3.38,0
T00016339,Model_A,4.02,3.75,3.91,3.8,0
T00016340,Model_A,3.14,3.15,2.73,2.99,0
T00016343,Model_A,3.32,4.02,4.65,3.79,0
T00016344,Model_A,3.95,3.58,2.64,3.45,0
T00016348,Model_A,4.51,4.03,3.86,4.3,0
T00016349,Model_A,3.67,2.59,3.26,3.27,0
T00016351,Model_A,4.67,3.12,3.56,3.8,0
T00016352,Model_A,4.0,2.65,4.18,3.43,0
T00016358,Model_A,4.01,3.48,3.56,3.53,0
T00016361,Model_A,2.82,3.93,3.88,3.43,0
T00016364,Model_A,3.86,3.1,3.54,3.69,0
T00016369,Model_A,3.2,3.68,3.84,3.31,0
T00016370,Model_A,3.76,2.67,3.31,3.19,0
T00016371,Model_A,4.29,4.31,4.33,4.27,0
T00016372,Model_A,3.18,3.31,4.02,3.38,0
T00016386,Model_A,4.14,3.33,2.74,3.47,0
T00016392,Model_A,2.95,3.96,3.62,3.52,0
T00016393,Model_A,4.23,3.35,3.77,3.76,0
T00016398,Model_A,3.57,2.98,3.66,3.33,0
T00016399,Model_A,2.94,3.43,3.42,2.71,0
T00016400,Model_A,3.27,2.46,3.72,3.65,0
T00016402,Model_A,3.77,3.41,3.58,3.33,0
T00016408,Model_A,3.26,3.86,3.41,3.52,0
T00016409,Model_A,3.3,3.78,2.38,3.3,0
T00016410,Model_A,3.38,2.91,3.23,3.48,0
T00016419,Model_A,3.14,3.57,3.58,3.45,0
T00016420,Model_A,4.07,3.59,4.06,3.78,0
T00016424,Model_A,3.45,4.03,3.46,3.76,0
T00016429,Model_A,3.69,4.01,3.27,3.52,0
T00016430,Model_A,3.47,3.21,3.46,3.4,0
T00016434,Model_A,3.57,3.81,3.71,3.6,0
T00016437,Model_A,3.62,4.76,4.27,4.3,0
T00016438,Model_A,3.79,4.01,3.51,4.15,0
T00016439,Model_A,3.74,3.23,2.79,3.51,0
T00016440,Model_A,3.12,3.6,3.42,3.33,0
T00016448,Model_A,4.18,3.45,4.38,3.85,0
T00016449,Model_A,3.43,3.83,3.33,3.7,0
T00016452,Model_A,3.67,3.36,3.39,3.57,1
T00016454,Model_A,3.15,3.75,3.67,3.62,0
T00016455,Model_A,3.61,4.32,2.63,3.65,1
T00016457,Model_A,3.35,3.92,3.72,3.89,0
T00016460,Model_A,3.76,5.0,3.71,4.4,0
T00016461,Model_A,3.71,3.9,2.82,3.52,0
T00016462,Model_A,3.76,2.99,3.43,3.48,0
T00016470,Model_A,4.62,4.03,4.2,4.36,0
T00016472,Model_A,3.52,4.32,3.75,3.83,0
T00016474,Model_A,3.67,4.25,3.17,3.87,0
T00016476,Model_A,4.36,3.62,3.92,3.93,0
T00016477,Model_A,4.47,3.44,3.43,3.83,0
T00016480,Model_A,3.58,2.92,2.78,3.36,0
T00016482,Model_A,3.87,3.3,3.61,3.27,0
T00016484,Model_A,4.05,2.72,3.56,3.47,0
T00016490,Model_A,4.44,3.69,4.09,3.94,0
T00016493,Model_A,3.4,3.95,3.17,3.57,0
T00016497,Model_A,3.61,4.16,3.63,3.81,0
T00016499,Model_A,3.98,2.85,2.83,3.24,0
T00016503,Model_A,3.66,2.67,4.06,3.13,0
T00016506,Model_A,3.91,2.86,3.73,3.22,0
T00016515,Model_A,4.06,2.62,3.58,3.3,0
T00016516,Model_A,3.79,3.81,3.49,3.52,0
T00016521,Model_A,3.15,4.24,4.22,3.7,0
T00016523,Model_A,3.83,4.56,3.75,4.06,0
T00016525,Model_A,2.85,3.79,3.07,3.18,0
T00016528,Model_A,3.98,3.49,4.24,3.56,0
T00016532,Model_A,2.81,4.1,3.09,3.32,0
T00016533,Model_A,3.75,3.58,3.98,3.54,0
T00016536,Model_A,4.18,3.08,2.98,3.67,0
T00016537,Model_A,3.77,4.59,3.55,3.81,0
T00016540,Model_A,3.53,2.95,3.3,3.58,0
T00016542,Model_A,3.86,3.71,3.51,3.7,0
T00016543,Model_A,4.0,3.26,4.14,4.3,0
T00016546,Model_A,3.22,3.03,3.7,3.13,0
T00016549,Model_A,3.82,3.64,3.88,4.01,0
T00016551,Model_A,3.59,3.9,3.32,3.61,0
T00016553,Model_A,4.26,2.82,3.18,3.27,0
T00016556,Model_A,4.24,3.71,3.18,3.46,0
T00016563,Model_A,3.05,4.14,3.41,3.45,0
T00016565,Model_A,3.99,3.6,3.55,3.98,0
T00016568,Model_A,3.54,3.85,3.86,3.83,0
T00016570,Model_A,3.4,2.98,3.48,3.57,0
T00016573,Model_A,3.96,4.15,3.79,4.09,0
T00016574,Model_A,3.52,4.42,3.86,4.13,0
T00016576,Model_A,3.05,2.92,3.11,2.88,0
T00016583,Model_A,3.98,3.94,3.09,3.53,0
T00016584,Model_A,4.45,3.53,3.11,3.74,0
T00016588,Model_A,4.91,3.76,4.11,4.24,0
T00016594,Model_A,2.95,3.91,3.24,3.28,0
T00016596,Model_A,3.56,3.21,3.18,3.39,0
T00016598,Model_A,3.89,3.8,3.27,3.64,0
T00016602,Model_A,3.23,3.34,3.36,3.25,0
T00016603,Model_A,3.12,3.07,3.7,3.39,0
T00016606,Model_A,3.45,3.33,3.49,3.48,0
T00016607,Model_A,3.88,3.55,3.03,3.71,0
T00016609,Model_A,2.93,3.61,3.13,3.09,0
T00016611,Model_A,3.78,3.53,3.15,3.6,0
T00016615,Model_A,2.87,3.41,3.17,3.3,0
T00016622,Model_A,3.86,3.29,3.54,3.71,0
T00016623,Model_A,2.98,3.89,3.05,3.25,0
T00016627,Model_A,4.33,3.67,3.75,4.02,0
T00016629,Model_A,3.07,4.05,3.52,3.73,0
T00016635,Model_A,3.02,2.79,4.06,3.23,0
T00016636,Model_A,3.76,3.15,4.33,3.95,1
T00016637,Model_A,3.15,3.07,3.58,3.13,0
T00016639,Model_A,3.99,3.8,3.94,3.77,0
T00016643,Model_A,4.14,3.8,3.09,3.83,1
T00016647,Model_A,4.2,4.0,3.72,4.27,0
T00016658,Model_A,3.03,2.95,3.26,3.15,0
T00016661,Model_A,3.41,3.59,3.29,3.43,0
T00016662,Model_A,4.14,3.58,4.27,3.55,0
T00016666,Model_A,3.15,3.96,3.76,3.46,0
T00016669,Model_A,4.64,3.47,3.19,3.69,0
T00016671,Model_A,2.89,3.65,3.21,3.21,0
T00016673,Model_A,4.45,3.11,3.64,3.64,0
T00016674,Model_A,3.66,4.47,3.1,3.78,0
T00016675,Model_A,3.24,3.05,2.9,3.26,0
T00016683,Model_A,4.3,3.46,4.02,3.69,0
T00016689,Model_A,3.33,2.98,2.5,3.2,0
T00016692,Model_A,3.72,3.98,4.61,4.32,0
T00016694,Model_A,3.23,4.39,2.94,3.53,0
T00016695,Model_A,2.88,3.15,4.72,3.63,0
T00016696,Model_A,3.45,3.9,3.97,3.79,0
T00016699,Model_A,3.91,3.86,3.2,3.81,0
T00016701,Model_A,3.99,3.92,2.86,3.67,0
T00016707,Model_A,4.12,3.32,3.58,3.74,0
T00016717,Model_A,3.32,3.68,4.82,3.65,0
T00016718,Model_A,3.82,3.97,3.1,3.95,0
T00016720,Model_A,3.16,3.46,4.11,3.31,0
T00016722,Model_A,3.46,3.15,3.05,3.14,0
T00016724,Model_A,3.95,3.52,3.77,3.84,0
T00016727,Model_A,3.93,3.26,3.87,3.64,0
T00016728,Model_A,4.37,4.02,2.96,3.57,0
T00016729,Model_A,3.16,3.73,3.4,3.34,0
T00016732,Model_A,3.53,3.05,3.23,3.23,0
T00016733,Model_A,4.14,3.62,3.95,4.15,1
T00016736,Model_A,3.66,3.39,3.96,3.63,0
T00016740,Model_A,3.77,3.9,2.93,3.61,0
T00016744,Model_A,2.71,2.74,3.16,2.76,0
T00016746,Model_A,3.12,3.19,3.14,3.25,0
T00016748,Model_A,3.82,3.33,3.47,3.36,0
T00016756,Model_A,3.8,3.72,3.45,3.61,0
T00016758,Model_A,3.8,3.15,3.96,3.56,0
T00016760,Model_A,4.08,3.83,4.37,4.09,0
T00016761,Model_A,3.74,3.35,3.85,3.63,0
T00016763,Model_A,3.54,3.33,3.48,3.53,0
T00016764,Model_A,3.24,3.3,4.38,3.43,0
T00016766,Model_A,3.4,3.3,2.96,3.51,0
T00016771,Model_A,4.27,3.58,3.02,3.68,0
T00016773,Model_A,3.65,2.96,3.01,3.19,0
T00016779,Model_A,4.35,3.8,3.56,4.0,0
T00016784,Model_A,3.19,2.77,3.35,2.96,0
T00016785,Model_A,3.96,4.18,2.66,3.71,0
T00016792,Model_A,3.29,2.89,4.27,3.43,0
T00016795,Model_A,3.41,3.67,4.19,4.05,0
T00016802,Model_A,2.99,4.19,2.95,3.47,0
T00016804,Model_A,3.54,2.9,3.82,3.19,0
T00016805,Model_A,3.74,4.02,2.69,3.58,0
T00016806,Model_A,3.05,3.16,2.28,2.69,0
T00016807,Model_A,3.51,3.1,3.28,3.27,0
T00016808,Model_A,4.05,3.26,3.17,3.45,0
T00016812,Model_A,3.44,3.96,2.96,3.67,0
T00016813,Model_A,2.49,3.52,3.84,3.46,0
T00016815,Model_A,2.77,3.98,2.61,2.99,0
T00016819,Model_A,3.65,3.18,3.42,3.28,0
T00016824,Model_A,3.4,4.09,2.33,3.51,0
T00016827,Model_A,3.6,3.68,2.76,3.36,0
T00016832,Model_A,3.45,3.46,4.05,3.74,0
T00016835,Model_A,3.97,4.11,3.26,3.74,0
T00016836,Model_A,3.61,3.71,2.76,3.58,0
T00016838,Model_A,3.27,3.16,3.71,3.47,0
T00016840,Model_A,3.57,3.79,3.63,3.89,0
T00016842,Model_A,3.48,2.84,3.35,3.44,0
T00016844,Model_A,4.16,3.63,3.9,3.8,0
T00016846,Model_A,2.8,2.99,3.76,3.33,0
T00016847,Model_A,3.69,3.92,3.9,3.64,0
T00016848,Model_A,3.67,3.84,2.82,3.74,0
T00016850,Model_A,3.75,3.74,4.04,4.02,0
T00016852,Model_A,3.96,3.94,3.16,3.67,0
T00016855,Model_A,3.91,3.72,3.7,3.8,0
T00016861,Model_A,3.79,3.46,3.61,3.33,0
T00016864,Model_A,4.36,3.47,4.17,3.91,0
T00016865,Model_A,3.89,3.72,3.7,3.36,0
T00016868,Model_A,3.92,2.58,3.91,3.37,0
T00016870,Model_A,3.75,3.63,3.06,3.39,0
T00016873,Model_A,3.75,4.47,3.65,3.92,0
T00016874,Model_A,3.97,3.15,2.67,3.41,0
T00016876,Model_A,4.02,4.14,3.78,3.85,0
T00016880,Model_A,4.68,3.04,3.47,3.82,0
T00016881,Model_A,3.45,3.25,3.06,3.48,0
T00016882,Model_A,3.3,3.34,3.29,3.58,0
T00016884,Model_A,4.34,3.13,3.87,3.62,0
T00016887,Model_A,3.31,3.2,3.9,3.55,0
T00016891,Model_A,3.58,3.35,3.15,3.24,0
T00016893,Model_A,3.65,3.66,4.0,3.78,1
T00016901,Model_A,3.69,3.34,4.34,3.68,0
T00016902,Model_A,3.52,3.41,2.97,3.16,0
T00016903,Model_A,3.54,3.54,3.9,3.91,0
T00016905,Model_A,4.13,3.35,4.18,3.97,0
T00016908,Model_A,3.93,3.79,3.8,3.78,0
T00016912,Model_A,3.16,3.07,3.52,3.04,0
T00016913,Model_A,4.03,3.26,2.87,3.62,0
T00016914,Model_A,3.9,4.64,3.67,4.11,0
T00016918,Model_A,2.8,3.14,2.72,2.71,0
T00016919,Model_A,3.85,2.84,2.61,3.3,0
T00016920,Model_A,4.33,2.75,2.81,3.19,0
T00016923,Model_A,3.02,3.63,3.86,3.65,0
T00016927,Model_A,3.51,3.81,3.49,3.56,0
T00016929,Model_A,4.15,3.43,3.55,4.04,0
T00016932,Model_A,3.26,3.51,3.04,3.28,1
T00016936,Model_A,3.24,3.51,3.29,3.47,0
T00016939,Model_A,3.37,2.58,3.63,2.96,1
T00016940,Model_A,4.02,2.77,3.16,3.53,0
T00016945,Model_A,3.97,3.01,4.25,3.71,0
T00016946,Model_A,2.85,2.94,3.98,3.37,0
T00016947,Model_A,4.0,3.42,3.76,3.39,0
T00016955,Model_A,3.98,2.95,3.46,3.51,0
T00016958,Model_A,3.84,2.98,2.7,3.28,0
T00016963,Model_A,3.55,3.99,4.59,4.27,0
T00016967,Model_A,3.95,3.9,2.9,3.78,0
T00016968,Model_A,3.07,2.6,3.15,3.21,0
T00016977,Model_A,2.87,3.53,3.31,3.25,0
T00016979,Model_A,3.52,2.79,3.3,3.15,0
T00016983,Model_A,3.55,3.89,3.6,3.7,0
T00016984,Model_A,3.39,2.55,2.96,3.21,0
T00016989,Model_A,3.22,3.33,3.09,3.33,0
T00016992,Model_A,4.01,4.15,2.96,3.87,0
T00017001,Model_A,4.28,3.02,3.76,3.94,0
T00017002,Model_A,3.67,3.43,3.67,3.52,0
T00017004,Model_A,3.63,2.78,4.03,3.43,0
T00017005,Model_A,3.85,3.12,3.92,3.52,0
T00017006,Model_A,4.25,3.46,3.91,3.78,0
T00017008,Model_A,3.36,3.94,3.08,3.43,0
T00017010,Model_A,3.5,3.8,2.88,3.69,0
T00017011,Model_A,3.52,3.16,2.97,3.38,0
T00017025,Model_A,3.97,3.63,4.35,4.08,0
T00017029,Model_A,3.05,3.62,3.02,3.52,0
T00017032,Model_A,3.24,3.54,3.9,3.38,0
T00017035,Model_A,3.62,4.44,2.84,3.5,0
T00017038,Model_A,4.16,3.02,2.62,3.28,0
T00017039,Model_A,2.92,3.65,4.27,3.78,0
T00017043,Model_A,4.23,4.44,3.49,3.83,0
T00017044,Model_A,3.83,3.84,3.59,3.61,0
T00017045,Model_A,4.42,2.81,3.36,3.75,0
T00017046,Model_A,3.06,4.25,2.89,3.44,0
T00017047,Model_A,3.67,4.57,3.16,3.61,0
T00017054,Model_A,3.81,3.17,3.09,3.57,0
T00017055,Model_A,3.19,3.59,3.16,3.3,0
T00017057,Model_A,3.56,2.92,4.06,3.29,0
T00017062,Model_A,2.77,3.57,2.6,3.17,0
T00017064,Model_A,3.27,3.02,3.3,3.05,0
T00017077,Model_A,3.01,3.47,3.34,3.52,0
T00017078,Model_A,3.5,3.1,3.37,3.41,0
T00017080,Model_A,4.34,4.32,2.75,4.11,0
T00017081,Model_A,3.25,2.82,3.38,3.21,0
T00017083,Model_A,3.58,3.06,3.01,3.05,0
T00017084,Model_A,3.06,2.98,2.86,2.75,0
T00017087,Model_A,3.18,4.26,3.33,3.66,0
T00017089,Model_A,3.62,3.3,3.88,3.56,0
T00017093,Model_A,2.68,3.28,4.03,2.99,1
T00017100,Model_A,4.28,3.57,3.3,3.97,0
T00017101,Model_A,4.07,3.81,2.66,3.63,0
T00017105,Model_A,3.92,3.67,2.84,3.49,0
T00017108,Model_A,3.67,3.7,3.29,3.76,0
T00017110,Model_A,3.74,3.94,2.74,3.48,0
T00017111,Model_A,3.27,3.87,3.31,3.46,0
T00017112,Model_A,2.75,2.77,2.91,2.71,0
T00017113,Model_A,4.17,3.35,4.19,3.94,0
T00017116,Model_A,3.24,3.15,3.78,3.4,0
T00017118,Model_A,3.41,3.58,4.16,3.57,0
T00017123,Model_A,3.86,3.98,3.34,3.84,0
T00017125,Model_A,4.21,4.65,3.31,4.04,0
T00017129,Model_A,3.16,4.18,4.01,3.69,0
T00017137,Model_A,3.33,3.53,2.9,3.28,0
T00017140,Model_A,3.25,4.25,4.11,3.95,0
T00017141,Model_A,3.78,4.45,3.51,3.86,0
T00017146,Model_A,3.28,4.2,3.71,3.9,0
T00017147,Model_A,3.23,3.05,3.6,3.24,0
T00017151,Model_A,3.79,2.46,3.7,3.09,0
T00017152,Model_A,3.82,3.81,3.26,3.82,0
T00017153,Model_A,3.83,3.06,3.94,3.62,0
T00017155,Model_A,3.42,3.99,3.16,3.7,0
T00017161,Model_A,4.19,4.0,2.65,3.67,0
T00017164,Model_A,3.82,3.62,3.4,3.84,0
T00017165,Model_A,3.72,2.9,3.89,3.79,0
T00017170,Model_A,3.88,4.1,4.21,4.12,0
T00017173,Model_A,3.65,3.89,3.34,3.55,0
T00017174,Model_A,3.94,3.59,2.43,3.29,0
T00017177,Model_A,3.87,4.45,2.74,3.74,0
T00017180,Model_A,3.72,3.29,3.12,3.52,0
T00017182,Model_A,3.63,3.96,4.01,3.99,0
T00017183,Model_A,3.69,3.53,4.25,3.94,0
T00017187,Model_A,3.43,3.86,2.82,3.32,0
T00017189,Model_A,4.68,3.68,3.25,3.59,0
T00017191,Model_A,3.43,3.62,3.33,3.33,0
T00017195,Model_A,2.77,4.48,4.11,3.65,0
T00017196,Model_A,3.84,3.52,3.43,3.79,0
T00017197,Model_A,4.48,3.98,4.27,4.15,0
T00017198,Model_A,3.89,3.66,4.63,3.99,0
T00017200,Model_A,4.33,3.29,4.2,3.96,0
T00017201,Model_A,3.45,3.89,3.7,3.72,0
T00017203,Model_A,3.29,3.27,3.81,3.48,0
T00017208,Model_A,4.26,3.35,3.47,4.05,0
T00017210,Model_A,4.26,3.34,3.7,3.98,0
T00017212,Model_A,3.48,3.76,3.12,3.36,0
T00017214,Model_A,3.4,3.17,3.29,3.39,0
T00017216,Model_A,2.92,3.77,3.63,3.44,0
T00017217,Model_A,3.88,3.37,4.41,3.88,0
T00017220,Model_A,4.4,3.79,2.92,3.9,0
T00017221,Model_A,3.07,4.07,2.99,3.43,0
T00017223,Model_A,3.25,4.47,3.69,3.61,0
T00017224,Model_A,3.73,2.66,2.84,3.09,0
T00017226,Model_A,4.4,3.56,3.92,4.02,0
T00017228,Model_A,3.05,3.61,3.56,3.19,0
T00017232,Model_A,2.24,3.74,3.43,3.25,0
T00017240,Model_A,3.4,3.26,3.4,3.23,0
T00017241,Model_A,4.49,2.32,3.15,3.27,0
T00017242,Model_A,3.88,3.87,3.3,3.61,0
T00017248,Model_A,2.53,3.6,4.15,3.73,0
T00017249,Model_A,3.37,3.36,3.06,3.24,0
T00017251,Model_A,3.17,3.33,4.49,3.37,0
T00017257,Model_A,2.89,2.61,3.57,3.09,0
T00017258,Model_A,4.48,2.99,2.71,3.37,0
T00017260,Model_A,3.53,3.3,2.77,3.06,0
T00017261,Model_A,3.67,3.29,3.49,3.59,0
T00017262,Model_A,4.09,4.36,2.91,4.2,0
T00017263,Model_A,5.0,3.51,4.14,4.05,0
T00017264,Model_A,3.48,3.46,3.66,3.66,0
T00017271,Model_A,3.38,4.0,4.25,3.7,0
T00017273,Model_A,3.77,3.03,4.03,3.76,0
T00017283,Model_A,3.64,2.8,3.41,3.31,0
T00017286,Model_A,2.97,3.74,3.74,3.58,0
T00017290,Model_A,4.38,4.32,3.02,4.07,0
T00017291,Model_A,2.47,4.19,4.31,3.73,0
T00017294,Model_A,4.26,3.94,3.47,3.97,0
T00017295,Model_A,2.81,3.06,3.0,3.12,0
T00017296,Model_A,3.31,4.81,3.84,4.07,0
T00017298,Model_A,4.04,4.33,4.1,4.12,0
T00017299,Model_A,4.15,3.47,3.11,3.8,0
T00017301,Model_A,3.29,4.28,3.84,3.77,0
T00017303,Model_A,3.75,2.72,3.95,3.4,0
T00017305,Model_A,3.21,3.37,3.88,3.65,0
T00017306,Model_A,3.82,3.2,3.38,3.02,0
T00017312,Model_A,3.85,3.12,3.23,3.56,0
T00017313,Model_A,3.33,3.77,3.21,3.5,0
T00017316,Model_A,3.23,4.05,3.32,3.62,0
T00017318,Model_A,3.64,2.74,3.87,3.52,0
T00017319,Model_A,4.13,2.97,4.44,3.78,0
T00017321,Model_A,3.76,3.34,4.27,3.64,0
T00017322,Model_A,3.88,3.75,2.76,3.37,0
T00017325,Model_A,3.05,3.3,3.53,3.33,0
T00017327,Model_A,3.06,3.54,3.4,3.4,0
T00017330,Model_A,2.82,3.3,3.58,3.15,1
T00017331,Model_A,4.17,2.86,3.53,3.66,0
T00017332,Model_A,4.03,3.16,3.15,3.43,0
T00017333,Model_A,3.62,2.67,2.76,3.23,0
T00017334,Model_A,3.48,3.83,3.64,3.49,0
T00017335,Model_A,3.18,2.93,2.63,2.91,0
T00017337,Model_A,3.55,4.05,3.15,3.46,0
T00017339,Model_A,4.34,4.05,3.44,3.98,0
T00017341,Model_A,3.73,4.17,3.61,3.8,0
T00017343,Model_A,3.44,4.02,2.76,3.45,0
T00017345,Model_A,3.29,3.18,2.83,3.15,0
T00017346,Model_A,4.33,3.54,3.6,3.89,0
T00017350,Model_A,3.62,3.2,2.69,3.26,0
T00017351,Model_A,3.18,4.06,2.99,3.37,0
T00017352,Model_A,2.91,3.57,3.71,3.54,0
T00017354,Model_A,3.86,4.71,4.88,4.7,0
T00017361,Model_A,3.58,3.65,3.31,3.44,1
T00017365,Model_A,4.52,3.42,3.58,3.97,0
T00017371,Model_A,2.79,3.42,3.46,3.19,0
T00017379,Model_A,3.68,2.95,3.77,3.14,0
T00017383,Model_A,3.63,3.59,3.43,3.64,0
T00017385,Model_A,3.38,3.17,3.74,3.29,0
T00017386,Model_A,3.5,3.38,2.63,3.38,0
T00017390,Model_A,3.66,3.98,3.22,3.81,0
T00017392,Model_A,3.2,2.78,3.55,3.26,0
T00017394,Model_A,3.61,3.63,3.1,3.5,0
T00017399,Model_A,3.26,2.66,3.76,3.18,0
T00017400,Model_A,4.03,3.74,3.44,3.38,0
T00017402,Model_A,3.54,3.53,3.01,3.51,0
T00017403,Model_A,3.46,3.72,4.03,3.82,0
T00017407,Model_A,2.99,4.35,3.82,3.72,0
T00017409,Model_A,3.42,3.37,2.76,3.15,0
T00017414,Model_A,3.54,3.63,3.77,3.32,0
T00017415,Model_A,4.73,3.36,4.11,4.17,0
T00017421,Model_A,3.11,4.31,3.4,3.77,0
T00017426,Model_A,3.41,4.35,2.83,3.54,0
T00017427,Model_A,3.42,4.0,4.37,4.09,0
T00017429,Model_A,4.7,4.13,3.27,4.14,0
T00017432,Model_A,4.44,3.28,2.83,3.74,0
T00017434,Model_A,3.84,3.72,3.76,3.94,0
T00017435,Model_A,3.08,3.4,4.39,3.55,0
T00017438,Model_A,3.46,3.75,3.33,3.33,0
T00017443,Model_A,3.96,3.65,4.15,3.97,0
T00017446,Model_A,3.28,3.49,3.27,3.34,0
T00017450,Model_A,4.26,4.33,3.74,4.28,0
T00017452,Model_A,3.38,3.09,3.18,2.98,0
T00017454,Model_A,3.45,3.58,3.54,3.6,0
T00017455,Model_A,3.58,3.34,3.98,3.4,0
T00017456,Model_A,3.55,2.94,4.03,3.42,0
T00017458,Model_A,3.41,3.86,3.65,3.67,0
T00017463,Model_A,3.2,3.67,4.12,3.6,0
T00017465,Model_A,3.27,3.29,2.86,3.31,0
T00017467,Model_A,3.43,2.6,4.38,3.69,0
T00017472,Model_A,3.19,3.74,3.14,3.33,0
T00017473,Model_A,2.98,4.6,3.2,3.24,0
T00017480,Model_A,3.57,3.56,3.58,3.63,0
T00017483,Model_A,3.45,4.02,3.6,3.49,0
T00017498,Model_A,3.26,3.5,3.16,3.15,1
T00017505,Model_A,4.09,3.84,4.01,4.05,0
T00017506,Model_A,3.41,4.16,3.58,3.72,0
T00017507,Model_A,3.74,3.84,4.34,3.96,0
T00017508,Model_A,3.45,2.98,3.2,2.99,0
T00017510,Model_A,3.85,4.62,2.98,3.66,0
T00017512,Model_A,4.1,3.57,3.57,3.89,0
T00017514,Model_A,3.96,4.48,3.06,4.07,0
T00017518,Model_A,4.21,3.28,2.95,3.32,0
T00017526,Model_A,2.29,3.64,3.97,3.01,0
T00017527,Model_A,3.9,2.88,3.6,3.27,0
T00017528,Model_A,4.05,4.22,2.15,3.5,0
T00017532,Model_A,3.3,3.02,3.67,3.71,0
T00017534,Model_A,3.79,3.95,4.69,4.17,0
T00017539,Model_A,3.6,4.67,3.36,3.56,0
T00017540,Model_A,3.84,3.13,3.38,3.57,0
T00017543,Model_A,3.31,3.88,3.18,3.17,0
T00017544,Model_A,4.01,3.51,3.6,3.72,0
T00017547,Model_A,3.23,3.45,3.93,3.54,0
T00017552,Model_A,3.24,2.59,3.48,3.41,0
T00017560,Model_A,3.72,3.3,4.16,3.68,0
T00017561,Model_A,3.09,3.09,3.59,3.25,0
T00017566,Model_A,2.69,3.36,2.95,2.85,0
T00017572,Model_A,4.56,3.82,3.65,4.08,0
T00017573,Model_A,2.75,3.77,3.82,3.27,0
T00017577,Model_A,3.83,3.87,3.5,4.07,0
T00017579,Model_A,3.95,3.91,2.59,3.71,0
T00017581,Model_A,3.11,3.31,3.95,3.41,0
T00017583,Model_A,2.89,3.77,3.55,3.8,0
T00017586,Model_A,4.05,4.5,4.04,4.04,0
T00017595,Model_A,3.11,3.2,3.68,3.32,0
T00017599,Model_A,3.75,3.99,3.24,3.55,0
T00017602,Model_A,3.72,3.09,2.8,3.56,0
T00017603,Model_A,3.18,3.95,3.26,3.4,0
T00017608,Model_A,3.49,3.74,3.89,3.64,0
T00017609,Model_A,3.07,3.27,3.34,3.09,0
T00017610,Model_A,3.38,3.75,3.3,3.41,0
T00017611,Model_A,3.87,3.26,3.45,3.56,0
T00017612,Model_A,3.57,3.18,3.31,3.49,0
T00017615,Model_A,4.04,3.3,2.96,3.31,0
T00017617,Model_A,4.24,2.99,3.26,3.51,0
T00017618,Model_A,3.87,4.51,3.16,3.93,0
T00017619,Model_A,2.98,2.98,3.57,3.1,0
T00017620,Model_A,3.42,3.83,3.0,3.29,0
T00017621,Model_A,4.36,3.7,3.2,3.76,0
T00017623,Model_A,3.4,3.8,3.36,3.53,0
T00017627,Model_A,3.49,3.71,3.55,3.38,0
T00017631,Model_A,3.32,2.69,3.24,3.35,0
T00017632,Model_A,3.59,3.99,2.61,3.5,0
T00017633,Model_A,3.9,3.61,3.7,3.7,0
T00017634,Model_A,3.74,3.33,4.29,3.57,0
T00017639,Model_A,3.78,3.22,3.83,3.57,0
T00017640,Model_A,3.75,4.25,3.64,4.07,0
T00017642,Model_A,3.48,3.22,2.95,3.04,0
T00017647,Model_A,2.96,2.99,3.7,3.38,0
T00017649,Model_A,3.67,4.28,3.04,3.72,0
T00017662,Model_A,4.14,3.82,3.48,3.77,0
T00017664,Model_A,4.42,3.2,4.01,3.78,0
T00017666,Model_A,3.85,2.79,4.35,3.4,0
T00017674,Model_A,3.83,3.64,2.97,3.45,0
T00017678,Model_A,2.84,3.61,3.98,3.38,0
T00017683,Model_A,4.5,3.85,3.8,4.2,0
T00017689,Model_A,3.91,3.6,3.05,3.63,0
T00017694,Model_A,3.4,3.68,2.89,3.22,1
T00017697,Model_A,3.46,3.81,3.22,3.38,0
T00017698,Model_A,3.62,2.68,3.77,3.36,0
T00017699,Model_A,3.9,3.05,3.46,3.29,0
T00017701,Model_A,3.04,3.17,3.0,2.98,0
T00017702,Model_A,3.68,3.15,3.47,3.34,0
T00017704,Model_A,3.99,3.07,3.35,3.33,0
T00017714,Model_A,4.08,3.21,3.56,3.68,0
T00017718,Model_A,4.01,3.84,2.66,3.59,0
T00017723,Model_A,3.46,4.31,3.91,3.64,0
T00017726,Model_A,3.48,3.41,3.64,3.9,0
T00017728,Model_A,3.79,3.66,3.08,3.69,0
T00017729,Model_A,3.94,2.84,3.5,3.45,0
T00017732,Model_A,3.65,3.34,3.23,3.27,0
T00017733,Model_A,3.2,3.87,3.12,3.66,0
T00017738,Model_A,3.61,3.26,3.67,3.55,0
T00017745,Model_A,3.92,3.34,3.32,3.42,0
T00017746,Model_A,4.37,3.47,3.51,3.89,0
T00017752,Model_A,4.0,3.36,2.47,3.53,0
T00017760,Model_A,3.76,3.06,3.35,3.53,0
T00017764,Model_A,3.98,3.46,3.12,3.54,0
T00017765,Model_A,3.09,3.41,2.49,3.36,0
T00017770,Model_A,3.44,3.45,4.23,3.8,0
T00017771,Model_A,3.14,4.04,3.51,3.4,0
T00017773,Model_A,3.76,2.89,2.08,3.13,0
T00017780,Model_A,3.55,2.86,3.05,3.07,0
T00017783,Model_A,3.69,3.16,2.32,3.32,0
T00017784,Model_A,3.29,4.17,3.91,3.71,0
T00017787,Model_A,3.57,2.66,3.95,3.23,0
T00017789,Model_A,3.51,2.88,3.34,3.23,0
T00017790,Model_A,3.42,3.79,4.72,3.84,0
T00017791,Model_A,3.95,3.96,3.63,4.05,0
T00017792,Model_A,3.67,4.21,3.03,3.55,0
T00017797,Model_A,2.97,3.43,3.18,3.08,0
T00017799,Model_A,3.9,3.28,3.74,3.73,0
T00017800,Model_A,4.05,3.41,3.28,3.38,0
T00017801,Model_A,3.13,3.15,3.22,3.43,0
T00017806,Model_A,3.59,4.05,3.63,3.49,0
T00017807,Model_A,3.77,3.58,2.93,3.6,0
T00017809,Model_A,3.35,3.33,4.19,3.51,0
T00017820,Model_A,3.23,4.74,3.55,4.02,0
T00017821,Model_A,3.99,3.25,3.21,3.5,0
T00017823,Model_A,3.52,3.24,3.03,3.27,0
T00017825,Model_A,2.9,3.07,3.24,3.19,0
T00017826,Model_A,2.68,3.58,3.68,3.01,0
T00017829,Model_A,3.9,3.98,3.38,3.68,0
T00017837,Model_A,2.8,3.25,3.13,2.96,0
T00017840,Model_A,3.27,3.88,3.73,3.59,1
T00017841,Model_A,3.24,4.55,3.4,3.77,0
T00017842,Model_A,3.82,4.03,2.85,3.71,0
T00017843,Model_A,4.03,4.29,3.34,3.88,0
T00017845,Model_A,3.99,4.32,2.99,3.5,0
T00017847,Model_A,3.36,3.79,3.08,3.64,0
T00017848,Model_A,4.49,3.52,3.66,3.67,0
T00017849,Model_A,4.41,3.28,3.04,3.6,0
T00017850,Model_A,3.76,3.96,1.93,2.96,0
T00017855,Model_A,3.28,3.94,2.64,3.29,0
T00017856,Model_A,3.31,4.23,3.8,4.13,0
T00017859,Model_A,4.13,3.35,3.65,3.65,0
T00017863,Model_A,4.5,4.51,3.83,4.75,0
T00017866,Model_A,3.35,3.68,3.55,3.38,0
T00017867,Model_A,3.31,4.18,3.82,3.6,0
T00017868,Model_A,3.52,3.85,2.86,3.23,0
T00017871,Model_A,2.76,2.82,3.76,2.67,0
T00017875,Model_A,2.9,3.72,3.7,3.14,0
T00017883,Model_A,3.82,3.88,3.43,3.74,0
T00017884,Model_A,3.44,2.66,4.27,3.62,0
T00017889,Model_A,4.15,3.92,2.95,3.55,0
T00017891,Model_A,3.84,4.25,2.72,3.65,0
T00017892,Model_A,3.58,4.03,3.77,3.57,0
T00017894,Model_A,3.33,3.79,3.48,3.51,0
T00017899,Model_A,2.98,3.32,2.79,3.26,0
T00017900,Model_A,3.82,3.41,3.13,3.51,0
T00017902,Model_A,2.84,3.5,3.51,3.18,0
T00017908,Model_A,3.89,3.21,3.06,3.5,0
T00017910,Model_A,3.55,3.34,2.84,3.01,0
T00017919,Model_A,3.35,3.2,3.4,3.52,0
T00017924,Model_A,2.13,3.35,3.01,2.96,0
T00017926,Model_A,3.27,3.07,3.25,3.04,0
T00017928,Model_A,3.42,3.9,3.51,3.43,0
T00017929,Model_A,3.36,4.47,3.68,3.71,0
T00017930,Model_A,3.7,3.6,4.09,3.68,0
T00017931,Model_A,4.19,3.8,3.84,3.8,0
T00017933,Model_A,3.98,2.76,2.74,3.19,0
T00017939,Model_A,3.83,3.17,3.46,3.29,0
T00017940,Model_A,3.03,3.72,3.79,3.42,0
T00017941,Model_A,3.71,3.21,3.25,3.04,0
T00017943,Model_A,2.92,3.75,3.48,3.47,0
T00017944,Model_A,4.11,2.75,3.96,3.74,0
T00017945,Model_A,3.33,3.22,3.12,3.08,0
T00017948,Model_A,3.77,3.07,2.87,3.6,0
T00017949,Model_A,3.22,4.08,3.53,3.75,0
T00017950,Model_A,3.05,3.23,3.39,3.15,0
T00017953,Model_A,4.45,3.65,3.98,3.93,0
T00017956,Model_A,3.47,2.28,3.98,3.0,0
T00017961,Model_A,3.33,3.82,3.24,3.55,0
T00017962,Model_A,3.3,3.44,2.94,3.27,0
T00017965,Model_A,4.22,4.01,3.31,3.64,0
T00017967,Model_A,2.95,3.34,3.46,3.15,0
T00017971,Model_A,4.11,3.4,2.84,3.58,0
T00017972,Model_A,3.85,3.61,3.29,3.51,0
T00017974,Model_A,3.92,3.04,2.92,3.36,0
T00017979,Model_A,3.12,3.63,3.7,3.71,0
T00017981,Model_A,3.44,3.83,3.26,3.56,0
T00017983,Model_A,3.1,3.87,3.46,3.65,0
T00017986,Model_A,3.56,3.16,2.72,3.28,0
T00017989,Model_A,4.3,3.27,3.58,3.73,0
T00017991,Model_A,4.36,4.04,3.18,3.79,0
T00017993,Model_A,3.37,3.3,3.23,3.31,0
T00017995,Model_A,4.1,3.01,2.61,3.41,0
T00018000,Model_A,3.87,3.62,3.32,3.48,1
T00018001,Model_A,3.49,3.54,3.37,3.35,0
T00018011,Model_A,3.41,3.3,3.58,3.41,0
T00018012,Model_A,3.12,3.39,3.26,3.4,0
T00018015,Model_A,3.06,3.74,3.08,3.02,0
T00018018,Model_A,4.27,4.01,2.42,3.54,0
T00018034,Model_A,4.29,3.41,3.79,3.89,0
T00018037,Model_A,3.98,2.94,3.31,3.56,0
T00018038,Model_A,3.95,3.29,3.82,3.69,0
T00018039,Model_A,2.54,3.37,2.92,2.72,0
T00018040,Model_A,3.36,3.57,3.13,3.2,0
T00018051,Model_A,4.58,3.96,3.97,4.29,0
T00018053,Model_A,3.84,3.16,3.45,3.43,0
T00018056,Model_A,4.41,3.31,4.03,3.79,0
T00018064,Model_A,3.26,3.68,4.23,3.59,0
T00018065,Model_A,3.83,3.96,4.15,3.76,0
T00018068,Model_A,3.52,4.06,3.39,3.83,0
T00018072,Model_A,3.31,4.0,3.29,3.89,0
T00018073,Model_A,4.66,3.71,3.8,4.19,0
T00018079,Model_A,3.64,3.02,3.69,3.31,0
T00018082,Model_A,3.86,2.97,3.27,3.76,0
T00018086,Model_A,3.84,2.52,3.22,3.25,0
T00018096,Model_A,3.47,3.38,3.14,3.27,0
T00018101,Model_A,3.49,3.47,3.69,3.47,0
T00018105,Model_A,2.94,3.86,3.42,3.59,0
T00018112,Model_A,3.56,3.89,3.93,3.77,0
T00018113,Model_A,4.12,3.72,3.12,3.67,0
T00018115,Model_A,3.4,3.21,4.41,3.73,0
T00018117,Model_A,3.74,3.18,3.38,3.73,0
T00018119,Model_A,3.08,4.01,3.09,3.45,0
T00018125,Model_A,3.5,3.68,3.72,3.14,0
T00018126,Model_A,3.76,3.99,3.12,3.52,0
T00018129,Model_A,3.83,2.91,3.02,3.34,0
T00018131,Model_A,3.51,3.54,3.1,3.16,0
T00018135,Model_A,3.59,3.44,3.47,3.72,0
T00018137,Model_A,4.57,2.74,3.67,3.84,0
T00018138,Model_A,4.17,3.12,3.17,3.59,0
T00018140,Model_A,3.52,3.15,3.53,3.56,0
T00018141,Model_A,3.93,3.63,3.65,3.82,0
T00018147,Model_A,3.63,3.54,4.32,3.8,0
T00018148,Model_A,3.64,3.13,4.14,3.5,0
T00018149,Model_A,3.14,3.87,3.73,3.44,0
T00018152,Model_A,4.37,4.09,3.35,4.18,0
T00018154,Model_A,3.64,3.97,3.84,3.92,0
T00018158,Model_A,3.14,3.27,3.78,3.47,0
T00018160,Model_A,3.54,3.38,3.91,3.39,0
T00018161,Model_A,3.66,3.57,4.29,3.81,0
T00018165,Model_A,3.46,2.64,3.31,2.98,0
T00018167,Model_A,3.48,3.06,3.26,3.01,0
T00018168,Model_A,3.81,3.62,3.83,3.83,0
T00018172,Model_A,3.52,3.46,4.22,3.96,0
T00018173,Model_A,3.5,3.76,2.97,3.24,0
T00018176,Model_A,3.06,3.23,2.82,3.05,0
T00018177,Model_A,3.91,4.1,2.99,3.89,0
T00018191,Model_A,2.99,3.2,3.8,3.31,0
T00018197,Model_A,3.94,2.95,4.27,3.46,0
T00018205,Model_A,4.13,3.72,3.32,3.42,0
T00018208,Model_A,2.73,3.86,3.9,3.53,0
T00018216,Model_A,3.85,3.88,3.73,3.84,0
T00018217,Model_A,3.62,2.79,2.93,2.94,0
T00018218,Model_A,3.49,3.4,3.37,3.67,0
T00018221,Model_A,2.35,3.19,4.13,3.12,0
T00018223,Model_A,3.24,3.39,3.27,3.4,0
T00018225,Model_A,2.96,4.82,3.23,3.56,0
T00018226,Model_A,4.21,3.68,3.25,3.63,0
T00018227,Model_A,3.97,3.82,3.49,3.89,0
T00018228,Model_A,4.21,2.97,4.0,3.8,0
T00018229,Model_A,3.78,3.74,3.0,3.62,0
T00018230,Model_A,3.84,3.52,3.96,3.79,0
T00018233,Model_A,3.89,3.0,3.61,3.61,0
T00018234,Model_A,3.52,3.39,3.76,3.6,0
T00018237,Model_A,4.0,4.06,3.8,3.88,0
T00018239,Model_A,3.16,3.3,2.8,3.13,0
T00018241,Model_A,3.8,3.14,3.62,3.73,0
T00018242,Model_A,3.28,3.75,3.93,3.79,0
T00018249,Model_A,3.84,3.67,3.27,3.66,0
T00018250,Model_A,3.97,3.95,3.3,3.84,0
T00018252,Model_A,3.93,3.38,3.74,3.5,0
T00018254,Model_A,3.24,4.08,2.86,3.82,0
T00018256,Model_A,3.27,3.75,4.36,3.84,0
T00018259,Model_A,3.26,4.79,3.84,3.95,0
T00018262,Model_A,4.09,3.13,2.53,3.08,0
T00018264,Model_A,3.76,3.36,3.46,3.61,0
T00018267,Model_A,3.5,4.22,3.53,3.81,0
T00018270,Model_A,3.91,3.47,3.01,3.43,0
T00018274,Model_A,3.14,3.91,3.37,3.35,0
T00018275,Model_A,3.93,2.9,3.21,3.41,0
T00018278,Model_A,4.35,2.86,4.03,3.77,0
T00018279,Model_A,2.56,2.93,4.33,3.12,0
T00018281,Model_A,3.22,3.53,3.01,3.25,0
T00018282,Model_A,4.3,3.98,3.56,4.02,0
T00018284,Model_A,4.46,3.45,3.68,3.77,0
T00018291,Model_A,3.95,4.1,2.74,3.67,0
T00018293,Model_A,3.25,3.72,3.04,3.38,0
T00018294,Model_A,4.17,3.53,2.97,3.5,1
T00018298,Model_A,3.68,3.78,2.87,3.64,0
T00018301,Model_A,3.92,3.58,3.43,3.44,0
T00018303,Model_A,3.28,3.73,4.06,3.81,0
T00018306,Model_A,3.98,3.64,4.47,3.97,0
T00018307,Model_A,4.62,3.15,3.68,3.81,0
T00018310,Model_A,3.67,3.46,4.37,3.42,0
T00018312,Model_A,3.35,3.11,3.61,3.16,0
T00018314,Model_A,3.49,4.16,4.04,3.81,0
T00018317,Model_A,3.99,2.98,3.28,3.56,0
T00018318,Model_A,3.41,3.17,3.95,3.74,0
T00018320,Model_A,3.25,2.98,3.76,3.45,0
T00018321,Model_A,3.09,3.1,4.18,3.42,0
T00018322,Model_A,4.04,2.98,3.36,3.63,0
T00018326,Model_A,3.59,4.07,3.61,3.91,0
T00018327,Model_A,3.61,3.26,4.1,3.66,0
T00018328,Model_A,3.78,3.56,3.58,3.72,0
T00018329,Model_A,3.46,3.58,3.27,3.59,0
T00018330,Model_A,3.97,3.82,3.96,3.99,0
T00018335,Model_A,3.26,2.94,2.79,3.2,0
T00018337,Model_A,3.72,3.73,2.8,3.43,0
T00018338,Model_A,3.09,4.33,4.16,3.84,0
T00018343,Model_A,3.82,4.49,3.66,3.85,0
T00018344,Model_A,3.99,3.96,3.54,3.71,0
T00018348,Model_A,3.31,3.64,3.15,3.24,0
T00018349,Model_A,3.09,2.76,3.2,2.96,0
T00018350,Model_A,4.26,3.19,3.59,3.72,0
T00018355,Model_A,3.35,3.2,2.88,3.36,0
T00018357,Model_A,2.95,3.82,3.17,2.94,0
T00018358,Model_A,3.67,3.81,3.28,3.55,0
T00018359,Model_A,4.72,3.63,3.02,4.26,0
T00018360,Model_A,3.27,4.62,2.79,3.68,0
T00018361,Model_A,4.44,3.79,4.13,4.05,0
T00018362,Model_A,3.49,3.91,3.7,3.41,0
T00018364,Model_A,4.55,3.55,3.29,3.88,0
T00018366,Model_A,2.84,3.28,3.04,3.1,0
T00018368,Model_A,4.72,3.43,3.38,4.1,0
T00018369,Model_A,3.12,3.37,4.37,3.62,0
T00018373,Model_A,4.3,3.74,2.98,3.77,0
T00018375,Model_A,3.0,3.41,3.82,3.32,0
T00018377,Model_A,3.37,3.95,3.47,3.59,0
T00018382,Model_A,4.09,3.52,3.4,3.65,0
T00018385,Model_A,3.33,3.81,3.01,3.35,0
T00018386,Model_A,3.09,3.99,3.84,3.53,0
T00018387,Model_A,3.84,3.03,3.7,3.55,0
T00018390,Model_A,3.39,4.78,3.73,4.01,0
T00018394,Model_A,3.68,4.07,3.34,3.84,0
T00018397,Model_A,3.33,3.83,3.51,3.44,0
T00018403,Model_A,3.73,3.49,3.29,3.59,0
T00018404,Model_A,4.08,3.16,3.67,3.71,0
T00018405,Model_A,4.43,3.96,3.0,3.97,0
T00018407,Model_A,3.74,3.48,3.08,3.4,0
T00018409,Model_A,3.69,3.07,3.14,3.31,0
T00018414,Model_A,4.05,3.31,3.2,3.75,0
T00018418,Model_A,3.03,2.96,3.36,3.27,0
T00018425,Model_A,3.22,3.56,3.01,3.24,0
T00018427,Model_A,3.71,3.5,4.32,3.92,0
T00018428,Model_A,3.42,3.02,3.73,3.18,0
T00018430,Model_A,3.41,3.23,3.86,3.27,0
T00018433,Model_A,3.76,3.33,3.95,3.54,0
T00018437,Model_A,3.91,3.53,2.9,3.6,0
T00018441,Model_A,4.01,3.05,3.28,3.56,0
T00018444,Model_A,3.44,3.71,2.89,3.25,0
T00018448,Model_A,3.58,3.26,2.97,3.41,0
T00018451,Model_A,3.56,3.36,3.86,3.9,0
T00018453,Model_A,3.82,3.58,2.85,3.11,0
T00018458,Model_A,3.01,3.29,2.82,3.14,0
T00018461,Model_A,3.36,4.43,3.11,3.87,0
T00018463,Model_A,3.33,3.62,2.77,2.81,0
T00018466,Model_A,3.47,3.37,3.68,3.45,0
T00018467,Model_A,2.8,3.79,3.38,3.42,1
T00018468,Model_A,3.74,4.09,3.17,3.47,0
T00018473,Model_A,3.39,3.97,2.56,3.46,0
T00018486,Model_A,3.83,4.47,3.42,3.95,0
T00018487,Model_A,3.5,3.85,3.72,3.96,0
T00018496,Model_A,3.75,2.86,3.5,3.34,0
T00018497,Model_A,4.07,3.65,2.96,3.58,0
T00018501,Model_A,3.13,2.79,3.14,2.75,0
T00018502,Model_A,3.59,4.67,3.88,3.94,0
T00018505,Model_A,3.93,3.46,3.98,3.97,0
T00018508,Model_A,4.3,4.65,3.51,4.02,0
T00018514,Model_A,3.72,3.55,2.83,3.4,0
T00018519,Model_A,3.58,3.29,3.59,3.63,0
T00018520,Model_A,3.54,3.72,3.21,3.58,0
T00018521,Model_A,3.92,3.28,3.68,3.84,0
T00018522,Model_A,3.73,3.47,2.78,3.47,0
T00018529,Model_A,3.44,3.07,3.58,3.65,0
T00018532,Model_A,5.0,3.37,3.5,3.88,0
T00018534,Model_A,2.5,3.54,2.42,2.88,0
T00018535,Model_A,3.82,3.78,3.66,3.92,0
T00018540,Model_A,3.65,3.51,3.11,3.3,0
T00018542,Model_A,3.86,3.77,3.15,3.6,0
T00018543,Model_A,3.78,3.05,3.07,3.31,0
T00018545,Model_A,3.81,3.84,3.79,3.54,0
T00018549,Model_A,3.82,3.68,3.97,3.85,0
T00018550,Model_A,3.62,3.56,3.25,3.52,0
T00018551,Model_A,3.93,3.36,3.13,3.68,0
T00018552,Model_A,3.26,3.42,3.2,3.27,0
T00018555,Model_A,4.17,4.15,3.61,3.96,0
T00018560,Model_A,3.57,2.99,3.5,3.24,0
T00018561,Model_A,3.92,3.23,4.16,4.02,0
T00018568,Model_A,2.94,3.4,4.16,3.44,0
T00018571,Model_A,3.45,3.96,3.36,3.67,0
T00018577,Model_A,3.4,3.12,4.24,3.91,0
T00018580,Model_A,3.57,3.45,3.76,3.77,0
T00018582,Model_A,3.5,3.22,2.71,3.22,0
T00018583,Model_A,3.21,4.22,4.3,3.67,0
T00018584,Model_A,3.32,3.68,3.08,3.49,0
T00018588,Model_A,3.99,3.34,4.26,3.94,0
T00018590,Model_A,3.59,3.62,3.42,3.4,0
T00018593,Model_A,4.25,3.52,4.16,3.91,0
T00018595,Model_A,3.64,3.18,2.62,3.33,0
T00018598,Model_A,3.56,4.1,4.13,4.07,0
T00018600,Model_A,4.02,3.43,3.91,3.64,0
T00018607,Model_A,2.85,3.83,3.67,3.13,0
T00018612,Model_A,3.14,3.54,3.52,3.13,0
T00018614,Model_A,3.75,2.87,3.23,3.14,0
T00018618,Model_A,5.0,4.47,2.56,3.98,0
T00018620,Model_A,3.85,2.89,3.58,3.33,0
T00018623,Model_A,3.66,4.07,3.27,3.64,0
T00018630,Model_A,3.7,3.8,4.25,3.94,0
T00018634,Model_A,3.95,4.01,2.62,3.23,0
T00018635,Model_A,4.02,3.2,4.16,3.87,0
T00018636,Model_A,3.65,3.47,3.89,3.74,0
T00018640,Model_A,3.41,3.53,3.58,3.65,0
T00018645,Model_A,2.91,3.65,3.6,3.42,0
T00018650,Model_A,4.11,3.84,3.12,3.62,0
T00018653,Model_A,3.19,3.37,3.69,3.49,0
T00018655,Model_A,3.86,3.51,3.86,3.5,0
T00018657,Model_A,3.31,3.71,3.57,3.55,0
T00018667,Model_A,3.03,3.58,3.43,3.52,0
T00018676,Model_A,3.66,3.67,2.73,3.35,0
T00018678,Model_A,3.12,3.58,2.94,3.27,0
T00018681,Model_A,3.0,4.2,3.26,3.42,0
T00018688,Model_A,3.76,3.71,3.16,3.77,0
T00018689,Model_A,3.83,3.68,2.88,3.38,0
T00018691,Model_A,4.49,4.1,3.44,4.22,0
T00018693,Model_A,3.13,3.79,3.66,3.48,0
T00018694,Model_A,3.08,4.31,3.26,3.5,0
T00018695,Model_A,3.64,3.2,3.16,3.34,0
T00018697,Model_A,3.16,4.03,2.94,3.54,0
T00018699,Model_A,3.24,3.46,3.2,3.23,0
T00018700,Model_A,3.6,3.32,2.99,3.25,0
T00018706,Model_A,3.47,4.08,3.57,3.76,0
T00018708,Model_A,3.94,3.17,3.97,3.79,0
T00018709,Model_A,3.36,2.95,2.88,3.09,0
T00018712,Model_A,3.41,4.08,2.63,3.33,0
T00018714,Model_A,3.49,3.34,3.09,3.18,0
T00018723,Model_A,3.5,3.49,3.93,3.53,0
T00018729,Model_A,3.91,4.35,2.86,3.52,0
T00018730,Model_A,3.04,3.22,3.72,3.37,0
T00018739,Model_A,3.65,3.15,2.99,3.57,0
T00018749,Model_A,4.11,4.19,3.3,3.9,0
T00018751,Model_A,3.99,4.16,3.73,3.94,0
T00018752,Model_A,4.21,4.49,3.52,4.66,0
T00018760,Model_A,3.81,3.76,3.65,3.44,0
T00018761,Model_A,2.82,3.64,3.47,3.23,0
T00018762,Model_A,3.59,3.17,3.13,3.38,0
T00018763,Model_A,3.36,3.26,3.37,3.22,0
T00018771,Model_A,3.81,3.79,3.31,3.71,0
T00018774,Model_A,3.23,3.25,3.64,3.26,0
T00018776,Model_A,3.73,4.11,3.72,3.81,0
T00018777,Model_A,3.19,2.94,3.85,3.21,0
T00018778,Model_A,3.66,3.66,3.08,3.51,0
T00018779,Model_A,3.35,1.94,4.03,2.81,0
T00018784,Model_A,4.09,3.93,3.81,4.0,0
T00018788,Model_A,2.8,2.48,3.39,2.84,0
T00018790,Model_A,3.4,3.36,3.26,3.33,0
T00018792,Model_A,4.13,3.02,3.07,3.29,0
T00018794,Model_A,3.69,3.42,4.46,3.65,0
T00018800,Model_A,4.08,2.84,3.26,3.25,0
T00018801,Model_A,3.51,3.44,3.23,3.52,0
T00018805,Model_A,4.36,3.77,4.01,4.03,0
T00018808,Model_A,3.47,3.56,3.07,3.11,0
T00018810,Model_A,3.64,2.95,3.46,3.39,0
T00018812,Model_A,3.17,3.73,3.46,3.55,1
T00018815,Model_A,3.37,3.75,4.2,3.7,0
T00018821,Model_A,2.61,3.61,3.66,3.58,0
T00018822,Model_A,4.8,3.93,3.86,4.32,0
T00018824,Model_A,4.09,3.58,3.36,3.54,0
T00018826,Model_A,3.94,3.4,3.39,3.56,0
T00018827,Model_A,2.69,4.47,3.51,3.83,0
T00018828,Model_A,3.87,2.63,3.48,3.55,0
T00018833,Model_A,4.29,3.28,3.46,3.72,0
T00018834,Model_A,3.87,3.36,3.52,3.71,0
T00018836,Model_A,4.38,3.26,3.59,3.76,0
T00018838,Model_A,5.0,3.94,3.88,4.29,0
T00018839,Model_A,3.5,3.9,3.26,3.69,0
T00018842,Model_A,3.54,3.44,4.07,3.97,0
T00018844,Model_A,3.94,3.65,3.11,3.35,0
T00018846,Model_A,3.78,3.64,4.39,3.93,0
T00018851,Model_A,3.25,3.79,2.25,3.31,0
T00018852,Model_A,3.01,3.46,3.46,3.41,0
T00018853,Model_A,3.7,3.65,3.51,3.71,0
T00018854,Model_A,3.51,4.1,2.9,3.66,0
T00018858,Model_A,3.7,4.21,3.55,3.85,0
T00018861,Model_A,3.47,3.72,3.08,3.38,0
T00018862,Model_A,4.7,3.89,3.73,4.45,0
T00018863,Model_A,3.16,4.52,3.93,3.68,0
T00018864,Model_A,3.71,3.15,2.72,3.09,0
T00018865,Model_A,3.0,3.75,4.25,3.6,0
T00018869,Model_A,4.44,3.3,3.65,3.7,0
T00018870,Model_A,3.51,4.09,3.59,3.77,0
T00018871,Model_A,3.4,3.01,3.96,3.21,0
T00018875,Model_A,4.24,2.89,3.22,3.81,0
T00018884,Model_A,3.64,3.65,3.39,3.54,0
T00018886,Model_A,3.38,4.1,2.93,3.64,0
T00018889,Model_A,3.95,4.24,4.13,4.12,0
T00018894,Model_A,3.45,3.02,3.66,3.23,0
T00018908,Model_A,3.29,3.51,4.06,3.5,0
T00018910,Model_A,4.54,3.36,3.49,3.71,0
T00018911,Model_A,3.97,3.67,2.5,3.31,0
T00018920,Model_A,2.84,3.65,3.91,3.42,0
T00018921,Model_A,3.18,3.87,3.86,3.23,0
T00018922,Model_A,3.99,3.8,3.78,3.71,0
T00018923,Model_A,4.03,3.6,3.91,3.93,0
T00018924,Model_A,4.28,2.35,2.56,3.21,0
T00018927,Model_A,3.61,4.25,3.21,3.76,0
T00018928,Model_A,3.21,3.38,2.47,3.11,0
T00018932,Model_A,3.59,3.69,2.55,3.44,0
T00018933,Model_A,2.85,3.67,4.24,3.44,0
T00018935,Model_A,3.57,3.68,2.76,3.47,0
T00018941,Model_A,3.85,3.56,3.97,3.83,0
T00018943,Model_A,4.86,3.63,3.05,4.02,0
T00018948,Model_A,4.06,4.22,3.37,3.75,0
T00018950,Model_A,4.33,3.19,3.48,3.65,0
T00018951,Model_A,3.96,2.71,3.87,3.62,0
T00018955,Model_A,3.06,3.7,3.93,3.36,0
T00018957,Model_A,3.23,3.64,3.89,3.71,0
T00018962,Model_A,4.23,3.27,2.98,3.42,0
T00018963,Model_A,4.59,3.59,3.37,3.94,0
T00018964,Model_A,4.22,4.05,2.86,3.75,0
T00018965,Model_A,3.83,4.11,4.3,4.0,1
T00018967,Model_A,4.09,3.83,3.16,3.54,0
T00018971,Model_A,3.98,3.07,3.72,3.54,0
T00018973,Model_A,3.4,3.13,3.13,3.26,0
T00018975,Model_A,2.98,3.77,3.53,3.64,0
T00018979,Model_A,3.79,4.32,3.56,3.75,0
T00018982,Model_A,2.89,2.91,2.72,2.85,0
T00018983,Model_A,4.35,3.08,3.26,3.76,0
T00018985,Model_A,3.37,3.79,2.88,3.66,0
T00018986,Model_A,3.31,3.87,2.78,3.36,0
T00018989,Model_A,4.45,4.0,3.66,3.89,0
T00018991,Model_A,3.76,3.09,3.4,3.71,0
T00018992,Model_A,3.69,2.9,3.29,3.09,0
T00018995,Model_A,3.98,3.42,3.54,3.95,0
T00019001,Model_A,4.02,3.44,3.57,3.82,0
T00019006,Model_A,3.64,4.16,3.94,3.95,0
T00019008,Model_A,3.67,3.42,2.78,3.38,0
T00019009,Model_A,2.83,3.42,4.21,3.44,0
T00019013,Model_A,3.94,3.59,3.47,4.03,0
T00019014,Model_A,4.67,4.43,3.08,4.12,0
T00019018,Model_A,3.61,3.03,5.0,3.81,0
T00019019,Model_A,2.78,4.22,3.55,3.07,0
T00019022,Model_A,4.05,3.9,3.71,4.03,0
T00019024,Model_A,3.45,2.9,2.87,3.22,0
T00019026,Model_A,3.66,3.76,4.19,3.92,0
T00019030,Model_A,3.1,3.48,3.94,3.34,0
T00019033,Model_A,3.71,3.62,3.36,3.37,0
T00019036,Model_A,3.07,3.5,3.94,3.34,0
T00019040,Model_A,3.09,3.17,3.47,3.22,0
T00019045,Model_A,3.59,3.3,3.64,3.5,0
T00019046,Model_A,3.96,3.43,3.7,3.41,0
T00019047,Model_A,4.36,3.42,4.46,4.17,0
T00019049,Model_A,3.27,3.94,3.01,3.34,0
T00019050,Model_A,3.77,3.13,3.02,3.21,0
T00019056,Model_A,3.5,3.43,3.11,3.43,0
T00019061,Model_A,3.82,3.53,2.77,3.52,0
T00019062,Model_A,2.88,3.22,4.68,3.29,0
T00019069,Model_A,3.83,3.83,3.01,3.48,0
T00019070,Model_A,3.36,3.56,3.16,3.33,0
T00019072,Model_A,4.3,3.18,2.44,3.65,0
T00019074,Model_A,3.68,2.82,3.19,3.4,0
T00019078,Model_A,4.39,2.68,3.57,3.63,0
T00019080,Model_A,3.62,3.34,3.75,3.26,0
T00019085,Model_A,4.07,2.09,4.05,3.59,0
T00019087,Model_A,3.23,3.75,3.48,3.77,0
T00019090,Model_A,4.09,3.93,3.76,3.93,0
T00019092,Model_A,3.28,4.05,4.19,3.88,0
T00019093,Model_A,3.55,3.1,3.08,3.29,0
T00019100,Model_A,3.39,3.77,3.48,3.48,0
T00019104,Model_A,3.46,4.85,3.95,4.15,0
T00019108,Model_A,3.66,3.16,2.79,3.27,0
T00019111,Model_A,3.81,4.6,2.88,3.77,0
T00019113,Model_A,4.07,3.21,3.96,3.47,0
T00019114,Model_A,4.8,3.85,3.84,4.17,0
T00019115,Model_A,3.5,3.6,4.27,3.62,0
T00019122,Model_A,3.76,3.32,2.69,3.16,0
T00019125,Model_A,4.14,2.95,4.4,3.95,0
T00019128,Model_A,3.94,4.65,4.87,4.38,0
T00019131,Model_A,2.98,4.36,3.3,3.46,0
T00019132,Model_A,4.72,3.69,3.39,3.91,1
T00019136,Model_A,4.11,3.37,3.42,3.71,0
T00019138,Model_A,4.09,4.08,3.27,3.7,0
T00019139,Model_A,3.75,3.21,3.07,3.26,0
T00019141,Model_A,2.66,3.43,3.76,2.99,0
T00019143,Model_A,3.16,4.73,3.96,3.93,0
T00019146,Model_A,4.15,3.26,3.94,3.66,0
T00019147,Model_A,3.11,3.47,3.27,3.23,0
T00019149,Model_A,2.65,3.87,3.91,3.33,0
T00019150,Model_A,3.82,3.47,3.14,3.14,0
T00019151,Model_A,2.75,3.28,3.15,2.92,0
T00019153,Model_A,3.67,3.42,3.86,3.65,0
T00019156,Model_A,3.65,3.63,3.55,3.6,0
T00019160,Model_A,3.41,3.79,4.01,3.96,0
T00019163,Model_A,3.32,2.88,3.93,3.29,0
T00019170,Model_A,3.79,3.59,2.99,3.69,0
T00019174,Model_A,4.15,3.47,3.32,3.77,0
T00019178,Model_A,3.08,4.31,3.11,3.67,0
T00019179,Model_A,3.78,4.13,3.87,4.16,0
T00019186,Model_A,4.19,3.13,3.32,3.62,0
T00019195,Model_A,2.8,3.92,3.63,3.52,0
T00019196,Model_A,3.23,4.22,3.35,3.84,0
T00019197,Model_A,4.03,4.15,2.89,3.73,0
T00019198,Model_A,3.45,3.57,3.25,3.33,0
T00019200,Model_A,4.09,4.46,3.9,4.41,0
T00019202,Model_A,2.9,2.88,3.78,3.05,0
T00019205,Model_A,3.48,3.82,3.75,3.56,0
T00019209,Model_A,3.79,3.89,3.05,3.86,1
T00019210,Model_A,3.49,4.88,4.37,3.89,0
T00019212,Model_A,4.49,4.38,2.94,4.24,0
T00019215,Model_A,4.14,3.34,3.83,3.85,0
T00019219,Model_A,3.6,3.92,3.86,3.52,0
T00019221,Model_A,4.03,3.99,3.97,3.88,0
T00019223,Model_A,3.3,3.61,4.0,3.74,0
T00019225,Model_A,3.63,2.94,3.25,2.98,0
T00019228,Model_A,3.16,3.79,3.66,3.56,0
T00019229,Model_A,3.0,4.05,3.6,3.59,0
T00019235,Model_A,3.46,3.66,4.15,3.7,0
T00019237,Model_A,3.42,4.07,3.63,3.7,0
T00019240,Model_A,4.29,4.56,4.0,4.37,0
T00019242,Model_A,3.35,3.06,3.69,3.34,0
T00019247,Model_A,4.55,2.97,2.4,3.41,0
T00019249,Model_A,3.64,3.79,3.03,3.42,0
T00019253,Model_A,3.55,4.59,4.13,3.9,0
T00019255,Model_A,3.81,4.09,3.09,3.47,0
T00019256,Model_A,3.35,3.8,2.74,3.33,0
T00019262,Model_A,3.92,3.99,2.99,3.63,0
T00019264,Model_A,3.66,3.6,3.54,3.67,0
T00019266,Model_A,3.47,4.08,4.3,3.63,0
T00019268,Model_A,3.01,3.56,4.25,3.58,0
T00019269,Model_A,3.63,3.46,4.2,3.69,0
T00019271,Model_A,3.92,3.59,3.97,3.51,0
T00019274,Model_A,3.72,3.09,3.76,3.31,0
T00019279,Model_A,4.23,3.11,4.03,3.81,0
T00019287,Model_A,2.69,2.68,3.16,2.75,0
T00019292,Model_A,3.93,2.08,2.16,2.62,0
T00019295,Model_A,3.18,2.76,2.88,2.84,0
T00019298,Model_A,2.95,3.58,3.4,3.27,0
T00019300,Model_A,4.25,3.5,3.15,3.51,0
T00019306,Model_A,5.0,3.13,4.2,4.18,0
T00019310,Model_A,3.45,2.78,3.59,2.98,1
T00019311,Model_A,4.23,3.93,3.54,3.94,0
T00019315,Model_A,4.28,3.81,1.77,3.45,1
T00019318,Model_A,3.31,3.79,3.07,3.47,0
T00019326,Model_A,3.74,3.42,3.46,3.5,0
T00019328,Model_A,3.38,3.31,3.22,3.5,0
T00019331,Model_A,2.92,3.05,3.81,3.35,0
T00019333,Model_A,4.49,3.65,2.63,3.63,0
T00019336,Model_A,3.25,4.22,3.71,3.41,0
T00019337,Model_A,3.91,4.12,2.89,3.68,0
T00019342,Model_A,3.2,4.39,4.25,3.72,0
T00019343,Model_A,3.49,3.19,3.33,3.56,0
T00019345,Model_A,4.01,4.09,4.02,4.31,1
T00019348,Model_A,3.3,3.01,3.72,3.28,0
T00019356,Model_A,3.39,4.07,3.2,3.85,0
T00019359,Model_A,3.77,3.21,2.79,3.1,1
T00019360,Model_A,4.03,3.51,4.77,4.09,0
T00019364,Model_A,4.68,2.91,3.98,3.95,0
T00019366,Model_A,4.07,3.48,3.2,3.53,0
T00019367,Model_A,4.33,3.59,3.11,3.58,0
T00019368,Model_A,3.39,4.14,2.68,3.36,0
T00019369,Model_A,3.79,3.92,3.17,3.55,0
T00019372,Model_A,4.24,2.65,4.1,3.82,0
T00019373,Model_A,3.01,4.61,3.2,3.6,0
T00019378,Model_A,2.66,2.72,4.09,3.25,0
T00019379,Model_A,3.62,3.58,4.91,3.91,0
T00019380,Model_A,4.15,4.06,3.86,3.95,0
T00019381,Model_A,3.86,2.97,3.34,3.31,0
T00019384,Model_A,3.34,2.98,3.41,2.97,0
T00019386,Model_A,4.32,4.33,4.42,4.28,0
T00019387,Model_A,4.13,2.79,3.98,3.82,0
T00019391,Model_A,3.69,3.3,3.84,3.6,0
T00019393,Model_A,4.33,3.25,4.48,4.04,0
T00019401,Model_A,3.4,3.67,3.45,3.37,0
T00019402,Model_A,3.67,2.79,3.89,3.34,0
T00019406,Model_A,3.23,3.96,3.28,3.5,0
T00019408,Model_A,3.66,2.99,3.63,3.42,0
T00019409,Model_A,3.4,3.43,4.01,3.63,0
T00019410,Model_A,3.55,2.86,4.46,3.66,0
T00019412,Model_A,3.98,2.68,3.76,3.41,0
T00019413,Model_A,4.15,3.57,4.25,4.11,0
T00019416,Model_A,3.85,3.56,3.75,3.57,0
T00019419,Model_A,2.75,3.64,3.87,3.46,0
T00019420,Model_A,3.95,3.04,2.77,3.26,0
T00019426,Model_A,3.65,3.65,3.73,4.0,0
T00019428,Model_A,3.05,4.17,3.33,3.36,0
T00019431,Model_A,4.62,4.15,3.41,4.13,0
T00019435,Model_A,3.13,3.86,2.57,3.26,0
T00019439,Model_A,4.03,3.71,3.91,4.03,0
T00019440,Model_A,3.74,4.06,4.03,3.94,0
T00019446,Model_A,4.26,3.47,4.25,4.1,0
T00019447,Model_A,3.84,3.36,4.02,3.87,0
T00019450,Model_A,3.21,3.47,2.76,3.36,0
T00019453,Model_A,3.42,3.11,4.03,3.69,0
T00019455,Model_A,3.65,3.09,3.23,3.46,0
T00019457,Model_A,3.08,2.89,2.91,2.98,0
T00019459,Model_A,4.0,3.7,3.22,3.65,0
T00019462,Model_A,3.43,4.27,4.45,3.77,0
T00019464,Model_A,3.58,2.81,3.95,3.39,0
T00019465,Model_A,3.09,4.54,3.27,3.75,0
T00019472,Model_A,3.27,4.36,3.61,3.73,0
T00019473,Model_A,3.69,3.67,2.45,3.35,0
T00019479,Model_A,4.16,3.25,3.74,3.8,0
T00019481,Model_A,4.03,3.68,2.54,3.8,0
T00019488,Model_A,2.95,3.29,3.5,3.3,0
T00019492,Model_A,4.38,3.32,3.78,3.97,0
T00019495,Model_A,3.08,3.43,3.01,3.31,0
T00019496,Model_A,3.33,2.95,4.31,3.39,0
T00019498,Model_A,3.85,3.03,3.79,3.78,0
T00019501,Model_A,2.89,4.14,5.0,4.12,0
T00019504,Model_A,3.34,3.43,4.17,3.65,0
T00019509,Model_A,3.18,2.74,3.91,3.36,0
T00019513,Model_A,2.94,3.2,3.03,2.76,0
T00019515,Model_A,4.04,3.36,3.81,3.71,0
T00019517,Model_A,2.72,3.98,3.11,3.25,0
T00019518,Model_A,2.7,2.68,3.45,2.5,0
T00019519,Model_A,3.06,3.9,3.51,3.15,0
T00019522,Model_A,3.64,3.93,3.55,3.55,0
T00019523,Model_A,3.49,3.71,3.9,3.41,0
T00019526,Model_A,3.37,4.11,3.02,3.46,0
T00019537,Model_A,3.78,2.56,3.95,3.43,0
T00019547,Model_A,3.79,3.0,2.87,3.17,0
T00019548,Model_A,3.18,3.5,4.44,3.49,0
T00019553,Model_A,3.36,3.21,3.75,3.25,0
T00019559,Model_A,3.82,3.9,3.98,4.04,0
T00019563,Model_A,3.63,2.98,3.38,3.49,0
T00019565,Model_A,3.24,4.01,2.77,3.23,0
T00019574,Model_A,3.43,2.71,3.26,3.09,1
T00019577,Model_A,4.31,3.52,2.45,3.52,0
T00019579,Model_A,3.21,2.95,3.41,3.04,0
T00019580,Model_A,3.41,2.96,3.99,3.47,0
T00019583,Model_A,3.91,3.29,4.14,3.74,0
T00019586,Model_A,4.04,4.12,3.87,4.02,0
T00019587,Model_A,3.65,2.34,4.41,3.56,0
T00019588,Model_A,3.99,3.71,3.62,3.86,0
T00019589,Model_A,3.41,3.81,3.31,3.52,0
T00019595,Model_A,3.23,3.5,3.97,3.55,0
T00019602,Model_A,4.05,2.75,3.31,3.29,0
T00019606,Model_A,3.4,3.58,4.01,3.53,0
T00019608,Model_A,3.79,2.86,3.03,3.34,0
T00019611,Model_A,3.42,3.76,3.19,3.41,0
T00019614,Model_A,4.52,3.81,3.22,3.8,0
T00019616,Model_A,4.03,3.52,3.2,3.83,0
T00019617,Model_A,3.85,4.02,3.18,3.71,0
T00019618,Model_A,3.86,3.04,3.78,3.57,0
T00019629,Model_A,3.65,3.49,3.88,3.4,0
T00019641,Model_A,3.66,4.08,4.7,4.16,0
T00019643,Model_A,3.64,4.33,3.73,3.79,0
T00019646,Model_A,3.66,3.71,3.89,3.91,0
T00019649,Model_A,3.45,3.85,4.31,3.7,0
T00019651,Model_A,3.39,3.65,2.36,3.07,0
T00019658,Model_A,3.72,3.8,3.07,3.43,0
T00019662,Model_A,3.08,3.76,3.04,3.29,0
T00019665,Model_A,3.34,3.58,4.05,3.64,0
T00019669,Model_A,3.75,3.92,3.43,3.92,0
T00019674,Model_A,3.27,3.65,3.27,3.46,0
T00019676,Model_A,3.83,4.19,3.49,3.97,0
T00019677,Model_A,4.12,3.01,3.54,3.75,0
T00019680,Model_A,3.42,2.54,4.45,3.66,0
T00019681,Model_A,3.2,3.22,4.06,3.32,0
T00019688,Model_A,3.93,2.95,3.59,3.62,0
T00019691,Model_A,4.29,3.6,3.49,3.72,0
T00019692,Model_A,3.87,2.98,3.42,3.37,0
T00019694,Model_A,3.47,3.92,3.82,3.79,0
T00019696,Model_A,3.85,3.11,3.97,3.66,0
T00019698,Model_A,3.4,3.77,4.37,3.94,0
T00019700,Model_A,3.1,3.66,4.23,3.51,0
T00019702,Model_A,4.02,3.39,3.96,3.67,0
T00019704,Model_A,3.76,3.18,3.39,3.64,0
T00019710,Model_A,4.2,4.03,3.45,3.7,0
T00019711,Model_A,3.8,4.14,3.38,3.56,0
T00019714,Model_A,3.37,3.12,3.11,3.24,0
T00019715,Model_A,3.56,2.97,3.68,3.21,0
T00019716,Model_A,3.26,3.76,3.87,3.46,0
T00019724,Model_A,3.75,4.22,3.86,3.71,0
T00019726,Model_A,4.2,2.99,4.07,3.77,0
T00019728,Model_A,3.64,3.44,2.32,3.16,0
T00019729,Model_A,3.85,4.42,3.16,3.83,0
T00019730,Model_A,3.26,2.48,2.98,3.01,0
T00019731,Model_A,4.02,3.28,1.96,3.18,0
T00019732,Model_A,3.67,3.85,3.79,4.08,0
T00019733,Model_A,3.75,2.76,2.56,2.94,0
T00019741,Model_A,3.02,3.33,3.28,3.1,0
T00019744,Model_A,4.07,3.5,4.01,3.66,1
T00019746,Model_A,3.45,4.52,3.18,3.76,0
T00019748,Model_A,4.13,4.27,3.39,4.04,0
T00019749,Model_A,3.29,4.0,3.48,3.68,0
T00019751,Model_A,3.29,2.81,3.24,3.07,0
T00019754,Model_A,2.89,3.23,4.0,3.28,0
T00019755,Model_A,3.69,3.59,4.12,3.84,0
T00019762,Model_A,3.71,3.85,3.78,3.92,0
T00019763,Model_A,3.09,3.62,3.59,3.3,0
T00019772,Model_A,3.15,2.25,3.04,2.61,0
T00019782,Model_A,3.63,2.78,3.69,3.38,0
T00019784,Model_A,3.76,3.53,4.35,3.85,0
T00019786,Model_A,3.29,3.53,3.42,3.36,0
T00019788,Model_A,3.31,3.35,2.42,2.92,0
T00019789,Model_A,3.66,4.11,3.58,4.02,0
T00019793,Model_A,3.22,3.53,4.25,3.6,0
T00019794,Model_A,3.79,3.25,3.35,3.39,0
T00019797,Model_A,3.43,3.84,3.59,3.61,0
T00019798,Model_A,3.89,3.34,4.09,3.75,0
T00019799,Model_A,4.14,4.2,3.24,3.89,0
T00019805,Model_A,4.17,3.67,3.55,3.88,0
T00019814,Model_A,3.44,3.22,3.53,3.4,0
T00019815,Model_A,3.3,3.53,3.87,3.53,0
T00019817,Model_A,4.32,3.44,4.09,3.86,0
T00019820,Model_A,3.63,4.36,3.23,3.81,0
T00019821,Model_A,3.19,3.52,3.84,3.46,0
T00019823,Model_A,3.52,3.73,3.98,3.93,0
T00019825,Model_A,3.51,4.05,3.13,3.39,0
T00019826,Model_A,4.25,2.72,3.29,3.35,0
T00019829,Model_A,3.46,3.25,3.59,3.5,0
T00019835,Model_A,2.93,3.69,3.6,3.38,0
T00019836,Model_A,3.61,3.52,2.45,3.21,0
T00019838,Model_A,4.21,3.4,3.13,3.68,0
T00019840,Model_A,3.06,2.88,3.43,3.0,0
T00019842,Model_A,3.26,3.17,2.36,3.28,0
T00019843,Model_A,3.89,3.78,3.77,3.88,0
T00019848,Model_A,4.01,3.61,4.12,3.88,0
T00019849,Model_A,3.93,3.89,3.49,3.86,0
T00019850,Model_A,3.64,2.93,4.1,3.46,1
T00019851,Model_A,3.72,4.1,4.26,4.09,0
T00019854,Model_A,3.71,3.51,3.73,3.53,0
T00019857,Model_A,3.29,3.13,3.43,3.17,0
T00019865,Model_A,4.33,4.11,3.23,3.96,0
T00019868,Model_A,3.93,4.57,3.87,4.05,0
T00019873,Model_A,3.76,3.13,2.86,3.3,0
T00019875,Model_A,4.42,4.03,3.69,4.17,1
T00019876,Model_A,3.92,3.22,4.04,3.7,0
T00019877,Model_A,4.22,4.14,3.63,4.13,0
T00019879,Model_A,3.92,4.02,3.23,3.76,0
T00019882,Model_A,3.19,3.79,3.18,3.47,0
T00019885,Model_A,3.62,2.94,3.75,3.28,0
T00019886,Model_A,3.91,3.73,2.93,3.49,0
T00019887,Model_A,3.44,3.88,3.86,3.63,0
T00019889,Model_A,3.82,3.19,3.8,3.6,0
T00019892,Model_A,3.54,3.03,3.7,3.63,0
T00019893,Model_A,3.19,2.59,3.06,2.81,0
T00019895,Model_A,3.95,3.63,3.17,3.8,0
T00019896,Model_A,3.91,3.0,3.47,3.43,0
T00019900,Model_A,3.42,3.41,4.09,3.55,0
T00019902,Model_A,4.04,3.83,3.43,3.78,0
T00019903,Model_A,3.12,3.8,3.23,3.32,0
T00019904,Model_A,3.21,4.02,3.64,3.55,0
T00019908,Model_A,3.39,3.79,3.31,3.54,0
T00019909,Model_A,4.25,3.75,3.69,3.87,0
T00019910,Model_A,4.0,3.85,4.3,4.07,0
T00019914,Model_A,4.08,2.54,3.08,3.23,0
T00019917,Model_A,3.71,3.8,2.5,3.42,0
T00019919,Model_A,3.41,3.92,3.39,3.24,0
T00019923,Model_A,3.72,3.57,4.04,3.74,0
T00019929,Model_A,3.97,4.18,3.64,3.75,0
T00019930,Model_A,3.61,3.41,3.29,3.41,0
T00019932,Model_A,3.26,4.03,3.43,3.78,0
T00019936,Model_A,3.42,3.76,2.79,3.43,0
T00019938,Model_A,3.93,3.14,3.65,3.78,0
T00019939,Model_A,4.24,3.58,3.56,3.79,0
T00019940,Model_A,2.98,2.8,3.45,3.0,0
T00019947,Model_A,3.69,3.57,3.6,3.4,0
T00019948,Model_A,3.51,3.66,3.76,3.94,0
T00019950,Model_A,3.73,3.99,4.19,3.96,0
T00019953,Model_A,3.82,3.51,4.12,3.92,0
T00019954,Model_A,3.42,3.17,3.34,3.16,0
T00019957,Model_A,3.76,3.73,3.87,3.63,0
T00019959,Model_A,3.28,2.88,4.39,3.38,0
T00019962,Model_A,3.4,3.56,3.04,3.34,0
T00019967,Model_A,3.89,4.34,3.58,3.64,0
T00019973,Model_A,3.19,3.82,3.11,3.38,0
T00019975,Model_A,3.71,3.17,3.62,3.62,0
T00019976,Model_A,3.52,2.64,3.01,3.34,0
T00019982,Model_A,3.18,3.83,3.09,3.21,0
T00019984,Model_A,3.46,3.8,4.4,3.52,0
T00019985,Model_A,4.2,3.91,3.25,3.94,0
T00019991,Model_A,4.32,3.45,3.89,3.76,0
T00019993,Model_A,3.38,3.77,2.9,3.36,0
T00019996,Model_A,3.27,3.88,4.2,3.85,0
T00019999,Model_A,3.17,3.8,3.14,3.17,0
T00020003,Model_A,4.21,3.37,3.66,3.62,0
T00020012,Model_A,3.2,2.88,3.47,3.65,0
T00020013,Model_A,3.7,2.72,3.76,3.23,0
T00020014,Model_A,3.0,3.56,4.32,3.55,0
T00020017,Model_A,3.64,3.97,2.6,3.53,0
T00020022,Model_A,3.55,3.66,2.56,3.52,0
T00020023,Model_A,3.9,2.88,4.22,3.76,0
T00020026,Model_A,4.49,3.57,3.25,3.81,0
T00020030,Model_A,3.51,4.01,3.63,3.54,0
T00020037,Model_A,5.0,3.73,2.76,4.03,0
T00020041,Model_A,4.0,3.67,3.29,3.65,0
T00020050,Model_A,3.88,3.71,3.9,3.68,0
T00020051,Model_A,3.92,3.99,3.67,3.76,0
T00020054,Model_A,2.63,3.29,3.08,2.93,0
T00020056,Model_A,3.26,1.95,3.34,3.06,0
T00020060,Model_A,3.83,3.84,3.18,3.72,0
T00020061,Model_A,2.44,3.24,3.44,2.84,0
T00020064,Model_A,4.21,2.92,3.21,3.44,0
T00020068,Model_A,4.18,4.4,2.94,4.04,0
T00020069,Model_A,2.97,3.0,4.47,3.18,0
T00020072,Model_A,4.02,3.18,3.39,3.53,0
T00020074,Model_A,3.76,3.34,3.53,3.74,0
T00020076,Model_A,3.74,2.9,4.19,3.4,0
T00020077,Model_A,3.87,3.65,3.6,3.35,0
T00020078,Model_A,3.64,2.71,3.11,3.36,0
T00020079,Model_A,3.89,3.16,3.0,3.45,0
T00020080,Model_A,3.22,3.1,3.04,3.39,0
T00020081,Model_A,3.14,3.48,3.34,3.04,0
T00020086,Model_A,3.55,3.04,2.84,3.22,0
T00020088,Model_A,3.14,4.25,4.15,3.89,1
T00020090,Model_A,4.79,3.88,3.4,3.9,0
T00020091,Model_A,4.27,3.15,3.38,3.6,0
T00020094,Model_A,4.39,3.56,2.98,3.72,0
T00020100,Model_A,3.8,3.31,3.36,3.43,0
T00020106,Model_A,4.07,3.15,3.2,3.56,0
T00020107,Model_A,3.9,3.65,3.81,3.65,0
T00020112,Model_A,3.95,4.48,2.81,3.84,0
T00020113,Model_A,2.59,2.78,2.76,2.71,0
T00020119,Model_A,4.18,3.17,3.61,3.79,0
T00020121,Model_A,3.66,3.5,3.89,3.66,0
T00020130,Model_A,4.05,3.31,3.21,3.45,0
T00020146,Model_A,3.97,3.33,4.5,3.75,0
T00020150,Model_A,3.05,3.86,3.86,3.81,0
T00020154,Model_A,3.99,3.32,3.57,3.67,0
T00020157,Model_A,3.04,3.08,3.48,2.95,0
T00020163,Model_A,3.86,4.42,3.23,3.54,0
T00020164,Model_A,3.58,2.99,4.18,3.77,0
T00020166,Model_A,2.99,3.6,3.51,3.34,0
T00020170,Model_A,2.88,3.06,3.38,3.26,0
T00020171,Model_A,3.3,3.27,3.39,3.61,0
T00020181,Model_A,3.71,2.6,2.87,3.27,0
T00020182,Model_A,4.46,3.9,3.71,3.86,0
T00020184,Model_A,4.21,3.58,3.36,3.7,0
T00020186,Model_A,3.98,3.64,3.47,3.57,0
T00020187,Model_A,4.36,3.39,3.05,3.42,0
T00020200,Model_A,3.27,3.56,4.06,3.44,0
T00020203,Model_A,4.08,3.03,3.3,3.55,0
T00020207,Model_A,4.17,3.74,3.58,3.91,0
T00020208,Model_A,3.47,3.99,4.18,3.98,0
T00020214,Model_A,2.7,3.67,3.46,3.01,0
T00020217,Model_A,4.42,3.66,3.14,3.73,0
T00020218,Model_A,3.57,2.54,2.64,2.95,0
T00020221,Model_A,3.14,3.56,2.96,3.28,0
T00020226,Model_A,3.9,3.32,3.64,3.84,0
T00020233,Model_A,3.23,4.07,3.86,3.54,0
T00020235,Model_A,3.94,3.99,3.36,3.98,0
T00020237,Model_A,2.7,3.67,3.5,3.19,0
T00020238,Model_A,3.18,3.94,3.66,3.51,0
T00020239,Model_A,4.01,3.41,2.82,3.44,0
T00020243,Model_A,2.67,3.29,3.97,3.29,0
T00020248,Model_A,3.48,2.56,4.6,3.42,0
T00020252,Model_A,3.42,3.5,4.5,3.63,0
T00020255,Model_A,3.69,3.83,3.01,3.59,0
T00020256,Model_A,4.11,3.89,3.36,3.83,0
T00020259,Model_A,3.58,3.63,3.68,3.7,0
T00020262,Model_A,4.43,4.21,3.92,4.16,0
T00020263,Model_A,3.18,4.06,3.4,3.75,0
T00020264,Model_A,3.71,2.89,3.26,3.18,0
T00020268,Model_A,3.32,3.33,3.7,3.44,0
T00020270,Model_A,3.84,3.5,3.14,3.54,0
T00020273,Model_A,3.63,2.6,3.67,3.08,0
T00020274,Model_A,3.57,3.26,4.06,3.63,0
T00020275,Model_A,4.07,4.05,3.58,3.84,0
T00020276,Model_A,3.82,4.14,4.29,3.71,0
T00020286,Model_A,3.55,3.94,3.07,3.5,0
T00020295,Model_A,2.48,2.91,2.89,2.76,0
T00020296,Model_A,4.13,3.21,3.56,3.78,0
T00020297,Model_A,3.44,3.06,3.3,3.14,0
T00020299,Model_A,3.72,3.39,3.99,4.05,0
T00020305,Model_A,3.48,2.91,3.39,3.41,0
T00020306,Model_A,3.18,4.3,3.86,3.67,0
T00020308,Model_A,3.04,3.83,3.87,3.52,0
T00020309,Model_A,3.55,2.81,3.73,3.54,0
T00020312,Model_A,4.28,3.72,3.07,3.91,0
T00020314,Model_A,3.33,2.81,3.6,2.99,0
T00020318,Model_A,3.57,4.19,2.82,3.37,0
T00020323,Model_A,3.99,3.06,2.02,3.25,0
T00020326,Model_A,3.32,3.55,3.33,3.15,0
T00020336,Model_A,2.93,3.77,4.07,3.19,0
T00020337,Model_A,4.42,3.23,3.57,3.65,0
T00020338,Model_A,4.03,3.54,3.56,3.83,0
T00020339,Model_A,3.63,3.69,3.53,3.35,0
T00020342,Model_A,3.81,3.06,3.88,3.74,0
T00020344,Model_A,3.53,3.18,3.3,3.44,0
T00020347,Model_A,4.09,3.64,3.63,3.57,0
T00020349,Model_A,4.12,3.21,4.47,3.89,0
T00020354,Model_A,3.38,3.95,3.1,3.67,0
T00020356,Model_A,3.15,3.29,3.63,3.15,0
T00020358,Model_A,3.36,3.66,2.78,3.17,0
T00020359,Model_A,4.18,3.95,2.98,3.52,0
T00020361,Model_A,4.05,4.68,3.07,3.86,0
T00020364,Model_A,3.76,3.41,3.46,3.68,0
T00020366,Model_A,4.11,3.95,3.36,4.03,0
T00020370,Model_A,3.66,3.23,4.48,3.93,0
T00020371,Model_A,3.8,3.57,2.96,3.38,0
T00020374,Model_A,3.55,4.18,3.46,3.75,0
T00020377,Model_A,3.37,3.7,3.56,3.54,0
T00020380,Model_A,3.43,3.72,3.59,3.63,0
T00020382,Model_A,3.71,2.43,3.49,3.33,0
T00020383,Model_A,4.37,3.66,3.1,3.96,0
T00020386,Model_A,3.67,2.99,3.39,3.61,0
T00020387,Model_A,3.54,3.75,4.01,3.66,0
T00020392,Model_A,4.01,3.93,2.78,3.88,0
T00020393,Model_A,4.16,3.09,3.89,3.75,0
T00020395,Model_A,3.34,3.87,2.8,3.2,0
T00020397,Model_A,4.48,3.76,4.0,4.1,0
T00020398,Model_A,3.19,3.05,3.23,3.15,0
T00020399,Model_A,3.65,3.37,3.46,3.43,0
T00020405,Model_A,3.25,3.48,2.95,3.42,0
T00020410,Model_A,3.12,4.91,3.41,3.96,0
T00020411,Model_A,3.72,3.98,3.84,3.6,0
T00020412,Model_A,3.24,3.04,3.89,3.47,0
T00020413,Model_A,4.01,3.99,3.76,3.75,0
T00020418,Model_A,3.45,2.93,3.71,3.24,0
T00020424,Model_A,3.38,4.46,2.14,3.08,0
T00020430,Model_A,3.64,3.33,3.28,3.31,0
T00020431,Model_A,2.91,4.69,3.85,3.91,0
T00020432,Model_A,3.9,3.47,4.35,3.94,0
T00020433,Model_A,3.54,3.51,3.91,3.35,0
T00020439,Model_A,4.2,3.09,3.61,3.96,0
T00020443,Model_A,2.95,3.73,2.83,3.33,0
T00020444,Model_A,3.52,3.17,3.94,3.36,0
T00020450,Model_A,3.91,3.31,3.24,3.35,0
T00020451,Model_A,4.14,3.49,3.85,3.75,0
T00020452,Model_A,3.49,3.95,4.0,3.93,0
T00020453,Model_A,2.65,3.62,3.65,3.35,0
T00020455,Model_A,3.61,4.24,2.85,3.69,0
T00020456,Model_A,3.5,3.33,3.49,3.49,0
T00020457,Model_A,3.11,3.28,4.37,3.27,0
T00020459,Model_A,3.63,3.13,3.33,3.64,0
T00020460,Model_A,3.55,3.95,3.32,3.93,0
T00020470,Model_A,3.33,4.04,3.11,3.89,0
T00020474,Model_A,3.44,4.17,3.28,3.7,0
T00020477,Model_A,3.15,4.2,3.48,3.8,1
T00020478,Model_A,3.15,3.9,3.61,3.53,0
T00020479,Model_A,4.05,4.09,4.16,4.54,0
T00020485,Model_A,3.0,3.81,3.87,3.51,0
T00020487,Model_A,4.64,3.62,4.08,3.87,0
T00020488,Model_A,3.24,4.06,2.91,3.49,0
T00020490,Model_A,3.81,3.5,3.25,3.85,0
T00020493,Model_A,4.09,4.05,2.92,3.91,0
T00020495,Model_A,3.76,4.12,4.15,3.97,0
T00020496,Model_A,3.71,3.83,3.58,3.55,0
T00020498,Model_A,3.23,3.58,4.35,3.66,0
T00020499,Model_A,3.82,2.62,3.87,3.31,0
T00020500,Model_A,3.71,3.68,3.05,3.56,0
T00020507,Model_A,2.74,3.32,4.11,2.96,0
T00020512,Model_A,3.45,3.35,3.39,3.25,0
T00020514,Model_A,2.9,3.88,3.25,3.54,0
T00020523,Model_A,4.29,3.09,4.05,3.86,0
T00020529,Model_A,3.68,3.35,2.66,3.18,0
T00020530,Model_A,3.95,3.58,3.17,3.63,0
T00020536,Model_A,3.84,3.67,3.98,3.48,0
T00020539,Model_A,4.47,3.79,3.34,4.02,0
T00020541,Model_A,3.65,4.41,3.58,3.9,0
T00020546,Model_A,3.8,4.37,3.72,3.93,0
T00020548,Model_A,3.72,3.62,4.37,3.77,0
T00020549,Model_A,3.86,3.29,2.9,3.53,0
T00020550,Model_A,3.55,3.1,3.28,3.47,0
T00020551,Model_A,3.06,3.7,3.29,3.36,0
T00020553,Model_A,2.54,3.56,3.96,3.04,0
T00020555,Model_A,3.97,3.98,3.44,3.78,0
T00020559,Model_A,4.19,4.17,3.85,4.09,0
T00020563,Model_A,3.01,3.38,4.11,3.38,0
T00020566,Model_A,3.4,3.95,4.04,3.66,0
T00020569,Model_A,3.94,3.56,4.29,3.81,0
T00020571,Model_A,2.84,3.35,4.18,3.4,0
T00020576,Model_A,3.52,4.25,2.78,3.6,0
T00020579,Model_A,4.21,3.33,3.6,3.69,0
T00020580,Model_A,3.84,3.25,4.05,3.63,0
T00020582,Model_A,3.99,3.7,3.6,3.63,0
T00020583,Model_A,3.78,4.06,2.44,3.7,0
T00020589,Model_A,3.44,3.82,2.63,3.3,0
T00020595,Model_A,3.86,3.04,3.69,3.48,0
T00020597,Model_A,3.64,3.53,3.4,3.78,0
T00020602,Model_A,4.4,4.35,3.77,4.57,0
T00020603,Model_A,3.63,3.18,3.64,3.69,0
T00020605,Model_A,3.68,3.56,4.32,3.87,0
T00020610,Model_A,4.3,3.23,3.21,3.48,0
T00020612,Model_A,3.84,2.96,3.01,3.17,0
T00020618,Model_A,2.4,3.59,4.13,3.26,0
T00020620,Model_A,3.94,3.81,3.9,3.87,0
T00020623,Model_A,4.58,3.24,3.19,3.7,0
T00020626,Model_A,3.86,3.9,3.11,3.58,1
T00020627,Model_A,4.13,3.81,4.35,4.16,0
T00020629,Model_A,3.88,3.41,3.49,3.59,0
T00020634,Model_A,3.9,3.69,2.97,3.61,0
T00020637,Model_A,2.78,4.09,4.03,3.36,0
T00020638,Model_A,3.72,3.92,3.31,3.66,0
T00020647,Model_A,3.37,3.16,3.99,3.49,0
T00020649,Model_A,4.48,4.33,3.78,4.22,0
T00020650,Model_A,3.63,3.98,3.67,3.92,0
T00020664,Model_A,4.33,3.46,2.86,3.44,0
T00020668,Model_A,3.07,3.77,3.86,3.44,0
T00020671,Model_A,3.1,4.28,3.39,3.5,0
T00020676,Model_A,3.66,2.71,3.9,3.39,0
T00020695,Model_A,2.99,3.48,4.06,3.43,0
T00020698,Model_A,3.38,3.27,3.49,3.24,0
T00020699,Model_A,3.99,3.46,3.67,4.06,0
T00020701,Model_A,3.9,3.32,2.73,3.19,0
T00020703,Model_A,3.6,3.56,3.56,3.48,0
T00020705,Model_A,3.23,3.15,2.94,3.36,0
T00020710,Model_A,2.65,2.59,3.14,2.51,0
T00020715,Model_A,4.1,4.5,3.1,4.23,0
T00020719,Model_A,3.3,3.07,2.1,3.24,0
T00020724,Model_A,4.33,3.0,3.85,4.14,0
T00020725,Model_A,3.41,2.69,3.55,3.39,0
T00020729,Model_A,3.95,3.75,2.63,3.44,0
T00020732,Model_A,4.0,3.11,3.96,3.5,0
T00020735,Model_A,3.89,3.55,3.12,3.41,0
T00020744,Model_A,3.89,3.02,2.74,3.16,0
T00020745,Model_A,2.9,3.59,4.02,3.34,0
T00020755,Model_A,3.04,3.49,4.51,3.95,0
T00020756,Model_A,4.01,3.4,3.83,3.53,0
T00020757,Model_A,3.39,4.27,3.78,3.72,0
T00020758,Model_A,3.94,3.77,3.18,3.68,0
T00020766,Model_A,3.27,3.18,3.47,3.39,0
T00020767,Model_A,3.91,3.88,3.97,4.01,0
T00020770,Model_A,3.23,3.12,3.63,3.17,0
T00020771,Model_A,3.24,3.2,3.29,3.47,0
T00020772,Model_A,3.45,3.73,3.25,3.4,0
T00020773,Model_A,3.39,4.09,3.86,3.6,0
T00020775,Model_A,3.92,3.29,3.93,3.54,0
T00020777,Model_A,4.17,3.43,4.42,4.05,0
T00020778,Model_A,3.25,3.53,4.06,3.49,0
T00020787,Model_A,3.64,3.8,2.85,3.48,0
T00020796,Model_A,3.93,2.81,4.22,3.54,0
T00020797,Model_A,4.27,2.8,3.62,3.65,0
T00020801,Model_A,3.26,3.02,3.46,3.19,0
T00020806,Model_A,3.94,3.03,3.49,3.53,0
T00020808,Model_A,3.97,4.44,3.95,4.41,0
T00020809,Model_A,3.83,3.91,2.9,3.25,0
T00020817,Model_A,3.92,3.28,3.19,3.87,0
T00020819,Model_A,4.2,3.33,2.97,3.66,0
T00020823,Model_A,4.98,2.35,3.21,3.75,0
T00020826,Model_A,3.34,3.59,4.01,3.46,0
T00020838,Model_A,3.72,3.28,3.65,3.79,0
T00020842,Model_A,3.84,3.93,3.17,3.52,0
T00020847,Model_A,3.32,2.96,2.93,3.31,0
T00020851,Model_A,3.47,3.88,3.87,3.65,0
T00020852,Model_A,3.99,3.55,4.23,4.06,0
T00020853,Model_A,3.86,2.94,2.06,3.02,0
T00020856,Model_A,4.15,3.81,2.62,3.79,0
T00020858,Model_A,3.39,4.41,3.35,3.67,0
T00020860,Model_A,3.66,3.31,3.15,3.48,0
T00020865,Model_A,3.84,3.53,3.24,3.43,0
T00020867,Model_A,4.23,3.23,3.4,3.4,0
T00020869,Model_A,4.33,2.6,3.05,3.23,0
T00020873,Model_A,3.3,3.88,2.81,3.48,0
T00020876,Model_A,4.15,3.68,3.36,3.42,0
T00020877,Model_A,2.92,4.06,3.44,3.53,0
T00020878,Model_A,4.22,4.0,3.14,4.0,0
T00020880,Model_A,4.8,3.01,3.45,3.86,0
T00020881,Model_A,4.32,3.91,2.89,3.66,0
T00020883,Model_A,4.25,4.4,3.93,4.29,0
T00020884,Model_A,2.68,4.03,2.52,3.05,0
T00020887,Model_A,3.32,3.55,3.99,3.35,0
T00020889,Model_A,3.77,4.17,2.67,3.69,0
T00020891,Model_A,2.84,4.48,3.63,3.55,0
T00020898,Model_A,3.35,3.5,3.71,3.54,0
T00020899,Model_A,4.2,3.47,3.73,3.86,1
T00020900,Model_A,2.98,3.67,3.1,3.25,0
T00020905,Model_A,3.57,2.87,4.44,3.79,0
T00020908,Model_A,3.27,4.02,3.93,3.82,0
T00020914,Model_A,3.56,3.24,2.87,2.94,0
T00020915,Model_A,4.4,4.07,3.17,3.96,0
T00020920,Model_A,3.28,3.36,3.4,3.7,0
T00020923,Model_A,3.18,3.13,2.86,3.12,0
T00020924,Model_A,4.61,3.41,3.17,3.79,0
T00020927,Model_A,3.42,3.96,2.93,3.66,0
T00020930,Model_A,3.1,3.45,4.06,3.64,0
T00020931,Model_A,4.03,3.89,3.65,3.89,0
T00020936,Model_A,3.59,3.76,3.03,3.32,0
T00020937,Model_A,3.98,3.94,3.74,4.0,0
T00020938,Model_A,3.42,3.72,3.97,3.74,0
T00020940,Model_A,4.0,3.59,3.31,3.58,0
T00020948,Model_A,3.8,3.89,2.97,3.65,0
T00020949,Model_A,3.85,2.97,3.22,3.05,0
T00020951,Model_A,3.12,3.96,3.01,3.3,1
T00020955,Model_A,3.45,3.28,4.01,3.5,0
T00020956,Model_A,3.33,3.91,2.97,3.48,0
T00020959,Model_A,3.44,3.06,4.56,3.42,0
T00020962,Model_A,4.4,3.77,3.22,3.75,0
T00020965,Model_A,3.85,3.35,2.74,3.57,0
T00020967,Model_A,3.4,4.11,3.87,3.85,0
T00020972,Model_A,4.18,2.23,4.45,3.63,0
T00020973,Model_A,3.89,4.8,3.27,3.92,0
T00020976,Model_A,4.16,3.61,3.76,3.91,0
T00020978,Model_A,2.64,3.37,4.07,3.18,0
T00020980,Model_A,3.38,3.22,3.65,3.06,0
T00020981,Model_A,3.33,3.13,3.42,3.29,0
T00020983,Model_A,3.43,3.3,3.88,3.19,0
T00020985,Model_A,3.65,3.62,3.44,3.52,0
T00020986,Model_A,3.45,3.98,3.05,3.75,0
T00020987,Model_A,4.1,3.89,3.29,3.85,0
T00020988,Model_A,3.57,4.08,3.44,3.8,0
T00020994,Model_A,3.33,3.94,3.11,3.57,0
T00020997,Model_A,4.9,3.51,3.21,3.87,0
T00021002,Model_A,2.18,3.56,3.21,2.92,0
T00021005,Model_A,3.6,4.6,2.6,4.01,0
T00021009,Model_A,3.04,3.0,4.22,3.49,0
T00021012,Model_A,3.12,3.67,3.0,3.35,0
T00021014,Model_A,3.87,3.29,3.01,3.41,0
T00021015,Model_A,3.48,3.33,3.05,3.47,0
T00021022,Model_A,3.39,4.21,3.15,3.71,0
T00021025,Model_A,4.05,2.24,3.37,3.64,0
T00021028,Model_A,3.68,3.63,3.6,3.7,0
T00021034,Model_A,3.94,3.54,3.57,3.84,0
T00021036,Model_A,3.97,2.86,2.34,3.23,0
T00021041,Model_A,4.21,2.72,3.88,3.4,0
T00021043,Model_A,3.58,4.37,3.74,4.22,0
T00021045,Model_A,3.9,3.43,3.31,3.43,0
T00021047,Model_A,3.74,3.96,3.57,3.8,0
T00021048,Model_A,3.19,3.59,3.26,3.47,0
T00021055,Model_A,3.74,3.53,4.3,3.96,0
T00021058,Model_A,2.92,4.04,2.86,3.14,0
T00021063,Model_A,3.43,3.19,4.5,3.92,0
T00021064,Model_A,3.61,3.54,4.19,4.02,0
T00021066,Model_A,3.37,3.63,3.88,3.53,0
T00021068,Model_A,3.66,3.55,3.52,3.37,0
T00021069,Model_A,4.09,3.43,3.04,3.39,0
T00021074,Model_A,3.65,2.89,4.02,3.49,0
T00021081,Model_A,2.84,3.16,3.93,3.48,0
T00021085,Model_A,3.92,3.62,4.4,3.98,0
T00021092,Model_A,3.78,3.42,3.61,3.57,0
T00021093,Model_A,3.19,3.62,3.06,2.93,0
T00021094,Model_A,3.7,4.04,2.98,3.51,0
T00021101,Model_A,3.32,4.19,3.32,3.47,0
T00021103,Model_A,3.17,3.81,3.3,3.78,0
T00021107,Model_A,3.38,3.09,4.44,3.6,0
T00021110,Model_A,4.3,3.16,3.22,3.61,0
T00021113,Model_A,4.36,3.37,2.51,3.57,0
T00021117,Model_A,3.75,3.49,3.41,3.51,0
T00021121,Model_A,3.65,4.3,3.49,3.74,0
T00021127,Model_A,4.11,3.49,3.5,3.6,0
T00021131,Model_A,4.28,4.63,3.05,4.29,0
T00021139,Model_A,3.4,3.8,3.18,3.38,0
T00021147,Model_A,4.42,3.56,3.19,4.0,0
T00021148,Model_A,2.79,3.02,3.31,3.04,0
T00021150,Model_A,4.28,3.44,3.8,3.84,0
T00021151,Model_A,3.57,4.3,4.33,4.18,0
T00021153,Model_A,3.57,3.76,4.14,3.76,0
T00021156,Model_A,3.35,3.13,3.13,3.15,0
T00021157,Model_A,3.52,4.52,4.12,3.93,0
T00021158,Model_A,3.65,2.94,2.99,3.19,0
T00021160,Model_A,4.1,3.36,3.74,3.77,0
T00021161,Model_A,3.38,3.89,4.37,3.92,0
T00021165,Model_A,3.31,2.99,3.57,3.4,0
T00021167,Model_A,3.97,2.85,3.71,3.47,0
T00021169,Model_A,4.23,3.22,3.65,3.85,0
T00021172,Model_A,3.29,2.94,3.66,3.44,0
T00021174,Model_A,4.32,3.81,3.45,3.96,0
T00021175,Model_A,3.81,3.71,3.98,3.63,0
T00021178,Model_A,3.83,3.94,3.3,3.99,0
T00021180,Model_A,3.05,3.59,3.42,3.44,0
T00021183,Model_A,3.32,4.59,3.7,3.89,0
T00021186,Model_A,3.31,3.37,3.85,3.42,0
T00021191,Model_A,4.36,3.31,4.19,4.06,0
T00021194,Model_A,3.34,3.34,2.88,3.1,0
T00021195,Model_A,3.71,4.12,3.69,4.11,0
T00021198,Model_A,4.28,3.41,3.65,3.79,0
T00021203,Model_A,3.86,3.62,3.34,3.62,0
T00021205,Model_A,3.35,3.41,2.81,3.16,0
T00021209,Model_A,2.61,3.26,3.92,3.13,0
T00021219,Model_A,4.01,4.91,3.78,4.22,0
T00021223,Model_A,3.32,3.78,3.15,3.3,0
T00021225,Model_A,4.41,3.15,3.44,3.75,0
T00021226,Model_A,3.99,3.81,3.97,3.7,0
T00021228,Model_A,3.25,4.21,3.86,3.87,0
T00021232,Model_A,3.05,2.97,3.25,2.73,0
T00021234,Model_A,3.79,3.08,2.32,3.01,0
T00021236,Model_A,4.37,3.63,2.63,3.6,0
T00021243,Model_A,3.48,3.85,3.37,3.71,0
T00021248,Model_A,2.79,3.84,4.11,3.48,0
T00021250,Model_A,3.1,3.12,5.0,3.79,0
T00021251,Model_A,3.93,3.95,3.3,3.36,0
T00021253,Model_A,3.16,3.05,3.31,3.28,0
T00021255,Model_A,3.43,4.31,4.51,3.99,0
T00021256,Model_A,4.07,3.17,2.84,3.53,0
T00021260,Model_A,3.62,3.54,2.94,3.5,0
T00021264,Model_A,3.43,3.98,3.64,3.75,0
T00021267,Model_A,3.97,2.77,3.31,3.02,0
T00021271,Model_A,3.71,2.97,4.1,3.45,0
T00021278,Model_A,3.13,3.77,3.08,3.32,0
T00021283,Model_A,3.3,3.81,3.11,3.44,0
T00021284,Model_A,3.37,3.2,4.0,3.4,0
T00021287,Model_A,3.04,4.09,3.82,3.37,0
T00021290,Model_A,3.37,3.72,3.72,3.84,0
T00021291,Model_A,4.21,2.39,3.39,3.35,0
T00021293,Model_A,3.52,3.7,2.36,3.54,0
T00021295,Model_A,3.83,4.18,4.34,4.21,0
T00021298,Model_A,4.43,3.2,3.61,3.75,0
T00021302,Model_A,3.84,3.93,3.81,3.87,0
T00021307,Model_A,4.14,3.77,3.78,4.17,0
T00021312,Model_A,4.06,3.72,3.59,3.71,0
T00021319,Model_A,2.88,3.18,3.66,3.18,0
T00021321,Model_A,3.06,2.71,3.87,3.12,0
T00021326,Model_A,3.44,3.97,3.75,3.5,0
T00021330,Model_A,3.15,3.41,3.84,3.31,0
T00021332,Model_A,3.84,3.59,3.36,3.6,0
T00021337,Model_A,3.72,3.84,3.82,3.84,1
T00021350,Model_A,3.4,2.98,3.47,3.32,0
T00021355,Model_A,3.32,3.09,2.68,2.82,0
T00021358,Model_A,4.01,2.72,3.53,3.48,0
T00021359,Model_A,3.78,3.94,4.21,3.94,0
T00021366,Model_A,3.6,4.51,3.98,3.75,0
T00021371,Model_A,3.72,3.46,3.89,3.45,1
T00021373,Model_A,3.77,2.94,4.35,3.84,0
T00021376,Model_A,3.6,3.43,3.57,3.67,0
T00021377,Model_A,3.51,2.58,3.66,3.21,0
T00021382,Model_A,4.25,2.48,4.01,3.58,0
T00021383,Model_A,3.57,3.58,3.49,3.75,0
T00021385,Model_A,3.08,3.28,3.49,3.32,0
T00021388,Model_A,4.34,3.38,3.01,3.65,0
T00021389,Model_A,3.06,3.19,4.12,3.38,0
T00021390,Model_A,3.77,3.77,2.82,3.6,0
T00021394,Model_A,4.32,3.31,4.02,4.11,0
T00021400,Model_A,3.77,4.11,3.79,3.75,0
T00021401,Model_A,3.97,3.27,4.18,3.79,0
T00021408,Model_A,4.09,4.34,3.77,4.35,0
T00021413,Model_A,3.61,3.79,3.08,3.63,0
T00021415,Model_A,3.14,3.79,3.01,3.05,0
T00021416,Model_A,3.13,3.19,3.88,3.44,0
T00021417,Model_A,3.67,3.47,3.26,3.49,0
T00021419,Model_A,3.95,4.11,3.07,3.99,0
T00021424,Model_A,3.01,2.79,3.17,3.15,0
T00021432,Model_A,3.91,4.25,4.09,3.92,0
T00021435,Model_A,4.1,2.88,3.89,3.78,0
T00021437,Model_A,3.87,3.76,3.58,3.86,0
T00021441,Model_A,3.17,2.22,2.89,2.78,0
T00021442,Model_A,3.27,4.17,3.61,3.63,0
T00021445,Model_A,4.03,3.98,3.02,3.7,0
T00021446,Model_A,3.48,3.38,3.36,3.43,0
T00021448,Model_A,4.07,3.84,3.21,3.57,0
T00021449,Model_A,4.12,2.94,3.45,3.22,0
T00021452,Model_A,3.13,3.75,2.71,3.2,0
T00021454,Model_A,2.92,2.72,3.22,2.92,0
T00021457,Model_A,3.78,3.91,3.14,3.85,0
T00021459,Model_A,3.99,3.1,3.35,3.42,0
T00021460,Model_A,3.26,3.32,4.33,3.58,0
T00021467,Model_A,2.72,4.26,3.18,3.3,0
T00021468,Model_A,4.78,3.68,3.62,3.92,0
T00021472,Model_A,3.31,3.73,3.33,3.3,0
T00021474,Model_A,3.95,2.39,3.61,3.43,0
T00021475,Model_A,3.57,3.58,3.83,3.55,0
T00021479,Model_A,2.72,4.19,3.76,3.31,0
T00021482,Model_A,3.13,2.84,4.36,3.46,0
T00021485,Model_A,3.65,4.06,3.4,3.73,0
T00021490,Model_A,4.0,3.19,2.5,3.57,0
T00021491,Model_A,4.49,3.17,3.56,3.97,0
T00021492,Model_A,3.36,2.48,3.62,2.89,0
T00021494,Model_A,4.1,3.8,3.05,3.91,0
T00021495,Model_A,3.52,3.47,3.33,3.6,0
T00021498,Model_A,2.47,3.79,3.74,3.5,0
T00021504,Model_A,3.4,3.65,3.35,3.45,0
T00021505,Model_A,3.89,4.66,2.48,3.89,0
T00021507,Model_A,2.5,3.47,3.79,3.2,0
T00000003,Model_B,3.59,4.25,4.58,4.33,0
T00000004,Model_B,4.67,3.15,4.46,3.98,0
T00000005,Model_B,4.63,4.11,4.17,4.54,0
T00000006,Model_B,5.0,3.22,4.33,4.26,0
T00000019,Model_B,3.53,3.94,3.3,3.36,0
T00000020,Model_B,4.74,4.03,4.56,4.61,0
T00000022,Model_B,4.85,3.83,4.19,4.47,0
T00000024,Model_B,3.91,4.78,4.08,4.05,0
T00000027,Model_B,4.73,4.0,3.88,4.44,0
T00000035,Model_B,4.37,4.8,4.54,4.4,0
T00000038,Model_B,4.43,3.87,4.39,4.37,0
T00000039,Model_B,4.3,4.54,4.13,4.56,0
T00000042,Model_B,4.45,3.8,4.4,4.38,0
T00000046,Model_B,3.65,3.85,4.38,3.91,0
T00000049,Model_B,4.36,3.56,4.56,4.28,0
T00000053,Model_B,4.56,4.33,3.57,4.29,0
T00000056,Model_B,4.19,4.0,3.35,3.83,0
T00000060,Model_B,4.42,4.41,4.32,4.43,0
T00000061,Model_B,4.74,4.09,4.42,4.54,0
T00000062,Model_B,4.34,4.31,3.04,4.22,0
T00000063,Model_B,3.95,3.36,4.15,3.7,0
T00000067,Model_B,4.93,4.39,3.36,4.2,0
T00000074,Model_B,4.52,4.37,4.42,4.39,0
T00000075,Model_B,3.87,4.3,4.1,3.68,0
T00000076,Model_B,4.42,4.74,3.45,3.96,1
T00000079,Model_B,4.08,4.9,5.0,4.72,0
T00000081,Model_B,4.01,3.67,3.83,3.84,0
T00000084,Model_B,4.42,4.29,3.98,4.18,0
T00000086,Model_B,4.54,5.0,3.97,4.69,0
T00000087,Model_B,4.6,3.76,3.28,3.87,0
T00000088,Model_B,4.6,3.86,5.0,4.54,0
T00000089,Model_B,4.19,5.0,3.92,4.49,0
T00000091,Model_B,4.45,3.86,3.88,4.16,0
T00000093,Model_B,4.04,4.04,3.54,3.94,0
T00000094,Model_B,5.0,3.78,3.84,4.19,0
T00000095,Model_B,4.47,4.15,3.47,4.1,0
T00000096,Model_B,4.9,3.97,4.62,4.59,0
T00000103,Model_B,5.0,3.74,4.48,4.28,0
T00000112,Model_B,4.88,4.8,4.41,4.69,0
T00000118,Model_B,4.39,4.33,3.85,4.32,0
T00000119,Model_B,4.53,4.74,5.0,5.0,0
T00000122,Model_B,4.66,3.73,5.0,4.49,0
T00000124,Model_B,4.27,4.65,3.71,4.48,0
T00000126,Model_B,4.44,4.06,4.63,4.51,0
T00000128,Model_B,5.0,3.27,4.54,4.28,0
T00000129,Model_B,4.77,4.46,4.23,4.41,0
T00000130,Model_B,5.0,3.97,4.15,4.42,0
T00000131,Model_B,4.55,3.77,4.06,4.17,0
T00000138,Model_B,3.82,4.22,4.31,4.25,0
T00000139,Model_B,4.9,4.63,4.17,4.87,0
T00000143,Model_B,3.72,4.04,4.2,3.62,0
T00000145,Model_B,4.9,3.92,3.79,4.05,0
T00000148,Model_B,4.72,4.48,4.04,4.46,0
T00000150,Model_B,4.05,3.09,5.0,4.0,1
T00000154,Model_B,4.2,3.99,4.36,4.28,0
T00000161,Model_B,3.92,3.97,4.47,4.32,0
T00000167,Model_B,4.5,4.17,4.28,4.34,0
T00000169,Model_B,4.51,4.17,3.84,4.35,0
T00000177,Model_B,4.01,3.5,3.47,3.72,0
T00000179,Model_B,4.39,4.12,4.06,4.29,0
T00000180,Model_B,4.51,3.09,4.36,3.86,0
T00000181,Model_B,4.95,4.77,4.77,5.0,0
T00000185,Model_B,3.44,5.0,4.01,4.16,0
T00000189,Model_B,4.28,4.13,4.4,4.16,0
T00000191,Model_B,3.97,3.95,3.94,4.04,0
T00000194,Model_B,3.94,4.67,4.09,4.38,0
T00000195,Model_B,4.89,4.19,4.03,4.27,0
T00000196,Model_B,4.16,4.43,3.33,4.25,0
T00000203,Model_B,3.78,3.87,4.93,4.24,0
T00000213,Model_B,4.54,3.91,4.09,4.34,0
T00000216,Model_B,4.47,4.51,3.92,4.39,0
T00000219,Model_B,4.22,4.72,5.0,4.59,0
T00000224,Model_B,4.98,3.61,3.92,4.29,0
T00000225,Model_B,3.57,4.26,4.7,4.22,0
T00000227,Model_B,4.93,4.91,4.1,4.87,0
T00000228,Model_B,4.49,4.65,4.83,4.69,0
T00000230,Model_B,4.06,4.03,4.89,4.15,0
T00000242,Model_B,4.43,3.56,3.69,3.8,0
T00000245,Model_B,5.0,4.38,3.58,4.27,0
T00000255,Model_B,4.7,4.34,3.83,4.27,0
T00000256,Model_B,4.44,4.06,4.84,4.75,0
T00000267,Model_B,3.93,4.15,4.34,3.99,0
T00000268,Model_B,4.51,4.36,3.99,4.26,0
T00000272,Model_B,5.0,3.69,4.74,4.42,0
T00000273,Model_B,4.9,3.97,3.5,3.69,0
T00000274,Model_B,4.74,4.49,4.68,4.61,0
T00000276,Model_B,4.58,3.49,4.8,4.38,0
T00000277,Model_B,4.68,4.79,4.18,4.81,0
T00000279,Model_B,3.57,4.27,4.38,3.78,0
T00000282,Model_B,4.6,4.11,4.51,4.57,0
T00000283,Model_B,4.27,4.66,3.48,4.21,0
T00000285,Model_B,4.38,4.61,3.71,4.33,0
T00000286,Model_B,4.6,4.99,3.99,4.63,0
T00000292,Model_B,4.14,4.38,4.22,4.16,0
T00000293,Model_B,3.83,4.13,4.88,4.01,0
T00000297,Model_B,5.0,4.85,3.82,4.29,0
T00000298,Model_B,3.63,4.28,4.03,3.97,0
T00000299,Model_B,5.0,4.31,4.16,4.55,0
T00000301,Model_B,5.0,4.38,4.37,4.82,0
T00000303,Model_B,4.52,5.0,3.59,4.55,0
T00000308,Model_B,4.02,4.33,4.12,4.2,0
T00000311,Model_B,3.78,3.77,3.62,3.5,0
T00000317,Model_B,4.31,4.74,4.0,4.33,0
T00000326,Model_B,4.49,4.38,4.1,4.49,0
T00000328,Model_B,3.87,4.11,4.07,4.05,0
T00000329,Model_B,3.81,4.47,4.08,4.11,0
T00000334,Model_B,4.15,3.6,4.05,3.75,0
T00000338,Model_B,3.92,4.24,4.07,4.4,0
T00000348,Model_B,3.61,3.27,3.58,3.42,0
T00000350,Model_B,3.82,4.34,4.12,4.29,0
T00000351,Model_B,4.66,3.73,4.1,4.27,0
T00000353,Model_B,3.7,4.68,5.0,4.57,0
T00000354,Model_B,4.58,4.61,4.41,4.18,0
T00000356,Model_B,4.22,4.18,4.59,4.07,0
T00000358,Model_B,5.0,4.59,4.75,4.76,0
T00000359,Model_B,5.0,4.07,4.57,4.53,0
T00000360,Model_B,5.0,4.92,3.86,4.77,0
T00000363,Model_B,4.73,3.33,3.35,3.78,0
T00000364,Model_B,4.99,5.0,4.02,4.7,0
T00000366,Model_B,4.56,4.0,4.33,4.43,0
T00000370,Model_B,4.15,3.47,4.74,3.98,0
T00000372,Model_B,4.5,4.59,4.23,4.29,0
T00000375,Model_B,3.24,3.95,4.09,3.81,0
T00000376,Model_B,4.34,3.77,4.51,4.25,0
T00000377,Model_B,4.57,4.24,3.79,4.23,0
T00000379,Model_B,5.0,3.91,3.8,4.33,0
T00000382,Model_B,4.06,4.15,4.28,4.03,0
T00000384,Model_B,3.88,4.49,4.52,4.18,0
T00000386,Model_B,4.16,4.82,4.62,4.69,0
T00000388,Model_B,4.22,4.51,3.97,3.89,1
T00000389,Model_B,4.73,3.85,5.0,4.62,0
T00000393,Model_B,4.89,4.48,3.36,4.23,0
T00000395,Model_B,4.75,3.8,3.42,4.08,0
T00000400,Model_B,3.48,4.26,4.05,4.16,0
T00000401,Model_B,3.78,4.13,3.29,3.98,0
T00000404,Model_B,4.27,4.11,3.42,4.05,0
T00000407,Model_B,4.63,4.49,4.51,4.49,0
T00000414,Model_B,4.64,4.09,3.59,4.31,0
T00000416,Model_B,4.69,4.46,4.3,4.24,0
T00000418,Model_B,4.36,4.53,3.88,4.29,0
T00000419,Model_B,4.16,3.72,3.93,3.96,0
T00000421,Model_B,4.05,3.75,3.21,3.35,0
T00000429,Model_B,4.6,4.36,3.54,4.31,0
T00000432,Model_B,4.78,3.75,4.3,4.37,0
T00000436,Model_B,4.49,3.75,4.04,4.21,0
T00000438,Model_B,4.7,3.9,3.78,4.19,0
T00000439,Model_B,3.84,3.71,4.55,4.37,0
T00000440,Model_B,4.79,3.95,5.0,4.83,0
T00000445,Model_B,4.22,3.45,4.44,3.98,0
T00000449,Model_B,4.49,3.71,4.61,4.2,0
T00000452,Model_B,4.9,3.55,4.59,4.31,0
T00000456,Model_B,3.94,4.08,4.64,3.99,0
T00000459,Model_B,4.15,4.63,4.75,4.48,0
T00000461,Model_B,5.0,4.55,3.2,4.67,0
T00000465,Model_B,4.17,3.87,4.5,4.15,0
T00000466,Model_B,4.49,4.32,3.56,4.23,0
T00000467,Model_B,4.85,4.48,4.61,4.58,0
T00000469,Model_B,4.96,4.37,5.0,4.7,0
T00000470,Model_B,4.37,4.93,3.21,4.17,0
T00000475,Model_B,4.13,4.09,4.21,4.11,0
T00000476,Model_B,4.63,4.74,3.95,4.49,0
T00000477,Model_B,4.8,4.09,4.34,4.5,0
T00000479,Model_B,3.65,4.0,4.76,3.88,0
T00000480,Model_B,4.2,3.02,3.32,3.64,0
T00000481,Model_B,4.93,4.34,3.99,4.32,0
T00000483,Model_B,4.71,4.0,4.35,4.44,0
T00000485,Model_B,4.06,3.73,4.08,4.13,0
T00000486,Model_B,4.63,3.77,4.62,4.7,0
T00000494,Model_B,4.16,4.71,3.36,4.14,0
T00000500,Model_B,4.66,3.97,4.75,4.45,0
T00000501,Model_B,4.43,4.85,3.43,4.37,0
T00000502,Model_B,3.77,3.71,3.55,3.74,0
T00000505,Model_B,3.81,4.28,4.4,4.2,0
T00000509,Model_B,4.04,5.0,4.46,4.34,0
T00000511,Model_B,4.41,4.59,4.47,4.51,0
T00000515,Model_B,4.56,3.91,3.68,3.83,0
T00000521,Model_B,3.77,4.16,4.86,4.01,0
T00000522,Model_B,3.93,3.9,3.53,3.74,0
T00000523,Model_B,4.48,3.74,5.0,4.37,0
T00000525,Model_B,4.53,4.24,4.19,4.26,0
T00000528,Model_B,4.5,4.52,4.97,4.51,0
T00000539,Model_B,3.77,4.19,3.96,3.99,0
T00000542,Model_B,5.0,3.78,4.49,4.57,0
T00000543,Model_B,3.89,4.17,4.27,3.99,0
T00000547,Model_B,4.33,4.57,4.11,4.37,0
T00000549,Model_B,4.32,4.63,4.01,4.4,0
T00000550,Model_B,3.88,3.83,4.0,3.62,0
T00000553,Model_B,3.94,3.4,3.55,3.81,0
T00000554,Model_B,4.98,5.0,4.14,4.76,0
T00000555,Model_B,3.66,5.0,5.0,4.67,0
T00000561,Model_B,4.31,3.64,3.11,3.78,0
T00000570,Model_B,4.79,4.51,4.01,4.37,1
T00000572,Model_B,4.02,4.15,3.46,3.99,0
T00000576,Model_B,3.92,4.42,4.07,4.02,0
T00000579,Model_B,5.0,4.16,4.32,4.64,0
T00000584,Model_B,4.43,4.33,4.82,4.49,0
T00000588,Model_B,5.0,3.82,4.38,4.52,0
T00000589,Model_B,3.55,3.84,4.49,4.03,0
T00000593,Model_B,4.66,4.05,5.0,4.41,0
T00000594,Model_B,3.88,5.0,3.46,4.25,0
T00000602,Model_B,4.62,4.34,4.19,4.51,0
T00000603,Model_B,5.0,3.69,3.65,3.8,0
T00000613,Model_B,4.37,3.66,4.48,4.14,0
T00000617,Model_B,4.21,3.95,4.66,4.47,0
T00000618,Model_B,4.28,4.5,4.26,4.33,0
T00000619,Model_B,4.39,4.63,4.0,4.37,0
T00000621,Model_B,4.25,4.51,4.09,4.27,0
T00000622,Model_B,4.91,3.76,4.47,4.49,0
T00000624,Model_B,4.8,4.22,4.55,4.74,0
T00000626,Model_B,5.0,4.13,3.84,4.42,0
T00000627,Model_B,4.4,4.13,4.18,4.13,0
T00000628,Model_B,4.73,4.59,3.95,4.3,0
T00000629,Model_B,5.0,4.11,3.73,4.13,0
T00000634,Model_B,5.0,4.05,3.59,4.31,0
T00000636,Model_B,5.0,4.56,3.63,4.52,0
T00000637,Model_B,4.19,5.0,4.67,4.77,0
T00000639,Model_B,4.71,4.61,3.71,4.42,0
T00000644,Model_B,4.69,3.71,3.68,4.07,0
T00000645,Model_B,4.56,4.29,3.92,4.25,0
T00000648,Model_B,5.0,3.52,4.36,4.43,0
T00000653,Model_B,4.57,3.68,3.99,3.83,0
T00000656,Model_B,5.0,4.74,3.89,4.49,0
T00000660,Model_B,4.92,3.48,4.37,4.16,0
T00000661,Model_B,4.54,4.36,4.79,4.48,0
T00000662,Model_B,4.14,3.55,4.12,3.74,0
T00000663,Model_B,4.72,4.69,4.18,4.72,0
T00000664,Model_B,4.41,4.47,4.25,4.33,0
T00000666,Model_B,3.8,3.72,3.85,3.64,0
T00000667,Model_B,4.2,4.36,4.52,4.09,0
T00000668,Model_B,4.5,4.28,4.34,4.51,0
T00000669,Model_B,3.59,3.17,4.33,3.72,0
T00000674,Model_B,4.82,3.89,3.96,4.49,0
T00000676,Model_B,4.17,4.72,3.21,3.73,0
T00000677,Model_B,4.68,3.36,4.14,3.93,0
T00000679,Model_B,4.49,4.61,3.42,4.32,0
T00000682,Model_B,4.45,4.27,4.07,4.65,0
T00000683,Model_B,3.67,4.43,3.97,3.99,0
T00000687,Model_B,3.35,3.27,3.61,3.31,0
T00000690,Model_B,4.72,4.21,4.05,4.6,0
T00000692,Model_B,4.1,4.18,4.48,4.06,0
T00000693,Model_B,4.5,3.94,3.65,4.36,0
T00000695,Model_B,4.79,3.56,3.76,4.02,0
T00000700,Model_B,4.45,4.18,3.07,4.16,0
T00000701,Model_B,4.33,3.95,4.63,4.55,0
T00000702,Model_B,3.66,3.84,4.07,3.82,0
T00000703,Model_B,4.16,4.05,3.77,3.85,0
T00000705,Model_B,3.93,3.95,3.94,4.09,0
T00000706,Model_B,3.96,3.94,4.21,3.73,0
T00000708,Model_B,4.02,4.09,4.5,4.39,0
T00000713,Model_B,4.8,4.05,5.0,4.59,0
T00000714,Model_B,4.13,4.03,4.67,4.25,0
T00000715,Model_B,4.5,4.24,3.27,4.1,0
T00000716,Model_B,4.54,4.4,3.52,4.33,0
T00000720,Model_B,4.5,3.74,3.41,3.71,0
T00000722,Model_B,4.74,3.81,4.21,4.04,0
T00000724,Model_B,4.7,3.94,4.14,4.33,0
T00000726,Model_B,4.6,4.02,4.08,4.4,0
T00000730,Model_B,5.0,4.89,4.86,4.68,0
T00000736,Model_B,5.0,4.28,4.17,4.55,0
T00000740,Model_B,4.15,4.23,4.93,4.57,0
T00000744,Model_B,4.09,3.14,3.69,3.41,0
T00000745,Model_B,4.77,4.34,4.96,4.87,0
T00000747,Model_B,3.31,4.39,4.64,3.74,0
T00000752,Model_B,3.69,4.07,3.73,3.61,0
T00000753,Model_B,4.41,4.53,4.25,4.66,0
T00000755,Model_B,4.23,4.09,4.48,4.12,0
T00000761,Model_B,3.82,3.86,4.02,3.69,0
T00000768,Model_B,3.84,4.21,4.21,3.88,0
T00000772,Model_B,4.01,3.92,4.29,4.1,0
T00000773,Model_B,4.06,4.05,3.34,3.87,0
T00000774,Model_B,4.0,4.4,2.91,3.9,0
T00000775,Model_B,4.04,4.78,4.35,4.34,0
T00000782,Model_B,4.85,5.0,4.73,4.95,1
T00000786,Model_B,4.64,3.73,3.89,3.83,0
T00000787,Model_B,4.23,3.97,4.14,4.19,0
T00000793,Model_B,4.8,4.56,4.31,4.65,0
T00000794,Model_B,4.76,4.5,4.08,4.27,0
T00000795,Model_B,5.0,3.83,4.34,4.24,0
T00000802,Model_B,4.0,4.32,4.12,4.22,0
T00000808,Model_B,4.63,4.0,4.52,4.56,0
T00000809,Model_B,4.34,4.09,4.59,4.24,0
T00000810,Model_B,4.41,3.86,3.54,3.77,0
T00000813,Model_B,4.74,4.23,3.76,4.5,0
T00000814,Model_B,5.0,4.57,3.96,4.72,0
T00000820,Model_B,4.12,3.71,4.77,4.23,0
T00000822,Model_B,3.74,3.96,4.23,3.91,0
T00000830,Model_B,3.51,4.45,4.05,3.85,0
T00000837,Model_B,4.36,4.1,4.18,4.16,0
T00000839,Model_B,4.03,4.47,3.57,4.13,0
T00000840,Model_B,4.72,3.63,4.0,4.28,0
T00000841,Model_B,4.64,3.62,4.73,3.98,0
T00000843,Model_B,4.38,4.18,3.67,4.0,0
T00000845,Model_B,3.96,4.59,4.56,3.95,0
T00000846,Model_B,4.56,4.74,4.04,4.6,0
T00000849,Model_B,4.18,4.6,3.91,4.15,0
T00000853,Model_B,4.09,3.65,4.89,4.37,0
T00000855,Model_B,3.56,4.91,4.43,4.16,0
T00000859,Model_B,4.38,4.04,3.76,4.01,0
T00000861,Model_B,3.24,4.22,4.5,4.01,0
T00000863,Model_B,3.97,4.77,4.0,4.3,0
T00000864,Model_B,3.83,3.7,4.41,4.08,0
T00000865,Model_B,4.73,3.76,2.96,3.74,0
T00000866,Model_B,4.73,4.41,3.32,4.33,0
T00000868,Model_B,5.0,3.58,3.87,4.0,0
T00000870,Model_B,4.35,4.64,2.95,3.71,0
T00000871,Model_B,4.43,4.26,4.58,4.7,0
T00000872,Model_B,3.85,3.78,4.23,3.4,0
T00000877,Model_B,4.3,4.07,4.97,4.24,0
T00000880,Model_B,3.39,3.85,3.51,3.77,0
T00000881,Model_B,4.26,4.17,3.91,4.29,0
T00000887,Model_B,4.04,4.17,3.5,4.11,0
T00000892,Model_B,3.8,3.86,3.58,3.55,0
T00000903,Model_B,3.77,4.76,4.19,4.17,0
T00000908,Model_B,4.7,4.12,3.58,4.24,0
T00000915,Model_B,3.41,4.2,3.68,3.85,0
T00000916,Model_B,4.46,4.38,4.11,4.46,0
T00000923,Model_B,5.0,4.03,3.75,4.6,0
T00000926,Model_B,4.19,4.92,3.92,4.3,0
T00000928,Model_B,4.16,4.82,3.91,4.52,0
T00000931,Model_B,4.06,4.32,3.94,4.1,0
T00000935,Model_B,5.0,4.76,3.97,4.66,0
T00000937,Model_B,4.45,5.0,4.67,4.62,0
T00000941,Model_B,4.11,3.46,4.21,3.56,0
T00000942,Model_B,3.69,3.66,4.19,3.71,0
T00000949,Model_B,4.11,4.2,4.4,3.96,0
T00000950,Model_B,4.43,4.56,3.93,4.25,0
T00000951,Model_B,3.81,4.46,4.48,4.42,0
T00000954,Model_B,3.34,4.47,3.67,3.82,0
T00000958,Model_B,3.57,4.46,4.33,4.15,0
T00000966,Model_B,4.25,4.08,3.96,4.32,0
T00000967,Model_B,4.38,3.88,3.84,3.92,0
T00000968,Model_B,3.67,4.76,3.98,4.14,0
T00000978,Model_B,3.69,3.65,3.66,3.73,0
T00000982,Model_B,4.73,4.95,3.93,4.57,0
T00000984,Model_B,3.8,4.78,3.3,3.97,0
T00000985,Model_B,4.14,4.75,4.47,4.51,0
T00000988,Model_B,4.36,4.59,3.99,4.3,0
T00000991,Model_B,4.42,4.24,4.65,4.56,0
T00000993,Model_B,4.17,4.01,3.91,4.18,0
T00000995,Model_B,5.0,4.46,3.9,4.42,0
T00000996,Model_B,4.41,4.52,3.78,3.8,0
T00001002,Model_B,2.97,3.48,3.99,3.5,0
T00001006,Model_B,5.0,4.48,4.1,4.37,0
T00001007,Model_B,4.91,4.2,4.9,4.65,0
T00001010,Model_B,5.0,3.76,4.49,4.66,0
T00001016,Model_B,4.94,3.85,3.04,4.14,0
T00001018,Model_B,3.62,3.73,3.49,3.73,0
T00001019,Model_B,4.69,3.7,3.78,4.15,0
T00001020,Model_B,4.27,4.44,4.49,4.3,0
T00001021,Model_B,4.25,4.18,3.29,4.22,0
T00001023,Model_B,4.4,4.3,4.47,4.5,0
T00001024,Model_B,4.48,3.97,3.88,4.44,0
T00001025,Model_B,4.05,3.55,3.55,3.58,0
T00001028,Model_B,4.18,4.21,3.94,4.25,0
T00001029,Model_B,3.91,4.7,4.24,4.23,0
T00001031,Model_B,4.16,4.24,3.95,4.16,0
T00001032,Model_B,3.57,5.0,4.17,4.17,0
T00001033,Model_B,4.52,4.56,2.5,3.85,0
T00001034,Model_B,3.96,3.89,4.76,3.88,0
T00001037,Model_B,3.57,3.51,4.77,3.93,0
T00001039,Model_B,5.0,3.74,4.49,4.45,0
T00001040,Model_B,4.49,3.88,3.42,3.98,0
T00001041,Model_B,4.76,3.53,3.74,4.03,0
T00001044,Model_B,4.77,4.29,4.35,4.6,0
T00001045,Model_B,3.72,4.54,3.82,4.0,0
T00001049,Model_B,4.94,4.0,4.17,4.44,0
T00001051,Model_B,3.79,4.26,4.25,3.96,0
T00001052,Model_B,4.92,3.87,4.6,4.34,0
T00001054,Model_B,4.23,4.37,4.36,4.33,0
T00001059,Model_B,4.7,4.88,4.67,4.92,0
T00001063,Model_B,3.55,4.5,4.48,4.15,0
T00001065,Model_B,3.93,3.6,4.56,3.8,0
T00001066,Model_B,4.91,4.19,3.56,4.31,0
T00001069,Model_B,4.74,3.8,4.06,4.41,0
T00001071,Model_B,4.6,3.34,3.48,4.23,0
T00001072,Model_B,4.09,3.87,4.41,3.82,0
T00001073,Model_B,4.26,3.94,3.24,3.7,0
T00001078,Model_B,4.17,4.13,4.16,4.18,0
T00001079,Model_B,4.84,4.07,4.27,4.54,0
T00001083,Model_B,4.22,4.43,3.96,4.33,0
T00001085,Model_B,4.35,4.96,4.58,4.7,0
T00001088,Model_B,4.95,4.01,3.76,4.14,1
T00001089,Model_B,4.45,4.13,3.67,4.07,0
T00001093,Model_B,4.51,4.26,3.84,4.41,0
T00001094,Model_B,3.89,4.36,4.56,4.08,0
T00001095,Model_B,4.9,4.69,5.0,4.82,0
T00001099,Model_B,3.95,3.43,4.29,3.78,0
T00001101,Model_B,4.3,4.65,4.06,4.34,0
T00001103,Model_B,3.68,4.6,4.22,4.21,0
T00001106,Model_B,4.25,4.15,3.84,4.2,0
T00001107,Model_B,3.95,3.85,4.6,4.11,0
T00001109,Model_B,4.07,4.68,3.79,4.12,0
T00001111,Model_B,4.28,4.03,3.66,4.0,0
T00001113,Model_B,5.0,4.69,4.45,4.74,0
T00001122,Model_B,4.41,3.56,4.01,4.18,0
T00001123,Model_B,3.88,4.67,3.41,3.97,0
T00001124,Model_B,4.34,3.89,3.49,4.13,0
T00001126,Model_B,4.76,4.92,4.25,4.55,0
T00001133,Model_B,4.59,3.89,3.91,4.1,0
T00001135,Model_B,4.57,3.48,4.26,4.2,0
T00001140,Model_B,4.49,4.07,4.54,4.22,0
T00001141,Model_B,3.8,4.4,4.42,3.91,0
T00001142,Model_B,3.92,4.27,4.68,4.17,0
T00001146,Model_B,4.17,4.13,4.21,4.25,0
T00001149,Model_B,4.62,4.99,3.48,4.54,0
T00001152,Model_B,4.62,4.3,4.34,4.55,0
T00001156,Model_B,4.81,3.93,4.18,4.25,0
T00001157,Model_B,5.0,4.32,4.1,4.61,0
T00001158,Model_B,3.98,4.13,4.62,4.68,0
T00001163,Model_B,4.57,4.76,3.91,4.56,0
T00001165,Model_B,4.7,3.65,4.82,4.63,0
T00001172,Model_B,4.89,4.7,3.6,5.0,0
T00001181,Model_B,4.55,4.52,4.34,4.22,0
T00001184,Model_B,4.93,4.1,3.96,4.57,0
T00001188,Model_B,4.88,4.0,4.5,4.56,0
T00001193,Model_B,4.62,4.44,4.51,4.81,0
T00001196,Model_B,4.88,4.67,4.42,4.84,0
T00001198,Model_B,4.51,3.37,3.65,3.82,0
T00001205,Model_B,4.51,4.34,4.54,4.22,0
T00001207,Model_B,4.99,4.51,3.91,4.61,0
T00001209,Model_B,4.3,3.71,3.98,3.74,0
T00001211,Model_B,4.39,4.31,5.0,4.49,0
T00001212,Model_B,4.54,4.38,3.77,4.27,0
T00001216,Model_B,3.87,4.6,4.28,4.3,0
T00001220,Model_B,3.2,3.97,3.63,3.66,0
T00001224,Model_B,3.66,4.36,3.78,4.08,0
T00001230,Model_B,3.54,4.62,4.51,4.26,0
T00001231,Model_B,4.39,3.75,4.52,4.22,0
T00001232,Model_B,4.7,4.28,3.85,4.41,0
T00001236,Model_B,4.4,3.88,4.16,4.2,0
T00001239,Model_B,5.0,4.46,4.31,4.4,0
T00001251,Model_B,3.89,4.09,4.37,4.28,0
T00001252,Model_B,4.67,3.57,3.45,3.77,0
T00001255,Model_B,4.66,4.15,4.06,4.46,0
T00001257,Model_B,4.29,4.4,3.6,4.07,0
T00001260,Model_B,4.67,3.95,3.57,4.02,0
T00001261,Model_B,4.49,4.4,4.25,4.57,0
T00001271,Model_B,4.17,4.71,4.15,4.25,0
T00001274,Model_B,3.7,4.71,3.21,3.84,0
T00001276,Model_B,4.47,4.18,4.43,4.41,0
T00001278,Model_B,4.74,4.19,3.74,4.23,0
T00001286,Model_B,4.94,4.66,4.69,4.77,0
T00001291,Model_B,4.34,4.24,4.64,4.35,0
T00001298,Model_B,4.91,4.64,3.42,4.43,0
T00001299,Model_B,4.33,4.63,4.31,4.45,0
T00001300,Model_B,4.92,4.39,4.14,4.37,0
T00001309,Model_B,4.74,4.7,3.66,4.41,0
T00001320,Model_B,4.43,3.3,3.28,3.54,0
T00001323,Model_B,4.07,5.0,4.89,4.74,0
T00001325,Model_B,4.03,3.95,4.93,4.5,0
T00001327,Model_B,4.69,4.7,4.6,4.82,0
T00001333,Model_B,5.0,3.87,4.84,4.38,0
T00001334,Model_B,4.03,3.95,4.23,4.24,0
T00001336,Model_B,5.0,4.8,4.25,4.84,0
T00001337,Model_B,4.24,5.0,3.86,4.35,0
T00001343,Model_B,4.07,4.74,3.46,4.31,0
T00001349,Model_B,3.8,4.79,3.53,4.21,0
T00001351,Model_B,5.0,4.76,4.0,4.61,0
T00001357,Model_B,4.38,4.3,4.73,4.37,0
T00001362,Model_B,4.06,3.98,4.61,4.17,0
T00001372,Model_B,4.34,4.76,4.09,4.45,0
T00001377,Model_B,3.19,4.41,3.32,3.54,0
T00001379,Model_B,4.32,3.9,4.38,4.15,0
T00001385,Model_B,4.17,3.81,4.01,3.98,0
T00001387,Model_B,4.09,5.0,4.21,4.2,0
T00001388,Model_B,3.61,4.1,4.41,4.04,0
T00001395,Model_B,4.46,4.31,4.35,4.53,0
T00001397,Model_B,4.61,5.0,4.21,4.27,0
T00001399,Model_B,4.18,3.59,4.52,3.99,0
T00001404,Model_B,4.71,3.98,4.07,4.36,0
T00001405,Model_B,4.51,4.83,4.12,4.64,0
T00001409,Model_B,5.0,4.05,4.39,4.7,0
T00001417,Model_B,4.09,4.05,3.3,3.8,0
T00001418,Model_B,4.88,3.6,4.25,4.45,0
T00001419,Model_B,4.05,3.58,4.01,3.88,0
T00001426,Model_B,4.72,3.47,5.0,4.13,0
T00001428,Model_B,5.0,4.91,4.52,4.83,0
T00001430,Model_B,3.75,4.0,3.97,3.96,0
T00001433,Model_B,3.85,3.6,4.29,3.7,0
T00001435,Model_B,3.7,4.81,4.85,4.6,0
T00001436,Model_B,4.73,4.42,3.93,4.49,0
T00001437,Model_B,4.45,4.61,3.0,4.14,0
T00001438,Model_B,3.22,3.89,4.79,3.85,0
T00001440,Model_B,4.43,4.46,4.02,4.51,0
T00001445,Model_B,3.62,3.41,3.82,3.53,0
T00001449,Model_B,4.41,4.8,4.34,4.39,0
T00001451,Model_B,4.58,3.88,4.56,4.24,0
T00001453,Model_B,4.01,3.29,4.18,3.78,0
T00001455,Model_B,4.09,4.29,3.91,4.16,0
T00001456,Model_B,4.88,4.18,3.78,4.23,0
T00001459,Model_B,3.51,4.45,4.62,3.98,0
T00001460,Model_B,3.97,4.39,3.64,4.29,0
T00001468,Model_B,5.0,4.88,3.66,4.6,0
T00001469,Model_B,4.9,4.5,4.78,4.51,0
T00001471,Model_B,4.1,4.5,3.85,4.36,0
T00001472,Model_B,4.33,4.54,4.92,4.53,0
T00001476,Model_B,4.75,3.43,3.97,4.13,0
T00001480,Model_B,4.2,4.01,4.25,4.23,0
T00001481,Model_B,4.45,3.11,4.05,3.77,0
T00001484,Model_B,5.0,4.65,3.84,4.34,0
T00001490,Model_B,4.89,4.25,4.45,4.27,0
T00001491,Model_B,4.17,4.77,4.67,4.39,0
T00001493,Model_B,4.44,4.11,3.87,4.13,0
T00001494,Model_B,4.51,4.32,4.07,4.21,0
T00001495,Model_B,4.09,4.14,4.09,4.05,0
T00001497,Model_B,4.92,3.98,4.6,4.37,0
T00001499,Model_B,3.91,3.92,3.65,3.5,0
T00001500,Model_B,4.53,4.11,3.42,4.17,0
T00001505,Model_B,3.84,4.51,4.51,4.17,1
T00001507,Model_B,3.99,4.01,3.87,3.87,0
T00001508,Model_B,3.62,4.59,4.21,3.96,0
T00001512,Model_B,4.13,3.7,4.32,3.72,0
T00001513,Model_B,4.28,4.55,4.11,4.33,0
T00001520,Model_B,4.2,4.23,3.68,4.1,0
T00001525,Model_B,4.77,4.5,4.04,4.52,0
T00001526,Model_B,4.74,3.5,4.43,4.3,0
T00001528,Model_B,4.66,4.35,3.89,4.57,0
T00001530,Model_B,4.22,4.56,3.91,4.19,0
T00001534,Model_B,4.76,3.61,4.28,4.33,0
T00001538,Model_B,4.2,3.84,3.78,4.03,0
T00001540,Model_B,4.46,3.65,3.69,3.72,0
T00001542,Model_B,3.97,3.91,4.12,4.33,0
T00001548,Model_B,4.42,3.57,3.76,3.64,0
T00001554,Model_B,4.08,4.81,3.49,4.15,0
T00001556,Model_B,3.98,3.74,3.89,3.99,0
T00001561,Model_B,4.53,4.44,4.17,4.28,0
T00001565,Model_B,4.37,4.95,4.83,4.89,0
T00001566,Model_B,3.79,4.24,4.49,4.21,0
T00001570,Model_B,4.5,3.98,4.78,4.55,0
T00001574,Model_B,3.57,3.91,3.85,3.76,0
T00001576,Model_B,3.16,4.39,3.72,3.83,0
T00001578,Model_B,4.6,5.0,4.85,4.77,0
T00001585,Model_B,4.14,4.78,3.84,4.22,0
T00001588,Model_B,4.61,4.11,3.84,3.93,0
T00001593,Model_B,4.49,4.19,4.26,4.09,0
T00001595,Model_B,5.0,4.15,4.05,4.17,0
T00001598,Model_B,4.1,3.69,4.05,3.96,0
T00001600,Model_B,4.52,4.85,4.48,4.4,0
T00001605,Model_B,4.12,3.47,3.89,3.73,0
T00001606,Model_B,4.24,4.7,3.84,4.54,0
T00001607,Model_B,5.0,3.88,3.93,4.55,0
T00001610,Model_B,4.96,4.22,3.52,4.4,0
T00001612,Model_B,4.52,4.53,4.01,4.33,0
T00001620,Model_B,4.06,4.45,3.76,4.16,0
T00001626,Model_B,3.99,4.58,4.14,3.92,0
T00001629,Model_B,4.6,4.09,3.14,3.87,0
T00001632,Model_B,4.34,4.63,4.51,4.29,0
T00001633,Model_B,4.29,5.0,3.82,4.41,0
T00001634,Model_B,4.24,3.81,3.29,3.75,0
T00001635,Model_B,5.0,4.9,3.73,4.65,0
T00001636,Model_B,3.91,3.0,3.48,3.7,0
T00001637,Model_B,4.02,4.39,3.79,4.26,0
T00001639,Model_B,5.0,3.88,4.53,4.39,0
T00001652,Model_B,4.54,3.54,3.46,3.59,0
T00001653,Model_B,3.56,4.25,4.5,4.21,0
T00001655,Model_B,5.0,3.61,4.72,4.38,0
T00001656,Model_B,4.19,3.72,3.93,3.75,0
T00001657,Model_B,4.01,4.36,4.38,4.31,0
T00001658,Model_B,3.81,4.52,4.01,4.12,0
T00001660,Model_B,4.44,4.2,4.06,3.96,0
T00001665,Model_B,3.06,3.48,3.7,3.19,0
T00001667,Model_B,4.96,4.38,3.5,4.31,0
T00001671,Model_B,5.0,4.65,4.13,4.88,0
T00001675,Model_B,3.84,4.2,4.34,4.05,0
T00001678,Model_B,4.48,2.77,3.94,3.49,0
T00001679,Model_B,4.71,4.72,4.58,4.81,1
T00001687,Model_B,3.92,4.61,4.09,4.0,0
T00001688,Model_B,4.32,3.79,3.81,3.83,0
T00001692,Model_B,4.56,3.75,3.91,4.18,0
T00001695,Model_B,3.33,3.87,3.52,3.6,0
T00001697,Model_B,4.38,4.15,4.66,4.32,0
T00001698,Model_B,4.31,4.3,4.64,4.41,0
T00001699,Model_B,4.15,4.18,3.99,4.33,0
T00001700,Model_B,4.31,4.21,3.86,4.1,0
T00001704,Model_B,3.91,4.11,3.31,3.78,0
T00001708,Model_B,3.9,3.63,4.9,4.17,0
T00001709,Model_B,4.81,3.75,3.63,4.16,0
T00001710,Model_B,4.51,3.83,3.58,4.12,0
T00001713,Model_B,3.84,4.75,3.83,4.21,0
T00001714,Model_B,4.86,3.83,4.51,4.39,0
T00001718,Model_B,4.96,3.14,3.58,3.93,0
T00001726,Model_B,4.64,5.0,4.53,4.79,0
T00001727,Model_B,4.85,2.86,4.46,3.91,0
T00001734,Model_B,4.18,3.59,3.71,3.81,0
T00001740,Model_B,4.2,3.99,3.81,3.72,0
T00001743,Model_B,4.37,4.07,3.06,3.75,0
T00001744,Model_B,4.31,4.21,3.87,4.47,0
T00001746,Model_B,4.2,4.53,4.34,4.3,0
T00001755,Model_B,4.01,4.44,4.03,4.2,0
T00001760,Model_B,4.5,3.81,3.77,4.34,0
T00001768,Model_B,4.78,4.4,4.28,4.64,0
T00001770,Model_B,4.9,4.4,4.97,4.95,0
T00001772,Model_B,4.1,4.94,4.38,4.47,0
T00001787,Model_B,4.34,5.0,3.92,4.7,0
T00001792,Model_B,3.82,5.0,3.85,4.24,0
T00001795,Model_B,3.99,3.97,4.68,4.03,0
T00001796,Model_B,4.93,3.09,4.5,3.84,0
T00001797,Model_B,5.0,3.69,3.67,3.93,0
T00001801,Model_B,5.0,4.1,4.42,4.29,0
T00001802,Model_B,4.33,3.32,4.19,4.12,0
T00001804,Model_B,4.3,3.54,4.88,4.02,0
T00001806,Model_B,4.82,3.78,3.83,4.26,0
T00001811,Model_B,4.89,4.65,4.64,4.82,0
T00001813,Model_B,5.0,4.8,3.91,4.53,0
T00001817,Model_B,5.0,3.84,3.71,4.31,0
T00001821,Model_B,4.67,4.39,3.61,4.11,0
T00001826,Model_B,4.77,4.25,4.33,4.22,0
T00001827,Model_B,5.0,3.5,3.75,4.27,0
T00001830,Model_B,3.77,5.0,4.18,4.36,0
T00001831,Model_B,4.09,3.47,3.48,3.6,0
T00001836,Model_B,5.0,4.33,4.6,4.55,0
T00001840,Model_B,4.91,4.12,4.52,4.72,0
T00001847,Model_B,4.5,4.44,3.76,4.35,0
T00001850,Model_B,3.88,3.85,4.8,4.25,0
T00001851,Model_B,4.6,4.12,4.01,4.24,0
T00001855,Model_B,4.83,3.66,4.01,4.3,0
T00001856,Model_B,4.26,3.49,4.13,3.98,0
T00001858,Model_B,4.91,4.07,4.45,4.4,0
T00001860,Model_B,4.66,4.17,3.71,4.14,0
T00001863,Model_B,4.52,4.09,4.52,4.31,0
T00001864,Model_B,4.32,4.62,3.69,4.35,0
T00001868,Model_B,4.12,4.24,4.13,4.25,0
T00001871,Model_B,4.67,3.86,4.42,4.72,0
T00001879,Model_B,3.63,3.88,3.92,3.85,0
T00001883,Model_B,5.0,4.01,3.7,4.57,0
T00001884,Model_B,4.54,4.25,3.39,3.87,0
T00001893,Model_B,4.75,4.24,4.32,4.61,0
T00001897,Model_B,3.79,4.33,3.88,4.1,0
T00001902,Model_B,4.5,4.55,4.09,4.49,0
T00001913,Model_B,4.17,4.44,4.71,4.46,0
T00001919,Model_B,5.0,4.08,3.92,4.37,1
T00001921,Model_B,5.0,4.7,4.84,5.0,0
T00001923,Model_B,4.21,4.84,4.35,4.56,0
T00001930,Model_B,4.92,4.96,4.62,4.77,0
T00001931,Model_B,3.96,4.36,3.82,4.17,0
T00001934,Model_B,4.41,4.07,3.77,3.92,0
T00001937,Model_B,3.88,3.72,4.76,4.18,0
T00001939,Model_B,3.29,3.94,3.49,3.81,0
T00001944,Model_B,4.62,4.39,4.5,4.75,0
T00001945,Model_B,4.85,4.74,4.97,4.9,0
T00001948,Model_B,4.35,4.38,4.5,4.5,0
T00001951,Model_B,5.0,4.31,4.04,4.47,1
T00001953,Model_B,5.0,4.15,4.76,4.32,0
T00001959,Model_B,3.8,3.7,4.23,4.14,0
T00001968,Model_B,4.43,5.0,4.35,4.78,0
T00001973,Model_B,5.0,4.29,4.05,4.1,0
T00001978,Model_B,3.74,4.6,4.75,4.47,0
T00001980,Model_B,4.89,4.52,4.6,4.6,0
T00001984,Model_B,4.15,3.75,4.71,4.23,0
T00001990,Model_B,4.3,4.16,4.19,4.35,0
T00001998,Model_B,4.21,3.57,4.07,3.69,0
T00002002,Model_B,4.7,4.96,4.29,4.83,0
T00002006,Model_B,4.37,4.56,3.66,4.47,0
T00002009,Model_B,4.76,3.72,4.36,4.2,0
T00002010,Model_B,4.32,3.61,4.12,4.19,0
T00002012,Model_B,3.94,3.7,4.06,3.89,0
T00002014,Model_B,4.32,3.41,5.0,4.04,0
T00002018,Model_B,4.62,4.24,4.82,4.49,0
T00002019,Model_B,4.8,4.01,3.13,3.82,0
T00002020,Model_B,5.0,3.98,4.08,4.43,0
T00002022,Model_B,4.67,3.99,3.61,4.2,0
T00002023,Model_B,5.0,4.57,3.67,4.8,0
T00002025,Model_B,3.94,4.91,3.85,4.7,0
T00002026,Model_B,3.95,4.7,3.89,4.18,0
T00002027,Model_B,4.47,4.61,3.99,4.36,0
T00002029,Model_B,4.03,4.18,4.47,3.87,0
T00002032,Model_B,4.27,4.3,4.54,4.27,0
T00002033,Model_B,4.59,4.72,3.53,4.29,0
T00002034,Model_B,4.39,3.95,3.36,3.95,0
T00002035,Model_B,4.21,4.34,3.65,4.11,0
T00002039,Model_B,4.76,4.75,4.91,4.83,0
T00002045,Model_B,4.71,3.94,4.49,4.51,0
T00002047,Model_B,5.0,4.22,3.53,4.31,0
T00002052,Model_B,5.0,3.75,4.48,4.37,0
T00002053,Model_B,3.77,3.95,3.93,3.7,0
T00002056,Model_B,3.54,4.23,3.47,3.86,0
T00002061,Model_B,3.97,4.08,4.0,3.85,0
T00002062,Model_B,4.05,4.68,4.17,4.43,0
T00002063,Model_B,4.04,4.47,4.16,4.09,0
T00002065,Model_B,4.4,5.0,3.7,4.56,0
T00002066,Model_B,4.98,3.53,4.63,4.62,0
T00002068,Model_B,5.0,4.01,3.64,4.24,0
T00002074,Model_B,4.58,4.71,3.95,4.75,0
T00002077,Model_B,4.08,4.57,4.06,4.16,0
T00002079,Model_B,4.1,4.17,3.85,4.18,0
T00002083,Model_B,4.25,3.88,3.11,3.73,0
T00002085,Model_B,4.4,4.66,3.97,4.33,0
T00002097,Model_B,4.51,5.0,4.03,4.69,0
T00002098,Model_B,4.39,3.63,3.65,3.8,0
T00002100,Model_B,3.57,3.94,4.36,3.9,0
T00002102,Model_B,4.28,4.19,4.28,4.27,0
T00002103,Model_B,4.5,4.44,3.7,3.92,0
T00002108,Model_B,3.95,4.51,3.95,4.26,0
T00002109,Model_B,3.6,4.07,4.41,3.84,0
T00002113,Model_B,5.0,4.07,3.96,4.4,0
T00002126,Model_B,4.87,4.27,3.63,4.48,0
T00002133,Model_B,3.86,4.33,3.71,3.78,0
T00002136,Model_B,4.67,4.67,3.91,4.46,0
T00002138,Model_B,3.6,4.98,4.97,4.57,0
T00002142,Model_B,5.0,5.0,2.8,4.53,0
T00002144,Model_B,4.65,3.77,4.04,4.37,0
T00002146,Model_B,3.57,4.46,4.14,4.27,0
T00002147,Model_B,4.62,3.39,4.03,4.21,0
T00002149,Model_B,4.8,4.21,4.23,4.64,0
T00002150,Model_B,4.29,4.5,4.57,4.22,0
T00002151,Model_B,4.18,3.93,3.91,4.07,0
T00002152,Model_B,4.36,5.0,3.9,4.26,0
T00002155,Model_B,4.68,4.28,3.81,4.27,0
T00002157,Model_B,4.53,3.55,3.19,3.94,0
T00002160,Model_B,4.34,4.21,3.99,4.1,0
T00002162,Model_B,4.06,4.47,4.78,4.4,0
T00002164,Model_B,4.19,4.75,3.73,4.14,0
T00002167,Model_B,4.16,4.13,3.84,3.77,0
T00002171,Model_B,5.0,4.89,4.95,4.95,0
T00002174,Model_B,3.94,4.54,3.76,3.95,0
T00002175,Model_B,5.0,3.49,4.25,3.96,0
T00002178,Model_B,4.93,5.0,3.91,4.59,0
T00002182,Model_B,4.61,4.48,3.44,4.17,0
T00002185,Model_B,3.31,3.67,3.45,3.35,0
T00002190,Model_B,4.07,2.66,3.41,3.28,0
T00002192,Model_B,4.63,4.41,4.12,3.97,0
T00002194,Model_B,4.35,3.83,3.7,4.14,0
T00002195,Model_B,4.04,4.39,3.84,3.82,0
T00002197,Model_B,4.7,4.35,3.97,4.34,0
T00002199,Model_B,4.6,5.0,4.55,4.75,0
T00002202,Model_B,4.81,3.9,4.5,4.46,0
T00002205,Model_B,3.99,4.25,4.44,4.28,0
T00002206,Model_B,4.97,3.92,4.36,4.29,0
T00002210,Model_B,3.67,5.0,3.98,4.43,0
T00002214,Model_B,4.85,4.22,4.66,4.46,0
T00002215,Model_B,3.59,4.28,3.68,3.71,0
T00002217,Model_B,3.78,4.04,3.66,4.03,0
T00002219,Model_B,4.8,4.2,4.18,4.41,0
T00002221,Model_B,3.64,4.3,3.79,3.76,0
T00002222,Model_B,4.12,4.89,4.88,4.6,0
T00002224,Model_B,5.0,4.15,4.49,4.48,0
T00002230,Model_B,5.0,4.29,4.58,4.73,0
T00002235,Model_B,4.03,4.85,4.39,4.47,0
T00002245,Model_B,4.83,3.82,4.79,4.68,0
T00002247,Model_B,4.06,4.27,4.23,4.03,0
T00002248,Model_B,4.3,4.59,4.12,4.37,0
T00002251,Model_B,4.2,3.98,3.97,3.9,0
T00002254,Model_B,3.69,4.09,4.4,4.25,0
T00002257,Model_B,3.56,3.79,4.49,3.79,0
T00002258,Model_B,4.28,4.26,3.84,4.13,0
T00002264,Model_B,4.48,3.77,3.64,4.16,0
T00002266,Model_B,3.89,4.34,4.7,4.26,0
T00002270,Model_B,3.76,4.47,4.87,4.27,0
T00002271,Model_B,4.05,3.84,3.88,3.89,0
T00002273,Model_B,4.17,3.96,4.43,4.23,0
T00002277,Model_B,3.6,4.14,3.37,3.66,0
T00002287,Model_B,3.73,4.0,3.53,3.91,1
T00002288,Model_B,4.2,3.84,4.44,4.24,0
T00002289,Model_B,4.82,5.0,4.52,4.53,0
T00002291,Model_B,4.56,4.21,3.95,4.4,0
T00002292,Model_B,4.57,4.8,4.04,4.38,0
T00002294,Model_B,4.39,4.31,4.25,4.34,0
T00002296,Model_B,3.7,4.49,4.57,4.01,0
T00002298,Model_B,4.31,4.42,3.75,4.24,0
T00002301,Model_B,4.67,4.68,4.22,4.46,0
T00002309,Model_B,4.8,2.83,3.91,3.7,0
T00002310,Model_B,4.71,5.0,4.14,4.82,0
T00002311,Model_B,4.17,3.65,3.57,3.7,0
T00002317,Model_B,3.79,4.85,3.75,4.31,0
T00002318,Model_B,5.0,4.72,4.25,4.64,1
T00002319,Model_B,3.67,4.19,3.88,4.16,0
T00002322,Model_B,3.82,4.75,4.79,4.35,0
T00002324,Model_B,4.21,4.22,4.13,4.38,0
T00002325,Model_B,3.51,4.24,4.95,4.14,0
T00002326,Model_B,5.0,4.63,4.65,4.94,0
T00002327,Model_B,3.98,4.24,3.87,3.84,0
T00002334,Model_B,3.87,4.12,4.76,4.12,0
T00002339,Model_B,3.33,4.64,4.13,3.73,0
T00002344,Model_B,4.61,3.68,3.18,3.92,0
T00002345,Model_B,4.48,4.34,3.55,4.05,0
T00002348,Model_B,4.46,3.9,3.59,3.94,0
T00002349,Model_B,3.49,4.16,3.71,3.96,0
T00002354,Model_B,3.44,4.56,4.15,4.03,0
T00002358,Model_B,3.81,3.83,4.77,3.91,0
T00002360,Model_B,3.94,3.79,3.58,3.71,0
T00002363,Model_B,3.91,3.82,4.54,4.47,0
T00002366,Model_B,4.81,4.75,4.56,4.87,0
T00002368,Model_B,4.58,4.25,4.33,4.59,0
T00002370,Model_B,4.28,3.96,4.57,4.18,0
T00002377,Model_B,4.22,3.92,4.25,4.03,0
T00002378,Model_B,4.35,5.0,4.2,4.36,0
T00002380,Model_B,5.0,3.77,4.13,4.15,0
T00002384,Model_B,3.7,3.78,3.96,3.61,0
T00002387,Model_B,4.03,4.22,3.7,3.91,0
T00002397,Model_B,4.19,3.89,3.71,4.24,0
T00002403,Model_B,3.98,4.43,3.45,4.09,0
T00002404,Model_B,4.48,3.26,3.6,3.56,0
T00002407,Model_B,4.56,4.6,3.86,4.27,0
T00002408,Model_B,4.39,4.29,4.22,4.33,0
T00002409,Model_B,4.92,4.43,4.1,4.5,0
T00002410,Model_B,4.74,4.53,3.6,4.25,0
T00002412,Model_B,4.51,4.72,4.84,4.78,0
T00002414,Model_B,4.68,3.72,4.3,4.15,0
T00002415,Model_B,4.33,4.41,3.69,4.11,0
T00002417,Model_B,5.0,4.39,3.38,4.35,0
T00002418,Model_B,4.4,4.12,4.6,4.37,0
T00002421,Model_B,3.65,3.99,3.66,3.46,0
T00002422,Model_B,5.0,4.12,3.11,4.16,0
T00002423,Model_B,4.61,5.0,3.95,4.79,0
T00002430,Model_B,3.34,4.52,4.64,4.18,0
T00002431,Model_B,3.53,4.46,2.97,3.65,0
T00002435,Model_B,4.33,4.18,4.39,4.5,0
T00002439,Model_B,4.14,5.0,3.17,4.35,0
T00002441,Model_B,3.9,4.36,4.01,3.85,0
T00002445,Model_B,4.88,4.1,4.45,4.44,0
T00002446,Model_B,5.0,3.98,3.77,4.31,0
T00002448,Model_B,3.66,3.48,5.0,3.73,0
T00002449,Model_B,4.63,3.83,4.41,4.16,0
T00002451,Model_B,4.4,3.42,4.2,3.83,0
T00002452,Model_B,4.61,4.27,4.64,4.5,0
T00002453,Model_B,4.42,4.38,4.47,4.51,0
T00002454,Model_B,4.13,3.53,4.05,3.85,0
T00002455,Model_B,4.32,3.43,4.15,3.89,0
T00002456,Model_B,5.0,4.05,4.26,4.54,0
T00002457,Model_B,4.27,5.0,3.44,4.25,0
T00002458,Model_B,3.55,3.4,4.11,3.44,0
T00002459,Model_B,4.15,3.34,3.93,3.79,0
T00002460,Model_B,4.58,4.98,3.04,3.78,0
T00002463,Model_B,4.4,4.68,4.31,4.28,0
T00002465,Model_B,4.33,4.05,3.87,4.41,0
T00002469,Model_B,4.86,4.29,4.03,4.41,0
T00002470,Model_B,4.07,3.47,4.23,3.85,0
T00002471,Model_B,4.68,3.87,3.51,4.28,0
T00002475,Model_B,3.95,4.5,3.98,4.09,0
T00002478,Model_B,4.64,4.12,3.33,4.2,0
T00002480,Model_B,3.94,4.88,4.55,4.57,0
T00002482,Model_B,3.64,3.67,4.48,4.19,0
T00002485,Model_B,3.77,4.59,3.72,4.01,0
T00002487,Model_B,3.26,4.51,4.42,4.18,0
T00002489,Model_B,4.81,3.88,4.71,4.46,0
T00002493,Model_B,4.7,4.37,3.11,4.0,0
T00002506,Model_B,4.32,4.23,3.83,4.14,0
T00002511,Model_B,4.09,5.0,4.67,4.63,0
T00002525,Model_B,5.0,4.35,3.55,4.15,0
T00002529,Model_B,4.31,4.13,4.45,4.32,0
T00002531,Model_B,4.59,4.77,4.41,4.78,0
T00002532,Model_B,5.0,4.37,3.71,4.37,0
T00002533,Model_B,4.46,4.38,3.43,4.3,0
T00002538,Model_B,4.69,4.09,3.81,4.07,0
T00002540,Model_B,5.0,4.39,3.56,4.34,0
T00002547,Model_B,5.0,3.94,3.01,4.06,0
T00002548,Model_B,4.52,3.92,4.05,4.32,0
T00002549,Model_B,4.08,4.42,4.39,4.18,0
T00002554,Model_B,4.77,2.72,4.19,3.81,0
T00002559,Model_B,4.63,4.13,4.03,4.17,1
T00002560,Model_B,4.62,5.0,4.1,4.74,0
T00002563,Model_B,5.0,3.68,4.65,4.44,0
T00002566,Model_B,3.55,3.74,4.31,3.9,0
T00002568,Model_B,4.9,3.88,3.07,4.04,0
T00002569,Model_B,4.66,4.38,4.03,4.21,0
T00002571,Model_B,3.59,4.77,3.99,3.97,0
T00002572,Model_B,5.0,4.78,4.36,4.67,0
T00002574,Model_B,3.88,4.61,4.53,4.35,0
T00002575,Model_B,4.38,3.71,4.34,4.16,0
T00002579,Model_B,5.0,4.62,4.03,4.42,0
T00002580,Model_B,3.44,3.89,4.48,3.96,0
T00002582,Model_B,4.34,4.09,4.32,4.09,0
T00002585,Model_B,4.52,4.42,4.89,4.79,0
T00002587,Model_B,4.8,4.19,4.5,4.49,0
T00002590,Model_B,3.59,3.97,4.61,4.06,0
T00002593,Model_B,4.21,4.42,3.25,3.78,0
T00002597,Model_B,5.0,3.84,3.79,4.37,0
T00002598,Model_B,4.83,4.59,4.72,4.56,0
T00002599,Model_B,4.67,3.58,4.48,4.11,0
T00002603,Model_B,4.7,4.94,4.04,5.0,0
T00002608,Model_B,4.27,4.6,4.43,4.46,0
T00002612,Model_B,4.29,3.83,3.42,3.95,0
T00002615,Model_B,4.88,5.0,4.39,4.77,0
T00002616,Model_B,4.29,4.77,4.0,4.41,0
T00002617,Model_B,3.75,3.65,4.76,3.87,0
T00002626,Model_B,3.84,4.06,5.0,4.16,0
T00002627,Model_B,5.0,4.05,4.09,4.38,0
T00002635,Model_B,4.33,3.75,4.62,3.93,0
T00002636,Model_B,3.24,4.57,4.03,3.87,0
T00002644,Model_B,4.68,4.94,3.45,4.49,0
T00002648,Model_B,4.04,4.17,4.59,4.13,0
T00002651,Model_B,5.0,3.4,3.91,4.15,0
T00002655,Model_B,4.29,3.84,4.96,4.51,0
T00002657,Model_B,4.54,4.09,4.19,4.23,0
T00002661,Model_B,4.63,4.1,3.55,4.37,0
T00002662,Model_B,4.68,3.86,4.16,4.25,0
T00002663,Model_B,4.4,4.26,4.22,4.3,0
T00002668,Model_B,4.21,4.6,4.38,4.21,0
T00002670,Model_B,3.87,4.19,4.89,4.18,0
T00002672,Model_B,3.92,4.11,3.75,4.13,0
T00002675,Model_B,4.85,4.34,4.44,4.46,0
T00002677,Model_B,3.59,5.0,4.01,4.3,0
T00002678,Model_B,5.0,3.5,4.48,4.24,0
T00002681,Model_B,4.5,4.16,4.24,4.35,0
T00002682,Model_B,4.63,4.88,3.49,4.3,0
T00002684,Model_B,3.59,5.0,4.01,4.11,0
T00002687,Model_B,5.0,4.72,3.92,4.63,0
T00002688,Model_B,4.32,4.64,5.0,4.55,0
T00002690,Model_B,4.65,4.72,4.14,4.46,0
T00002695,Model_B,4.16,4.18,4.29,4.36,0
T00002696,Model_B,4.74,4.06,3.64,4.31,0
T00002699,Model_B,4.43,4.45,4.18,4.11,0
T00002704,Model_B,3.69,4.43,4.62,4.66,0
T00002706,Model_B,5.0,3.85,4.36,4.42,0
T00002713,Model_B,4.35,3.26,5.0,4.25,0
T00002720,Model_B,4.87,4.26,4.17,4.51,0
T00002722,Model_B,4.61,3.9,3.76,4.16,0
T00002725,Model_B,4.81,4.3,3.39,4.29,0
T00002728,Model_B,4.47,4.06,4.01,4.14,0
T00002732,Model_B,3.68,4.57,4.35,4.19,0
T00002735,Model_B,4.23,3.52,3.96,3.77,0
T00002739,Model_B,4.38,4.13,3.69,3.83,0
T00002740,Model_B,4.01,4.28,4.5,3.87,0
T00002743,Model_B,4.93,4.06,3.4,4.19,0
T00002745,Model_B,4.23,4.58,4.11,4.08,0
T00002747,Model_B,4.36,4.97,4.63,4.77,0
T00002748,Model_B,4.07,4.25,3.81,4.36,0
T00002754,Model_B,4.82,4.62,3.62,4.52,0
T00002755,Model_B,4.72,4.66,3.55,4.49,0
T00002760,Model_B,4.65,4.62,3.51,4.28,0
T00002763,Model_B,4.24,4.03,4.07,4.21,0
T00002766,Model_B,5.0,4.27,3.45,4.14,0
T00002767,Model_B,4.06,4.01,5.0,4.46,0
T00002770,Model_B,4.71,4.31,3.57,4.42,0
T00002774,Model_B,4.6,5.0,4.64,4.62,0
T00002778,Model_B,4.65,4.2,3.88,4.28,0
T00002779,Model_B,4.62,4.38,3.31,4.07,0
T00002783,Model_B,5.0,3.7,4.17,4.4,0
T00002786,Model_B,4.22,4.47,4.06,4.34,0
T00002787,Model_B,4.02,4.0,3.78,3.74,0
T00002788,Model_B,4.79,3.97,4.33,4.59,0
T00002790,Model_B,4.42,3.46,3.32,3.7,0
T00002791,Model_B,3.71,4.81,4.13,4.24,0
T00002793,Model_B,4.53,4.48,4.03,4.26,0
T00002794,Model_B,4.41,3.98,4.59,4.05,0
T00002797,Model_B,4.4,4.31,4.47,4.61,0
T00002800,Model_B,5.0,4.2,4.37,4.54,0
T00002805,Model_B,5.0,3.72,4.49,4.62,0
T00002806,Model_B,4.33,4.5,3.98,4.14,0
T00002808,Model_B,4.0,3.94,4.37,4.06,0
T00002812,Model_B,4.18,3.91,4.75,4.33,0
T00002813,Model_B,4.16,4.88,4.59,4.63,0
T00002821,Model_B,4.93,4.54,4.18,4.45,0
T00002822,Model_B,3.88,3.89,3.8,3.63,0
T00002823,Model_B,4.78,3.59,2.98,3.82,0
T00002825,Model_B,4.39,4.27,4.04,4.03,0
T00002827,Model_B,3.89,4.48,3.6,3.99,0
T00002828,Model_B,4.3,3.98,4.15,3.95,0
T00002832,Model_B,4.38,5.0,4.75,4.66,0
T00002837,Model_B,4.42,4.93,3.2,4.4,0
T00002840,Model_B,4.2,4.49,3.08,4.16,0
T00002842,Model_B,4.1,4.9,4.08,4.36,0
T00002843,Model_B,4.4,3.23,3.83,3.86,0
T00002852,Model_B,3.98,3.37,4.63,3.89,0
T00002853,Model_B,5.0,4.13,3.72,4.15,0
T00002855,Model_B,5.0,4.04,4.14,4.55,0
T00002858,Model_B,4.45,4.22,3.42,3.79,0
T00002859,Model_B,3.7,3.81,3.83,3.92,0
T00002862,Model_B,4.48,4.32,4.04,4.74,0
T00002865,Model_B,3.83,4.52,4.13,4.19,0
T00002867,Model_B,4.46,4.42,4.65,4.7,0
T00002868,Model_B,4.37,4.54,4.62,4.58,0
T00002873,Model_B,5.0,4.25,4.26,4.92,0
T00002879,Model_B,4.28,4.12,3.68,4.17,0
T00002880,Model_B,4.24,4.63,3.55,4.19,0
T00002881,Model_B,4.17,3.76,4.18,3.84,0
T00002882,Model_B,3.54,4.21,4.69,3.95,0
T00002885,Model_B,3.8,3.69,3.41,3.71,0
T00002889,Model_B,3.09,4.03,4.56,3.59,0
T00002890,Model_B,4.48,4.07,4.1,3.96,0
T00002892,Model_B,5.0,3.78,3.73,3.94,0
T00002895,Model_B,3.58,3.38,4.48,4.0,0
T00002897,Model_B,4.86,4.1,5.0,4.7,0
T00002898,Model_B,5.0,4.43,4.76,4.75,0
T00002900,Model_B,3.57,3.88,3.67,3.59,0
T00002901,Model_B,4.4,3.96,4.55,4.24,0
T00002902,Model_B,4.58,3.73,3.43,4.14,0
T00002905,Model_B,3.34,3.81,4.45,3.85,0
T00002906,Model_B,4.21,4.15,4.49,4.16,0
T00002908,Model_B,5.0,4.14,3.91,4.37,0
T00002910,Model_B,4.45,3.96,4.72,4.43,0
T00002911,Model_B,4.76,4.82,4.76,4.63,0
T00002912,Model_B,4.71,4.8,4.88,4.98,0
T00002918,Model_B,3.69,3.7,3.67,3.53,0
T00002919,Model_B,5.0,3.57,4.89,4.45,0
T00002926,Model_B,4.09,4.76,4.19,4.41,0
T00002927,Model_B,5.0,5.0,4.02,4.95,0
T00002928,Model_B,5.0,4.02,3.21,4.05,0
T00002931,Model_B,4.5,4.38,4.29,4.41,0
T00002932,Model_B,3.88,4.37,3.24,3.95,0
T00002936,Model_B,4.8,3.76,4.55,4.57,0
T00002937,Model_B,4.79,4.13,4.1,4.33,0
T00002939,Model_B,4.18,3.29,3.15,3.66,0
T00002942,Model_B,4.47,4.75,3.54,4.21,0
T00002945,Model_B,4.33,4.52,4.57,4.42,0
T00002946,Model_B,4.46,4.36,3.91,4.42,0
T00002947,Model_B,4.37,4.27,3.57,3.91,0
T00002948,Model_B,4.5,3.56,4.18,4.01,0
T00002955,Model_B,4.07,5.0,5.0,4.68,0
T00002956,Model_B,4.47,3.93,3.98,3.88,0
T00002959,Model_B,4.51,3.88,3.08,3.7,0
T00002961,Model_B,4.52,4.59,4.33,4.51,0
T00002963,Model_B,4.16,3.18,4.15,4.27,0
T00002965,Model_B,3.66,4.5,3.86,4.22,0
T00002966,Model_B,3.96,3.83,4.0,3.85,0
T00002985,Model_B,4.43,5.0,5.0,4.97,0
T00002986,Model_B,4.15,4.3,4.07,4.14,0
T00002987,Model_B,4.07,4.57,3.89,4.22,0
T00002990,Model_B,3.7,4.15,4.34,3.92,0
T00002992,Model_B,4.56,3.75,3.77,4.0,0
T00002997,Model_B,4.94,4.0,4.18,4.13,0
T00002999,Model_B,3.85,3.79,4.16,4.02,0
T00003000,Model_B,5.0,3.96,3.98,4.48,0
T00003006,Model_B,4.04,4.51,4.53,4.35,0
T00003008,Model_B,4.49,4.19,4.04,4.24,0
T00003009,Model_B,4.25,4.8,4.49,4.69,0
T00003014,Model_B,4.16,4.35,4.23,3.84,0
T00003015,Model_B,3.75,3.59,4.73,4.02,0
T00003016,Model_B,4.7,5.0,4.35,4.79,0
T00003018,Model_B,5.0,5.0,4.31,4.59,0
T00003020,Model_B,4.65,4.84,4.36,4.8,0
T00003023,Model_B,4.04,3.11,4.56,3.73,0
T00003026,Model_B,4.45,3.37,4.49,4.07,0
T00003027,Model_B,5.0,3.17,3.75,3.86,0
T00003030,Model_B,3.98,4.02,3.78,4.1,0
T00003040,Model_B,3.87,4.55,4.69,4.3,0
T00003041,Model_B,5.0,4.42,4.13,4.57,0
T00003044,Model_B,4.99,4.48,3.92,4.67,0
T00003045,Model_B,4.24,4.6,3.66,4.15,0
T00003058,Model_B,4.82,3.48,4.23,4.44,0
T00003060,Model_B,5.0,4.35,4.59,4.75,0
T00003063,Model_B,4.65,4.43,3.9,4.35,0
T00003064,Model_B,4.22,4.89,3.27,4.15,0
T00003066,Model_B,4.76,4.19,3.48,4.13,0
T00003071,Model_B,4.27,4.51,3.99,4.09,0
T00003072,Model_B,4.23,3.81,4.56,4.26,0
T00003073,Model_B,4.18,4.19,3.7,4.05,0
T00003074,Model_B,3.96,4.79,3.75,4.39,0
T00003075,Model_B,4.09,4.39,4.38,4.02,0
T00003076,Model_B,3.08,4.07,3.5,3.36,0
T00003077,Model_B,3.67,3.99,3.79,3.91,0
T00003079,Model_B,4.57,3.67,3.36,4.06,0
T00003080,Model_B,4.43,3.73,3.25,3.79,0
T00003085,Model_B,4.4,3.75,3.15,3.92,0
T00003088,Model_B,3.9,5.0,4.69,4.6,0
T00003093,Model_B,3.23,4.18,3.98,3.97,0
T00003095,Model_B,2.7,5.0,4.29,3.92,0
T00003098,Model_B,5.0,4.86,4.09,4.93,0
T00003108,Model_B,4.55,3.94,3.85,4.55,0
T00003109,Model_B,3.75,4.19,3.8,3.56,0
T00003111,Model_B,4.36,3.91,4.39,4.22,0
T00003114,Model_B,4.9,4.43,2.53,4.14,0
T00003118,Model_B,4.94,4.7,4.33,4.71,0
T00003122,Model_B,4.72,4.67,4.5,4.68,0
T00003123,Model_B,4.47,3.55,3.82,4.13,0
T00003124,Model_B,3.72,5.0,4.32,4.17,0
T00003126,Model_B,3.65,4.85,3.99,4.28,0
T00003129,Model_B,4.13,5.0,3.98,4.32,0
T00003130,Model_B,4.36,4.8,4.53,4.63,0
T00003135,Model_B,5.0,4.32,4.45,4.73,0
T00003136,Model_B,4.64,3.7,4.36,4.38,0
T00003137,Model_B,4.03,4.77,4.05,4.39,0
T00003138,Model_B,4.0,3.54,4.28,3.85,0
T00003140,Model_B,4.53,4.29,4.62,4.22,0
T00003142,Model_B,4.25,4.38,4.89,4.3,0
T00003143,Model_B,4.21,4.43,3.72,3.77,0
T00003144,Model_B,4.31,3.85,3.34,3.99,0
T00003145,Model_B,4.71,4.56,4.43,4.38,0
T00003153,Model_B,4.11,3.93,4.04,4.09,0
T00003154,Model_B,3.67,4.24,3.66,3.69,0
T00003156,Model_B,5.0,3.91,3.91,4.3,0
T00003158,Model_B,4.35,4.17,4.17,4.08,0
T00003160,Model_B,4.55,5.0,4.63,4.96,0
T00003163,Model_B,3.88,4.31,4.16,4.01,0
T00003164,Model_B,5.0,4.03,4.6,4.52,0
T00003166,Model_B,4.27,3.38,4.83,4.27,0
T00003171,Model_B,3.97,4.21,4.09,4.32,0
T00003172,Model_B,4.4,4.5,3.72,4.35,0
T00003173,Model_B,4.22,4.6,4.28,4.37,0
T00003176,Model_B,4.38,4.33,4.16,4.43,0
T00003183,Model_B,3.98,4.61,3.99,4.58,0
T00003184,Model_B,4.11,4.83,3.77,4.3,0
T00003185,Model_B,4.44,4.27,3.89,4.16,0
T00003189,Model_B,4.65,3.5,3.42,3.94,0
T00003190,Model_B,4.34,3.91,5.0,4.5,0
T00003195,Model_B,4.4,4.25,5.0,4.65,0
T00003197,Model_B,5.0,4.15,3.36,4.27,0
T00003201,Model_B,4.66,4.19,3.82,4.3,0
T00003203,Model_B,4.34,4.57,3.66,4.02,0
T00003205,Model_B,4.16,4.57,4.3,4.36,0
T00003206,Model_B,4.75,3.98,4.73,4.53,0
T00003207,Model_B,3.71,4.04,4.58,3.86,0
T00003209,Model_B,3.6,5.0,3.92,4.41,0
T00003210,Model_B,3.77,3.91,4.23,4.14,0
T00003211,Model_B,4.26,5.0,4.04,4.61,0
T00003214,Model_B,4.78,4.38,3.89,4.43,0
T00003217,Model_B,3.37,3.4,4.27,3.58,0
T00003218,Model_B,5.0,4.4,3.71,4.5,0
T00003220,Model_B,4.9,4.6,4.81,4.84,0
T00003221,Model_B,4.76,3.94,3.88,4.15,0
T00003223,Model_B,4.69,3.82,4.73,4.28,0
T00003225,Model_B,4.39,4.09,4.21,4.2,0
T00003231,Model_B,5.0,4.22,4.45,4.42,0
T00003234,Model_B,5.0,2.97,5.0,4.54,0
T00003235,Model_B,4.75,3.85,3.88,3.98,0
T00003238,Model_B,4.68,3.62,4.05,4.41,0
T00003239,Model_B,5.0,4.85,3.97,4.55,0
T00003241,Model_B,4.73,4.64,3.55,4.46,0
T00003242,Model_B,4.37,3.75,4.45,4.25,0
T00003244,Model_B,4.69,4.35,4.16,4.53,0
T00003245,Model_B,4.25,5.0,4.06,4.26,0
T00003249,Model_B,4.27,3.47,3.76,3.8,0
T00003251,Model_B,4.19,4.97,4.05,4.41,0
T00003256,Model_B,4.33,3.51,4.18,4.03,0
T00003257,Model_B,4.73,4.13,4.32,4.5,0
T00003259,Model_B,4.24,3.79,4.19,4.1,0
T00003260,Model_B,4.14,3.77,3.36,3.72,0
T00003261,Model_B,3.7,4.93,3.98,4.23,0
T00003264,Model_B,4.42,4.02,4.4,4.23,0
T00003265,Model_B,4.64,3.65,4.02,4.1,0
T00003270,Model_B,4.74,4.95,5.0,4.79,0
T00003273,Model_B,4.2,4.48,4.0,4.19,0
T00003275,Model_B,4.0,4.06,4.37,4.13,0
T00003277,Model_B,4.53,3.79,4.09,4.3,0
T00003278,Model_B,3.86,2.74,3.76,3.66,0
T00003285,Model_B,4.25,3.62,3.82,4.03,0
T00003286,Model_B,4.26,4.34,3.33,3.98,0
T00003288,Model_B,3.55,4.48,3.83,3.83,0
T00003289,Model_B,3.41,4.53,4.4,3.89,0
T00003290,Model_B,4.8,4.3,4.23,4.22,0
T00003291,Model_B,4.42,3.75,3.0,3.82,0
T00003292,Model_B,4.86,3.55,4.04,4.49,0
T00003293,Model_B,5.0,3.8,4.7,4.5,0
T00003300,Model_B,4.17,4.92,4.91,4.79,0
T00003303,Model_B,3.98,4.72,4.35,4.2,0
T00003307,Model_B,4.59,4.41,3.75,4.54,0
T00003310,Model_B,3.27,4.44,4.73,4.43,0
T00003313,Model_B,5.0,4.97,4.13,4.52,0
T00003314,Model_B,5.0,4.11,3.73,4.43,0
T00003315,Model_B,4.86,4.05,3.82,4.36,0
T00003316,Model_B,3.66,4.41,3.96,3.88,0
T00003326,Model_B,3.59,4.52,4.06,4.22,0
T00003329,Model_B,3.62,5.0,3.91,4.24,0
T00003333,Model_B,5.0,4.27,3.14,4.03,0
T00003336,Model_B,4.31,4.73,2.93,4.18,0
T00003337,Model_B,5.0,3.88,3.01,4.08,0
T00003338,Model_B,4.65,4.95,4.23,4.57,0
T00003342,Model_B,4.55,4.06,4.69,4.36,0
T00003343,Model_B,4.66,5.0,3.5,4.38,0
T00003346,Model_B,5.0,4.41,3.35,4.33,0
T00003350,Model_B,4.23,3.8,4.6,4.25,0
T00003351,Model_B,4.34,4.7,4.71,4.61,0
T00003353,Model_B,4.36,4.74,4.21,4.33,0
T00003357,Model_B,4.52,3.7,4.29,4.29,0
T00003361,Model_B,4.4,4.15,3.38,4.45,0
T00003362,Model_B,3.68,4.29,3.16,3.86,0
T00003371,Model_B,3.99,3.94,4.24,3.99,0
T00003372,Model_B,3.69,4.21,3.94,4.4,0
T00003373,Model_B,4.44,3.77,4.54,4.35,0
T00003378,Model_B,3.55,4.78,4.14,4.33,0
T00003380,Model_B,4.28,4.79,4.51,4.74,0
T00003384,Model_B,5.0,4.0,3.35,4.23,0
T00003385,Model_B,4.86,4.39,4.05,4.47,0
T00003390,Model_B,4.81,4.02,3.86,4.34,0
T00003391,Model_B,4.32,4.14,4.58,4.06,0
T00003392,Model_B,3.67,4.08,4.59,4.14,0
T00003393,Model_B,4.41,4.25,4.35,4.32,0
T00003401,Model_B,4.52,4.7,4.36,4.52,0
T00003409,Model_B,5.0,2.77,4.13,4.04,0
T00003410,Model_B,5.0,3.49,2.76,4.0,0
T00003411,Model_B,5.0,4.28,4.01,4.5,0
T00003413,Model_B,4.99,4.46,4.28,4.73,0
T00003414,Model_B,5.0,4.46,3.66,4.53,0
T00003417,Model_B,4.57,3.78,4.48,4.31,0
T00003418,Model_B,4.97,4.61,4.62,4.66,0
T00003421,Model_B,4.37,4.87,3.35,4.04,0
T00003425,Model_B,4.36,4.61,4.17,4.5,0
T00003426,Model_B,4.7,4.04,3.21,4.33,0
T00003427,Model_B,4.19,3.36,4.01,3.81,0
T00003429,Model_B,5.0,4.28,4.28,4.37,0
T00003430,Model_B,4.34,4.32,3.91,4.1,0
T00003434,Model_B,4.69,4.24,4.16,4.29,0
T00003442,Model_B,4.91,3.82,4.4,4.57,0
T00003444,Model_B,4.65,3.68,4.61,4.54,0
T00003445,Model_B,4.19,4.38,4.87,4.51,0
T00003448,Model_B,4.11,3.26,4.97,3.92,0
T00003451,Model_B,4.69,4.22,3.95,4.43,0
T00003453,Model_B,4.98,3.31,4.14,4.12,0
T00003454,Model_B,5.0,3.71,4.22,4.43,0
T00003456,Model_B,3.9,5.0,3.75,4.6,0
T00003460,Model_B,4.34,4.88,4.11,4.29,0
T00003461,Model_B,4.14,4.64,4.21,4.41,0
T00003462,Model_B,4.42,4.46,4.19,4.37,0
T00003464,Model_B,4.04,3.73,4.05,3.98,0
T00003465,Model_B,4.64,5.0,3.72,4.46,0
T00003466,Model_B,4.1,4.66,4.3,4.33,0
T00003468,Model_B,4.4,3.16,4.4,3.89,0
T00003476,Model_B,4.89,5.0,3.59,4.49,0
T00003479,Model_B,4.8,4.32,4.07,4.41,0
T00003480,Model_B,4.33,4.79,3.99,4.47,0
T00003482,Model_B,4.32,4.61,4.4,4.64,0
T00003483,Model_B,3.99,3.85,4.67,3.97,0
T00003484,Model_B,4.55,3.66,4.04,3.61,0
T00003485,Model_B,4.56,4.18,4.86,4.58,0
T00003488,Model_B,4.48,5.0,4.11,4.62,0
T00003491,Model_B,3.97,3.43,4.58,3.78,0
T00003492,Model_B,4.2,4.02,4.43,4.29,0
T00003493,Model_B,4.89,5.0,4.15,4.68,0
T00003494,Model_B,4.57,3.75,4.33,4.15,0
T00003496,Model_B,4.56,4.47,4.6,4.77,0
T00003505,Model_B,4.66,5.0,3.95,4.3,0
T00003507,Model_B,4.99,3.93,3.8,4.19,0
T00003508,Model_B,4.89,4.29,4.97,4.74,0
T00003509,Model_B,4.01,3.12,3.75,3.64,0
T00003513,Model_B,4.82,3.82,3.79,4.31,0
T00003518,Model_B,3.46,3.65,4.37,3.59,0
T00003524,Model_B,3.51,4.48,4.01,4.41,0
T00003527,Model_B,4.45,5.0,3.96,4.83,0
T00003530,Model_B,3.73,3.99,4.6,3.88,0
T00003534,Model_B,4.92,4.21,3.65,4.34,0
T00003539,Model_B,4.44,4.14,3.61,3.93,0
T00003547,Model_B,3.73,3.85,4.64,3.7,0
T00003548,Model_B,5.0,3.54,4.69,4.61,0
T00003549,Model_B,3.92,4.03,4.49,4.08,0
T00003551,Model_B,3.31,4.48,4.86,4.15,0
T00003560,Model_B,4.15,4.35,3.97,4.61,0
T00003563,Model_B,4.2,3.81,5.0,4.28,0
T00003570,Model_B,4.61,4.95,3.71,4.59,0
T00003572,Model_B,4.36,5.0,5.0,4.86,0
T00003580,Model_B,4.76,4.22,3.75,4.27,0
T00003581,Model_B,4.01,4.26,3.89,3.99,0
T00003583,Model_B,5.0,4.57,3.82,4.75,0
T00003587,Model_B,5.0,3.36,4.01,4.15,0
T00003593,Model_B,4.34,3.99,4.35,4.16,0
T00003598,Model_B,4.61,3.48,4.6,4.17,0
T00003600,Model_B,3.12,4.29,4.18,3.74,0
T00003602,Model_B,4.74,4.38,4.21,4.28,0
T00003608,Model_B,3.98,4.19,4.35,3.97,0
T00003611,Model_B,4.03,4.28,4.69,4.14,0
T00003612,Model_B,4.96,3.81,3.67,4.38,0
T00003613,Model_B,5.0,4.93,3.93,4.63,0
T00003618,Model_B,4.41,4.58,3.92,4.19,0
T00003623,Model_B,4.23,3.27,4.49,4.2,0
T00003626,Model_B,4.39,4.91,3.06,3.8,0
T00003630,Model_B,5.0,3.27,4.31,4.28,1
T00003632,Model_B,3.81,4.71,5.0,4.24,0
T00003637,Model_B,4.58,4.1,4.27,4.35,0
T00003641,Model_B,3.9,4.3,4.26,4.25,0
T00003643,Model_B,4.33,3.8,4.06,4.33,0
T00003644,Model_B,4.77,4.36,3.97,4.44,0
T00003649,Model_B,4.15,3.93,3.95,3.99,0
T00003651,Model_B,5.0,3.98,3.84,4.25,0
T00003653,Model_B,4.16,3.92,4.89,4.27,0
T00003654,Model_B,4.32,4.69,4.44,4.61,0
T00003661,Model_B,4.62,3.9,3.93,3.99,0
T00003662,Model_B,3.8,4.0,3.64,3.8,0
T00003663,Model_B,3.63,4.22,3.71,4.0,0
T00003664,Model_B,4.39,4.2,3.98,4.2,0
T00003665,Model_B,4.54,4.34,4.36,4.53,0
T00003666,Model_B,4.0,4.63,3.33,4.33,0
T00003668,Model_B,4.2,3.47,3.79,3.58,0
T00003670,Model_B,4.38,4.12,4.72,4.51,0
T00003674,Model_B,5.0,4.27,4.07,4.47,0
T00003675,Model_B,3.18,4.23,3.89,3.64,0
T00003676,Model_B,3.96,3.98,5.0,4.25,0
T00003677,Model_B,4.15,4.69,4.77,4.37,0
T00003678,Model_B,4.42,3.89,3.21,4.17,0
T00003680,Model_B,4.81,3.64,4.93,4.44,0
T00003687,Model_B,3.95,4.9,4.2,4.26,0
T00003689,Model_B,5.0,3.54,4.93,4.45,0
T00003690,Model_B,3.57,4.05,3.69,3.94,0
T00003695,Model_B,4.4,4.58,4.62,4.68,0
T00003696,Model_B,5.0,4.2,4.71,4.74,0
T00003698,Model_B,4.38,4.1,3.71,4.27,0
T00003702,Model_B,4.83,3.45,4.34,4.23,0
T00003707,Model_B,4.79,3.31,4.51,4.26,0
T00003717,Model_B,4.53,4.03,4.3,4.31,0
T00003718,Model_B,4.51,4.46,4.59,4.28,0
T00003720,Model_B,4.81,4.1,4.05,4.6,0
T00003722,Model_B,4.87,4.15,3.8,3.99,0
T00003723,Model_B,3.99,4.36,3.99,4.09,0
T00003731,Model_B,3.88,4.77,4.01,4.26,0
T00003732,Model_B,3.28,3.54,4.03,3.65,0
T00003735,Model_B,4.91,4.37,4.08,4.54,0
T00003737,Model_B,4.21,4.51,4.13,4.2,0
T00003738,Model_B,3.86,4.18,4.26,4.09,0
T00003742,Model_B,4.46,5.0,4.05,4.03,0
T00003744,Model_B,3.94,4.45,4.23,4.01,0
T00003746,Model_B,4.22,4.45,4.04,4.22,0
T00003747,Model_B,5.0,3.67,3.66,4.2,0
T00003750,Model_B,4.33,4.39,4.03,4.12,0
T00003751,Model_B,3.19,3.46,4.03,3.62,0
T00003756,Model_B,4.65,4.76,4.33,4.92,0
T00003759,Model_B,4.55,3.91,3.28,4.14,0
T00003760,Model_B,4.57,4.92,3.6,4.65,0
T00003766,Model_B,4.7,4.43,4.39,4.64,0
T00003767,Model_B,4.5,3.56,3.99,4.07,0
T00003768,Model_B,4.47,4.34,3.73,4.33,0
T00003773,Model_B,3.58,3.73,4.1,3.66,0
T00003774,Model_B,4.18,4.91,4.29,4.43,0
T00003777,Model_B,4.29,4.24,4.14,4.03,0
T00003780,Model_B,4.07,3.81,4.02,4.1,0
T00003781,Model_B,4.17,3.95,3.78,4.08,0
T00003785,Model_B,4.25,4.04,4.67,4.24,0
T00003788,Model_B,4.49,3.6,3.91,4.09,0
T00003789,Model_B,5.0,4.22,5.0,4.62,0
T00003797,Model_B,4.39,4.78,4.57,4.62,0
T00003802,Model_B,3.99,4.12,3.93,4.0,0
T00003806,Model_B,4.24,3.34,4.37,4.03,0
T00003807,Model_B,4.62,4.37,3.66,4.43,0
T00003809,Model_B,4.0,4.05,3.77,3.64,0
T00003810,Model_B,4.35,3.8,3.74,3.9,0
T00003811,Model_B,4.51,4.7,4.3,4.42,0
T00003812,Model_B,4.81,3.49,4.27,4.05,0
T00003824,Model_B,4.84,4.61,4.64,4.55,0
T00003827,Model_B,3.9,3.91,5.0,4.16,0
T00003828,Model_B,4.11,3.47,4.35,3.98,0
T00003829,Model_B,3.21,4.02,5.0,3.88,0
T00003836,Model_B,3.95,4.57,5.0,4.4,0
T00003839,Model_B,4.15,3.88,3.6,3.83,0
T00003840,Model_B,4.62,3.86,3.4,3.67,0
T00003841,Model_B,4.16,3.88,4.58,4.01,0
T00003842,Model_B,3.73,4.27,4.38,4.18,0
T00003846,Model_B,4.28,4.6,4.13,4.38,0
T00003847,Model_B,4.11,4.09,4.13,4.1,0
T00003848,Model_B,3.79,4.73,3.99,4.28,0
T00003853,Model_B,5.0,4.01,3.74,4.42,0
T00003856,Model_B,4.59,4.87,4.34,4.5,0
T00003861,Model_B,4.15,4.2,4.21,4.22,0
T00003862,Model_B,4.1,4.26,4.16,4.02,0
T00003864,Model_B,4.28,4.45,3.87,4.22,0
T00003865,Model_B,4.34,4.2,4.61,4.3,0
T00003867,Model_B,4.59,3.52,4.01,3.96,0
T00003868,Model_B,4.58,5.0,4.51,4.83,0
T00003871,Model_B,3.72,4.02,3.91,4.16,0
T00003872,Model_B,4.87,4.01,4.73,4.25,1
T00003873,Model_B,3.89,3.4,3.94,3.61,0
T00003875,Model_B,3.93,3.82,4.2,3.99,0
T00003878,Model_B,3.78,4.12,4.16,3.91,0
T00003882,Model_B,4.87,3.99,4.66,4.53,0
T00003883,Model_B,4.26,4.46,4.02,4.15,0
T00003884,Model_B,4.86,4.39,2.83,4.09,0
T00003887,Model_B,3.86,4.38,4.77,4.26,0
T00003892,Model_B,3.58,3.09,3.99,3.35,0
T00003896,Model_B,4.33,4.73,4.27,4.47,0
T00003898,Model_B,5.0,3.4,4.93,4.55,0
T00003901,Model_B,3.56,3.97,4.17,3.75,0
T00003902,Model_B,4.59,4.2,4.04,4.32,0
T00003904,Model_B,3.29,4.1,4.17,3.61,0
T00003905,Model_B,4.47,4.7,3.75,4.16,0
T00003909,Model_B,4.52,3.86,4.99,4.49,0
T00003910,Model_B,4.51,3.98,3.82,3.93,0
T00003913,Model_B,5.0,3.82,3.96,4.71,0
T00003914,Model_B,4.51,4.6,3.95,4.43,0
T00003918,Model_B,4.35,4.12,4.52,4.15,0
T00003919,Model_B,4.44,4.28,4.32,4.47,0
T00003928,Model_B,4.53,4.35,3.15,4.07,0
T00003930,Model_B,5.0,4.04,4.09,4.12,0
T00003932,Model_B,4.45,4.14,4.01,4.28,0
T00003934,Model_B,5.0,4.37,4.57,4.79,0
T00003937,Model_B,3.9,4.36,3.96,4.24,0
T00003939,Model_B,4.17,3.71,4.15,4.17,0
T00003940,Model_B,4.59,4.39,4.26,4.49,0
T00003941,Model_B,4.84,3.62,3.89,4.2,0
T00003943,Model_B,4.96,3.34,4.02,4.09,0
T00003948,Model_B,4.7,4.42,5.0,4.56,0
T00003954,Model_B,4.06,3.45,4.31,3.87,0
T00003955,Model_B,3.61,3.89,4.69,4.36,0
T00003957,Model_B,4.71,3.71,3.26,3.94,0
T00003961,Model_B,3.73,3.19,4.19,3.81,0
T00003962,Model_B,4.39,4.43,4.41,3.86,0
T00003969,Model_B,4.41,4.29,3.69,4.25,0
T00003970,Model_B,4.69,4.62,4.32,4.57,0
T00003974,Model_B,4.65,4.72,4.21,4.47,0
T00003975,Model_B,3.61,3.86,3.7,3.96,0
T00003978,Model_B,4.63,4.55,4.19,4.51,0
T00003980,Model_B,4.38,5.0,3.42,4.31,0
T00003981,Model_B,4.99,3.35,4.55,4.39,0
T00003982,Model_B,4.78,3.81,5.0,4.33,0
T00003986,Model_B,5.0,4.02,3.91,4.37,0
T00003993,Model_B,4.93,4.29,3.96,4.48,0
T00003994,Model_B,4.52,5.0,4.96,4.88,0
T00004004,Model_B,5.0,5.0,4.32,5.0,0
T00004008,Model_B,4.15,4.25,4.24,4.38,0
T00004014,Model_B,3.86,4.72,4.37,4.27,0
T00004015,Model_B,4.03,4.95,5.0,4.65,0
T00004016,Model_B,4.51,2.77,3.46,3.51,0
T00004021,Model_B,4.21,3.43,5.0,4.16,0
T00004033,Model_B,3.96,3.61,3.91,4.16,0
T00004035,Model_B,5.0,3.85,3.54,4.27,0
T00004036,Model_B,4.56,4.35,4.16,4.6,0
T00004042,Model_B,5.0,3.6,4.71,4.46,0
T00004044,Model_B,4.22,4.25,4.67,4.15,0
T00004045,Model_B,4.3,4.78,2.98,4.15,0
T00004046,Model_B,4.11,4.28,3.42,3.82,0
T00004050,Model_B,4.16,3.89,4.48,4.14,0
T00004051,Model_B,5.0,3.22,4.66,4.69,0
T00004052,Model_B,4.27,4.56,3.53,4.36,0
T00004053,Model_B,3.78,4.31,3.88,3.88,0
T00004060,Model_B,3.99,3.86,3.79,4.03,0
T00004062,Model_B,3.64,3.55,3.78,3.55,0
T00004064,Model_B,4.2,4.68,3.8,4.1,0
T00004075,Model_B,5.0,4.73,4.13,4.47,0
T00004076,Model_B,3.59,4.13,3.8,3.59,0
T00004077,Model_B,4.8,3.99,4.91,4.78,0
T00004078,Model_B,5.0,3.49,4.55,4.52,0
T00004081,Model_B,5.0,3.66,4.43,4.5,0
T00004084,Model_B,3.5,4.98,4.13,4.27,0
T00004085,Model_B,3.66,4.29,4.4,3.73,0
T00004087,Model_B,4.12,4.14,4.28,4.27,0
T00004090,Model_B,4.16,3.97,4.73,4.53,0
T00004093,Model_B,4.05,4.0,4.39,4.2,0
T00004094,Model_B,4.88,5.0,4.31,4.58,0
T00004095,Model_B,4.9,3.59,5.0,4.36,0
T00004098,Model_B,4.08,4.3,4.11,4.08,0
T00004099,Model_B,4.69,4.0,4.3,4.34,0
T00004100,Model_B,4.23,4.03,3.88,3.97,0
T00004103,Model_B,4.12,4.35,3.49,3.91,0
T00004104,Model_B,4.54,4.06,4.61,4.3,0
T00004105,Model_B,4.51,3.88,3.65,3.83,0
T00004106,Model_B,4.59,4.17,3.81,4.31,0
T00004112,Model_B,4.46,3.97,4.47,4.21,0
T00004115,Model_B,4.05,4.77,4.45,4.53,0
T00004116,Model_B,4.59,4.22,3.87,4.3,0
T00004117,Model_B,4.83,3.57,3.98,3.93,0
T00004118,Model_B,3.99,3.55,5.0,4.24,0
T00004119,Model_B,5.0,4.96,4.4,4.8,1
T00004120,Model_B,4.53,3.75,4.27,4.15,0
T00004121,Model_B,4.43,4.82,3.85,4.38,0
T00004122,Model_B,4.65,4.08,4.95,4.17,0
T00004124,Model_B,3.62,4.26,3.69,3.96,0
T00004127,Model_B,4.12,4.69,3.88,4.16,0
T00004128,Model_B,4.65,4.13,3.38,4.14,0
T00004129,Model_B,4.85,4.27,3.78,4.33,0
T00004134,Model_B,4.62,4.1,4.81,4.74,0
T00004138,Model_B,4.97,4.49,4.89,4.74,0
T00004141,Model_B,4.58,4.45,4.08,4.24,0
T00004142,Model_B,4.89,4.37,4.56,4.59,0
T00004143,Model_B,4.78,4.64,4.11,4.6,0
T00004146,Model_B,4.07,4.03,4.55,4.22,0
T00004154,Model_B,4.44,3.57,4.66,3.98,0
T00004157,Model_B,4.38,4.37,4.14,4.25,0
T00004161,Model_B,3.9,4.34,3.88,4.27,0
T00004166,Model_B,4.16,5.0,4.55,4.62,0
T00004169,Model_B,4.62,4.23,4.94,4.63,0
T00004170,Model_B,3.88,3.41,4.55,4.07,0
T00004171,Model_B,4.31,3.75,3.95,3.82,0
T00004173,Model_B,3.53,4.99,3.51,4.01,0
T00004175,Model_B,4.54,4.52,4.33,4.49,0
T00004176,Model_B,4.15,4.14,4.84,4.41,0
T00004177,Model_B,3.37,3.91,4.57,3.54,0
T00004180,Model_B,3.64,3.37,4.05,3.86,0
T00004181,Model_B,4.51,3.93,4.24,4.11,0
T00004189,Model_B,3.66,3.83,4.86,4.29,0
T00004193,Model_B,3.41,4.0,4.31,4.14,0
T00004196,Model_B,4.68,4.64,3.98,4.52,0
T00004198,Model_B,4.44,3.86,3.93,3.92,0
T00004202,Model_B,4.34,4.07,3.66,3.74,0
T00004204,Model_B,3.9,4.45,3.67,3.96,0
T00004207,Model_B,4.68,5.0,4.03,4.58,0
T00004208,Model_B,4.89,3.36,3.93,3.92,0
T00004209,Model_B,4.58,3.37,3.55,3.83,0
T00004211,Model_B,4.09,4.27,4.27,4.01,0
T00004212,Model_B,4.37,3.83,4.56,4.25,0
T00004214,Model_B,3.94,4.21,4.62,4.25,0
T00004222,Model_B,4.94,3.89,4.07,4.28,0
T00004224,Model_B,4.1,3.94,3.63,3.91,0
T00004227,Model_B,4.78,4.54,4.42,4.39,0
T00004232,Model_B,4.58,4.52,3.7,4.27,0
T00004234,Model_B,4.34,4.85,4.56,4.31,0
T00004240,Model_B,5.0,4.51,4.54,4.55,0
T00004243,Model_B,4.99,4.19,4.44,4.69,0
T00004244,Model_B,4.11,4.84,4.6,4.53,0
T00004246,Model_B,4.23,4.6,4.67,4.56,0
T00004247,Model_B,3.59,4.25,3.84,3.83,0
T00004251,Model_B,4.71,4.54,4.72,4.71,1
T00004254,Model_B,4.58,4.59,3.82,4.3,0
T00004255,Model_B,3.7,3.95,3.85,3.72,0
T00004256,Model_B,4.49,4.29,4.44,4.37,0
T00004260,Model_B,3.67,4.97,3.36,4.16,0
T00004264,Model_B,4.37,4.48,4.18,4.47,0
T00004267,Model_B,4.38,5.0,3.93,4.63,0
T00004268,Model_B,4.65,4.84,3.74,4.35,0
T00004269,Model_B,4.45,4.27,4.49,4.44,0
T00004270,Model_B,4.74,3.64,4.19,4.02,0
T00004272,Model_B,5.0,4.71,3.52,4.5,0
T00004276,Model_B,4.03,3.1,3.51,3.69,0
T00004278,Model_B,4.6,4.42,3.53,4.4,0
T00004284,Model_B,4.24,4.68,4.08,4.25,0
T00004286,Model_B,4.2,4.67,4.39,4.53,0
T00004292,Model_B,5.0,3.74,3.93,4.07,0
T00004295,Model_B,3.97,4.59,4.22,4.27,0
T00004297,Model_B,4.26,3.71,4.04,4.31,0
T00004298,Model_B,4.18,4.27,3.48,4.06,0
T00004302,Model_B,4.29,3.76,3.66,3.76,0
T00004303,Model_B,4.2,3.67,3.96,4.08,0
T00004305,Model_B,4.16,3.98,4.12,4.22,0
T00004307,Model_B,4.25,4.73,4.65,4.58,0
T00004308,Model_B,4.88,3.67,4.46,4.28,0
T00004310,Model_B,4.72,4.76,4.17,4.47,0
T00004311,Model_B,4.89,3.96,4.5,4.31,0
T00004312,Model_B,3.53,4.4,3.77,3.82,0
T00004317,Model_B,4.57,3.48,3.95,4.12,0
T00004322,Model_B,4.66,4.21,4.15,4.25,0
T00004323,Model_B,3.94,4.0,3.62,4.12,0
T00004324,Model_B,3.44,3.81,3.14,3.4,0
T00004325,Model_B,4.61,4.62,3.26,4.2,0
T00004334,Model_B,4.6,3.28,4.44,4.33,0
T00004335,Model_B,3.72,3.69,4.07,3.94,0
T00004336,Model_B,3.9,4.1,4.18,3.95,0
T00004337,Model_B,3.91,3.82,3.92,3.7,0
T00004338,Model_B,4.29,4.59,3.71,4.49,0
T00004340,Model_B,4.06,4.3,4.23,4.27,0
T00004341,Model_B,3.7,4.09,4.33,4.31,0
T00004342,Model_B,4.98,4.9,4.01,4.51,0
T00004343,Model_B,4.34,4.15,4.03,4.19,0
T00004345,Model_B,4.77,3.5,4.41,4.26,0
T00004357,Model_B,4.02,4.52,4.55,4.06,0
T00004360,Model_B,4.25,3.52,4.41,3.79,0
T00004362,Model_B,4.82,3.52,3.17,3.91,0
T00004366,Model_B,4.34,4.64,5.0,4.33,0
T00004369,Model_B,4.83,3.98,3.43,4.14,0
T00004370,Model_B,3.83,3.98,3.85,3.96,0
T00004378,Model_B,4.23,4.05,4.24,4.01,0
T00004380,Model_B,3.84,4.2,4.93,4.4,0
T00004381,Model_B,4.21,4.07,4.19,4.23,0
T00004384,Model_B,4.45,3.98,4.47,4.15,0
T00004386,Model_B,4.76,4.46,4.24,4.59,0
T00004389,Model_B,4.37,5.0,5.0,4.63,0
T00004392,Model_B,4.13,4.82,3.61,4.16,0
T00004395,Model_B,4.51,4.52,4.23,4.25,0
T00004397,Model_B,4.23,4.72,4.38,4.16,0
T00004402,Model_B,4.76,3.82,4.39,4.38,0
T00004404,Model_B,4.62,3.59,3.55,3.99,0
T00004408,Model_B,4.25,3.83,4.17,4.05,0
T00004410,Model_B,3.54,4.61,4.21,4.01,0
T00004414,Model_B,3.92,4.33,4.54,4.2,0
T00004415,Model_B,4.32,4.27,4.2,4.5,0
T00004416,Model_B,4.48,2.95,4.09,3.94,0
T00004423,Model_B,5.0,4.41,3.79,4.17,0
T00004424,Model_B,4.56,3.77,3.84,4.08,0
T00004427,Model_B,4.07,5.0,3.65,4.13,0
T00004428,Model_B,4.27,4.25,3.52,4.24,0
T00004432,Model_B,4.74,3.82,4.66,4.4,0
T00004434,Model_B,3.98,4.02,3.4,3.86,0
T00004437,Model_B,4.26,3.51,3.73,4.04,0
T00004439,Model_B,5.0,4.6,3.41,4.3,0
T00004441,Model_B,4.87,3.63,3.89,3.99,0
T00004442,Model_B,4.3,3.96,4.11,4.29,0
T00004443,Model_B,4.11,4.0,5.0,3.87,0
T00004444,Model_B,3.48,4.7,3.68,3.91,0
T00004450,Model_B,5.0,4.08,4.57,4.3,0
T00004454,Model_B,5.0,4.59,4.25,4.62,0
T00004458,Model_B,4.08,4.08,3.43,3.84,0
T00004459,Model_B,4.38,4.8,4.46,4.64,0
T00004460,Model_B,4.45,4.39,4.38,4.36,0
T00004463,Model_B,4.36,3.83,3.64,3.84,0
T00004468,Model_B,4.8,4.22,3.95,4.51,0
T00004471,Model_B,4.95,4.06,4.65,4.68,0
T00004474,Model_B,3.14,3.68,3.27,3.48,0
T00004482,Model_B,4.58,4.3,4.2,4.21,0
T00004484,Model_B,4.24,3.82,4.2,4.17,0
T00004485,Model_B,4.55,3.74,4.17,3.95,1
T00004491,Model_B,5.0,4.05,4.88,4.85,0
T00004492,Model_B,3.93,4.01,4.13,3.97,0
T00004494,Model_B,5.0,4.92,4.09,4.98,0
T00004495,Model_B,4.08,5.0,4.39,4.37,0
T00004500,Model_B,3.95,3.56,4.55,4.06,0
T00004506,Model_B,3.96,3.99,4.51,4.17,0
T00004508,Model_B,3.98,3.8,3.31,3.85,0
T00004510,Model_B,4.52,4.08,4.07,4.05,0
T00004511,Model_B,5.0,4.18,4.09,4.42,0
T00004513,Model_B,3.22,3.82,3.36,3.53,0
T00004516,Model_B,4.39,4.78,4.07,4.38,0
T00004517,Model_B,4.18,4.2,3.47,3.92,0
T00004527,Model_B,3.74,3.17,4.02,3.52,0
T00004529,Model_B,4.94,4.22,4.47,4.75,0
T00004530,Model_B,4.68,4.42,3.79,4.1,0
T00004534,Model_B,3.71,3.69,3.8,3.77,0
T00004544,Model_B,5.0,4.85,4.93,5.0,0
T00004548,Model_B,5.0,3.68,3.99,4.29,0
T00004555,Model_B,3.46,4.4,3.62,3.85,0
T00004557,Model_B,3.88,4.74,3.69,4.07,0
T00004558,Model_B,3.71,4.14,4.43,4.18,0
T00004559,Model_B,4.02,3.07,4.58,3.87,0
T00004565,Model_B,3.99,4.91,4.14,4.43,0
T00004569,Model_B,4.49,3.38,3.99,4.01,0
T00004571,Model_B,3.81,4.64,4.12,4.07,0
T00004574,Model_B,4.67,4.8,4.07,4.65,0
T00004579,Model_B,4.06,3.79,4.88,4.19,0
T00004581,Model_B,4.43,4.6,4.4,4.56,0
T00004582,Model_B,4.51,3.45,4.45,4.13,0
T00004584,Model_B,4.56,4.08,4.58,4.45,0
T00004585,Model_B,4.98,4.2,3.99,4.56,0
T00004587,Model_B,3.44,4.32,4.09,3.56,0
T00004588,Model_B,4.2,4.8,3.53,4.39,0
T00004589,Model_B,4.06,4.74,3.78,4.28,0
T00004592,Model_B,5.0,4.34,4.01,4.59,0
T00004593,Model_B,4.92,3.78,4.16,4.19,0
T00004595,Model_B,3.73,4.46,3.88,4.1,0
T00004597,Model_B,4.18,4.02,4.32,4.09,0
T00004599,Model_B,4.38,4.3,3.65,4.26,0
T00004600,Model_B,4.29,4.11,4.2,4.16,0
T00004602,Model_B,4.43,3.99,3.97,4.18,0
T00004604,Model_B,4.44,5.0,3.42,4.5,0
T00004609,Model_B,3.77,3.55,3.64,3.54,0
T00004613,Model_B,4.19,4.6,4.29,4.32,0
T00004615,Model_B,4.62,4.35,4.67,4.31,0
T00004616,Model_B,4.39,4.04,3.82,3.99,0
T00004617,Model_B,4.03,4.21,4.24,4.35,0
T00004627,Model_B,3.6,3.67,5.0,4.27,0
T00004636,Model_B,4.52,4.0,4.15,4.24,0
T00004637,Model_B,5.0,4.0,5.0,4.91,0
T00004638,Model_B,3.8,4.36,4.16,4.03,0
T00004644,Model_B,4.25,4.07,4.18,4.06,0
T00004650,Model_B,3.5,4.36,4.83,4.33,0
T00004652,Model_B,3.8,4.13,4.11,4.1,0
T00004655,Model_B,5.0,5.0,3.7,4.75,0
T00004657,Model_B,4.02,4.25,3.75,3.76,0
T00004660,Model_B,4.82,3.91,3.96,4.14,0
T00004661,Model_B,3.85,4.55,4.16,4.2,0
T00004664,Model_B,4.8,4.25,4.82,4.52,0
T00004665,Model_B,5.0,4.77,4.07,4.73,0
T00004666,Model_B,4.07,4.36,3.76,4.01,0
T00004669,Model_B,4.36,3.35,3.51,3.78,0
T00004670,Model_B,3.72,4.01,3.68,3.82,0
T00004673,Model_B,4.62,3.13,3.51,3.64,0
T00004680,Model_B,3.66,5.0,2.76,3.88,0
T00004686,Model_B,3.47,4.12,4.12,3.92,0
T00004687,Model_B,4.87,3.77,4.34,4.37,0
T00004697,Model_B,3.69,4.33,5.0,4.49,0
T00004699,Model_B,4.21,3.73,3.87,3.81,0
T00004700,Model_B,4.66,4.65,5.0,4.64,0
T00004704,Model_B,4.79,4.3,3.51,4.24,0
T00004710,Model_B,5.0,4.63,4.11,4.47,0
T00004712,Model_B,4.39,4.08,4.57,4.76,0
T00004715,Model_B,5.0,2.88,3.8,3.91,0
T00004717,Model_B,3.92,3.9,3.78,4.12,0
T00004721,Model_B,4.55,4.57,3.38,4.28,0
T00004722,Model_B,3.97,4.45,4.05,4.13,0
T00004724,Model_B,4.44,3.63,4.73,4.18,0
T00004725,Model_B,4.61,4.0,4.48,4.42,0
T00004731,Model_B,4.67,4.28,3.76,4.64,0
T00004732,Model_B,3.75,5.0,3.21,4.25,0
T00004734,Model_B,3.73,4.37,3.71,4.07,0
T00004741,Model_B,3.61,3.46,3.09,3.47,0
T00004742,Model_B,3.95,4.73,4.26,4.17,0
T00004753,Model_B,3.81,4.2,4.37,4.12,0
T00004754,Model_B,4.1,3.93,4.41,4.03,0
T00004757,Model_B,4.42,3.85,4.44,3.82,0
T00004758,Model_B,4.38,4.28,4.37,4.37,0
T00004760,Model_B,4.64,4.12,5.0,4.3,0
T00004762,Model_B,4.24,3.64,4.13,3.84,0
T00004770,Model_B,4.27,3.99,4.74,4.2,0
T00004774,Model_B,4.35,4.05,4.25,4.34,0
T00004775,Model_B,4.13,4.3,3.55,3.65,0
T00004780,Model_B,4.6,3.93,3.91,4.05,0
T00004782,Model_B,4.16,4.06,4.32,4.04,0
T00004783,Model_B,4.51,4.22,3.81,4.21,0
T00004786,Model_B,4.12,3.8,3.8,3.81,0
T00004788,Model_B,4.5,4.3,4.12,4.37,0
T00004791,Model_B,4.63,5.0,4.62,4.62,0
T00004795,Model_B,5.0,3.84,4.24,4.5,0
T00004799,Model_B,3.82,5.0,3.7,3.98,0
T00004806,Model_B,5.0,4.68,4.81,4.65,0
T00004809,Model_B,4.31,4.58,4.23,4.23,0
T00004810,Model_B,3.84,3.34,3.92,3.85,0
T00004811,Model_B,4.07,3.87,4.22,3.98,0
T00004813,Model_B,2.98,4.33,4.61,3.69,0
T00004814,Model_B,3.53,3.43,3.62,3.37,0
T00004815,Model_B,4.46,3.73,4.56,4.15,0
T00004816,Model_B,4.77,5.0,4.35,4.77,0
T00004818,Model_B,4.19,4.17,3.25,3.95,0
T00004819,Model_B,4.31,5.0,4.38,4.44,0
T00004820,Model_B,3.8,4.43,4.03,3.72,0
T00004821,Model_B,4.06,3.71,3.91,4.0,0
T00004822,Model_B,3.83,3.83,3.85,3.87,0
T00004823,Model_B,3.91,4.1,3.45,3.68,0
T00004826,Model_B,4.31,4.8,4.26,4.42,0
T00004827,Model_B,4.23,3.91,4.21,4.16,0
T00004831,Model_B,4.06,4.25,3.87,4.14,0
T00004835,Model_B,4.26,3.86,3.79,3.87,0
T00004836,Model_B,4.51,4.18,3.57,4.13,0
T00004839,Model_B,4.48,3.93,4.74,4.61,0
T00004841,Model_B,4.19,4.81,3.7,4.19,0
T00004844,Model_B,3.6,5.0,3.76,4.25,0
T00004845,Model_B,3.63,4.1,4.3,4.02,0
T00004846,Model_B,4.16,4.15,4.3,3.96,0
T00004847,Model_B,4.62,4.1,4.47,4.35,0
T00004849,Model_B,4.06,5.0,4.36,4.15,0
T00004850,Model_B,4.56,4.07,4.43,4.6,0
T00004853,Model_B,4.32,4.07,4.8,4.52,0
T00004854,Model_B,4.21,3.77,3.47,4.12,0
T00004862,Model_B,3.98,5.0,3.2,4.22,0
T00004863,Model_B,4.68,4.48,4.71,4.48,0
T00004864,Model_B,4.18,3.62,3.42,3.75,0
T00004868,Model_B,4.55,4.16,4.82,4.67,0
T00004869,Model_B,4.35,4.48,4.93,4.57,0
T00004870,Model_B,4.53,4.72,3.98,4.31,0
T00004874,Model_B,3.79,4.1,4.35,3.9,0
T00004877,Model_B,4.67,4.21,3.86,4.13,0
T00004879,Model_B,3.81,4.41,4.15,3.94,0
T00004880,Model_B,4.24,4.52,4.37,4.38,0
T00004882,Model_B,3.26,3.49,3.87,3.68,0
T00004888,Model_B,3.63,3.85,3.35,3.6,0
T00004894,Model_B,4.9,4.64,4.31,4.86,0
T00004895,Model_B,4.15,4.75,4.27,4.33,0
T00004900,Model_B,5.0,4.16,3.92,4.3,0
T00004902,Model_B,4.21,4.05,3.18,4.04,0
T00004904,Model_B,4.06,4.71,4.1,4.42,0
T00004908,Model_B,4.51,3.48,4.57,3.98,0
T00004910,Model_B,4.25,3.72,3.66,3.85,0
T00004911,Model_B,5.0,3.49,4.62,4.18,0
T00004914,Model_B,4.31,4.43,3.92,4.37,0
T00004918,Model_B,5.0,4.68,3.13,4.21,0
T00004919,Model_B,4.78,4.41,5.0,4.77,0
T00004920,Model_B,4.67,4.26,4.05,4.33,0
T00004922,Model_B,4.38,3.53,4.1,3.77,0
T00004923,Model_B,4.13,4.18,4.59,4.43,0
T00004924,Model_B,4.09,4.71,4.24,4.33,1
T00004930,Model_B,4.17,4.72,3.7,4.15,0
T00004933,Model_B,4.19,4.32,5.0,4.49,1
T00004935,Model_B,4.18,4.68,4.16,4.67,0
T00004937,Model_B,4.13,4.16,4.54,4.16,0
T00004945,Model_B,4.66,5.0,3.97,4.36,0
T00004946,Model_B,5.0,4.67,4.95,4.79,0
T00004947,Model_B,3.89,4.01,3.91,3.79,0
T00004954,Model_B,4.53,4.29,3.43,4.35,0
T00004957,Model_B,4.95,3.64,4.23,3.83,0
T00004961,Model_B,4.4,3.6,4.1,3.81,0
T00004962,Model_B,4.06,4.27,4.68,4.26,0
T00004967,Model_B,4.87,4.28,4.87,4.53,0
T00004973,Model_B,4.33,4.35,3.96,3.96,0
T00004989,Model_B,4.51,3.76,4.85,4.5,0
T00004991,Model_B,4.43,5.0,3.96,4.36,0
T00004994,Model_B,4.26,4.55,4.03,4.14,0
T00005000,Model_B,4.84,4.32,4.07,4.57,0
T00005001,Model_B,4.7,4.48,4.77,4.69,0
T00005003,Model_B,5.0,4.76,4.18,4.87,0
T00005005,Model_B,3.84,4.05,3.92,4.26,0
T00005008,Model_B,4.68,4.11,4.58,4.66,0
T00005011,Model_B,4.69,4.29,3.79,4.43,0
T00005016,Model_B,4.22,4.38,4.47,4.25,0
T00005022,Model_B,4.97,5.0,5.0,4.89,0
T00005024,Model_B,4.35,4.6,4.46,4.65,0
T00005026,Model_B,4.13,3.91,3.92,3.77,0
T00005034,Model_B,4.58,4.42,3.4,4.18,0
T00005035,Model_B,4.14,3.62,4.88,4.14,0
T00005036,Model_B,4.35,4.49,4.62,4.63,0
T00005039,Model_B,3.19,3.47,4.35,3.67,0
T00005042,Model_B,4.74,4.09,3.8,4.4,0
T00005044,Model_B,3.94,4.25,4.7,4.24,0
T00005045,Model_B,4.64,5.0,3.49,4.45,0
T00005047,Model_B,4.18,4.31,4.03,4.31,0
T00005048,Model_B,4.61,3.75,4.12,4.11,0
T00005051,Model_B,3.82,5.0,3.49,4.16,0
T00005054,Model_B,4.81,3.8,4.05,4.19,0
T00005057,Model_B,3.99,3.91,4.19,3.9,0
T00005059,Model_B,4.27,4.24,3.81,4.07,0
T00005062,Model_B,4.74,4.8,4.95,4.7,0
T00005063,Model_B,3.42,4.43,3.39,3.61,0
T00005070,Model_B,4.68,4.67,3.49,4.22,0
T00005071,Model_B,3.89,4.11,4.37,4.02,0
T00005074,Model_B,5.0,3.66,4.0,4.27,0
T00005079,Model_B,4.46,4.65,3.36,4.02,0
T00005081,Model_B,3.77,4.44,4.87,4.32,0
T00005083,Model_B,3.56,4.47,3.72,4.21,0
T00005085,Model_B,3.77,4.31,4.06,4.05,0
T00005093,Model_B,3.92,4.36,3.3,3.67,0
T00005094,Model_B,4.74,4.34,4.67,4.47,0
T00005096,Model_B,3.58,4.46,3.76,4.19,0
T00005099,Model_B,4.44,4.65,4.14,4.45,0
T00005100,Model_B,5.0,4.34,3.97,4.58,0
T00005103,Model_B,4.54,4.6,4.56,4.7,0
T00005108,Model_B,4.66,3.83,4.27,4.08,0
T00005110,Model_B,4.57,4.46,4.06,4.44,0
T00005111,Model_B,3.9,4.2,4.62,3.99,0
T00005115,Model_B,3.92,4.56,4.08,4.35,0
T00005116,Model_B,5.0,3.39,4.68,4.46,0
T00005118,Model_B,4.7,3.78,3.76,4.16,0
T00005119,Model_B,4.97,4.16,3.66,4.26,0
T00005120,Model_B,4.58,4.6,4.61,4.5,0
T00005123,Model_B,4.13,4.09,3.64,3.91,0
T00005126,Model_B,4.99,4.5,3.81,4.46,0
T00005127,Model_B,3.83,4.08,3.9,3.95,0
T00005132,Model_B,3.9,3.23,4.06,4.06,0
T00005134,Model_B,4.41,3.89,4.33,4.12,0
T00005137,Model_B,4.25,4.05,4.66,4.55,0
T00005142,Model_B,4.57,3.96,4.23,4.22,0
T00005146,Model_B,4.47,4.03,3.97,4.23,0
T00005149,Model_B,3.97,3.28,4.0,3.75,0
T00005151,Model_B,4.3,4.04,3.92,4.03,0
T00005153,Model_B,4.04,4.0,4.25,3.97,0
T00005155,Model_B,4.43,4.58,3.29,4.21,0
T00005156,Model_B,4.41,4.15,4.56,4.45,0
T00005159,Model_B,4.95,4.68,4.37,4.74,0
T00005161,Model_B,4.5,4.42,3.23,3.83,0
T00005166,Model_B,3.72,3.38,4.19,3.64,0
T00005170,Model_B,4.25,3.99,4.61,4.21,0
T00005171,Model_B,4.39,3.21,3.6,3.88,0
T00005172,Model_B,3.55,4.11,4.13,4.01,0
T00005178,Model_B,3.51,4.22,4.0,3.96,0
T00005179,Model_B,3.93,5.0,4.31,4.26,0
T00005183,Model_B,5.0,4.93,4.76,4.92,0
T00005184,Model_B,4.18,4.21,4.34,4.38,0
T00005192,Model_B,5.0,4.98,4.08,4.78,0
T00005193,Model_B,3.79,4.64,4.07,4.4,0
T00005199,Model_B,5.0,3.93,3.94,4.21,0
T00005205,Model_B,4.63,4.52,4.01,4.32,0
T00005206,Model_B,3.47,5.0,4.12,4.35,0
T00005207,Model_B,3.68,4.3,4.36,4.17,0
T00005209,Model_B,4.29,4.3,3.73,3.8,0
T00005211,Model_B,4.52,4.06,3.64,4.07,0
T00005212,Model_B,4.23,4.39,3.53,4.0,0
T00005213,Model_B,4.65,4.95,3.43,4.5,0
T00005219,Model_B,4.66,3.02,4.33,4.11,0
T00005221,Model_B,4.57,3.76,4.25,4.25,0
T00005224,Model_B,5.0,4.47,4.43,4.45,0
T00005226,Model_B,4.85,4.56,4.34,4.5,0
T00005227,Model_B,5.0,3.93,2.98,3.99,0
T00005232,Model_B,4.1,4.43,4.19,4.25,0
T00005234,Model_B,3.75,5.0,3.99,4.17,0
T00005237,Model_B,4.57,4.65,4.8,4.54,0
T00005238,Model_B,5.0,4.14,3.99,4.53,0
T00005240,Model_B,4.01,4.43,3.45,3.84,0
T00005242,Model_B,3.76,3.61,4.13,3.79,0
T00005244,Model_B,4.35,4.12,4.19,4.43,0
T00005247,Model_B,4.13,4.92,4.77,4.76,0
T00005249,Model_B,4.33,3.85,4.83,4.05,0
T00005252,Model_B,3.61,4.16,3.48,3.81,0
T00005254,Model_B,4.31,4.2,3.86,4.26,0
T00005255,Model_B,3.72,3.93,4.42,4.15,0
T00005256,Model_B,3.73,4.08,3.59,3.77,0
T00005257,Model_B,4.3,4.01,3.96,3.96,0
T00005258,Model_B,4.63,3.86,4.49,4.35,0
T00005259,Model_B,4.15,4.79,2.99,4.15,0
T00005260,Model_B,4.63,4.3,3.89,4.15,0
T00005262,Model_B,4.16,4.01,4.02,4.06,0
T00005263,Model_B,5.0,3.6,4.16,4.46,0
T00005264,Model_B,5.0,4.9,4.42,4.78,0
T00005267,Model_B,4.77,4.47,3.81,4.12,0
T00005274,Model_B,4.49,3.98,4.03,4.07,0
T00005275,Model_B,3.89,4.9,4.64,4.56,0
T00005277,Model_B,4.42,4.46,4.13,4.22,0
T00005279,Model_B,4.62,3.48,4.31,4.04,0
T00005280,Model_B,4.47,5.0,4.21,4.51,0
T00005281,Model_B,4.5,4.36,3.83,4.1,0
T00005284,Model_B,3.89,3.96,4.88,4.44,0
T00005289,Model_B,4.72,5.0,4.48,4.51,0
T00005302,Model_B,4.65,3.89,4.33,4.55,0
T00005305,Model_B,4.15,4.41,4.33,4.12,0
T00005311,Model_B,5.0,4.25,3.73,4.34,0
T00005314,Model_B,5.0,4.51,4.7,4.8,0
T00005319,Model_B,3.91,5.0,3.68,4.26,0
T00005321,Model_B,3.96,3.47,3.76,3.64,0
T00005325,Model_B,3.93,4.48,4.2,4.03,0
T00005326,Model_B,3.37,4.32,4.8,4.4,0
T00005327,Model_B,3.7,4.12,3.63,3.62,0
T00005329,Model_B,3.77,3.45,3.36,3.7,0
T00005332,Model_B,4.81,4.68,2.81,4.17,0
T00005334,Model_B,5.0,3.73,4.09,4.55,0
T00005336,Model_B,3.47,3.91,4.45,3.77,0
T00005337,Model_B,4.29,5.0,4.35,4.48,0
T00005343,Model_B,4.29,4.45,4.44,4.41,0
T00005346,Model_B,4.88,3.69,3.71,4.01,0
T00005349,Model_B,3.7,4.29,4.18,4.0,0
T00005353,Model_B,3.71,4.1,4.3,4.07,0
T00005354,Model_B,4.33,3.22,4.1,3.7,0
T00005363,Model_B,4.5,3.07,4.1,3.8,0
T00005366,Model_B,4.5,5.0,3.93,4.58,0
T00005371,Model_B,3.87,4.46,4.76,4.54,0
T00005373,Model_B,4.77,3.4,4.07,4.05,0
T00005375,Model_B,3.95,4.95,3.12,4.31,0
T00005377,Model_B,4.71,3.77,4.03,4.33,0
T00005381,Model_B,4.94,4.68,4.59,4.86,0
T00005385,Model_B,3.88,3.63,3.97,3.65,0
T00005393,Model_B,3.72,4.66,4.31,4.17,0
T00005396,Model_B,4.37,4.78,3.88,4.21,0
T00005397,Model_B,3.82,4.74,4.39,4.22,0
T00005400,Model_B,5.0,4.54,4.51,4.95,0
T00005401,Model_B,3.95,4.86,3.78,4.37,0
T00005402,Model_B,3.32,4.05,4.44,4.16,0
T00005406,Model_B,5.0,4.66,3.4,4.67,0
T00005416,Model_B,4.61,4.33,3.41,4.41,0
T00005418,Model_B,3.93,4.26,3.93,3.9,0
T00005419,Model_B,3.98,3.19,3.51,3.35,0
T00005420,Model_B,4.87,4.42,4.0,4.49,0
T00005421,Model_B,3.89,3.84,3.77,3.83,0
T00005424,Model_B,4.59,3.97,3.71,4.07,0
T00005427,Model_B,3.91,3.48,4.88,4.01,0
T00005428,Model_B,4.48,3.96,4.54,4.15,0
T00005429,Model_B,3.46,3.92,4.41,3.92,0
T00005438,Model_B,4.13,4.52,4.39,4.12,1
T00005439,Model_B,4.43,4.41,3.78,4.19,0
T00005441,Model_B,4.07,4.42,4.66,4.53,0
T00005443,Model_B,4.51,4.69,5.0,4.3,0
T00005444,Model_B,4.53,4.01,3.83,4.16,0
T00005451,Model_B,4.51,3.91,4.56,4.03,0
T00005452,Model_B,4.42,3.11,3.98,3.93,0
T00005459,Model_B,3.94,3.98,4.18,4.2,0
T00005468,Model_B,5.0,3.68,3.88,4.64,0
T00005470,Model_B,4.63,3.57,4.4,4.24,0
T00005475,Model_B,4.39,3.92,3.48,4.09,0
T00005482,Model_B,4.05,4.61,4.01,4.01,0
T00005486,Model_B,4.38,4.04,4.32,4.19,0
T00005487,Model_B,4.23,4.16,4.06,4.11,0
T00005489,Model_B,4.58,4.15,3.72,4.13,0
T00005490,Model_B,5.0,4.33,3.62,4.55,0
T00005491,Model_B,4.17,4.29,4.45,4.32,0
T00005495,Model_B,4.59,4.25,3.7,4.23,0
T00005497,Model_B,5.0,4.78,3.7,4.41,0
T00005499,Model_B,4.61,4.1,4.53,4.12,0
T00005501,Model_B,4.46,4.91,4.62,4.45,0
T00005512,Model_B,4.32,3.98,4.3,3.96,0
T00005516,Model_B,4.01,4.22,3.75,3.87,0
T00005522,Model_B,4.52,3.77,4.04,4.2,0
T00005524,Model_B,4.76,5.0,4.62,4.66,0
T00005527,Model_B,4.55,4.05,4.06,4.3,0
T00005528,Model_B,4.9,3.3,3.66,4.01,0
T00005529,Model_B,4.87,5.0,4.26,4.71,0
T00005530,Model_B,4.65,4.37,3.3,4.24,0
T00005535,Model_B,4.57,4.54,4.39,4.57,0
T00005546,Model_B,5.0,4.26,3.94,4.58,0
T00005552,Model_B,4.55,4.5,4.29,4.59,0
T00005553,Model_B,5.0,4.57,3.13,4.45,0
T00005554,Model_B,4.18,4.25,4.52,4.21,0
T00005555,Model_B,5.0,4.22,3.75,4.13,0
T00005557,Model_B,4.04,3.25,4.53,3.91,0
T00005560,Model_B,4.86,4.72,3.85,4.71,0
T00005572,Model_B,4.18,3.77,3.96,4.4,0
T00005578,Model_B,5.0,4.18,4.16,4.2,0
T00005580,Model_B,4.44,3.37,3.84,4.11,0
T00005581,Model_B,4.79,4.31,4.46,4.45,0
T00005583,Model_B,4.0,4.0,4.15,3.93,0
T00005586,Model_B,4.74,5.0,4.13,4.65,0
T00005590,Model_B,4.23,3.8,4.34,4.36,0
T00005594,Model_B,3.98,3.96,3.19,3.62,0
T00005595,Model_B,4.6,5.0,3.77,4.48,0
T00005598,Model_B,4.79,3.82,3.98,4.31,0
T00005600,Model_B,3.76,3.89,3.82,3.85,0
T00005607,Model_B,4.29,4.25,4.02,4.19,0
T00005608,Model_B,4.86,4.45,3.88,4.65,0
T00005609,Model_B,4.52,4.63,4.53,4.68,1
T00005612,Model_B,4.26,4.04,3.95,3.9,0
T00005618,Model_B,4.01,3.48,3.88,3.73,0
T00005621,Model_B,4.29,4.27,4.47,4.24,0
T00005624,Model_B,4.65,4.38,3.44,4.1,0
T00005626,Model_B,4.07,5.0,4.15,4.64,0
T00005627,Model_B,4.45,3.74,3.98,3.94,0
T00005628,Model_B,5.0,4.37,4.27,4.76,0
T00005629,Model_B,3.34,4.41,4.24,3.71,0
T00005631,Model_B,4.29,3.63,4.26,4.17,0
T00005634,Model_B,4.55,3.83,4.55,4.09,0
T00005635,Model_B,5.0,3.99,4.04,4.51,0
T00005636,Model_B,3.9,4.7,4.03,4.41,0
T00005638,Model_B,5.0,4.86,3.59,4.74,0
T00005640,Model_B,4.75,4.22,4.21,4.54,0
T00005646,Model_B,3.99,4.07,3.2,4.01,0
T00005649,Model_B,4.56,4.52,3.55,4.29,0
T00005653,Model_B,4.54,4.35,3.52,4.25,0
T00005657,Model_B,4.39,3.78,3.91,3.82,0
T00005658,Model_B,5.0,4.87,4.85,4.86,0
T00005663,Model_B,5.0,5.0,4.34,4.65,0
T00005666,Model_B,4.25,3.93,4.18,4.09,0
T00005670,Model_B,4.33,3.76,4.41,4.04,0
T00005671,Model_B,4.33,4.63,4.56,4.51,0
T00005675,Model_B,4.66,4.42,4.63,4.58,0
T00005681,Model_B,4.43,3.99,3.86,4.12,0
T00005683,Model_B,4.11,3.54,4.34,3.98,0
T00005685,Model_B,4.31,4.26,3.7,4.13,0
T00005686,Model_B,4.32,4.31,4.16,4.55,0
T00005688,Model_B,3.81,4.21,4.31,4.12,0
T00005689,Model_B,4.47,5.0,3.63,4.69,0
T00005692,Model_B,5.0,4.48,4.83,4.73,0
T00005694,Model_B,4.19,3.44,3.88,3.9,0
T00005698,Model_B,5.0,4.24,3.37,4.2,0
T00005700,Model_B,4.48,4.49,5.0,4.55,1
T00005702,Model_B,4.85,4.29,2.76,4.15,0
T00005710,Model_B,2.85,4.3,4.24,3.22,0
T00005711,Model_B,4.56,4.81,3.91,4.37,0
T00005713,Model_B,3.92,4.82,3.91,4.29,0
T00005714,Model_B,4.04,5.0,2.98,3.72,0
T00005720,Model_B,4.64,4.66,4.31,4.75,0
T00005724,Model_B,3.88,3.92,4.01,4.09,0
T00005729,Model_B,4.65,3.99,4.44,4.2,0
T00005731,Model_B,3.82,3.86,4.19,3.9,0
T00005732,Model_B,4.2,3.01,4.09,3.56,0
T00005733,Model_B,4.81,4.04,5.0,4.59,0
T00005737,Model_B,4.55,4.66,3.64,4.5,0
T00005738,Model_B,4.59,3.9,3.69,4.02,0
T00005740,Model_B,4.43,3.68,3.97,4.07,0
T00005746,Model_B,4.36,4.23,4.59,4.46,0
T00005747,Model_B,4.39,3.94,3.79,4.39,0
T00005748,Model_B,4.95,4.47,4.32,4.7,0
T00005752,Model_B,4.38,3.73,5.0,4.69,0
T00005754,Model_B,5.0,4.9,4.32,4.76,0
T00005757,Model_B,4.75,3.89,3.82,4.13,0
T00005762,Model_B,3.5,4.78,4.22,3.87,0
T00005764,Model_B,4.85,3.97,4.0,4.14,0
T00005768,Model_B,3.82,5.0,3.09,4.06,0
T00005771,Model_B,3.94,3.94,4.07,3.92,0
T00005773,Model_B,4.79,4.26,5.0,4.75,0
T00005778,Model_B,4.33,4.12,4.82,4.25,0
T00005781,Model_B,3.87,4.36,4.14,4.09,0
T00005782,Model_B,4.13,3.34,3.64,3.79,0
T00005783,Model_B,4.77,4.75,3.94,4.3,0
T00005788,Model_B,4.18,3.69,4.14,4.03,0
T00005789,Model_B,4.26,5.0,4.62,4.56,0
T00005791,Model_B,5.0,4.03,4.01,4.37,0
T00005796,Model_B,4.32,3.46,3.51,4.1,0
T00005797,Model_B,4.16,3.74,4.42,4.08,0
T00005798,Model_B,3.34,4.52,3.98,4.05,0
T00005799,Model_B,5.0,4.11,3.88,4.32,0
T00005801,Model_B,4.34,3.42,4.18,3.83,0
T00005808,Model_B,4.37,4.21,4.83,4.22,0
T00005809,Model_B,4.55,4.01,3.96,4.3,0
T00005812,Model_B,4.33,4.99,4.26,4.49,0
T00005814,Model_B,5.0,3.85,3.73,4.41,0
T00005815,Model_B,4.12,4.3,4.24,4.29,0
T00005816,Model_B,4.59,4.61,3.74,4.35,0
T00005825,Model_B,3.8,4.22,3.72,3.71,0
T00005827,Model_B,4.29,3.85,3.78,3.94,0
T00005830,Model_B,4.21,4.37,4.72,4.32,0
T00005835,Model_B,4.08,4.38,4.53,4.21,0
T00005844,Model_B,3.99,3.72,3.62,3.63,0
T00005846,Model_B,3.63,4.46,4.21,4.09,0
T00005847,Model_B,4.92,4.31,3.49,4.24,0
T00005848,Model_B,3.92,4.13,4.14,4.2,0
T00005850,Model_B,4.43,3.86,4.77,4.6,0
T00005851,Model_B,4.02,4.18,4.81,4.27,0
T00005859,Model_B,3.77,4.47,4.87,4.47,0
T00005860,Model_B,4.92,3.83,4.24,4.5,0
T00005861,Model_B,4.76,4.17,3.91,4.37,0
T00005863,Model_B,5.0,4.85,5.0,5.0,0
T00005865,Model_B,4.12,4.41,4.34,4.17,0
T00005866,Model_B,4.2,3.84,3.21,4.03,0
T00005870,Model_B,3.59,3.96,3.91,3.92,0
T00005871,Model_B,4.34,3.86,4.1,4.0,0
T00005872,Model_B,4.04,4.09,3.8,4.16,0
T00005875,Model_B,4.16,3.75,3.99,4.15,0
T00005878,Model_B,3.9,4.64,4.14,4.21,0
T00005879,Model_B,4.95,3.88,3.5,4.17,0
T00005884,Model_B,4.95,3.87,3.66,4.27,0
T00005887,Model_B,4.44,4.55,4.43,4.42,0
T00005890,Model_B,3.77,4.5,3.64,4.12,0
T00005891,Model_B,4.08,3.71,2.53,3.38,0
T00005893,Model_B,5.0,3.64,3.46,4.17,0
T00005894,Model_B,4.61,4.72,4.43,4.6,0
T00005895,Model_B,3.91,4.78,4.79,4.65,0
T00005901,Model_B,4.54,3.97,3.62,4.05,0
T00005902,Model_B,3.52,4.05,3.64,3.89,0
T00005903,Model_B,3.33,4.18,3.47,3.63,0
T00005906,Model_B,4.34,4.17,4.27,4.29,0
T00005911,Model_B,3.44,5.0,4.17,4.08,0
T00005912,Model_B,3.34,4.62,3.78,3.83,0
T00005918,Model_B,4.57,4.57,3.96,4.59,0
T00005920,Model_B,4.26,5.0,3.66,4.52,1
T00005922,Model_B,4.03,5.0,3.05,3.79,0
T00005925,Model_B,4.55,4.47,4.41,4.47,0
T00005928,Model_B,4.31,4.1,3.74,3.96,0
T00005929,Model_B,5.0,4.15,4.54,4.3,0
T00005933,Model_B,4.6,3.33,3.75,4.15,0
T00005936,Model_B,4.34,3.49,4.33,3.98,0
T00005938,Model_B,3.91,4.88,3.62,4.17,0
T00005943,Model_B,3.83,3.64,4.12,3.71,0
T00005944,Model_B,3.94,3.93,4.33,4.06,0
T00005945,Model_B,3.34,3.89,3.95,3.7,0
T00005946,Model_B,4.77,3.9,4.2,4.29,0
T00005954,Model_B,5.0,5.0,4.29,4.62,0
T00005957,Model_B,3.63,4.21,5.0,4.49,0
T00005958,Model_B,4.13,4.41,3.79,4.08,0
T00005960,Model_B,4.37,3.14,3.85,3.75,0
T00005964,Model_B,4.93,4.91,4.36,4.62,0
T00005972,Model_B,4.23,5.0,5.0,4.89,0
T00005974,Model_B,4.22,4.18,4.55,4.51,0
T00005975,Model_B,4.74,3.32,4.67,4.11,0
T00005980,Model_B,5.0,4.73,3.4,4.41,0
T00005981,Model_B,5.0,4.39,4.68,4.9,0
T00005982,Model_B,4.47,4.36,4.25,4.48,0
T00005984,Model_B,4.74,3.41,3.87,4.31,0
T00005986,Model_B,4.6,4.67,3.16,4.51,0
T00005987,Model_B,3.89,3.59,4.18,3.92,0
T00005989,Model_B,4.71,4.55,4.44,4.79,0
T00005990,Model_B,4.51,4.45,4.27,4.41,0
T00005992,Model_B,4.56,4.26,4.45,4.35,0
T00005994,Model_B,4.11,3.74,4.5,3.95,0
T00005995,Model_B,3.58,4.15,3.83,3.83,0
T00005996,Model_B,3.7,4.77,5.0,4.45,0
T00005997,Model_B,4.0,3.77,4.45,4.17,0
T00006000,Model_B,3.6,4.34,3.58,3.6,0
T00006002,Model_B,3.71,4.52,3.95,4.14,0
T00006007,Model_B,4.66,4.91,3.92,4.68,0
T00006009,Model_B,4.73,4.55,4.0,4.69,0
T00006011,Model_B,4.46,4.68,4.81,4.58,0
T00006012,Model_B,4.61,3.71,4.28,4.19,0
T00006016,Model_B,3.75,4.84,4.29,4.23,0
T00006017,Model_B,4.85,4.42,4.31,4.5,0
T00006020,Model_B,5.0,4.03,4.11,4.21,0
T00006024,Model_B,4.78,3.95,4.56,4.36,0
T00006027,Model_B,4.47,3.61,4.22,4.15,0
T00006033,Model_B,3.34,3.9,3.69,3.39,0
T00006034,Model_B,4.42,4.23,3.68,4.1,0
T00006035,Model_B,5.0,4.45,3.94,4.53,0
T00006039,Model_B,5.0,4.55,3.95,4.5,0
T00006040,Model_B,4.32,4.29,3.14,3.97,0
T00006041,Model_B,4.83,4.29,3.79,4.2,0
T00006044,Model_B,3.68,4.59,4.1,3.85,0
T00006045,Model_B,4.27,4.69,4.85,4.46,0
T00006053,Model_B,4.58,5.0,3.26,4.19,0
T00006056,Model_B,4.12,4.14,3.44,3.99,0
T00006062,Model_B,4.15,4.55,4.35,4.45,0
T00006067,Model_B,4.59,4.3,3.69,4.42,0
T00006073,Model_B,4.94,4.47,4.29,4.37,0
T00006074,Model_B,4.61,3.63,4.07,3.99,0
T00006075,Model_B,4.78,4.0,4.49,4.74,0
T00006077,Model_B,4.66,3.93,4.04,4.3,0
T00006080,Model_B,4.53,5.0,4.08,4.61,0
T00006081,Model_B,4.38,4.41,4.47,4.75,0
T00006083,Model_B,3.96,5.0,4.3,4.2,0
T00006084,Model_B,4.55,4.64,4.22,4.58,1
T00006087,Model_B,5.0,3.81,3.97,4.33,0
T00006093,Model_B,4.27,4.78,5.0,5.0,0
T00006094,Model_B,4.16,3.72,4.3,3.94,0
T00006101,Model_B,4.61,4.47,3.91,4.6,0
T00006105,Model_B,4.68,4.62,4.26,4.69,0
T00006114,Model_B,4.19,4.31,4.5,4.35,0
T00006120,Model_B,3.82,3.24,4.07,3.59,0
T00006124,Model_B,3.98,3.58,4.12,3.88,0
T00006125,Model_B,4.13,4.49,4.49,4.36,0
T00006131,Model_B,4.82,3.45,4.22,4.1,0
T00006134,Model_B,4.46,4.06,4.05,4.02,0
T00006138,Model_B,4.68,3.13,3.94,4.02,0
T00006142,Model_B,3.69,4.38,4.1,4.06,0
T00006143,Model_B,4.17,4.01,4.47,4.1,0
T00006145,Model_B,3.86,3.55,4.52,4.16,0
T00006146,Model_B,4.4,4.3,4.09,4.27,0
T00006147,Model_B,3.95,4.11,4.14,4.27,0
T00006148,Model_B,4.28,3.35,4.13,3.97,0
T00006150,Model_B,5.0,4.11,4.9,4.88,0
T00006152,Model_B,4.2,3.9,4.53,4.08,0
T00006153,Model_B,3.92,4.16,4.34,4.06,0
T00006160,Model_B,4.22,4.04,4.97,4.56,0
T00006162,Model_B,4.55,4.09,3.76,4.17,0
T00006164,Model_B,4.44,3.71,3.1,4.11,0
T00006174,Model_B,4.91,3.62,5.0,4.27,0
T00006178,Model_B,3.8,4.39,3.54,4.09,0
T00006179,Model_B,4.37,4.89,4.53,4.61,0
T00006181,Model_B,4.28,4.08,3.99,4.05,0
T00006183,Model_B,4.17,4.73,3.81,4.25,0
T00006188,Model_B,4.08,5.0,4.61,4.6,0
T00006190,Model_B,4.63,3.22,3.63,3.58,0
T00006192,Model_B,4.67,3.36,4.82,4.39,0
T00006194,Model_B,4.6,4.75,3.79,4.1,0
T00006195,Model_B,4.23,4.35,3.92,4.38,0
T00006206,Model_B,4.13,3.75,3.92,3.94,0
T00006207,Model_B,4.67,4.34,4.07,4.69,0
T00006209,Model_B,4.94,4.58,4.35,4.73,0
T00006211,Model_B,3.62,3.98,4.27,3.74,0
T00006215,Model_B,4.47,4.88,4.72,4.71,0
T00006217,Model_B,3.98,4.2,3.9,4.27,0
T00006218,Model_B,4.73,4.76,3.74,4.4,0
T00006219,Model_B,4.49,4.11,3.43,4.36,0
T00006221,Model_B,4.32,3.8,3.41,4.14,0
T00006222,Model_B,4.66,3.61,3.81,3.69,0
T00006223,Model_B,4.09,3.91,3.33,3.88,0
T00006225,Model_B,5.0,4.97,4.8,4.94,0
T00006228,Model_B,4.52,3.5,4.06,3.83,0
T00006231,Model_B,4.87,3.61,4.72,4.6,0
T00006234,Model_B,4.73,4.26,3.96,4.45,0
T00006240,Model_B,4.44,3.47,4.04,3.93,0
T00006241,Model_B,4.53,4.47,4.23,4.25,0
T00006244,Model_B,3.84,4.88,4.26,4.25,0
T00006245,Model_B,4.55,4.19,4.44,4.42,0
T00006249,Model_B,5.0,4.03,4.26,4.6,0
T00006251,Model_B,4.16,4.27,4.15,3.95,0
T00006252,Model_B,3.91,4.55,3.64,4.21,0
T00006255,Model_B,4.74,3.95,4.51,4.5,0
T00006260,Model_B,4.58,3.95,4.57,4.47,0
T00006262,Model_B,4.41,4.61,4.1,4.49,0
T00006264,Model_B,3.94,4.41,3.87,3.78,0
T00006265,Model_B,4.44,4.05,3.67,4.07,0
T00006268,Model_B,4.88,4.26,4.87,4.68,0
T00006272,Model_B,4.35,4.25,3.51,4.03,0
T00006273,Model_B,5.0,4.49,3.9,4.78,0
T00006279,Model_B,4.51,4.32,3.72,4.5,0
T00006283,Model_B,3.97,4.28,3.54,3.96,0
T00006287,Model_B,4.73,4.68,4.12,4.34,0
T00006294,Model_B,4.12,3.74,4.33,4.25,0
T00006295,Model_B,4.23,4.59,3.86,4.18,0
T00006300,Model_B,4.39,4.81,5.0,4.61,0
T00006301,Model_B,3.75,4.76,3.33,4.02,0
T00006306,Model_B,4.17,4.14,4.63,4.13,0
T00006308,Model_B,3.99,4.73,4.93,4.51,0
T00006309,Model_B,3.96,4.47,4.19,3.99,0
T00006310,Model_B,4.61,3.47,4.44,4.31,0
T00006311,Model_B,3.92,5.0,4.66,4.5,0
T00006312,Model_B,4.37,3.62,4.28,4.11,0
T00006316,Model_B,4.53,4.3,3.86,4.38,0
T00006321,Model_B,4.71,4.55,4.54,4.62,0
T00006327,Model_B,4.16,3.68,3.58,3.85,0
T00006331,Model_B,4.4,4.02,3.37,4.1,0
T00006332,Model_B,4.63,4.4,3.76,4.33,0
T00006333,Model_B,5.0,3.98,3.75,4.16,0
T00006335,Model_B,4.28,3.5,3.87,3.97,0
T00006337,Model_B,3.72,4.16,3.55,3.74,0
T00006338,Model_B,3.85,3.39,4.83,4.08,0
T00006355,Model_B,4.04,3.89,3.29,3.5,0
T00006357,Model_B,3.87,4.32,4.74,4.23,0
T00006358,Model_B,4.39,4.28,3.48,4.12,0
T00006360,Model_B,4.0,4.14,3.33,4.06,0
T00006361,Model_B,4.62,4.73,3.81,4.36,0
T00006364,Model_B,3.92,4.12,4.05,3.88,0
T00006367,Model_B,4.71,4.43,4.15,4.58,0
T00006368,Model_B,5.0,3.9,5.0,4.56,0
T00006369,Model_B,4.96,4.36,4.16,4.63,0
T00006373,Model_B,4.26,3.69,4.85,4.49,0
T00006377,Model_B,4.29,3.07,4.13,3.93,0
T00006378,Model_B,4.7,4.81,3.84,4.46,0
T00006379,Model_B,4.43,3.97,3.61,4.2,0
T00006382,Model_B,4.33,4.19,3.67,4.28,0
T00006384,Model_B,5.0,3.54,3.93,4.25,0
T00006390,Model_B,4.5,4.33,3.81,4.57,0
T00006393,Model_B,3.79,3.7,4.25,3.78,0
T00006395,Model_B,4.49,4.84,4.67,4.61,0
T00006408,Model_B,4.41,4.57,4.67,4.66,0
T00006409,Model_B,4.28,4.08,4.56,4.34,0
T00006410,Model_B,3.82,4.24,4.49,4.02,0
T00006412,Model_B,4.57,4.85,3.4,4.39,0
T00006413,Model_B,4.34,4.35,4.1,4.21,0
T00006414,Model_B,4.05,5.0,4.53,4.6,0
T00006415,Model_B,4.73,3.44,4.24,4.15,0
T00006417,Model_B,4.18,4.17,3.85,3.84,0
T00006422,Model_B,4.5,3.89,3.6,3.83,0
T00006426,Model_B,3.98,4.01,3.75,3.9,0
T00006427,Model_B,4.11,4.51,3.45,4.26,0
T00006428,Model_B,3.63,4.98,3.45,4.2,0
T00006430,Model_B,4.84,3.65,3.63,4.23,0
T00006434,Model_B,4.39,4.55,2.93,4.06,0
T00006441,Model_B,4.81,3.87,3.78,4.24,0
T00006442,Model_B,3.94,4.21,4.6,3.92,0
T00006449,Model_B,4.62,3.9,3.49,3.96,0
T00006450,Model_B,5.0,3.84,3.91,4.45,0
T00006452,Model_B,4.08,4.69,3.79,4.11,0
T00006454,Model_B,4.09,4.0,5.0,4.4,0
T00006456,Model_B,4.35,3.84,3.95,4.16,0
T00006457,Model_B,4.73,3.58,3.62,3.82,0
T00006458,Model_B,4.58,4.14,4.64,4.51,0
T00006459,Model_B,4.08,3.98,4.28,4.11,0
T00006461,Model_B,4.05,4.41,3.93,3.98,1
T00006462,Model_B,3.92,4.24,3.77,3.65,0
T00006466,Model_B,4.28,3.91,3.77,3.96,0
T00006467,Model_B,4.01,3.91,4.88,4.33,0
T00006474,Model_B,4.58,3.73,4.62,4.37,0
T00006475,Model_B,3.93,3.94,4.43,4.39,1
T00006476,Model_B,4.48,4.01,4.13,4.16,0
T00006478,Model_B,4.72,4.21,4.59,4.39,0
T00006479,Model_B,5.0,3.61,4.27,4.53,0
T00006481,Model_B,4.98,4.64,3.96,4.7,0
T00006484,Model_B,3.69,4.3,4.08,4.04,0
T00006489,Model_B,3.66,3.79,4.28,3.94,0
T00006490,Model_B,5.0,3.41,4.39,4.4,0
T00006494,Model_B,4.91,4.46,4.44,4.24,0
T00006502,Model_B,3.97,3.57,4.06,3.85,0
T00006506,Model_B,3.55,4.32,4.01,4.09,0
T00006507,Model_B,3.89,3.78,3.84,3.95,0
T00006509,Model_B,4.24,4.14,3.28,3.76,0
T00006511,Model_B,4.02,5.0,4.4,4.32,0
T00006513,Model_B,3.75,4.89,3.74,3.98,0
T00006516,Model_B,4.5,4.74,3.98,4.63,0
T00006522,Model_B,4.27,4.37,3.89,4.21,0
T00006523,Model_B,4.39,3.97,4.93,4.65,0
T00006525,Model_B,4.42,5.0,4.03,4.37,0
T00006527,Model_B,4.81,4.04,4.32,4.36,0
T00006533,Model_B,3.63,4.78,4.42,4.15,0
T00006535,Model_B,4.5,4.29,3.4,4.41,0
T00006536,Model_B,4.59,5.0,3.5,4.42,0
T00006541,Model_B,4.08,3.94,4.45,4.32,0
T00006542,Model_B,4.86,4.09,4.11,4.47,0
T00006544,Model_B,4.22,3.25,4.09,3.99,0
T00006546,Model_B,4.01,4.18,3.49,3.78,0
T00006547,Model_B,4.39,5.0,4.29,4.47,0
T00006549,Model_B,3.9,4.12,4.69,4.2,0
T00006551,Model_B,5.0,4.23,3.31,4.46,0
T00006552,Model_B,3.85,4.72,3.39,3.98,0
T00006555,Model_B,4.33,4.51,3.27,4.15,0
T00006559,Model_B,3.98,4.28,4.04,4.09,0
T00006561,Model_B,4.56,3.33,4.7,4.27,0
T00006567,Model_B,2.87,4.43,4.32,3.7,0
T00006570,Model_B,4.62,4.58,3.99,4.24,0
T00006572,Model_B,4.75,3.79,2.89,4.01,0
T00006575,Model_B,4.45,4.44,4.52,4.56,0
T00006576,Model_B,4.09,4.18,3.75,4.18,0
T00006577,Model_B,5.0,3.96,4.98,4.88,0
T00006578,Model_B,4.17,3.44,4.93,4.14,0
T00006588,Model_B,5.0,3.55,5.0,4.57,0
T00006592,Model_B,4.3,3.62,3.5,3.85,0
T00006595,Model_B,4.14,4.01,3.9,4.05,0
T00006598,Model_B,4.45,4.4,4.08,4.32,0
T00006599,Model_B,3.74,5.0,3.75,4.31,0
T00006603,Model_B,3.7,4.09,3.74,3.83,0
T00006605,Model_B,4.14,4.37,3.79,4.15,0
T00006609,Model_B,5.0,4.17,3.66,4.58,0
T00006611,Model_B,3.64,5.0,4.32,4.33,0
T00006612,Model_B,4.02,4.94,4.61,4.54,0
T00006615,Model_B,4.35,4.2,4.11,4.21,0
T00006617,Model_B,4.06,4.29,4.2,4.1,0
T00006622,Model_B,4.58,4.4,4.44,4.31,0
T00006631,Model_B,4.69,3.4,3.97,4.28,0
T00006633,Model_B,4.8,4.85,4.62,4.72,0
T00006637,Model_B,4.53,4.64,4.61,4.86,0
T00006642,Model_B,4.36,4.46,3.77,4.12,0
T00006649,Model_B,3.91,3.89,3.01,3.74,0
T00006653,Model_B,3.91,4.41,4.61,4.19,0
T00006656,Model_B,4.3,4.32,3.64,4.11,0
T00006660,Model_B,3.63,4.16,3.79,3.85,0
T00006661,Model_B,5.0,4.49,4.19,4.42,0
T00006662,Model_B,4.6,4.07,4.67,4.74,0
T00006664,Model_B,5.0,4.76,4.12,4.75,0
T00006666,Model_B,4.84,4.24,4.25,4.71,0
T00006669,Model_B,4.44,3.75,3.91,4.17,0
T00006672,Model_B,3.82,5.0,4.47,4.44,0
T00006679,Model_B,3.55,3.08,4.53,3.31,0
T00006680,Model_B,3.37,4.73,3.56,3.6,0
T00006681,Model_B,4.51,3.32,3.74,3.72,0
T00006684,Model_B,4.2,3.91,4.01,4.35,0
T00006685,Model_B,4.67,4.1,4.19,4.22,0
T00006690,Model_B,4.37,4.75,3.91,4.11,0
T00006691,Model_B,3.96,4.46,4.34,4.26,0
T00006698,Model_B,4.57,4.57,4.09,4.46,0
T00006700,Model_B,4.53,4.29,3.54,4.16,0
T00006702,Model_B,4.9,4.64,3.78,4.54,0
T00006704,Model_B,4.94,4.76,4.52,4.88,0
T00006705,Model_B,4.04,4.39,3.9,3.94,0
T00006716,Model_B,4.62,3.84,4.18,4.05,0
T00006717,Model_B,4.37,3.63,4.2,4.16,0
T00006721,Model_B,4.17,4.52,3.32,3.85,0
T00006729,Model_B,3.98,3.63,4.34,4.16,0
T00006733,Model_B,5.0,4.97,3.71,4.66,0
T00006736,Model_B,4.33,3.71,3.82,4.03,0
T00006744,Model_B,4.44,4.38,4.36,3.93,0
T00006746,Model_B,4.3,3.05,4.39,4.11,0
T00006747,Model_B,4.46,4.32,4.11,4.48,0
T00006753,Model_B,4.86,5.0,4.92,4.67,0
T00006754,Model_B,3.35,4.24,3.26,3.67,0
T00006758,Model_B,5.0,4.02,3.87,4.27,0
T00006759,Model_B,4.23,3.9,4.0,4.15,0
T00006760,Model_B,4.73,3.35,4.66,4.03,0
T00006761,Model_B,4.28,4.09,4.02,4.07,0
T00006763,Model_B,4.62,4.86,3.84,4.84,0
T00006764,Model_B,5.0,4.59,3.0,4.26,0
T00006766,Model_B,4.37,4.89,3.51,4.33,0
T00006768,Model_B,4.15,4.41,4.87,4.43,0
T00006769,Model_B,3.96,4.86,3.92,4.45,0
T00006770,Model_B,4.45,3.57,4.96,3.85,0
T00006775,Model_B,3.52,4.57,3.67,3.73,0
T00006776,Model_B,4.11,4.5,4.45,4.52,0
T00006777,Model_B,3.84,4.35,4.02,4.16,0
T00006780,Model_B,4.8,4.4,4.22,4.42,0
T00006783,Model_B,4.05,4.57,4.07,4.19,0
T00006785,Model_B,4.2,4.34,3.65,3.92,0
T00006786,Model_B,5.0,4.47,4.31,4.35,0
T00006787,Model_B,3.83,3.48,3.65,3.23,0
T00006790,Model_B,3.97,4.28,3.54,3.65,0
T00006796,Model_B,4.13,4.33,4.75,4.5,0
T00006798,Model_B,3.84,4.69,5.0,4.51,0
T00006802,Model_B,4.44,3.58,3.32,3.67,0
T00006805,Model_B,5.0,4.03,4.01,4.56,0
T00006811,Model_B,4.08,4.97,4.49,4.68,0
T00006812,Model_B,4.85,4.14,3.92,4.4,0
T00006824,Model_B,4.14,4.27,3.95,4.06,0
T00006826,Model_B,3.95,4.15,3.83,4.0,0
T00006830,Model_B,5.0,4.63,4.96,4.58,0
T00006832,Model_B,3.76,3.81,4.59,4.3,0
T00006841,Model_B,4.47,3.91,4.88,4.37,0
T00006842,Model_B,4.66,4.48,3.84,4.31,0
T00006843,Model_B,3.99,4.53,4.28,4.22,0
T00006844,Model_B,3.81,3.94,4.25,3.7,0
T00006846,Model_B,4.2,4.2,4.04,4.08,0
T00006852,Model_B,5.0,3.43,3.69,4.24,0
T00006856,Model_B,3.97,5.0,3.73,4.03,0
T00006857,Model_B,4.14,4.18,4.26,4.04,0
T00006859,Model_B,3.84,4.11,4.51,4.11,0
T00006863,Model_B,4.21,4.58,3.75,4.04,0
T00006864,Model_B,4.3,4.34,3.34,4.28,0
T00006865,Model_B,3.44,4.38,3.53,3.65,0
T00006870,Model_B,3.79,4.03,3.86,4.04,0
T00006873,Model_B,4.63,3.67,3.29,4.12,0
T00006876,Model_B,4.41,4.1,3.23,4.05,0
T00006877,Model_B,3.97,4.23,4.23,4.18,0
T00006881,Model_B,4.73,4.62,4.26,4.67,0
T00006882,Model_B,4.63,4.71,4.72,4.65,0
T00006887,Model_B,4.83,3.69,3.59,3.98,0
T00006893,Model_B,4.68,4.13,4.38,4.59,0
T00006894,Model_B,4.62,3.98,3.27,4.01,0
T00006897,Model_B,4.35,4.8,4.67,4.58,0
T00006898,Model_B,4.85,4.04,3.63,4.39,0
T00006901,Model_B,4.79,3.82,4.31,4.14,0
T00006904,Model_B,4.66,3.42,3.78,3.99,0
T00006906,Model_B,4.73,3.74,4.75,4.5,0
T00006918,Model_B,4.12,4.62,4.15,3.99,0
T00006923,Model_B,4.3,5.0,3.76,4.19,0
T00006925,Model_B,4.06,3.9,4.8,4.28,0
T00006926,Model_B,5.0,4.04,4.21,4.42,0
T00006933,Model_B,4.29,3.89,4.65,4.24,0
T00006934,Model_B,4.81,4.11,4.29,4.57,0
T00006936,Model_B,4.68,4.12,3.61,4.0,0
T00006941,Model_B,5.0,3.9,4.24,4.55,0
T00006942,Model_B,4.55,3.54,4.51,3.96,0
T00006944,Model_B,4.66,4.2,4.44,4.44,0
T00006946,Model_B,3.91,4.07,4.31,4.16,0
T00006947,Model_B,3.8,3.75,4.17,3.84,0
T00006949,Model_B,4.61,5.0,4.65,4.65,0
T00006954,Model_B,4.8,4.42,3.31,4.38,0
T00006962,Model_B,4.14,5.0,4.3,4.68,0
T00006963,Model_B,4.03,3.63,5.0,4.38,0
T00006965,Model_B,4.33,3.46,4.62,4.35,0
T00006967,Model_B,4.71,4.33,3.36,4.31,0
T00006969,Model_B,4.2,4.71,4.3,4.6,0
T00006970,Model_B,4.4,4.05,4.66,4.19,0
T00006975,Model_B,4.03,4.89,4.13,4.3,0
T00006980,Model_B,4.39,3.7,3.73,4.01,0
T00006981,Model_B,4.41,4.49,3.72,4.1,0
T00006985,Model_B,3.98,3.77,4.36,4.02,0
T00006989,Model_B,4.23,5.0,3.69,4.08,0
T00006994,Model_B,5.0,3.72,4.77,4.58,0
T00006997,Model_B,4.77,2.96,3.83,4.22,0
T00006998,Model_B,3.92,4.04,4.59,4.42,0
T00006999,Model_B,3.42,5.0,4.07,4.33,0
T00007002,Model_B,4.32,4.05,4.2,4.08,0
T00007004,Model_B,3.8,3.6,3.94,3.64,0
T00007008,Model_B,5.0,4.48,3.31,4.43,0
T00007009,Model_B,4.6,4.34,3.27,4.07,1
T00007018,Model_B,4.7,4.19,3.48,4.39,0
T00007021,Model_B,4.31,3.75,4.73,4.29,0
T00007023,Model_B,4.94,4.28,4.52,4.79,0
T00007025,Model_B,3.85,3.95,4.87,4.18,0
T00007033,Model_B,4.31,4.37,3.71,4.36,0
T00007036,Model_B,4.26,3.48,4.6,4.17,0
T00007038,Model_B,3.99,4.91,4.11,4.12,0
T00007041,Model_B,4.69,4.12,4.47,4.83,0
T00007042,Model_B,4.44,4.27,4.03,4.49,0
T00007043,Model_B,4.69,5.0,3.57,4.35,0
T00007044,Model_B,4.75,3.98,4.71,4.68,0
T00007045,Model_B,5.0,3.47,3.71,4.15,0
T00007048,Model_B,4.14,4.77,4.45,4.39,0
T00007053,Model_B,5.0,2.8,4.69,4.01,0
T00007055,Model_B,4.14,4.75,4.51,4.61,0
T00007056,Model_B,4.22,4.07,4.56,4.13,0
T00007057,Model_B,3.56,4.81,3.32,3.91,0
T00007059,Model_B,4.38,3.84,4.27,4.27,0
T00007062,Model_B,5.0,4.58,3.76,4.47,0
T00007068,Model_B,4.21,3.09,4.12,3.95,0
T00007069,Model_B,4.09,4.41,4.18,4.31,0
T00007070,Model_B,4.15,3.74,3.76,3.88,0
T00007073,Model_B,4.82,3.88,4.74,4.42,0
T00007075,Model_B,5.0,4.66,4.0,4.67,0
T00007076,Model_B,3.78,3.16,3.99,3.54,0
T00007077,Model_B,4.06,4.0,3.99,4.26,0
T00007084,Model_B,4.53,4.39,4.21,4.52,0
T00007089,Model_B,4.88,3.28,4.51,4.1,0
T00007091,Model_B,4.51,4.46,4.5,4.51,0
T00007100,Model_B,4.9,3.93,3.76,4.15,0
T00007101,Model_B,4.43,4.33,3.61,4.19,0
T00007103,Model_B,4.81,4.81,4.63,4.64,0
T00007104,Model_B,4.07,4.01,3.49,3.91,0
T00007105,Model_B,4.11,3.97,4.05,3.98,0
T00007108,Model_B,4.59,4.72,4.39,4.87,0
T00007112,Model_B,5.0,3.95,3.93,3.99,0
T00007119,Model_B,4.73,4.1,4.6,4.51,0
T00007120,Model_B,4.41,4.9,4.44,4.82,0
T00007121,Model_B,5.0,3.55,5.0,4.35,0
T00007122,Model_B,4.27,4.38,4.13,4.23,0
T00007125,Model_B,4.78,3.97,3.99,4.13,0
T00007126,Model_B,3.6,4.11,4.28,3.77,0
T00007128,Model_B,4.69,3.11,4.55,4.15,0
T00007129,Model_B,3.92,4.64,4.23,4.38,0
T00007130,Model_B,4.08,4.19,3.94,4.03,0
T00007131,Model_B,4.11,4.38,4.08,4.52,0
T00007133,Model_B,4.26,4.78,3.35,4.25,0
T00007134,Model_B,4.31,3.9,3.71,4.36,0
T00007144,Model_B,4.28,3.98,4.79,4.29,0
T00007145,Model_B,4.96,3.58,4.49,4.54,0
T00007147,Model_B,4.61,4.2,3.89,4.32,0
T00007149,Model_B,4.56,3.47,3.96,4.16,0
T00007150,Model_B,4.95,4.1,3.57,4.36,0
T00007154,Model_B,4.3,4.39,4.99,4.53,0
T00007159,Model_B,4.62,4.04,4.45,4.33,0
T00007161,Model_B,4.63,3.49,3.91,4.13,0
T00007173,Model_B,4.4,3.52,3.77,3.7,0
T00007175,Model_B,4.05,4.37,3.2,3.94,0
T00007179,Model_B,4.98,4.12,3.33,4.57,0
T00007181,Model_B,4.56,4.89,5.0,4.78,0
T00007183,Model_B,4.95,3.34,4.18,4.05,0
T00007184,Model_B,4.1,4.12,4.78,4.27,0
T00007186,Model_B,3.57,3.73,4.36,3.92,0
T00007187,Model_B,5.0,4.41,4.04,4.38,0
T00007190,Model_B,4.22,3.46,3.98,3.74,0
T00007191,Model_B,3.81,3.87,4.05,3.93,0
T00007197,Model_B,3.71,4.56,3.7,4.32,0
T00007198,Model_B,3.46,4.45,3.82,3.89,0
T00007200,Model_B,4.12,3.84,4.06,4.01,0
T00007203,Model_B,5.0,4.07,3.83,4.49,1
T00007204,Model_B,4.26,3.66,4.26,4.12,0
T00007206,Model_B,3.54,4.4,3.45,3.72,0
T00007207,Model_B,4.48,4.47,4.2,4.44,0
T00007208,Model_B,5.0,4.34,4.52,4.66,0
T00007210,Model_B,4.38,4.57,4.35,4.28,0
T00007213,Model_B,3.79,4.6,3.07,3.91,0
T00007215,Model_B,4.42,4.97,3.96,4.55,0
T00007216,Model_B,4.59,4.36,4.37,4.56,0
T00007218,Model_B,4.56,4.39,4.61,4.56,0
T00007221,Model_B,4.3,3.35,4.12,3.88,0
T00007222,Model_B,4.72,5.0,4.07,4.67,0
T00007226,Model_B,4.78,4.32,4.12,4.41,0
T00007227,Model_B,3.62,4.49,4.34,4.12,0
T00007230,Model_B,4.81,4.83,4.02,4.64,0
T00007233,Model_B,4.32,4.24,4.5,4.39,0
T00007244,Model_B,3.4,4.41,3.31,3.53,0
T00007247,Model_B,4.53,4.75,4.37,4.39,1
T00007250,Model_B,3.56,4.15,4.99,4.16,0
T00007254,Model_B,3.36,3.8,4.55,3.82,0
T00007265,Model_B,4.47,5.0,3.77,4.62,0
T00007267,Model_B,4.8,4.12,4.15,4.13,0
T00007268,Model_B,3.71,4.34,4.84,4.4,0
T00007272,Model_B,4.4,2.92,3.16,3.23,0
T00007273,Model_B,3.79,4.24,4.64,4.29,0
T00007276,Model_B,4.17,5.0,3.74,4.23,0
T00007279,Model_B,4.69,4.47,3.69,4.21,0
T00007287,Model_B,4.96,3.9,3.87,4.25,0
T00007297,Model_B,4.93,3.6,4.23,4.14,0
T00007301,Model_B,4.63,4.28,4.42,4.67,0
T00007305,Model_B,4.09,4.77,4.22,4.39,0
T00007306,Model_B,4.23,4.41,3.8,4.23,0
T00007307,Model_B,3.67,3.4,3.7,3.43,0
T00007309,Model_B,4.26,4.23,3.42,4.23,0
T00007313,Model_B,4.09,3.73,3.99,4.05,0
T00007316,Model_B,4.65,3.86,4.0,3.97,0
T00007317,Model_B,3.91,3.73,4.24,4.13,0
T00007323,Model_B,4.41,3.38,4.07,3.72,0
T00007327,Model_B,4.27,4.59,4.35,4.23,0
T00007331,Model_B,4.85,4.6,4.3,4.19,0
T00007332,Model_B,4.03,4.53,4.18,4.4,0
T00007336,Model_B,4.35,4.66,3.39,4.11,1
T00007339,Model_B,4.66,4.01,3.6,4.16,0
T00007341,Model_B,4.49,3.89,5.0,4.47,0
T00007344,Model_B,4.6,4.42,4.04,4.41,0
T00007345,Model_B,4.19,3.99,4.06,4.29,0
T00007348,Model_B,4.27,4.16,3.7,3.62,0
T00007350,Model_B,4.81,4.59,4.63,4.66,0
T00007359,Model_B,3.53,4.18,4.64,4.2,0
T00007364,Model_B,3.78,3.28,4.02,4.06,0
T00007368,Model_B,4.79,4.35,4.07,4.55,0
T00007374,Model_B,3.81,4.75,3.99,4.13,0
T00007375,Model_B,3.48,4.68,3.54,3.89,0
T00007384,Model_B,4.4,3.77,3.21,3.8,0
T00007387,Model_B,4.52,4.34,4.04,4.37,0
T00007388,Model_B,4.7,3.96,4.4,4.32,0
T00007390,Model_B,4.35,5.0,4.76,4.59,0
T00007392,Model_B,4.73,3.49,4.99,4.53,0
T00007394,Model_B,3.42,4.33,3.56,4.06,0
T00007395,Model_B,4.76,4.37,4.01,4.41,0
T00007397,Model_B,4.08,4.2,4.17,4.2,0
T00007398,Model_B,4.78,4.46,4.27,4.53,0
T00007400,Model_B,4.54,4.36,3.59,4.2,0
T00007402,Model_B,4.19,4.23,3.84,3.99,0
T00007406,Model_B,4.91,5.0,3.81,4.6,0
T00007407,Model_B,5.0,3.84,5.0,4.58,0
T00007408,Model_B,4.32,5.0,5.0,4.45,0
T00007412,Model_B,4.53,4.2,4.52,4.03,0
T00007415,Model_B,3.8,4.54,4.07,4.16,0
T00007418,Model_B,4.6,4.32,3.75,4.2,0
T00007421,Model_B,4.49,3.91,3.92,4.12,0
T00007424,Model_B,4.0,4.24,3.46,4.05,0
T00007425,Model_B,4.19,3.95,4.35,4.0,0
T00007427,Model_B,4.99,4.46,3.45,4.46,0
T00007428,Model_B,4.31,4.45,3.88,4.11,0
T00007430,Model_B,4.07,4.52,3.75,4.29,0
T00007431,Model_B,5.0,4.6,4.59,4.82,1
T00007432,Model_B,4.71,3.91,4.13,4.35,0
T00007435,Model_B,3.91,3.92,4.08,4.1,0
T00007437,Model_B,5.0,3.37,3.5,3.96,0
T00007439,Model_B,4.48,3.88,4.18,4.44,0
T00007443,Model_B,3.79,4.21,4.19,3.82,0
T00007449,Model_B,3.63,3.75,3.96,3.78,0
T00007453,Model_B,4.81,4.37,3.96,4.62,0
T00007456,Model_B,3.68,4.04,4.44,4.05,0
T00007458,Model_B,4.43,4.5,3.41,4.23,0
T00007462,Model_B,5.0,3.91,3.25,4.17,0
T00007463,Model_B,3.67,3.54,4.14,3.75,0
T00007465,Model_B,4.3,4.17,4.16,4.1,0
T00007473,Model_B,4.56,3.37,3.86,4.03,0
T00007475,Model_B,4.66,3.9,4.45,4.23,0
T00007477,Model_B,3.45,4.31,4.67,4.09,0
T00007482,Model_B,3.56,4.24,4.45,4.07,0
T00007483,Model_B,4.78,3.94,4.26,4.51,0
T00007485,Model_B,3.78,4.43,4.62,4.39,0
T00007486,Model_B,3.75,4.87,3.8,4.24,0
T00007489,Model_B,4.84,3.8,3.32,4.21,0
T00007492,Model_B,4.62,4.65,3.44,4.43,0
T00007507,Model_B,4.46,4.08,4.07,4.15,0
T00007509,Model_B,3.94,4.33,5.0,4.31,0
T00007510,Model_B,5.0,4.28,5.0,4.75,0
T00007513,Model_B,3.72,3.88,4.47,4.04,0
T00007515,Model_B,4.49,4.3,4.58,4.28,0
T00007520,Model_B,3.59,4.67,4.53,4.33,0
T00007521,Model_B,4.57,4.68,3.28,4.15,0
T00007526,Model_B,5.0,3.72,3.93,4.17,0
T00007527,Model_B,4.1,3.44,4.56,3.88,0
T00007530,Model_B,4.08,4.66,4.65,4.55,0
T00007531,Model_B,4.25,4.2,4.37,4.15,0
T00007534,Model_B,4.26,4.18,3.23,3.77,0
T00007538,Model_B,3.7,4.58,4.38,4.34,0
T00007539,Model_B,3.93,3.49,3.7,3.75,0
T00007540,Model_B,5.0,3.57,3.54,3.94,0
T00007541,Model_B,4.45,4.21,4.25,4.27,0
T00007553,Model_B,4.19,4.03,4.02,3.98,0
T00007554,Model_B,4.6,4.78,4.45,4.67,0
T00007557,Model_B,3.95,4.99,4.26,4.31,0
T00007561,Model_B,4.82,4.02,3.93,4.29,0
T00007564,Model_B,4.51,4.48,4.43,4.62,0
T00007570,Model_B,4.44,3.92,3.03,3.64,0
T00007572,Model_B,4.3,3.58,4.88,4.27,0
T00007575,Model_B,4.4,4.49,3.43,4.22,0
T00007581,Model_B,4.11,4.7,4.88,4.61,0
T00007583,Model_B,4.34,3.35,3.76,3.69,0
T00007584,Model_B,3.96,4.02,3.68,3.72,0
T00007585,Model_B,4.49,4.33,4.28,4.24,0
T00007586,Model_B,4.39,3.38,3.77,3.86,0
T00007588,Model_B,4.6,3.67,3.77,4.33,0
T00007589,Model_B,4.66,4.02,3.54,4.28,0
T00007590,Model_B,5.0,4.31,2.83,4.1,0
T00007593,Model_B,4.69,4.07,4.33,4.48,0
T00007596,Model_B,4.33,4.6,4.42,4.69,0
T00007598,Model_B,4.39,3.96,4.3,4.29,0
T00007599,Model_B,4.42,3.69,4.39,4.29,0
T00007600,Model_B,3.88,4.65,4.54,4.24,0
T00007609,Model_B,3.98,3.76,4.57,4.25,0
T00007610,Model_B,4.28,4.2,4.27,4.52,0
T00007614,Model_B,4.79,3.65,4.21,4.15,0
T00007620,Model_B,4.52,3.44,3.55,3.99,0
T00007622,Model_B,3.9,3.82,3.83,3.8,0
T00007623,Model_B,4.32,4.75,3.96,4.41,0
T00007624,Model_B,4.48,4.48,3.9,4.5,0
T00007626,Model_B,4.11,4.43,4.15,4.12,0
T00007631,Model_B,4.03,3.57,4.05,3.84,0
T00007636,Model_B,4.19,4.11,3.85,4.11,0
T00007637,Model_B,4.75,4.43,4.73,4.72,0
T00007640,Model_B,3.92,3.73,4.14,3.83,0
T00007643,Model_B,3.47,4.32,3.43,3.6,0
T00007645,Model_B,4.79,3.62,4.71,4.37,0
T00007646,Model_B,5.0,3.64,4.25,4.39,0
T00007650,Model_B,4.39,4.52,4.24,4.28,0
T00007656,Model_B,4.31,4.02,4.65,4.4,1
T00007661,Model_B,5.0,4.47,4.25,4.86,0
T00007663,Model_B,4.28,4.0,3.77,3.91,0
T00007667,Model_B,4.2,4.05,4.14,4.12,1
T00007669,Model_B,5.0,2.84,4.24,4.03,0
T00007677,Model_B,5.0,4.31,4.17,4.51,0
T00007679,Model_B,4.71,4.88,3.24,4.47,0
T00007681,Model_B,3.83,4.29,3.7,3.95,0
T00007682,Model_B,4.27,4.73,4.04,4.45,0
T00007684,Model_B,4.33,4.7,2.87,4.05,0
T00007694,Model_B,5.0,4.53,3.4,4.37,0
T00007700,Model_B,4.04,3.9,4.21,3.81,0
T00007702,Model_B,4.27,4.62,4.91,4.44,0
T00007705,Model_B,4.04,4.55,4.14,4.36,0
T00007708,Model_B,3.09,4.37,4.36,4.14,0
T00007709,Model_B,4.77,3.5,4.42,4.24,1
T00007710,Model_B,5.0,4.49,3.26,4.39,0
T00007713,Model_B,4.8,3.94,3.65,4.4,0
T00007717,Model_B,5.0,4.16,3.79,4.3,0
T00007719,Model_B,4.15,4.49,3.33,4.39,0
T00007721,Model_B,4.94,4.41,4.16,4.44,0
T00007724,Model_B,4.19,3.67,3.26,3.57,0
T00007727,Model_B,5.0,4.22,4.4,4.64,0
T00007729,Model_B,3.83,3.73,5.0,4.01,0
T00007732,Model_B,4.15,2.98,3.85,3.83,0
T00007744,Model_B,4.59,3.85,5.0,4.48,0
T00007748,Model_B,4.88,4.93,5.0,4.92,0
T00007750,Model_B,4.92,3.62,4.28,4.37,0
T00007756,Model_B,4.32,4.86,4.69,4.68,0
T00007759,Model_B,4.72,4.1,3.7,4.2,0
T00007764,Model_B,4.71,4.49,4.9,4.69,0
T00007767,Model_B,4.09,4.79,4.15,4.5,0
T00007768,Model_B,4.15,3.73,4.39,4.11,0
T00007769,Model_B,4.77,4.19,4.36,4.79,0
T00007771,Model_B,4.47,4.26,3.1,3.84,0
T00007772,Model_B,3.93,4.78,3.53,3.85,0
T00007773,Model_B,4.32,4.41,3.79,3.86,0
T00007774,Model_B,4.51,4.04,4.89,4.53,0
T00007775,Model_B,3.85,4.33,4.44,3.99,0
T00007783,Model_B,4.74,3.98,3.54,4.02,0
T00007786,Model_B,4.53,4.89,4.15,4.44,0
T00007788,Model_B,4.71,3.41,3.74,4.15,0
T00007792,Model_B,4.51,3.84,5.0,4.71,0
T00007794,Model_B,4.06,4.64,3.47,4.14,0
T00007797,Model_B,4.07,3.76,3.78,4.0,0
T00007799,Model_B,3.84,3.95,5.0,4.2,0
T00007804,Model_B,4.84,4.55,4.46,4.71,0
T00007805,Model_B,4.61,4.02,3.82,4.1,0
T00007807,Model_B,4.11,4.23,3.69,3.98,0
T00007808,Model_B,4.47,4.52,3.92,4.38,0
T00007809,Model_B,4.58,4.51,4.18,4.24,0
T00007817,Model_B,4.38,3.35,3.96,4.02,0
T00007820,Model_B,4.67,4.11,4.02,4.39,0
T00007821,Model_B,4.5,4.15,3.42,4.09,0
T00007823,Model_B,3.84,4.26,3.51,3.93,0
T00007826,Model_B,4.61,4.24,4.31,4.36,0
T00007827,Model_B,4.78,4.24,4.6,4.69,0
T00007828,Model_B,3.95,4.57,3.88,4.14,0
T00007830,Model_B,4.99,4.08,3.91,4.31,0
T00007834,Model_B,5.0,3.74,3.17,3.88,0
T00007837,Model_B,4.04,3.08,4.69,3.64,0
T00007840,Model_B,4.06,4.69,4.87,4.44,0
T00007844,Model_B,4.26,4.49,4.83,4.54,0
T00007847,Model_B,4.31,3.26,3.61,3.62,0
T00007849,Model_B,4.79,3.89,4.58,4.5,0
T00007850,Model_B,4.49,4.9,5.0,4.6,0
T00007866,Model_B,4.16,4.4,3.98,4.24,0
T00007869,Model_B,4.27,5.0,4.59,4.57,0
T00007874,Model_B,4.97,4.5,4.82,4.67,0
T00007877,Model_B,4.06,3.71,4.39,3.96,0
T00007886,Model_B,5.0,3.93,3.95,4.41,0
T00007888,Model_B,5.0,3.62,3.48,3.89,0
T00007890,Model_B,4.89,3.93,4.32,4.24,0
T00007892,Model_B,5.0,4.14,3.91,4.25,0
T00007895,Model_B,3.92,4.31,3.43,3.88,0
T00007897,Model_B,3.49,4.76,3.23,3.95,0
T00007899,Model_B,4.56,4.28,4.09,4.47,0
T00007900,Model_B,3.67,3.93,2.99,3.57,0
T00007903,Model_B,4.43,4.78,5.0,4.62,0
T00007904,Model_B,4.54,3.25,4.26,3.93,0
T00007906,Model_B,5.0,3.81,4.48,4.36,0
T00007912,Model_B,4.51,3.98,3.87,4.69,0
T00007916,Model_B,3.55,4.82,4.66,4.46,0
T00007918,Model_B,3.85,4.95,3.98,4.44,0
T00007919,Model_B,4.51,3.74,4.13,4.07,0
T00007923,Model_B,3.68,4.03,4.83,4.09,0
T00007924,Model_B,4.92,3.47,4.59,4.36,0
T00007925,Model_B,4.59,3.87,4.01,4.28,0
T00007926,Model_B,4.39,4.22,4.27,4.21,0
T00007932,Model_B,4.56,3.85,4.49,4.39,0
T00007935,Model_B,3.59,3.12,3.54,3.62,0
T00007939,Model_B,4.56,4.72,3.48,4.88,0
T00007940,Model_B,4.24,2.66,4.39,3.56,0
T00007946,Model_B,4.74,4.17,4.21,4.64,0
T00007949,Model_B,3.95,4.82,4.53,4.55,0
T00007951,Model_B,4.1,4.28,4.1,4.37,0
T00007952,Model_B,4.22,4.14,4.34,4.37,0
T00007958,Model_B,4.46,4.85,4.09,4.52,0
T00007963,Model_B,5.0,4.41,4.4,4.64,0
T00007966,Model_B,4.34,4.49,3.83,4.2,0
T00007970,Model_B,3.73,3.7,3.42,3.64,0
T00007971,Model_B,4.3,4.24,4.25,4.71,0
T00007972,Model_B,4.3,4.27,3.86,4.06,0
T00007979,Model_B,4.39,4.8,4.24,4.5,0
T00007982,Model_B,4.38,3.36,4.34,4.32,0
T00007983,Model_B,4.8,4.03,4.4,4.62,0
T00007984,Model_B,3.68,4.22,3.95,3.78,0
T00007985,Model_B,3.86,3.72,3.42,3.48,0
T00007988,Model_B,3.97,3.72,4.97,4.16,0
T00007989,Model_B,4.8,3.88,3.9,4.12,0
T00007992,Model_B,3.7,3.96,4.24,3.85,0
T00007995,Model_B,4.16,3.56,4.39,4.06,0
T00007997,Model_B,4.1,4.85,4.22,4.22,0
T00007998,Model_B,4.34,4.5,4.08,4.42,0
T00008000,Model_B,4.72,3.49,3.43,4.05,0
T00008003,Model_B,4.87,4.26,4.57,4.42,0
T00008005,Model_B,4.75,3.96,4.1,4.31,0
T00008006,Model_B,4.75,4.01,4.36,4.41,0
T00008009,Model_B,4.81,4.92,3.89,4.73,0
T00008017,Model_B,4.32,4.1,3.63,4.07,1
T00008021,Model_B,4.53,4.2,4.42,4.39,0
T00008022,Model_B,4.97,4.86,4.29,4.88,0
T00008024,Model_B,4.9,4.5,3.64,4.66,0
T00008025,Model_B,4.48,4.21,4.98,4.43,0
T00008027,Model_B,5.0,3.77,4.35,4.41,0
T00008030,Model_B,4.95,3.4,3.49,4.24,0
T00008031,Model_B,4.4,5.0,4.53,4.65,0
T00008037,Model_B,5.0,3.8,3.78,4.19,0
T00008040,Model_B,4.84,4.9,4.05,4.66,0
T00008044,Model_B,4.59,3.29,4.21,4.12,0
T00008046,Model_B,4.38,3.64,4.63,4.22,0
T00008048,Model_B,4.6,3.88,3.98,4.31,0
T00008049,Model_B,4.04,3.83,3.84,3.92,0
T00008050,Model_B,4.37,4.39,4.26,4.17,0
T00008055,Model_B,4.41,4.32,4.42,4.21,0
T00008056,Model_B,4.21,4.77,3.99,4.45,0
T00008057,Model_B,4.26,4.16,4.62,4.57,0
T00008059,Model_B,3.88,3.82,3.97,4.04,0
T00008063,Model_B,5.0,3.63,3.48,4.25,0
T00008066,Model_B,5.0,4.38,4.73,4.81,0
T00008067,Model_B,4.76,4.33,4.27,4.39,0
T00008071,Model_B,4.66,4.18,3.93,4.11,0
T00008072,Model_B,4.48,4.28,4.97,4.45,0
T00008074,Model_B,3.71,3.81,3.66,3.9,0
T00008075,Model_B,4.04,4.08,3.84,4.31,0
T00008077,Model_B,5.0,3.53,3.65,4.05,0
T00008078,Model_B,4.47,4.98,4.41,4.3,0
T00008079,Model_B,4.47,4.23,4.22,4.58,0
T00008080,Model_B,4.01,3.93,3.61,3.97,0
T00008082,Model_B,4.09,3.72,4.27,3.93,0
T00008089,Model_B,5.0,4.34,4.44,4.51,0
T00008090,Model_B,4.66,4.3,4.05,4.34,0
T00008091,Model_B,3.84,3.92,3.84,3.54,0
T00008092,Model_B,4.33,3.5,4.65,4.05,0
T00008096,Model_B,3.62,4.0,3.55,3.63,0
T00008107,Model_B,4.64,4.42,4.58,4.55,0
T00008108,Model_B,3.69,3.88,4.1,3.68,0
T00008110,Model_B,4.5,4.26,4.77,4.4,0
T00008111,Model_B,4.25,5.0,5.0,4.7,0
T00008118,Model_B,4.08,3.24,4.41,3.71,0
T00008120,Model_B,4.45,4.48,3.48,4.17,0
T00008121,Model_B,4.03,3.54,3.7,3.92,0
T00008124,Model_B,4.62,4.94,3.66,4.48,0
T00008125,Model_B,4.23,4.36,5.0,4.44,0
T00008134,Model_B,5.0,4.71,4.99,4.93,0
T00008141,Model_B,5.0,4.92,4.23,4.84,0
T00008145,Model_B,3.92,4.3,4.05,3.6,0
T00008155,Model_B,3.79,4.32,3.47,3.95,0
T00008159,Model_B,4.3,3.25,4.17,3.92,0
T00008163,Model_B,4.01,4.43,4.1,4.19,0
T00008170,Model_B,4.38,4.48,3.84,4.4,0
T00008171,Model_B,4.49,4.62,4.0,4.33,0
T00008173,Model_B,3.83,3.81,4.68,4.22,0
T00008178,Model_B,4.25,4.3,3.76,4.03,0
T00008179,Model_B,3.58,4.7,5.0,4.1,0
T00008182,Model_B,4.45,4.45,5.0,4.67,0
T00008184,Model_B,3.63,4.85,4.09,4.02,0
T00008186,Model_B,4.16,4.6,3.54,4.12,0
T00008187,Model_B,4.18,4.17,4.61,4.27,0
T00008188,Model_B,3.74,4.44,3.83,4.54,0
T00008191,Model_B,4.32,4.09,4.5,4.27,0
T00008196,Model_B,3.83,3.76,4.95,4.17,0
T00008201,Model_B,3.91,4.4,4.18,4.11,0
T00008202,Model_B,4.66,3.66,3.77,4.31,0
T00008210,Model_B,4.14,4.16,4.17,4.18,0
T00008211,Model_B,4.78,4.45,3.51,4.3,0
T00008214,Model_B,4.55,4.31,4.3,4.7,0
T00008215,Model_B,4.43,4.27,3.97,4.08,0
T00008217,Model_B,3.78,4.38,4.03,4.0,0
T00008219,Model_B,4.45,4.17,4.43,4.43,0
T00008220,Model_B,4.11,4.26,4.6,4.54,0
T00008221,Model_B,4.75,3.4,3.77,4.03,0
T00008222,Model_B,4.64,4.6,4.72,4.72,0
T00008224,Model_B,3.74,2.78,3.51,3.39,0
T00008225,Model_B,3.97,4.08,3.72,3.94,0
T00008226,Model_B,5.0,4.86,3.84,4.7,0
T00008229,Model_B,5.0,4.64,4.76,4.64,0
T00008231,Model_B,4.95,3.26,3.59,4.04,0
T00008232,Model_B,4.19,3.58,4.55,3.76,0
T00008234,Model_B,4.44,4.09,3.76,4.2,0
T00008236,Model_B,3.6,3.8,4.12,4.05,0
T00008241,Model_B,4.02,4.82,4.26,4.51,0
T00008242,Model_B,4.3,4.14,4.48,4.06,0
T00008243,Model_B,3.71,4.44,3.74,3.87,0
T00008247,Model_B,3.98,3.96,3.9,3.87,0
T00008248,Model_B,4.45,4.57,3.67,4.18,0
T00008249,Model_B,5.0,4.31,3.63,4.63,0
T00008257,Model_B,4.39,4.39,3.96,4.15,0
T00008259,Model_B,4.22,4.25,3.74,4.0,0
T00008260,Model_B,4.33,4.26,3.84,3.93,0
T00008262,Model_B,4.96,4.66,3.22,4.31,0
T00008264,Model_B,4.35,5.0,4.34,4.62,0
T00008268,Model_B,4.21,5.0,4.98,4.67,0
T00008271,Model_B,3.71,4.03,2.89,3.51,0
T00008273,Model_B,4.03,4.08,4.38,4.02,0
T00008275,Model_B,5.0,5.0,4.09,4.65,0
T00008276,Model_B,3.85,4.64,4.37,4.23,0
T00008277,Model_B,4.44,4.23,3.65,4.4,0
T00008284,Model_B,4.06,4.73,4.04,4.34,0
T00008287,Model_B,3.55,3.7,4.8,3.95,0
T00008296,Model_B,4.74,4.22,4.19,4.35,0
T00008297,Model_B,4.41,4.18,3.71,4.28,1
T00008298,Model_B,3.93,4.81,4.96,4.61,0
T00008299,Model_B,4.35,4.92,4.66,4.77,0
T00008301,Model_B,3.87,4.77,3.95,4.22,0
T00008302,Model_B,4.19,4.24,4.03,3.8,0
T00008305,Model_B,5.0,3.29,4.42,4.47,0
T00008313,Model_B,4.26,4.06,3.15,3.67,0
T00008315,Model_B,5.0,4.4,4.42,4.49,0
T00008317,Model_B,4.67,3.71,4.26,3.92,0
T00008318,Model_B,4.69,4.48,3.8,4.52,0
T00008319,Model_B,4.26,4.79,2.77,4.2,0
T00008320,Model_B,4.55,3.68,4.62,4.13,0
T00008322,Model_B,4.19,4.38,4.53,4.11,0
T00008325,Model_B,3.76,4.21,4.0,3.87,0
T00008326,Model_B,4.76,3.9,4.35,4.18,0
T00008330,Model_B,4.0,4.41,4.32,4.4,0
T00008331,Model_B,4.09,4.75,3.54,4.25,0
T00008336,Model_B,5.0,4.31,2.85,4.06,0
T00008341,Model_B,3.87,3.03,3.59,3.43,0
T00008342,Model_B,4.11,4.67,4.42,4.1,0
T00008344,Model_B,4.18,2.69,4.08,3.51,0
T00008351,Model_B,5.0,4.96,3.58,4.9,0
T00008352,Model_B,4.71,3.63,4.97,4.45,0
T00008353,Model_B,3.74,4.66,4.16,4.21,0
T00008362,Model_B,3.98,3.68,3.63,3.7,0
T00008365,Model_B,4.39,4.09,4.3,4.15,0
T00008371,Model_B,4.63,3.97,4.24,4.48,0
T00008379,Model_B,4.21,4.52,4.59,3.99,0
T00008381,Model_B,4.63,4.45,4.22,4.62,0
T00008384,Model_B,3.31,4.35,4.24,3.69,0
T00008386,Model_B,4.85,4.39,4.84,4.66,0
T00008388,Model_B,5.0,3.53,3.93,4.07,0
T00008389,Model_B,4.57,4.79,3.64,4.62,0
T00008392,Model_B,4.31,4.89,4.35,4.45,0
T00008394,Model_B,5.0,3.7,4.34,4.1,0
T00008397,Model_B,4.33,3.99,4.02,4.06,0
T00008400,Model_B,5.0,4.3,4.21,4.45,0
T00008402,Model_B,4.19,4.04,3.33,4.06,0
T00008403,Model_B,4.74,4.32,3.95,4.41,0
T00008411,Model_B,4.2,4.23,4.42,4.2,0
T00008413,Model_B,4.35,4.16,4.58,4.64,0
T00008415,Model_B,3.77,4.93,3.81,4.17,0
T00008417,Model_B,4.22,4.35,4.15,4.22,0
T00008420,Model_B,3.97,3.74,4.66,3.95,0
T00008422,Model_B,4.09,4.43,4.32,4.21,0
T00008424,Model_B,4.84,4.66,4.89,4.69,0
T00008426,Model_B,3.95,4.24,3.6,3.88,0
T00008428,Model_B,4.84,3.78,4.21,4.29,0
T00008430,Model_B,4.02,3.78,3.67,4.09,0
T00008431,Model_B,4.65,4.14,4.28,4.43,0
T00008436,Model_B,5.0,4.43,5.0,5.0,0
T00008441,Model_B,4.8,5.0,4.64,4.77,0
T00008442,Model_B,4.47,4.07,3.92,4.21,0
T00008443,Model_B,3.58,4.16,3.61,3.87,0
T00008444,Model_B,4.61,4.01,4.73,4.81,0
T00008446,Model_B,4.1,3.64,4.0,4.23,0
T00008447,Model_B,4.02,3.61,4.52,3.91,0
T00008450,Model_B,3.7,4.26,4.57,4.04,0
T00008453,Model_B,5.0,3.85,3.22,3.77,0
T00008454,Model_B,4.06,4.81,4.38,4.1,0
T00008455,Model_B,4.41,4.07,3.88,4.28,0
T00008459,Model_B,3.61,4.43,3.12,3.87,0
T00008460,Model_B,4.68,4.64,5.0,4.91,0
T00008461,Model_B,4.83,4.02,3.89,4.13,0
T00008463,Model_B,3.98,4.63,5.0,4.23,0
T00008466,Model_B,3.75,5.0,4.64,4.39,0
T00008476,Model_B,4.87,4.53,4.32,4.59,0
T00008480,Model_B,4.32,3.83,3.6,3.8,0
T00008483,Model_B,4.29,4.04,4.59,4.11,0
T00008486,Model_B,5.0,4.01,4.76,4.34,0
T00008487,Model_B,4.55,3.56,3.68,3.98,0
T00008488,Model_B,4.16,3.62,4.42,4.0,0
T00008493,Model_B,3.81,3.51,3.99,4.04,0
T00008495,Model_B,3.99,3.51,4.3,3.97,0
T00008497,Model_B,3.87,4.0,4.02,4.2,0
T00008498,Model_B,4.39,3.38,4.46,4.05,0
T00008503,Model_B,4.47,3.19,4.14,3.77,0
T00008506,Model_B,4.92,4.54,4.42,4.52,0
T00008510,Model_B,4.15,4.2,4.84,4.44,1
T00008512,Model_B,4.53,3.64,4.25,4.24,0
T00008517,Model_B,4.15,3.87,4.16,4.13,0
T00008521,Model_B,4.51,3.63,3.96,3.89,0
T00008524,Model_B,3.99,4.68,4.28,4.07,0
T00008525,Model_B,4.75,4.38,4.48,4.39,0
T00008533,Model_B,4.48,3.74,3.71,4.38,0
T00008536,Model_B,3.79,4.1,3.6,3.69,0
T00008551,Model_B,4.66,4.53,4.14,4.5,0
T00008552,Model_B,4.32,4.05,4.27,4.15,0
T00008553,Model_B,4.67,4.68,4.59,4.81,0
T00008556,Model_B,4.26,3.8,4.27,3.79,0
T00008557,Model_B,4.34,3.69,3.8,4.01,0
T00008560,Model_B,4.81,4.59,3.72,4.44,0
T00008561,Model_B,4.51,4.7,3.66,4.16,0
T00008570,Model_B,4.03,4.18,4.5,4.1,0
T00008572,Model_B,4.07,3.4,3.68,3.78,0
T00008576,Model_B,4.56,3.54,4.07,4.23,0
T00008592,Model_B,4.35,3.99,4.5,4.44,0
T00008594,Model_B,4.65,4.43,3.84,4.36,0
T00008596,Model_B,3.85,4.53,3.41,4.04,0
T00008600,Model_B,3.78,5.0,5.0,4.67,0
T00008601,Model_B,4.56,4.49,3.59,4.52,0
T00008602,Model_B,4.07,3.66,4.32,4.26,0
T00008605,Model_B,4.27,4.13,4.27,4.42,0
T00008608,Model_B,3.83,3.7,3.95,3.8,0
T00008609,Model_B,4.9,4.08,3.88,4.27,0
T00008617,Model_B,4.31,4.32,3.91,4.12,0
T00008620,Model_B,5.0,4.71,4.77,4.97,0
T00008622,Model_B,4.76,4.1,4.33,4.45,0
T00008630,Model_B,4.0,4.95,4.38,4.57,0
T00008634,Model_B,3.99,4.48,3.81,3.73,0
T00008635,Model_B,4.18,3.9,4.52,4.37,0
T00008639,Model_B,4.15,4.97,4.89,4.83,0
T00008642,Model_B,3.95,4.47,3.43,3.91,0
T00008643,Model_B,4.55,4.12,3.83,4.17,0
T00008658,Model_B,4.18,4.56,3.66,3.98,0
T00008664,Model_B,4.34,3.86,4.23,4.35,0
T00008666,Model_B,4.42,4.29,3.93,4.14,0
T00008669,Model_B,3.82,4.15,4.17,4.27,0
T00008670,Model_B,4.34,4.0,4.12,4.21,0
T00008672,Model_B,4.46,3.24,4.17,3.63,0
T00008677,Model_B,4.35,4.01,3.7,4.16,0
T00008678,Model_B,4.31,4.69,3.63,4.43,0
T00008679,Model_B,4.68,4.17,4.14,4.23,0
T00008680,Model_B,4.34,3.13,4.86,4.35,0
T00008682,Model_B,4.0,4.07,5.0,4.46,0
T00008689,Model_B,4.43,4.45,4.75,4.37,0
T00008691,Model_B,4.54,3.36,3.64,3.9,0
T00008692,Model_B,4.04,4.1,4.49,4.23,0
T00008693,Model_B,5.0,4.52,3.96,4.56,0
T00008699,Model_B,4.32,4.68,4.06,4.39,0
T00008701,Model_B,3.29,5.0,3.67,4.19,0
T00008704,Model_B,4.58,3.95,4.12,4.14,0
T00008707,Model_B,4.05,3.72,4.34,3.86,0
T00008710,Model_B,4.27,4.99,4.5,4.47,0
T00008712,Model_B,4.11,4.4,4.54,4.25,0
T00008715,Model_B,3.52,4.94,4.2,4.22,0
T00008721,Model_B,3.94,4.75,3.79,4.02,0
T00008726,Model_B,3.97,4.29,3.52,3.49,0
T00008727,Model_B,4.61,3.57,4.89,3.87,0
T00008729,Model_B,4.31,4.73,4.2,4.54,0
T00008730,Model_B,3.45,5.0,5.0,4.6,0
T00008732,Model_B,4.3,4.28,3.73,4.39,0
T00008735,Model_B,5.0,4.43,4.71,4.9,0
T00008737,Model_B,4.74,3.54,3.99,4.15,0
T00008739,Model_B,3.46,3.46,4.83,3.9,0
T00008740,Model_B,5.0,4.78,4.48,4.64,0
T00008745,Model_B,3.7,4.07,3.52,3.67,0
T00008752,Model_B,3.6,4.61,4.1,3.73,0
T00008756,Model_B,3.6,3.54,3.85,3.65,0
T00008763,Model_B,3.89,3.96,4.67,4.33,0
T00008768,Model_B,5.0,3.84,4.38,4.52,0
T00008771,Model_B,4.24,4.15,4.99,4.38,0
T00008774,Model_B,3.96,4.64,3.9,4.25,0
T00008777,Model_B,4.7,2.92,3.32,3.9,0
T00008779,Model_B,4.46,4.9,5.0,4.73,0
T00008784,Model_B,4.74,4.03,3.77,4.43,0
T00008789,Model_B,4.48,3.53,3.86,3.8,0
T00008790,Model_B,4.11,4.72,3.91,4.41,0
T00008792,Model_B,4.67,4.14,4.39,4.38,0
T00008793,Model_B,4.2,4.01,3.91,3.9,0
T00008794,Model_B,4.36,3.44,3.96,3.97,0
T00008795,Model_B,5.0,3.4,4.59,4.09,0
T00008797,Model_B,4.7,3.88,4.23,4.2,0
T00008800,Model_B,4.42,4.19,4.59,4.21,0
T00008801,Model_B,4.3,4.59,4.72,4.38,0
T00008802,Model_B,4.15,4.54,4.97,4.53,0
T00008806,Model_B,3.62,3.86,4.3,3.78,0
T00008809,Model_B,4.4,4.45,3.54,4.16,0
T00008810,Model_B,4.83,3.85,3.96,3.93,0
T00008811,Model_B,5.0,4.77,3.64,4.78,0
T00008812,Model_B,4.55,4.74,4.11,4.14,0
T00008817,Model_B,4.68,4.65,4.2,4.83,0
T00008823,Model_B,5.0,4.08,3.93,4.5,0
T00008828,Model_B,5.0,4.67,3.26,4.39,0
T00008835,Model_B,5.0,4.37,3.56,4.51,0
T00008837,Model_B,4.41,5.0,4.72,4.57,0
T00008839,Model_B,4.6,3.52,4.02,3.81,0
T00008840,Model_B,4.1,3.76,3.48,3.73,0
T00008841,Model_B,5.0,3.76,3.93,4.49,0
T00008843,Model_B,4.86,3.49,4.81,4.64,0
T00008845,Model_B,4.33,3.75,3.97,4.12,0
T00008849,Model_B,4.75,3.82,4.41,4.41,0
T00008854,Model_B,4.56,4.72,3.64,4.54,0
T00008855,Model_B,4.72,4.57,4.26,4.13,0
T00008857,Model_B,4.31,3.46,3.61,3.83,0
T00008858,Model_B,4.29,3.88,3.19,3.71,0
T00008861,Model_B,4.98,3.29,5.0,4.23,0
T00008862,Model_B,4.54,4.63,4.27,4.36,0
T00008863,Model_B,3.16,4.71,4.1,3.6,0
T00008865,Model_B,4.13,4.57,4.19,4.27,0
T00008867,Model_B,3.52,4.82,4.02,4.18,0
T00008869,Model_B,4.99,3.69,4.81,4.49,0
T00008872,Model_B,4.52,4.24,4.1,4.38,0
T00008878,Model_B,4.73,3.19,3.53,4.11,0
T00008881,Model_B,4.85,4.17,3.58,4.3,0
T00008882,Model_B,4.04,4.34,3.64,3.92,0
T00008884,Model_B,4.02,4.58,4.11,4.3,0
T00008885,Model_B,3.9,4.74,4.34,4.16,0
T00008889,Model_B,4.45,4.3,4.15,4.02,0
T00008892,Model_B,3.43,4.38,4.7,4.1,0
T00008896,Model_B,4.48,3.92,4.04,4.12,0
T00008897,Model_B,3.92,3.72,5.0,4.08,0
T00008901,Model_B,4.16,4.25,4.3,4.2,0
T00008906,Model_B,4.58,4.04,3.67,4.13,0
T00008908,Model_B,4.33,4.33,4.17,4.45,0
T00008911,Model_B,3.97,3.77,3.87,3.92,0
T00008913,Model_B,5.0,4.5,3.9,4.74,0
T00008917,Model_B,4.29,4.46,3.97,4.41,0
T00008918,Model_B,4.3,3.49,3.83,4.23,0
T00008919,Model_B,4.42,3.79,3.46,3.71,0
T00008920,Model_B,3.93,4.59,4.15,4.22,0
T00008923,Model_B,4.33,5.0,5.0,4.72,0
T00008925,Model_B,4.23,4.87,4.09,4.31,0
T00008926,Model_B,4.9,4.99,4.6,4.95,0
T00008927,Model_B,5.0,3.49,3.87,4.02,0
T00008931,Model_B,4.03,5.0,4.5,4.5,0
T00008932,Model_B,3.3,4.12,3.83,3.68,0
T00008942,Model_B,4.9,4.11,4.1,4.48,0
T00008945,Model_B,4.63,3.99,4.01,4.24,0
T00008947,Model_B,4.22,4.31,4.44,3.99,0
T00008949,Model_B,4.33,4.23,4.07,4.1,0
T00008950,Model_B,4.41,4.72,4.43,4.53,0
T00008952,Model_B,4.45,4.2,3.96,3.95,0
T00008955,Model_B,4.3,4.18,3.87,4.21,0
T00008959,Model_B,5.0,3.92,4.69,4.52,0
T00008963,Model_B,3.89,3.82,5.0,4.29,0
T00008971,Model_B,4.69,4.66,4.53,4.65,0
T00008977,Model_B,5.0,3.43,3.25,4.17,0
T00008986,Model_B,5.0,3.82,4.47,4.35,0
T00008989,Model_B,4.41,3.87,4.35,4.3,0
T00008990,Model_B,4.35,3.82,4.52,4.09,0
T00008992,Model_B,4.97,4.58,4.85,5.0,0
T00008997,Model_B,5.0,4.38,3.75,4.29,0
T00009003,Model_B,4.2,3.94,4.27,4.32,0
T00009006,Model_B,4.58,2.87,3.68,3.74,0
T00009013,Model_B,4.87,4.62,3.31,4.27,0
T00009014,Model_B,4.19,5.0,4.11,4.22,0
T00009017,Model_B,4.23,4.36,4.75,4.57,0
T00009019,Model_B,4.55,3.44,4.35,3.76,0
T00009020,Model_B,3.61,4.87,4.36,4.28,0
T00009027,Model_B,3.78,3.78,4.57,4.27,0
T00009029,Model_B,3.95,3.88,4.0,4.25,0
T00009037,Model_B,4.34,3.95,4.54,4.3,0
T00009039,Model_B,4.5,3.81,3.8,3.94,0
T00009046,Model_B,4.42,3.39,4.6,4.11,0
T00009049,Model_B,4.47,4.66,4.35,4.58,0
T00009050,Model_B,4.28,4.06,3.93,4.37,0
T00009051,Model_B,4.74,4.11,4.04,4.21,0
T00009052,Model_B,5.0,4.49,3.59,4.5,0
T00009053,Model_B,4.65,4.45,4.88,4.87,0
T00009056,Model_B,4.5,4.29,3.72,4.19,0
T00009057,Model_B,3.97,4.15,4.22,3.93,0
T00009060,Model_B,4.56,4.84,3.68,4.29,0
T00009065,Model_B,4.09,4.29,3.77,3.75,0
T00009067,Model_B,4.1,4.6,3.1,3.72,0
T00009068,Model_B,4.14,4.05,4.69,4.29,0
T00009071,Model_B,5.0,4.85,3.81,4.69,0
T00009074,Model_B,5.0,4.64,2.86,4.4,0
T00009075,Model_B,4.7,4.7,4.31,4.48,0
T00009079,Model_B,4.09,4.35,4.34,4.25,0
T00009082,Model_B,4.24,4.64,3.82,4.26,0
T00009083,Model_B,4.34,3.58,3.64,3.89,0
T00009086,Model_B,4.9,4.32,4.55,4.44,0
T00009088,Model_B,4.25,4.1,4.78,4.4,0
T00009089,Model_B,4.38,4.6,3.35,4.38,0
T00009090,Model_B,4.02,5.0,3.55,4.47,0
T00009093,Model_B,3.62,3.77,3.7,3.76,0
T00009094,Model_B,3.91,4.66,4.15,4.23,0
T00009095,Model_B,4.84,4.03,3.62,4.25,0
T00009097,Model_B,3.82,4.28,3.6,4.35,0
T00009105,Model_B,3.04,4.25,4.29,3.9,0
T00009106,Model_B,4.49,4.25,3.97,4.22,0
T00009107,Model_B,4.09,3.81,4.38,4.16,0
T00009113,Model_B,4.56,3.6,4.89,4.34,0
T00009114,Model_B,5.0,4.02,4.42,4.57,0
T00009116,Model_B,4.44,4.36,4.17,4.14,0
T00009117,Model_B,3.72,4.27,4.24,4.14,0
T00009118,Model_B,3.12,3.93,4.44,3.41,0
T00009125,Model_B,4.57,4.78,4.06,4.32,0
T00009130,Model_B,3.49,3.44,4.71,3.82,0
T00009132,Model_B,4.95,5.0,5.0,4.89,0
T00009135,Model_B,4.86,3.88,4.9,4.28,0
T00009137,Model_B,5.0,3.86,3.89,4.29,0
T00009140,Model_B,4.16,3.86,4.44,4.04,0
T00009142,Model_B,4.67,4.28,3.69,4.21,0
T00009145,Model_B,4.58,3.9,3.71,4.13,0
T00009149,Model_B,4.38,4.21,3.6,4.1,0
T00009153,Model_B,4.05,4.51,4.38,4.34,0
T00009157,Model_B,4.76,4.16,3.85,4.31,0
T00009159,Model_B,4.66,3.75,4.39,4.19,0
T00009161,Model_B,4.17,4.0,3.68,4.06,0
T00009163,Model_B,3.61,4.78,3.95,4.0,0
T00009164,Model_B,4.52,4.1,4.4,4.28,0
T00009167,Model_B,4.71,4.1,4.34,4.45,0
T00009170,Model_B,4.79,4.31,4.74,4.75,0
T00009176,Model_B,4.98,4.76,3.81,4.94,0
T00009177,Model_B,3.66,3.54,4.16,3.68,0
T00009182,Model_B,4.66,3.65,4.28,4.01,0
T00009191,Model_B,3.99,4.06,3.93,3.79,0
T00009197,Model_B,4.21,4.83,4.54,4.57,0
T00009198,Model_B,4.3,3.31,4.48,4.3,0
T00009199,Model_B,4.2,4.66,3.78,4.33,0
T00009201,Model_B,5.0,4.42,3.77,4.78,0
T00009205,Model_B,5.0,3.95,3.51,3.94,0
T00009206,Model_B,4.08,4.32,4.1,4.22,0
T00009207,Model_B,4.84,4.01,4.24,4.19,0
T00009208,Model_B,4.83,4.8,3.38,4.42,0
T00009209,Model_B,4.03,4.55,3.96,3.85,0
T00009210,Model_B,4.7,3.79,4.06,3.98,1
T00009211,Model_B,4.77,4.45,4.19,4.38,0
T00009212,Model_B,4.62,4.31,3.56,4.35,0
T00009214,Model_B,3.54,3.13,4.32,3.44,0
T00009221,Model_B,4.25,4.96,3.97,4.37,0
T00009223,Model_B,4.69,5.0,3.95,4.85,0
T00009224,Model_B,3.71,3.83,4.38,4.02,0
T00009231,Model_B,4.17,4.28,4.33,4.24,0
T00009236,Model_B,4.37,4.28,4.3,4.26,0
T00009238,Model_B,4.35,5.0,4.1,4.36,0
T00009240,Model_B,4.07,3.75,4.27,3.95,0
T00009246,Model_B,4.86,3.89,3.9,4.36,0
T00009247,Model_B,4.7,3.85,4.18,4.08,0
T00009248,Model_B,4.73,5.0,4.16,4.93,0
T00009250,Model_B,5.0,3.99,4.35,4.58,0
T00009251,Model_B,3.21,3.65,4.3,3.83,0
T00009252,Model_B,4.63,3.4,3.24,3.77,0
T00009256,Model_B,4.67,5.0,3.59,4.12,0
T00009259,Model_B,5.0,3.98,3.56,4.0,0
T00009260,Model_B,4.89,3.75,3.8,4.21,0
T00009263,Model_B,4.22,3.97,4.82,4.1,0
T00009267,Model_B,4.81,4.87,3.91,4.8,0
T00009278,Model_B,4.3,4.15,3.27,3.77,0
T00009288,Model_B,4.99,4.08,4.39,4.45,0
T00009292,Model_B,4.43,4.3,4.28,4.42,0
T00009296,Model_B,4.67,3.81,3.79,4.04,0
T00009297,Model_B,3.93,4.78,4.35,4.34,0
T00009299,Model_B,4.85,3.48,4.49,4.23,0
T00009300,Model_B,3.59,4.05,3.53,3.78,0
T00009302,Model_B,4.52,4.5,4.52,4.64,0
T00009304,Model_B,4.26,3.56,4.27,3.94,0
T00009311,Model_B,4.69,4.08,4.21,4.29,0
T00009319,Model_B,3.98,4.34,4.37,4.29,0
T00009320,Model_B,4.87,4.82,4.99,4.74,0
T00009323,Model_B,4.89,4.6,3.92,4.3,0
T00009326,Model_B,4.29,4.8,4.14,4.45,0
T00009327,Model_B,3.63,4.65,3.91,4.37,0
T00009331,Model_B,4.08,4.18,4.17,4.23,0
T00009333,Model_B,5.0,4.36,3.89,4.4,0
T00009334,Model_B,4.85,3.81,4.09,4.3,0
T00009336,Model_B,4.78,4.4,3.01,4.0,0
T00009338,Model_B,4.47,4.21,4.07,4.46,0
T00009346,Model_B,3.81,3.95,3.57,3.86,0
T00009347,Model_B,4.96,4.29,4.74,4.77,0
T00009348,Model_B,5.0,3.32,3.79,3.93,0
T00009349,Model_B,4.26,3.73,4.5,4.14,0
T00009353,Model_B,4.03,3.78,4.84,4.35,0
T00009357,Model_B,4.84,3.89,4.22,4.33,0
T00009358,Model_B,3.68,4.29,4.04,4.2,1
T00009374,Model_B,4.76,4.16,3.82,4.3,1
T00009376,Model_B,4.11,3.73,3.91,3.98,0
T00009377,Model_B,4.88,4.3,4.02,4.5,0
T00009379,Model_B,4.21,4.9,4.48,4.48,0
T00009380,Model_B,4.55,4.95,4.12,4.66,0
T00009381,Model_B,4.4,3.88,4.61,4.02,0
T00009382,Model_B,4.45,3.27,4.28,3.99,0
T00009394,Model_B,5.0,4.11,4.0,4.43,0
T00009400,Model_B,4.09,3.78,4.41,4.0,0
T00009401,Model_B,4.1,4.11,3.37,3.68,0
T00009405,Model_B,4.36,3.89,4.34,4.22,0
T00009406,Model_B,5.0,4.53,4.14,4.66,0
T00009410,Model_B,4.98,4.43,3.86,4.53,0
T00009412,Model_B,3.6,4.05,3.65,3.99,0
T00009413,Model_B,3.77,4.0,4.25,4.09,0
T00009414,Model_B,5.0,4.2,3.69,4.37,0
T00009415,Model_B,4.4,3.84,3.41,4.27,0
T00009416,Model_B,3.53,4.74,4.51,4.35,0
T00009418,Model_B,4.24,4.14,5.0,4.46,0
T00009424,Model_B,4.6,3.93,4.42,4.52,0
T00009429,Model_B,4.46,4.43,4.27,4.48,0
T00009430,Model_B,4.35,4.38,4.29,4.35,0
T00009431,Model_B,4.12,4.04,4.07,3.84,0
T00009433,Model_B,4.46,4.48,3.36,4.17,0
T00009434,Model_B,4.73,4.12,5.0,4.66,0
T00009436,Model_B,4.59,4.88,4.42,4.83,0
T00009443,Model_B,4.67,4.71,4.02,4.8,0
T00009444,Model_B,4.29,4.79,3.65,4.33,0
T00009446,Model_B,4.28,4.06,5.0,4.28,0
T00009449,Model_B,4.57,4.09,4.44,4.22,0
T00009451,Model_B,5.0,4.64,3.84,4.63,0
T00009452,Model_B,3.83,4.98,3.98,4.21,0
T00009454,Model_B,3.46,3.68,4.21,3.83,0
T00009458,Model_B,4.2,4.6,4.56,4.55,0
T00009462,Model_B,4.4,4.47,4.24,4.33,0
T00009463,Model_B,5.0,3.33,3.53,3.89,0
T00009467,Model_B,4.93,4.86,4.45,4.54,0
T00009470,Model_B,4.21,4.48,4.68,4.5,0
T00009472,Model_B,4.05,3.71,3.84,3.6,0
T00009476,Model_B,4.74,4.54,3.2,4.34,0
T00009477,Model_B,5.0,4.47,3.83,4.4,0
T00009478,Model_B,4.96,3.85,3.42,3.96,0
T00009480,Model_B,4.03,5.0,3.39,4.23,0
T00009481,Model_B,4.7,3.84,4.55,4.52,0
T00009483,Model_B,5.0,3.86,4.73,4.32,0
T00009485,Model_B,4.39,3.87,3.75,4.03,0
T00009497,Model_B,4.31,4.49,3.7,4.2,0
T00009498,Model_B,4.68,3.78,4.01,3.96,0
T00009502,Model_B,4.23,4.1,4.69,4.19,0
T00009505,Model_B,4.3,4.04,3.53,4.04,0
T00009506,Model_B,4.94,3.98,5.0,4.74,0
T00009507,Model_B,4.46,4.25,3.31,4.03,0
T00009508,Model_B,4.26,4.07,4.06,3.94,0
T00009517,Model_B,4.53,4.11,4.37,4.4,0
T00009518,Model_B,3.81,4.45,3.97,4.31,0
T00009520,Model_B,4.8,4.57,2.94,4.43,0
T00009522,Model_B,4.89,4.73,3.41,4.39,0
T00009525,Model_B,3.98,4.46,3.76,3.9,0
T00009528,Model_B,3.68,4.05,4.43,4.04,0
T00009529,Model_B,3.72,4.4,3.48,4.06,0
T00009530,Model_B,4.63,4.03,4.35,4.36,0
T00009534,Model_B,3.97,4.31,4.56,4.24,0
T00009537,Model_B,3.69,4.32,4.04,3.85,0
T00009540,Model_B,3.85,4.22,2.87,3.63,0
T00009549,Model_B,5.0,4.47,4.18,4.6,0
T00009553,Model_B,4.43,3.85,4.24,4.25,0
T00009554,Model_B,4.02,4.88,3.53,4.06,0
T00009563,Model_B,4.18,4.71,3.8,4.35,0
T00009567,Model_B,3.98,4.43,3.52,4.07,0
T00009568,Model_B,4.14,4.01,3.97,4.03,0
T00009570,Model_B,4.34,3.59,3.63,3.56,0
T00009573,Model_B,3.95,3.83,4.08,3.92,1
T00009574,Model_B,5.0,4.32,3.48,4.33,0
T00009575,Model_B,4.53,4.76,4.11,4.57,0
T00009577,Model_B,4.82,4.36,3.92,4.45,0
T00009579,Model_B,4.29,4.21,3.99,4.16,0
T00009581,Model_B,4.31,4.27,3.87,4.17,0
T00009583,Model_B,4.14,4.76,4.49,4.3,0
T00009585,Model_B,4.09,4.33,3.59,4.0,0
T00009586,Model_B,5.0,4.28,4.73,4.55,0
T00009593,Model_B,4.97,4.72,4.1,4.79,0
T00009594,Model_B,5.0,3.66,3.77,4.25,0
T00009595,Model_B,4.15,4.65,3.94,4.18,0
T00009596,Model_B,3.13,4.16,4.94,4.0,0
T00009598,Model_B,4.94,4.83,3.7,4.44,0
T00009599,Model_B,4.75,4.77,3.23,4.19,0
T00009600,Model_B,4.86,4.08,3.33,4.18,0
T00009602,Model_B,4.05,4.88,2.84,3.95,0
T00009603,Model_B,4.37,4.4,3.63,4.18,0
T00009605,Model_B,4.7,4.15,3.71,4.46,0
T00009610,Model_B,4.1,4.86,3.49,4.37,0
T00009613,Model_B,3.77,4.12,4.29,4.03,0
T00009616,Model_B,4.16,4.07,4.17,4.26,0
T00009619,Model_B,4.97,4.37,3.69,4.42,0
T00009620,Model_B,5.0,4.24,4.95,4.67,0
T00009624,Model_B,5.0,4.31,4.25,4.38,0
T00009627,Model_B,4.24,4.36,3.74,4.18,0
T00009628,Model_B,4.31,4.4,5.0,4.67,0
T00009629,Model_B,4.1,4.66,4.53,4.49,0
T00009633,Model_B,4.12,4.48,4.12,4.31,0
T00009640,Model_B,3.61,4.16,4.79,4.5,0
T00009641,Model_B,4.75,3.72,4.81,4.63,0
T00009642,Model_B,5.0,4.51,4.09,4.65,0
T00009645,Model_B,5.0,4.46,4.44,4.86,0
T00009647,Model_B,4.72,4.04,4.19,4.29,0
T00009651,Model_B,4.76,4.73,4.38,4.89,0
T00009653,Model_B,3.98,4.54,4.5,4.63,0
T00009659,Model_B,4.54,5.0,4.12,4.74,0
T00009661,Model_B,3.4,3.81,5.0,3.89,0
T00009662,Model_B,3.35,4.35,3.92,3.76,0
T00009663,Model_B,4.18,4.72,3.89,4.42,0
T00009664,Model_B,4.66,4.51,3.61,4.21,0
T00009665,Model_B,4.6,3.72,4.81,4.59,0
T00009669,Model_B,4.35,4.23,4.62,4.27,0
T00009670,Model_B,4.54,4.91,4.48,4.7,0
T00009673,Model_B,4.8,4.63,3.79,4.43,0
T00009674,Model_B,4.59,3.98,4.63,4.28,0
T00009675,Model_B,4.27,4.32,3.87,3.99,0
T00009678,Model_B,4.82,4.87,4.14,4.66,0
T00009680,Model_B,5.0,5.0,3.88,4.75,0
T00009682,Model_B,4.97,4.07,2.72,4.38,0
T00009684,Model_B,4.93,4.58,3.26,4.57,0
T00009685,Model_B,4.44,4.37,4.28,4.22,0
T00009686,Model_B,5.0,5.0,4.76,5.0,0
T00009689,Model_B,4.3,4.71,3.36,4.12,0
T00009691,Model_B,4.77,4.95,3.57,4.42,0
T00009699,Model_B,4.64,3.93,5.0,4.37,0
T00009703,Model_B,4.57,3.25,4.62,4.42,0
T00009704,Model_B,3.52,4.09,4.78,3.85,0
T00009712,Model_B,3.93,4.46,3.24,3.99,0
T00009713,Model_B,4.11,4.29,3.88,4.05,0
T00009718,Model_B,3.71,3.66,4.44,4.0,0
T00009720,Model_B,4.75,4.47,4.74,4.89,0
T00009727,Model_B,5.0,4.29,4.84,4.85,0
T00009731,Model_B,4.26,4.33,4.39,4.31,0
T00009736,Model_B,3.6,4.05,3.58,3.6,0
T00009740,Model_B,4.99,3.9,3.96,4.28,0
T00009741,Model_B,4.29,4.14,3.77,4.1,1
T00009742,Model_B,4.22,4.57,3.62,4.35,0
T00009743,Model_B,4.07,4.29,4.09,4.03,0
T00009744,Model_B,4.54,4.15,3.4,4.06,0
T00009745,Model_B,4.3,4.17,3.58,4.02,0
T00009746,Model_B,4.32,4.64,3.18,4.17,0
T00009748,Model_B,4.22,4.42,4.89,4.54,0
T00009749,Model_B,4.89,3.89,4.34,4.44,0
T00009751,Model_B,4.21,4.16,4.76,4.68,0
T00009755,Model_B,4.74,4.98,4.87,5.0,0
T00009756,Model_B,4.89,3.82,3.6,4.13,0
T00009759,Model_B,3.92,4.0,3.02,3.67,0
T00009766,Model_B,4.33,4.53,3.72,4.41,0
T00009771,Model_B,4.43,4.0,4.27,4.27,1
T00009775,Model_B,3.66,4.73,4.03,4.25,0
T00009778,Model_B,4.41,3.98,4.28,4.24,0
T00009779,Model_B,3.75,4.76,3.96,4.1,0
T00009787,Model_B,3.87,4.06,4.04,3.81,0
T00009789,Model_B,4.64,4.23,4.58,4.48,0
T00009791,Model_B,4.97,3.51,4.9,4.49,0
T00009803,Model_B,4.31,4.02,4.01,4.19,0
T00009814,Model_B,3.52,5.0,4.4,4.38,0
T00009815,Model_B,4.37,4.25,3.56,4.05,0
T00009816,Model_B,3.9,5.0,4.05,4.39,0
T00009817,Model_B,3.63,4.36,4.75,4.25,0
T00009823,Model_B,3.59,4.58,3.33,3.89,0
T00009826,Model_B,3.79,4.83,3.87,4.21,0
T00009833,Model_B,3.74,4.2,3.71,3.83,0
T00009836,Model_B,4.91,4.73,3.24,4.49,0
T00009842,Model_B,4.29,4.01,4.31,4.07,0
T00009844,Model_B,3.57,4.04,4.77,4.09,0
T00009846,Model_B,4.0,4.03,4.59,4.19,0
T00009851,Model_B,4.98,4.73,3.49,4.54,0
T00009853,Model_B,3.82,4.48,3.64,4.28,0
T00009855,Model_B,3.96,3.49,4.27,3.89,0
T00009856,Model_B,5.0,4.57,4.01,4.48,0
T00009866,Model_B,4.88,4.05,4.17,4.3,0
T00009870,Model_B,4.65,3.79,4.04,4.42,0
T00009873,Model_B,4.25,3.92,4.06,3.61,0
T00009874,Model_B,3.92,3.42,4.41,4.01,0
T00009876,Model_B,3.96,4.17,3.77,4.1,0
T00009877,Model_B,4.0,4.91,4.6,4.66,0
T00009878,Model_B,4.34,4.71,3.66,4.36,0
T00009880,Model_B,4.15,3.4,3.71,3.5,0
T00009885,Model_B,5.0,4.77,4.18,4.94,0
T00009886,Model_B,4.5,4.14,3.78,4.06,0
T00009889,Model_B,4.95,3.78,3.15,4.1,0
T00009892,Model_B,4.35,4.95,4.67,4.58,0
T00009895,Model_B,5.0,4.13,4.05,4.67,0
T00009898,Model_B,4.5,4.01,4.7,4.34,0
T00009899,Model_B,3.68,4.33,4.62,3.89,0
T00009902,Model_B,4.43,4.88,4.16,4.46,0
T00009905,Model_B,4.51,3.76,4.13,4.13,0
T00009910,Model_B,3.82,4.28,4.29,4.1,0
T00009911,Model_B,4.6,4.26,4.35,4.25,0
T00009918,Model_B,4.14,4.55,3.09,4.1,0
T00009920,Model_B,4.07,3.92,4.85,4.39,0
T00009924,Model_B,3.7,4.81,4.11,4.18,0
T00009928,Model_B,4.58,5.0,4.86,4.88,0
T00009932,Model_B,5.0,3.68,3.97,4.09,0
T00009933,Model_B,4.74,4.13,3.92,4.4,0
T00009936,Model_B,4.19,5.0,4.07,4.35,0
T00009937,Model_B,4.33,4.31,3.78,4.12,0
T00009938,Model_B,3.74,4.16,3.97,3.88,0
T00009941,Model_B,4.2,4.05,4.12,3.88,0
T00009942,Model_B,4.17,3.78,4.35,4.0,0
T00009944,Model_B,5.0,3.65,3.95,4.18,0
T00009945,Model_B,4.47,4.69,4.18,4.32,0
T00009949,Model_B,4.57,4.19,4.14,4.25,0
T00009953,Model_B,4.2,4.33,3.84,4.05,0
T00009955,Model_B,4.37,4.39,5.0,4.67,0
T00009957,Model_B,3.65,4.0,4.29,3.68,0
T00009959,Model_B,5.0,4.19,3.97,4.34,0
T00009962,Model_B,4.77,4.27,3.93,4.34,0
T00009970,Model_B,4.65,3.46,4.16,3.86,0
T00009974,Model_B,4.73,3.46,4.44,4.14,0
T00009986,Model_B,4.31,4.32,3.89,4.02,0
T00009987,Model_B,4.24,4.2,4.6,4.66,0
T00009988,Model_B,4.76,4.36,3.59,4.5,0
T00009997,Model_B,4.22,4.31,3.84,4.23,0
T00010011,Model_B,4.4,4.39,4.07,4.48,0
T00010013,Model_B,4.3,4.29,3.23,4.14,0
T00010016,Model_B,4.93,3.89,4.2,4.43,0
T00010017,Model_B,4.35,4.37,4.68,4.43,0
T00010018,Model_B,4.31,4.38,3.32,3.98,0
T00010019,Model_B,4.61,3.94,4.23,4.45,0
T00010021,Model_B,3.94,3.62,4.15,3.88,0
T00010022,Model_B,3.96,3.38,4.15,3.86,0
T00010024,Model_B,4.58,4.18,4.46,4.59,0
T00010025,Model_B,5.0,3.74,4.29,4.42,0
T00010026,Model_B,3.57,4.57,4.35,4.08,0
T00010027,Model_B,4.29,4.33,4.15,4.16,0
T00010029,Model_B,4.27,4.14,4.3,4.08,0
T00010032,Model_B,4.12,4.16,4.48,4.4,0
T00010035,Model_B,4.87,4.86,4.4,4.82,0
T00010036,Model_B,3.99,4.17,4.12,4.02,0
T00010037,Model_B,4.58,3.81,3.87,4.13,0
T00010039,Model_B,4.78,4.72,2.94,4.46,0
T00010043,Model_B,4.72,3.82,4.08,3.89,0
T00010046,Model_B,4.17,5.0,4.88,4.81,0
T00010047,Model_B,4.19,4.69,4.76,4.5,0
T00010052,Model_B,3.41,3.5,5.0,3.85,0
T00010053,Model_B,4.54,4.56,3.39,4.0,1
T00010062,Model_B,4.38,3.91,3.96,4.48,0
T00010064,Model_B,3.42,4.21,3.8,3.7,0
T00010068,Model_B,4.68,4.68,4.03,4.74,0
T00010070,Model_B,4.59,3.35,3.44,4.01,0
T00010072,Model_B,4.55,4.1,3.75,4.26,0
T00010073,Model_B,4.21,4.73,4.69,4.64,0
T00010076,Model_B,5.0,3.91,3.53,4.48,0
T00010078,Model_B,4.2,3.89,5.0,4.59,0
T00010086,Model_B,4.78,3.92,3.93,4.44,0
T00010090,Model_B,4.59,3.92,3.87,4.24,0
T00010094,Model_B,4.74,3.96,5.0,4.3,0
T00010096,Model_B,4.27,4.04,4.77,4.27,0
T00010097,Model_B,3.84,4.2,3.81,3.96,0
T00010099,Model_B,3.5,4.48,3.49,3.78,0
T00010103,Model_B,3.28,4.5,2.82,3.62,0
T00010105,Model_B,4.68,5.0,4.55,4.77,0
T00010107,Model_B,5.0,4.8,3.48,4.46,0
T00010111,Model_B,4.46,3.96,3.58,4.13,0
T00010113,Model_B,5.0,4.32,4.49,4.92,0
T00010119,Model_B,4.36,4.2,3.93,4.33,0
T00010122,Model_B,5.0,3.79,4.91,4.47,0
T00010123,Model_B,3.11,3.32,4.25,3.54,0
T00010124,Model_B,4.99,3.75,4.29,4.43,0
T00010125,Model_B,4.89,3.73,3.74,4.07,0
T00010128,Model_B,3.57,4.32,4.95,4.37,0
T00010130,Model_B,3.86,4.2,3.38,3.62,0
T00010131,Model_B,5.0,4.57,4.02,4.61,0
T00010132,Model_B,4.75,4.46,4.36,4.69,0
T00010133,Model_B,4.52,3.92,4.14,4.47,0
T00010135,Model_B,4.47,4.25,4.41,4.56,1
T00010144,Model_B,4.2,4.3,3.85,4.27,0
T00010145,Model_B,3.95,3.98,3.73,3.76,0
T00010149,Model_B,4.68,3.81,4.29,4.25,0
T00010150,Model_B,4.22,4.14,4.75,4.48,0
T00010152,Model_B,4.93,3.8,4.61,4.63,0
T00010155,Model_B,4.66,4.09,4.45,4.2,0
T00010159,Model_B,4.33,3.54,4.02,3.98,0
T00010161,Model_B,5.0,4.67,3.99,4.81,0
T00010165,Model_B,5.0,3.9,2.64,3.67,0
T00010168,Model_B,4.77,4.23,4.61,4.59,0
T00010171,Model_B,3.5,4.51,4.87,4.08,0
T00010174,Model_B,4.39,3.84,2.99,3.53,0
T00010175,Model_B,4.55,3.37,4.33,4.19,0
T00010176,Model_B,4.11,4.17,4.59,4.08,0
T00010177,Model_B,3.85,3.88,3.74,3.73,0
T00010181,Model_B,4.12,3.54,4.2,4.06,0
T00010182,Model_B,4.04,5.0,4.24,4.3,0
T00010185,Model_B,5.0,3.96,4.53,4.68,0
T00010187,Model_B,4.45,4.47,4.38,4.52,0
T00010188,Model_B,4.17,4.66,3.71,3.85,0
T00010191,Model_B,4.65,3.95,3.45,4.07,0
T00010195,Model_B,4.9,4.1,3.62,4.42,0
T00010198,Model_B,5.0,4.25,4.69,4.89,0
T00010203,Model_B,4.56,3.91,3.38,4.36,0
T00010205,Model_B,4.49,4.97,3.74,4.54,0
T00010206,Model_B,4.51,3.36,4.88,4.19,0
T00010208,Model_B,3.9,4.66,4.74,4.37,0
T00010212,Model_B,3.91,4.62,5.0,4.68,0
T00010216,Model_B,3.71,4.39,4.56,4.17,0
T00010217,Model_B,4.06,3.92,4.04,3.85,0
T00010218,Model_B,5.0,3.18,3.96,4.18,0
T00010221,Model_B,4.48,4.46,3.97,4.37,0
T00010229,Model_B,3.92,4.56,4.69,4.39,0
T00010230,Model_B,4.19,4.04,4.17,4.25,0
T00010232,Model_B,4.22,4.48,3.67,4.11,0
T00010239,Model_B,5.0,4.33,3.87,4.43,0
T00010240,Model_B,4.17,4.9,3.12,4.32,0
T00010243,Model_B,4.5,4.04,3.43,4.04,0
T00010247,Model_B,4.08,4.15,4.51,4.09,0
T00010262,Model_B,3.63,3.31,4.44,3.62,0
T00010266,Model_B,4.9,4.18,4.28,4.24,0
T00010275,Model_B,5.0,4.76,3.37,4.46,0
T00010276,Model_B,4.75,3.93,3.68,4.24,0
T00010277,Model_B,4.96,3.89,4.05,4.49,0
T00010288,Model_B,3.86,3.52,4.43,3.89,0
T00010293,Model_B,4.89,4.09,4.58,4.66,0
T00010294,Model_B,4.4,5.0,4.32,4.72,0
T00010301,Model_B,4.18,4.97,3.36,4.22,0
T00010307,Model_B,4.31,4.33,4.71,4.48,0
T00010313,Model_B,4.47,4.56,4.01,4.32,0
T00010315,Model_B,4.75,5.0,3.86,4.81,0
T00010316,Model_B,4.14,3.47,4.05,3.64,0
T00010317,Model_B,4.28,3.98,4.32,4.21,0
T00010318,Model_B,4.49,4.72,4.17,4.61,0
T00010321,Model_B,4.22,4.19,3.47,4.12,0
T00010322,Model_B,4.71,4.36,3.98,4.38,0
T00010326,Model_B,3.91,5.0,4.35,4.26,0
T00010327,Model_B,4.21,3.68,3.66,3.95,0
T00010328,Model_B,4.91,4.46,3.66,4.42,0
T00010333,Model_B,5.0,3.46,4.16,3.95,0
T00010335,Model_B,4.1,3.78,5.0,4.07,0
T00010338,Model_B,3.98,4.69,4.66,4.2,0
T00010339,Model_B,4.23,4.05,3.57,4.41,0
T00010341,Model_B,4.34,3.99,4.16,4.33,0
T00010343,Model_B,4.37,3.32,4.28,4.29,0
T00010344,Model_B,4.41,4.38,5.0,4.76,0
T00010353,Model_B,4.51,3.86,3.47,4.29,0
T00010354,Model_B,3.79,4.33,3.82,4.0,0
T00010356,Model_B,4.37,3.74,4.48,4.26,0
T00010357,Model_B,4.14,3.92,3.72,4.09,0
T00010358,Model_B,5.0,4.48,5.0,4.93,1
T00010362,Model_B,3.93,4.12,3.34,3.82,0
T00010367,Model_B,3.99,4.63,4.43,4.3,0
T00010368,Model_B,4.28,4.13,4.85,4.09,0
T00010373,Model_B,4.83,4.0,4.07,4.19,0
T00010376,Model_B,4.53,3.46,4.54,4.2,0
T00010377,Model_B,3.6,4.02,4.58,3.91,0
T00010378,Model_B,3.58,4.36,3.73,3.77,0
T00010382,Model_B,4.11,4.35,4.02,4.18,0
T00010388,Model_B,5.0,3.7,3.88,4.38,0
T00010394,Model_B,4.51,4.12,4.62,4.18,0
T00010396,Model_B,3.76,4.17,3.55,3.97,0
T00010400,Model_B,3.95,4.1,4.41,3.85,0
T00010402,Model_B,4.54,4.37,3.16,4.12,0
T00010403,Model_B,3.93,3.99,3.95,3.92,0
T00010411,Model_B,3.42,4.36,4.28,3.86,0
T00010412,Model_B,4.36,4.0,4.4,4.05,0
T00010413,Model_B,3.98,4.13,3.46,3.94,0
T00010414,Model_B,4.18,5.0,4.03,4.74,0
T00010415,Model_B,4.2,4.13,3.74,3.69,0
T00010417,Model_B,4.96,4.49,3.87,4.26,0
T00010418,Model_B,4.37,3.6,4.34,3.98,0
T00010426,Model_B,4.91,3.64,4.49,4.55,0
T00010429,Model_B,4.87,4.36,4.52,4.61,0
T00010430,Model_B,3.55,3.28,4.73,3.68,0
T00010433,Model_B,4.98,4.41,4.4,4.61,0
T00010438,Model_B,4.05,3.77,3.97,3.68,0
T00010439,Model_B,4.7,4.38,4.29,4.59,0
T00010440,Model_B,4.5,3.52,4.61,4.13,0
T00010441,Model_B,4.49,4.68,3.62,4.14,0
T00010443,Model_B,4.18,4.27,3.84,4.29,0
T00010445,Model_B,3.76,4.48,4.04,4.04,0
T00010446,Model_B,4.07,4.17,4.33,4.34,0
T00010456,Model_B,4.37,3.88,4.06,3.86,0
T00010458,Model_B,3.85,4.06,4.37,4.22,0
T00010459,Model_B,4.66,4.43,4.42,4.36,0
T00010461,Model_B,4.72,3.64,4.37,4.3,0
T00010462,Model_B,4.06,4.01,3.38,3.9,0
T00010463,Model_B,4.44,4.07,3.98,4.64,0
T00010467,Model_B,4.04,3.91,4.2,3.95,0
T00010468,Model_B,4.76,3.54,3.72,4.24,0
T00010469,Model_B,3.87,4.12,4.19,3.8,0
T00010472,Model_B,3.76,3.81,4.47,3.85,0
T00010474,Model_B,3.74,3.69,3.43,3.49,0
T00010476,Model_B,3.94,4.34,4.14,4.12,0
T00010480,Model_B,3.94,4.14,4.03,4.19,0
T00010483,Model_B,3.64,3.48,3.86,3.66,0
T00010485,Model_B,5.0,3.45,4.25,4.14,0
T00010487,Model_B,4.32,4.09,4.36,4.29,0
T00010491,Model_B,3.72,3.65,4.35,3.79,0
T00010492,Model_B,4.82,4.58,3.52,4.25,0
T00010496,Model_B,5.0,4.02,3.23,4.2,0
T00010498,Model_B,4.14,4.48,3.86,4.01,0
T00010499,Model_B,3.88,4.9,3.36,4.31,0
T00010502,Model_B,4.94,5.0,3.62,4.58,0
T00010505,Model_B,3.7,3.7,4.32,3.9,0
T00010509,Model_B,4.02,4.72,4.17,4.18,0
T00010510,Model_B,4.33,4.41,4.79,4.45,0
T00010513,Model_B,4.94,4.05,3.91,4.49,0
T00010514,Model_B,4.3,4.18,3.84,4.26,0
T00010522,Model_B,4.75,4.76,3.02,4.2,0
T00010526,Model_B,4.35,3.55,3.84,4.05,0
T00010528,Model_B,3.61,4.37,3.35,3.96,0
T00010529,Model_B,4.57,3.37,3.27,3.94,0
T00010530,Model_B,4.71,4.71,3.51,4.55,0
T00010531,Model_B,4.13,4.88,4.31,4.48,0
T00010533,Model_B,5.0,3.65,3.85,3.91,0
T00010537,Model_B,4.05,4.73,3.57,4.03,0
T00010540,Model_B,4.71,3.8,4.69,4.33,0
T00010543,Model_B,4.7,4.49,3.94,4.4,0
T00010546,Model_B,4.2,3.36,4.64,3.95,0
T00010549,Model_B,3.94,4.25,3.51,3.78,0
T00010555,Model_B,3.84,4.69,4.19,4.25,0
T00010559,Model_B,4.12,3.68,3.51,3.74,0
T00010561,Model_B,4.11,3.78,3.55,3.6,0
T00010565,Model_B,4.25,4.88,3.45,4.29,0
T00010569,Model_B,4.18,3.99,3.86,4.1,0
T00010573,Model_B,4.96,4.14,3.73,4.4,0
T00010576,Model_B,5.0,4.05,3.47,4.34,0
T00010582,Model_B,4.74,3.74,3.86,4.04,0
T00010590,Model_B,4.15,3.92,4.27,4.04,0
T00010598,Model_B,5.0,3.59,3.64,4.23,0
T00010599,Model_B,4.32,3.88,4.0,4.11,0
T00010601,Model_B,4.17,4.49,4.77,4.61,0
T00010605,Model_B,3.45,3.83,4.43,3.68,0
T00010606,Model_B,4.05,3.71,4.3,4.17,0
T00010607,Model_B,5.0,4.09,3.98,4.62,0
T00010609,Model_B,4.46,4.4,4.31,4.23,0
T00010613,Model_B,4.01,3.7,3.9,3.88,0
T00010615,Model_B,4.16,4.53,4.0,3.98,0
T00010617,Model_B,4.91,4.19,3.89,4.3,0
T00010619,Model_B,4.81,3.99,3.59,3.77,0
T00010620,Model_B,3.96,4.34,4.24,4.14,0
T00010626,Model_B,4.67,4.58,4.34,4.51,0
T00010627,Model_B,3.82,4.32,4.79,4.52,0
T00010631,Model_B,3.71,3.63,3.75,3.51,0
T00010635,Model_B,3.51,4.11,4.31,4.1,0
T00010636,Model_B,4.99,4.26,4.05,4.6,0
T00010638,Model_B,4.97,3.17,4.07,4.06,0
T00010640,Model_B,4.2,4.03,4.32,4.08,0
T00010647,Model_B,4.35,3.9,5.0,4.14,0
T00010655,Model_B,5.0,4.36,4.5,4.53,0
T00010658,Model_B,5.0,4.48,3.47,4.23,0
T00010661,Model_B,4.31,4.95,3.77,4.18,0
T00010663,Model_B,4.17,4.47,4.64,4.47,0
T00010665,Model_B,3.95,3.9,4.12,3.97,0
T00010666,Model_B,4.12,4.35,4.26,4.08,0
T00010669,Model_B,4.11,3.63,4.25,3.99,0
T00010678,Model_B,4.06,4.78,3.4,4.24,0
T00010679,Model_B,4.65,3.36,3.58,3.93,0
T00010680,Model_B,4.58,5.0,4.03,4.51,0
T00010681,Model_B,5.0,4.34,4.36,4.64,0
T00010685,Model_B,4.91,4.09,4.56,4.55,0
T00010686,Model_B,4.83,3.46,4.17,4.15,0
T00010692,Model_B,3.91,3.61,4.14,3.77,0
T00010694,Model_B,5.0,4.37,4.83,4.67,0
T00010695,Model_B,4.4,3.6,4.66,4.34,0
T00010697,Model_B,4.69,4.44,4.68,4.76,0
T00010700,Model_B,4.02,3.85,3.81,3.86,0
T00010703,Model_B,3.92,4.26,4.45,4.04,0
T00010710,Model_B,4.39,4.63,3.21,4.13,0
T00010714,Model_B,4.42,4.09,3.38,3.73,0
T00010717,Model_B,4.08,4.23,3.7,3.93,0
T00010728,Model_B,4.14,3.61,3.77,4.05,0
T00010729,Model_B,4.05,4.7,4.04,3.92,0
T00010734,Model_B,4.72,2.97,3.97,3.75,0
T00010736,Model_B,4.33,3.83,4.2,4.18,0
T00010737,Model_B,4.28,3.86,4.38,4.2,0
T00010738,Model_B,4.01,4.33,4.96,4.27,0
T00010739,Model_B,3.97,3.73,4.11,4.04,0
T00010741,Model_B,4.91,4.2,4.63,4.85,0
T00010749,Model_B,4.31,3.81,4.21,4.22,0
T00010751,Model_B,4.14,4.91,4.96,4.65,0
T00010752,Model_B,4.72,3.92,2.76,4.06,0
T00010754,Model_B,3.82,4.81,4.92,4.68,0
T00010755,Model_B,4.32,3.73,3.38,3.92,0
T00010757,Model_B,3.89,4.03,4.29,3.98,0
T00010760,Model_B,4.7,4.18,3.9,4.36,0
T00010765,Model_B,4.34,4.59,4.85,4.5,0
T00010775,Model_B,4.69,4.16,3.65,3.99,0
T00010780,Model_B,3.9,3.35,4.11,3.69,0
T00010782,Model_B,4.19,4.34,4.24,4.08,0
T00010784,Model_B,4.23,3.98,3.65,4.22,1
T00010785,Model_B,4.52,3.66,4.35,3.94,0
T00010788,Model_B,4.17,4.33,4.42,4.24,0
T00010790,Model_B,5.0,4.83,3.24,4.42,0
T00010791,Model_B,3.96,4.54,4.21,4.13,0
T00010799,Model_B,4.46,3.53,4.62,3.99,0
T00010802,Model_B,3.87,3.58,4.87,3.95,0
T00010803,Model_B,4.1,3.52,3.82,4.05,0
T00010804,Model_B,5.0,4.7,4.82,5.0,0
T00010805,Model_B,4.7,4.47,4.67,4.65,0
T00010808,Model_B,4.77,3.75,3.58,4.28,1
T00010813,Model_B,5.0,3.63,5.0,4.6,0
T00010815,Model_B,4.99,3.53,5.0,4.56,0
T00010816,Model_B,4.23,4.56,4.65,4.39,0
T00010821,Model_B,4.54,3.91,3.31,3.99,0
T00010824,Model_B,4.19,5.0,3.98,4.46,0
T00010839,Model_B,4.09,4.0,4.66,3.99,0
T00010840,Model_B,4.36,3.25,4.25,3.95,0
T00010841,Model_B,3.92,4.4,4.78,4.25,0
T00010845,Model_B,4.98,4.12,3.66,4.4,0
T00010846,Model_B,3.89,3.91,3.96,4.01,0
T00010850,Model_B,5.0,4.1,4.08,4.79,0
T00010852,Model_B,3.74,4.63,4.69,4.37,0
T00010859,Model_B,4.92,4.13,3.96,4.58,0
T00010869,Model_B,4.6,3.98,3.72,4.26,0
T00010872,Model_B,5.0,3.86,4.36,4.55,0
T00010874,Model_B,5.0,4.47,3.94,4.71,0
T00010878,Model_B,4.51,4.01,3.61,4.21,0
T00010879,Model_B,4.09,4.17,4.24,3.92,0
T00010881,Model_B,4.21,3.8,3.01,3.42,0
T00010884,Model_B,4.41,3.99,4.9,4.35,0
T00010885,Model_B,3.94,4.3,4.33,3.99,0
T00010887,Model_B,3.6,3.56,4.21,3.75,0
T00010890,Model_B,4.74,3.64,3.43,4.03,0
T00010897,Model_B,3.96,4.44,4.21,4.11,0
T00010898,Model_B,5.0,3.99,3.96,4.1,0
T00010899,Model_B,3.37,3.93,4.47,3.66,0
T00010901,Model_B,4.26,4.14,4.96,4.58,0
T00010906,Model_B,4.31,4.14,4.84,4.29,0
T00010911,Model_B,4.12,4.64,4.05,4.31,0
T00010912,Model_B,4.38,3.7,4.39,4.15,0
T00010914,Model_B,4.92,4.02,4.57,4.32,0
T00010915,Model_B,3.99,4.45,3.75,4.08,0
T00010916,Model_B,3.69,4.08,5.0,4.54,0
T00010919,Model_B,4.36,4.11,4.21,4.22,0
T00010921,Model_B,3.92,3.89,4.18,3.63,0
T00010923,Model_B,3.92,4.88,4.92,4.52,0
T00010925,Model_B,4.25,5.0,4.24,4.22,0
T00010929,Model_B,4.82,3.79,4.19,4.23,0
T00010930,Model_B,4.06,4.28,4.37,4.15,0
T00010934,Model_B,4.4,3.81,3.96,4.04,0
T00010935,Model_B,4.69,5.0,3.61,4.46,0
T00010942,Model_B,4.6,4.71,3.24,4.16,0
T00010943,Model_B,3.89,4.23,3.71,4.03,0
T00010944,Model_B,3.84,4.3,4.3,4.1,0
T00010947,Model_B,4.61,3.84,4.57,4.45,0
T00010952,Model_B,4.14,5.0,3.77,4.51,0
T00010955,Model_B,4.71,4.22,4.41,4.75,0
T00010956,Model_B,4.48,4.01,3.51,3.79,0
T00010958,Model_B,3.67,4.89,4.26,4.21,0
T00010959,Model_B,4.12,4.31,3.37,3.72,0
T00010965,Model_B,4.85,3.4,3.84,3.86,0
T00010969,Model_B,4.45,4.45,4.21,3.86,0
T00010970,Model_B,4.97,4.47,3.6,4.47,0
T00010976,Model_B,4.01,5.0,4.09,4.56,0
T00010977,Model_B,4.83,3.34,4.56,4.4,0
T00010981,Model_B,3.93,4.5,4.97,4.31,1
T00010982,Model_B,3.59,4.04,4.32,4.12,0
T00010983,Model_B,4.42,4.86,3.81,4.58,0
T00010985,Model_B,3.99,3.79,4.08,4.14,0
T00010986,Model_B,5.0,4.08,4.04,4.52,0
T00010991,Model_B,3.9,4.84,4.09,4.23,0
T00010992,Model_B,4.82,4.34,3.64,4.67,0
T00010993,Model_B,4.2,3.5,3.97,3.93,0
T00010996,Model_B,3.93,3.61,4.99,4.28,0
T00011001,Model_B,2.73,4.9,3.78,3.81,0
T00011006,Model_B,4.55,3.88,4.99,4.35,0
T00011008,Model_B,5.0,3.36,4.09,4.04,0
T00011013,Model_B,4.48,4.09,3.61,4.07,0
T00011016,Model_B,4.48,3.0,4.42,4.05,0
T00011021,Model_B,4.8,3.39,3.17,4.03,0
T00011024,Model_B,4.38,5.0,4.58,4.77,0
T00011027,Model_B,3.56,4.06,3.54,3.74,0
T00011029,Model_B,3.96,4.09,4.12,3.92,0
T00011033,Model_B,4.84,4.31,3.98,4.33,0
T00011038,Model_B,4.38,4.41,4.09,4.56,0
T00011039,Model_B,4.03,4.31,3.35,3.98,0
T00011048,Model_B,4.16,5.0,4.61,4.55,0
T00011049,Model_B,4.55,4.64,4.46,4.87,0
T00011054,Model_B,4.74,4.34,4.09,4.33,0
T00011066,Model_B,4.93,3.85,3.21,4.05,0
T00011067,Model_B,3.81,3.75,4.37,3.75,0
T00011069,Model_B,4.79,3.42,4.29,4.08,0
T00011070,Model_B,4.79,4.64,4.21,4.28,0
T00011073,Model_B,3.9,3.91,4.41,4.14,0
T00011076,Model_B,4.17,4.65,4.39,4.45,0
T00011078,Model_B,4.08,5.0,2.92,4.11,0
T00011080,Model_B,4.19,4.67,3.8,4.4,0
T00011082,Model_B,3.15,3.81,4.32,3.73,0
T00011084,Model_B,4.57,3.22,4.09,4.25,0
T00011089,Model_B,4.99,4.39,3.65,4.53,0
T00011092,Model_B,5.0,4.09,4.7,4.67,1
T00011093,Model_B,4.06,4.15,4.29,4.02,0
T00011096,Model_B,4.18,4.6,3.34,4.17,0
T00011098,Model_B,2.57,4.27,3.47,3.21,0
T00011101,Model_B,3.78,4.52,2.99,3.83,0
T00011102,Model_B,4.95,3.88,4.84,4.57,0
T00011104,Model_B,4.3,4.8,3.69,4.47,0
T00011105,Model_B,4.36,4.19,4.85,4.2,0
T00011109,Model_B,4.55,5.0,4.08,4.69,0
T00011116,Model_B,3.99,3.44,4.01,3.92,0
T00011117,Model_B,4.6,3.94,4.02,4.14,0
T00011118,Model_B,4.63,5.0,3.26,4.35,0
T00011120,Model_B,5.0,4.44,3.15,4.01,0
T00011125,Model_B,4.49,3.79,3.6,4.11,0
T00011130,Model_B,4.34,3.96,4.72,4.1,0
T00011133,Model_B,4.34,5.0,3.85,4.34,0
T00011137,Model_B,4.42,4.26,4.18,4.55,0
T00011142,Model_B,4.39,3.96,3.68,4.11,0
T00011145,Model_B,4.33,4.2,4.27,4.23,0
T00011156,Model_B,3.69,3.92,3.75,3.45,0
T00011160,Model_B,4.42,4.34,5.0,4.51,0
T00011173,Model_B,3.13,5.0,4.64,4.0,0
T00011174,Model_B,4.24,4.12,3.37,3.81,0
T00011175,Model_B,5.0,3.39,4.51,4.43,0
T00011178,Model_B,3.82,4.31,4.05,4.26,0
T00011179,Model_B,4.64,4.11,4.1,4.37,0
T00011180,Model_B,4.13,4.71,4.19,4.11,0
T00011183,Model_B,4.15,4.46,3.97,3.93,0
T00011185,Model_B,3.71,4.57,4.12,4.02,0
T00011190,Model_B,4.62,3.88,4.43,4.19,0
T00011191,Model_B,4.8,4.57,4.65,4.38,0
T00011197,Model_B,4.19,4.42,4.68,4.54,0
T00011205,Model_B,4.09,4.45,4.17,4.1,1
T00011211,Model_B,4.19,4.37,4.65,4.4,0
T00011213,Model_B,4.81,4.24,4.59,4.38,0
T00011221,Model_B,4.82,3.12,3.61,3.74,0
T00011222,Model_B,5.0,3.99,4.56,4.32,0
T00011224,Model_B,4.13,4.85,4.17,4.34,0
T00011226,Model_B,5.0,4.99,3.52,4.61,0
T00011227,Model_B,4.49,3.38,3.27,4.04,0
T00011233,Model_B,3.89,3.78,3.75,3.73,0
T00011235,Model_B,4.92,4.63,5.0,4.97,0
T00011242,Model_B,4.63,4.3,3.92,4.28,0
T00011243,Model_B,3.59,4.29,4.07,4.03,0
T00011244,Model_B,5.0,4.45,4.13,4.74,0
T00011246,Model_B,4.91,4.55,4.98,5.0,0
T00011248,Model_B,4.36,3.95,3.76,3.94,0
T00011261,Model_B,3.97,3.95,3.88,4.17,0
T00011266,Model_B,5.0,4.68,3.74,4.65,0
T00011269,Model_B,4.47,3.97,4.02,4.27,0
T00011275,Model_B,3.33,3.86,3.86,3.52,0
T00011276,Model_B,4.52,3.76,4.49,4.36,0
T00011278,Model_B,3.92,3.77,4.82,4.33,0
T00011281,Model_B,4.15,4.23,3.42,3.93,0
T00011285,Model_B,4.45,4.5,3.57,4.13,0
T00011286,Model_B,4.36,4.02,4.75,4.44,0
T00011295,Model_B,4.25,5.0,4.36,4.71,0
T00011296,Model_B,5.0,4.27,4.94,4.85,0
T00011297,Model_B,4.19,3.91,3.53,3.71,0
T00011300,Model_B,3.92,3.95,5.0,4.24,0
T00011306,Model_B,3.99,4.75,4.19,4.36,0
T00011309,Model_B,4.69,4.11,4.1,4.41,0
T00011313,Model_B,4.92,4.76,4.07,4.31,0
T00011315,Model_B,4.06,3.99,3.73,3.97,0
T00011317,Model_B,4.42,3.54,3.79,4.09,0
T00011319,Model_B,4.42,4.6,4.18,4.24,0
T00011321,Model_B,5.0,4.56,4.46,4.45,0
T00011323,Model_B,4.38,4.26,4.7,4.36,0
T00011327,Model_B,4.66,4.23,3.74,4.43,0
T00011328,Model_B,4.08,3.92,3.9,4.12,0
T00011332,Model_B,4.66,4.66,3.92,4.6,0
T00011335,Model_B,4.0,3.58,4.56,3.8,0
T00011337,Model_B,4.13,3.4,3.31,3.81,0
T00011338,Model_B,5.0,3.99,4.4,4.59,0
T00011340,Model_B,4.64,4.95,3.1,4.51,0
T00011343,Model_B,3.95,4.83,4.09,4.42,0
T00011350,Model_B,4.46,3.93,4.29,4.37,0
T00011354,Model_B,4.14,4.33,4.93,4.3,0
T00011359,Model_B,4.09,3.55,3.65,3.78,0
T00011360,Model_B,3.71,4.77,4.54,4.33,0
T00011361,Model_B,3.39,4.34,4.87,4.43,0
T00011363,Model_B,4.97,3.82,4.93,4.45,0
T00011364,Model_B,3.96,4.5,3.81,3.93,0
T00011366,Model_B,4.41,3.58,3.95,4.2,0
T00011374,Model_B,4.2,4.06,4.55,4.18,0
T00011378,Model_B,3.78,4.85,4.7,4.72,0
T00011381,Model_B,4.41,3.66,3.74,4.03,0
T00011383,Model_B,4.58,4.87,4.47,4.67,0
T00011384,Model_B,4.55,3.72,4.14,4.06,0
T00011385,Model_B,4.43,4.29,4.45,4.4,0
T00011386,Model_B,4.88,3.85,4.21,4.2,0
T00011387,Model_B,3.98,4.68,4.64,4.26,0
T00011398,Model_B,4.15,3.91,3.99,4.07,0
T00011401,Model_B,4.17,4.04,4.18,4.15,0
T00011405,Model_B,4.87,4.03,3.39,4.28,0
T00011410,Model_B,4.7,3.94,4.8,4.33,0
T00011412,Model_B,4.43,4.63,3.62,4.27,0
T00011413,Model_B,5.0,4.2,4.2,4.51,0
T00011414,Model_B,4.1,4.87,3.88,4.44,0
T00011419,Model_B,4.18,3.91,3.53,3.83,0
T00011422,Model_B,4.14,3.72,3.21,3.77,0
T00011427,Model_B,4.7,3.99,3.46,4.16,0
T00011428,Model_B,4.37,3.66,4.76,4.24,0
T00011431,Model_B,5.0,3.83,4.6,4.35,0
T00011432,Model_B,3.8,3.36,4.3,3.85,0
T00011435,Model_B,4.76,3.8,3.71,3.82,0
T00011436,Model_B,4.87,3.4,5.0,4.53,0
T00011439,Model_B,4.33,4.36,3.93,4.23,0
T00011440,Model_B,4.52,4.76,3.85,4.26,0
T00011443,Model_B,4.36,5.0,4.83,4.86,0
T00011450,Model_B,3.66,4.01,4.33,3.8,0
T00011456,Model_B,4.29,3.85,4.08,3.98,0
T00011457,Model_B,4.74,5.0,3.67,4.48,0
T00011458,Model_B,3.95,5.0,4.58,4.49,0
T00011465,Model_B,4.31,3.89,4.75,4.33,0
T00011468,Model_B,4.76,3.89,3.4,3.9,0
T00011472,Model_B,4.11,4.59,4.43,4.24,0
T00011473,Model_B,4.33,4.26,3.09,4.06,0
T00011476,Model_B,5.0,4.45,3.42,4.41,0
T00011479,Model_B,4.63,4.48,3.23,4.29,0
T00011480,Model_B,4.25,4.5,4.75,4.39,0
T00011482,Model_B,4.51,4.49,3.55,4.17,0
T00011483,Model_B,4.89,4.29,4.44,4.49,0
T00011486,Model_B,4.36,4.41,5.0,4.56,1
T00011492,Model_B,3.77,4.34,4.12,3.89,0
T00011498,Model_B,4.68,4.03,3.81,4.2,0
T00011507,Model_B,5.0,4.24,3.44,4.4,0
T00011509,Model_B,4.2,4.8,3.3,4.11,0
T00011515,Model_B,4.87,3.7,4.21,4.09,0
T00011520,Model_B,4.31,4.3,3.62,4.19,0
T00011522,Model_B,4.05,4.65,3.57,4.49,0
T00011523,Model_B,4.19,3.84,4.41,4.02,0
T00011524,Model_B,4.34,4.56,3.96,4.35,0
T00011526,Model_B,4.03,4.68,4.78,4.45,0
T00011527,Model_B,4.39,4.79,4.1,4.49,0
T00011528,Model_B,4.06,4.48,3.96,4.14,0
T00011536,Model_B,3.89,4.25,3.57,3.98,0
T00011538,Model_B,4.43,4.37,4.09,3.88,0
T00011543,Model_B,4.87,4.6,4.17,4.39,0
T00011545,Model_B,4.06,3.24,3.72,3.57,0
T00011558,Model_B,4.32,3.83,4.09,4.07,0
T00011562,Model_B,4.84,4.66,4.14,4.64,0
T00011563,Model_B,4.41,3.66,4.67,3.76,0
T00011565,Model_B,4.63,4.46,4.96,4.67,0
T00011568,Model_B,3.95,4.2,3.84,3.74,0
T00011569,Model_B,4.37,4.87,4.4,4.63,0
T00011571,Model_B,4.5,4.13,5.0,4.5,0
T00011573,Model_B,4.35,3.69,4.08,3.81,0
T00011580,Model_B,4.28,4.12,4.24,4.28,0
T00011585,Model_B,4.91,3.96,2.96,4.23,0
T00011586,Model_B,4.81,4.55,4.35,4.5,0
T00011587,Model_B,4.72,4.89,4.29,4.73,0
T00011588,Model_B,4.86,3.74,3.75,4.19,0
T00011597,Model_B,4.51,4.39,3.71,4.25,0
T00011598,Model_B,4.53,4.26,3.68,4.36,0
T00011600,Model_B,4.39,3.47,3.8,4.03,0
T00011601,Model_B,4.43,4.36,3.58,4.2,0
T00011602,Model_B,4.3,3.65,4.36,4.02,0
T00011604,Model_B,5.0,4.35,4.95,4.72,0
T00011607,Model_B,4.84,3.63,3.88,4.33,0
T00011614,Model_B,4.89,3.75,4.43,4.41,0
T00011615,Model_B,5.0,5.0,4.67,5.0,0
T00011620,Model_B,4.7,4.24,4.38,4.25,0
T00011622,Model_B,4.47,3.57,4.97,4.41,0
T00011624,Model_B,3.44,3.32,4.5,3.7,0
T00011627,Model_B,5.0,4.34,3.87,4.35,0
T00011629,Model_B,4.55,4.67,3.72,4.41,0
T00011631,Model_B,4.59,4.56,4.11,4.22,0
T00011632,Model_B,5.0,3.69,4.67,4.56,0
T00011633,Model_B,5.0,4.12,3.32,4.08,0
T00011637,Model_B,4.19,3.93,3.16,3.82,0
T00011638,Model_B,4.07,5.0,4.0,4.21,1
T00011639,Model_B,4.49,3.96,4.11,4.29,0
T00011640,Model_B,3.29,4.56,4.17,3.95,0
T00011647,Model_B,4.07,3.82,4.97,4.12,0
T00011650,Model_B,5.0,4.63,3.59,4.27,0
T00011651,Model_B,3.69,4.59,4.38,4.43,0
T00011654,Model_B,3.66,3.84,3.72,3.44,0
T00011658,Model_B,4.58,3.63,3.94,4.25,0
T00011659,Model_B,4.64,3.99,5.0,4.58,0
T00011660,Model_B,3.86,3.84,3.56,4.18,0
T00011663,Model_B,4.19,3.99,4.68,4.4,0
T00011666,Model_B,4.58,3.7,3.38,3.84,0
T00011670,Model_B,4.22,5.0,4.36,4.54,0
T00011676,Model_B,4.32,4.14,4.09,4.24,0
T00011679,Model_B,4.19,3.72,4.61,4.46,0
T00011680,Model_B,4.66,3.6,4.68,4.42,0
T00011684,Model_B,4.51,3.94,3.89,4.07,0
T00011685,Model_B,4.13,4.15,3.73,3.89,0
T00011686,Model_B,4.31,3.49,4.46,4.04,0
T00011687,Model_B,4.1,4.83,4.22,3.98,0
T00011688,Model_B,5.0,4.57,4.31,4.69,0
T00011693,Model_B,4.66,4.32,4.64,4.54,0
T00011694,Model_B,4.64,3.92,4.04,4.47,0
T00011696,Model_B,5.0,4.43,4.25,4.67,0
T00011700,Model_B,4.38,3.86,3.76,4.15,0
T00011704,Model_B,4.18,4.38,4.4,4.21,0
T00011707,Model_B,4.18,3.56,3.89,4.03,0
T00011711,Model_B,3.84,3.76,4.56,3.6,0
T00011719,Model_B,4.16,3.67,4.69,4.25,0
T00011720,Model_B,3.56,5.0,3.81,4.13,0
T00011725,Model_B,4.78,4.14,4.07,4.36,0
T00011729,Model_B,4.71,4.02,3.76,4.4,0
T00011734,Model_B,3.93,3.71,4.41,4.0,0
T00011737,Model_B,4.2,4.71,3.74,4.35,0
T00011739,Model_B,4.53,4.77,3.39,4.17,0
T00011740,Model_B,4.63,4.26,4.23,4.31,0
T00011742,Model_B,5.0,4.26,4.3,4.72,0
T00011747,Model_B,4.42,2.93,4.04,3.97,0
T00011748,Model_B,3.98,4.66,4.39,4.63,0
T00011749,Model_B,4.24,3.53,4.05,3.68,0
T00011750,Model_B,4.39,4.58,4.02,4.46,0
T00011752,Model_B,4.94,4.48,3.85,4.4,0
T00011753,Model_B,3.88,4.69,4.35,4.24,0
T00011754,Model_B,4.67,4.07,4.25,4.37,0
T00011757,Model_B,4.44,4.98,3.86,4.37,0
T00011760,Model_B,4.51,4.7,4.04,4.39,0
T00011763,Model_B,5.0,3.69,4.4,4.44,0
T00011769,Model_B,4.0,4.3,4.59,4.51,0
T00011771,Model_B,4.19,3.87,3.57,3.63,0
T00011773,Model_B,4.73,3.55,3.92,4.05,0
T00011776,Model_B,4.63,4.37,3.86,4.32,0
T00011781,Model_B,4.63,4.52,4.17,4.4,0
T00011782,Model_B,4.41,4.71,4.15,4.42,0
T00011785,Model_B,5.0,4.69,3.84,4.59,0
T00011787,Model_B,4.51,3.76,4.29,4.04,0
T00011789,Model_B,4.22,4.38,4.43,4.42,0
T00011791,Model_B,4.09,3.56,3.77,4.19,0
T00011798,Model_B,4.75,4.52,3.31,4.05,0
T00011803,Model_B,5.0,3.21,4.63,4.18,0
T00011807,Model_B,4.1,3.72,4.13,3.79,0
T00011812,Model_B,4.12,4.88,4.28,4.42,0
T00011816,Model_B,3.83,4.68,4.26,4.43,0
T00011817,Model_B,4.33,4.78,4.4,4.67,0
T00011822,Model_B,4.61,3.96,4.41,4.13,0
T00011826,Model_B,3.51,3.32,4.14,3.68,0
T00011829,Model_B,4.87,4.66,3.85,4.64,1
T00011830,Model_B,4.92,4.49,4.68,4.72,0
T00011839,Model_B,3.94,4.27,3.39,4.01,0
T00011840,Model_B,4.93,3.9,3.61,4.27,1
T00011844,Model_B,5.0,3.52,4.03,4.26,0
T00011851,Model_B,4.67,4.34,4.9,4.65,0
T00011858,Model_B,4.3,4.9,3.57,4.18,0
T00011864,Model_B,4.15,4.44,4.4,4.39,0
T00011867,Model_B,4.81,4.13,5.0,4.65,0
T00011868,Model_B,4.06,4.76,3.96,4.01,0
T00011869,Model_B,3.86,4.28,4.42,4.08,0
T00011872,Model_B,4.87,4.35,4.86,4.51,0
T00011873,Model_B,3.85,4.39,3.14,4.06,0
T00011874,Model_B,4.18,4.05,3.93,4.15,0
T00011884,Model_B,4.76,4.56,3.84,4.55,0
T00011886,Model_B,4.56,4.67,4.78,4.57,1
T00011887,Model_B,4.61,3.5,4.36,4.52,0
T00011889,Model_B,4.75,5.0,4.07,4.57,0
T00011892,Model_B,3.82,4.54,3.89,4.15,0
T00011895,Model_B,4.08,3.56,4.96,4.22,0
T00011896,Model_B,5.0,4.59,3.74,4.43,0
T00011898,Model_B,4.33,4.56,3.7,4.36,0
T00011899,Model_B,5.0,4.83,4.08,4.76,0
T00011906,Model_B,4.74,3.96,4.26,4.6,0
T00011908,Model_B,4.9,4.06,4.52,4.56,0
T00011914,Model_B,3.39,3.96,4.27,3.82,0
T00011916,Model_B,4.32,5.0,5.0,4.95,0
T00011925,Model_B,4.42,3.97,4.66,4.31,0
T00011931,Model_B,3.79,3.57,4.02,3.77,0
T00011935,Model_B,4.77,3.82,3.78,4.4,0
T00011936,Model_B,4.52,3.88,3.92,3.91,0
T00011938,Model_B,4.42,4.63,3.64,4.08,0
T00011940,Model_B,4.3,3.74,3.89,3.82,0
T00011947,Model_B,4.81,5.0,4.15,4.48,0
T00011951,Model_B,3.95,5.0,3.74,4.39,0
T00011953,Model_B,4.0,4.16,4.27,4.12,0
T00011955,Model_B,5.0,4.64,3.8,4.43,0
T00011956,Model_B,4.63,3.24,4.32,4.13,0
T00011958,Model_B,4.63,4.1,4.7,4.37,0
T00011962,Model_B,4.02,3.65,4.72,4.29,0
T00011964,Model_B,4.32,3.22,4.44,3.99,0
T00011970,Model_B,4.21,4.28,4.02,4.41,0
T00011973,Model_B,4.29,4.25,4.4,4.28,0
T00011976,Model_B,4.51,4.04,5.0,4.63,0
T00011987,Model_B,4.27,4.52,4.27,4.48,0
T00011988,Model_B,3.92,4.19,3.77,3.83,0
T00011993,Model_B,4.39,4.72,3.68,4.46,0
T00011997,Model_B,4.84,4.34,3.76,4.48,0
T00011999,Model_B,4.58,2.92,3.61,3.67,0
T00012000,Model_B,3.83,4.06,3.84,3.79,0
T00012001,Model_B,4.76,5.0,4.31,4.56,0
T00012005,Model_B,4.58,4.57,4.43,4.72,0
T00012008,Model_B,4.74,4.1,4.79,4.71,0
T00012012,Model_B,3.88,4.71,3.7,4.23,0
T00012013,Model_B,4.2,3.83,4.1,3.94,0
T00012014,Model_B,4.64,4.72,3.62,4.54,0
T00012015,Model_B,3.9,4.85,3.88,4.13,0
T00012016,Model_B,4.81,3.63,3.21,3.89,0
T00012017,Model_B,4.57,4.14,3.55,4.46,0
T00012020,Model_B,4.16,4.19,4.88,4.19,0
T00012021,Model_B,4.73,4.36,4.21,4.23,0
T00012022,Model_B,4.85,3.96,4.18,4.31,0
T00012024,Model_B,3.99,3.72,4.39,4.06,0
T00012027,Model_B,4.14,3.96,4.3,3.82,0
T00012042,Model_B,4.26,3.98,4.86,4.28,0
T00012043,Model_B,4.39,5.0,4.23,4.3,0
T00012046,Model_B,4.48,4.39,4.62,4.44,0
T00012052,Model_B,4.28,4.47,4.08,4.38,0
T00012053,Model_B,4.32,4.3,4.51,4.14,0
T00012054,Model_B,3.85,4.62,4.12,4.38,0
T00012055,Model_B,5.0,4.47,4.15,4.58,0
T00012058,Model_B,4.43,4.69,4.47,4.38,0
T00012059,Model_B,5.0,4.49,3.62,4.6,0
T00012061,Model_B,4.63,4.23,3.68,4.38,0
T00012062,Model_B,4.47,4.63,3.54,4.24,0
T00012064,Model_B,3.61,4.22,4.86,3.8,0
T00012069,Model_B,4.34,3.44,4.66,4.02,0
T00012071,Model_B,4.18,4.11,4.09,4.32,0
T00012072,Model_B,4.89,3.89,4.24,4.19,0
T00012074,Model_B,3.36,4.41,3.88,3.79,0
T00012076,Model_B,3.94,4.08,4.21,3.76,0
T00012077,Model_B,4.56,5.0,4.63,4.88,1
T00012079,Model_B,4.82,4.12,4.15,4.12,0
T00012080,Model_B,3.85,3.6,4.14,3.68,0
T00012082,Model_B,4.76,4.01,3.81,4.39,0
T00012087,Model_B,4.29,4.33,4.29,4.31,0
T00012093,Model_B,4.02,4.52,3.53,4.04,0
T00012094,Model_B,5.0,4.77,4.0,4.79,0
T00012102,Model_B,4.83,4.73,4.15,4.89,0
T00012104,Model_B,3.58,3.97,3.87,3.97,0
T00012105,Model_B,4.25,4.37,3.79,4.2,0
T00012110,Model_B,2.82,4.18,3.67,3.61,0
T00012111,Model_B,4.57,3.63,3.84,3.8,0
T00012115,Model_B,4.63,4.27,3.94,4.35,0
T00012123,Model_B,5.0,3.89,4.65,4.64,0
T00012124,Model_B,4.83,3.97,3.89,4.37,0
T00012128,Model_B,3.92,4.88,3.9,4.23,0
T00012129,Model_B,4.06,3.99,4.7,4.33,0
T00012131,Model_B,5.0,5.0,3.65,4.51,0
T00012132,Model_B,4.84,3.55,3.48,3.93,0
T00012135,Model_B,4.67,4.03,5.0,4.52,0
T00012136,Model_B,4.56,4.63,4.19,4.57,0
T00012138,Model_B,4.66,3.69,4.75,4.27,0
T00012140,Model_B,3.99,4.07,4.59,4.32,0
T00012144,Model_B,4.76,4.07,4.16,4.32,0
T00012145,Model_B,4.91,3.77,3.67,4.23,0
T00012148,Model_B,5.0,4.63,4.26,4.83,0
T00012153,Model_B,4.55,4.53,4.06,4.34,0
T00012154,Model_B,4.37,4.0,4.83,4.44,0
T00012155,Model_B,3.49,4.94,3.79,3.78,0
T00012158,Model_B,4.43,4.83,4.24,4.51,0
T00012159,Model_B,4.43,3.95,4.05,4.14,0
T00012162,Model_B,4.78,3.71,2.85,3.74,0
T00012163,Model_B,5.0,4.07,3.48,3.88,0
T00012164,Model_B,4.36,3.61,3.51,3.74,0
T00012169,Model_B,4.2,4.7,3.88,4.25,0
T00012170,Model_B,4.62,4.32,4.78,4.54,0
T00012171,Model_B,3.89,4.05,4.55,4.26,0
T00012175,Model_B,3.67,3.79,3.59,3.72,0
T00012178,Model_B,4.17,4.21,4.18,4.39,0
T00012192,Model_B,4.01,4.42,4.49,4.32,0
T00012194,Model_B,4.53,4.78,3.87,4.49,0
T00012197,Model_B,4.84,3.4,4.47,4.23,0
T00012198,Model_B,4.49,4.09,3.61,3.81,0
T00012201,Model_B,4.21,4.41,4.39,3.89,0
T00012203,Model_B,3.83,4.66,3.89,4.09,0
T00012204,Model_B,3.87,3.63,3.57,3.75,0
T00012205,Model_B,3.4,4.38,3.16,3.35,0
T00012210,Model_B,3.46,4.01,4.23,3.88,0
T00012212,Model_B,4.55,4.34,4.8,4.66,0
T00012215,Model_B,4.89,4.31,3.73,4.37,0
T00012216,Model_B,4.61,3.93,3.87,4.02,0
T00012218,Model_B,4.02,4.54,3.82,4.21,0
T00012219,Model_B,3.87,4.96,3.88,4.11,0
T00012224,Model_B,4.68,3.99,4.96,4.66,0
T00012226,Model_B,5.0,4.32,3.17,4.01,0
T00012232,Model_B,4.57,4.28,3.81,4.69,0
T00012235,Model_B,3.91,5.0,4.84,4.65,0
T00012237,Model_B,3.43,3.75,3.31,3.26,1
T00012242,Model_B,4.66,4.3,4.31,4.58,0
T00012246,Model_B,4.29,3.95,4.87,4.15,0
T00012250,Model_B,4.26,3.49,4.73,4.38,0
T00012257,Model_B,4.97,4.32,3.14,4.27,0
T00012259,Model_B,3.64,4.4,5.0,4.24,0
T00012260,Model_B,5.0,4.06,4.06,4.47,0
T00012261,Model_B,5.0,4.17,3.91,4.52,0
T00012263,Model_B,4.37,4.0,3.63,4.02,0
T00012265,Model_B,4.12,3.77,3.56,3.74,0
T00012268,Model_B,5.0,4.78,3.95,4.56,0
T00012276,Model_B,4.8,4.24,4.06,4.72,0
T00012279,Model_B,4.16,3.53,3.51,3.76,0
T00012282,Model_B,5.0,4.39,3.35,4.44,0
T00012288,Model_B,4.17,4.93,4.29,4.4,0
T00012295,Model_B,3.44,4.29,3.55,3.89,0
T00012297,Model_B,5.0,4.3,4.05,4.42,0
T00012298,Model_B,3.73,3.58,3.87,3.73,0
T00012300,Model_B,4.22,4.59,3.89,4.46,0
T00012301,Model_B,4.62,3.4,3.61,3.81,0
T00012305,Model_B,4.23,2.7,3.59,3.37,0
T00012310,Model_B,4.38,4.11,4.42,4.65,0
T00012311,Model_B,3.91,4.19,3.14,3.99,0
T00012320,Model_B,4.59,3.75,4.41,4.62,0
T00012321,Model_B,3.93,4.71,5.0,4.31,0
T00012323,Model_B,4.63,4.32,4.19,4.41,0
T00012324,Model_B,4.62,3.85,4.04,4.26,0
T00012326,Model_B,4.24,5.0,4.4,4.58,0
T00012330,Model_B,3.51,4.41,4.3,4.15,0
T00012331,Model_B,4.53,4.15,4.2,4.44,0
T00012333,Model_B,3.96,3.21,3.84,3.6,0
T00012334,Model_B,4.37,4.43,3.16,3.73,0
T00012336,Model_B,3.83,3.97,3.89,3.75,0
T00012338,Model_B,3.79,3.64,3.89,3.76,0
T00012340,Model_B,3.81,4.31,3.54,3.94,0
T00012341,Model_B,3.18,4.13,4.63,3.73,0
T00012342,Model_B,4.1,4.55,4.25,4.47,0
T00012343,Model_B,4.22,3.65,4.02,3.93,0
T00012345,Model_B,3.93,3.62,3.17,3.64,0
T00012346,Model_B,3.89,4.52,3.64,3.95,0
T00012349,Model_B,4.84,4.09,4.1,4.26,0
T00012356,Model_B,4.57,4.44,5.0,4.72,0
T00012368,Model_B,4.05,4.19,4.0,4.19,0
T00012372,Model_B,4.12,4.11,4.37,4.06,0
T00012378,Model_B,3.94,4.51,3.12,3.76,0
T00012379,Model_B,4.01,4.1,4.72,3.94,0
T00012381,Model_B,5.0,4.69,4.68,4.73,0
T00012384,Model_B,4.76,3.88,4.58,4.52,0
T00012385,Model_B,4.58,4.8,4.4,4.56,0
T00012386,Model_B,4.82,4.08,3.55,4.19,0
T00012389,Model_B,3.9,4.28,5.0,4.1,0
T00012405,Model_B,4.52,4.12,4.56,4.5,0
T00012409,Model_B,4.73,4.32,4.37,4.37,0
T00012413,Model_B,4.34,3.68,4.27,4.16,0
T00012414,Model_B,4.2,4.43,4.12,4.26,0
T00012417,Model_B,3.87,4.2,3.75,3.82,0
T00012418,Model_B,3.34,4.13,4.82,4.01,0
T00012419,Model_B,4.78,4.73,4.35,4.53,0
T00012421,Model_B,4.49,3.81,4.24,4.26,0
T00012423,Model_B,5.0,3.62,4.62,4.32,0
T00012427,Model_B,4.12,3.69,3.58,4.08,0
T00012428,Model_B,4.19,4.05,3.48,3.74,0
T00012432,Model_B,5.0,4.89,3.83,4.55,0
T00012433,Model_B,3.9,4.15,3.99,4.23,0
T00012434,Model_B,4.16,3.85,4.58,3.92,0
T00012435,Model_B,4.68,5.0,3.61,4.42,0
T00012442,Model_B,3.65,5.0,4.7,4.47,0
T00012448,Model_B,5.0,4.17,4.76,4.58,0
T00012455,Model_B,4.26,3.49,4.18,3.73,0
T00012458,Model_B,4.53,3.82,4.05,4.02,0
T00012463,Model_B,4.09,4.48,3.71,4.2,0
T00012467,Model_B,4.76,4.93,4.59,4.84,0
T00012470,Model_B,3.88,3.87,4.39,4.17,0
T00012472,Model_B,4.1,4.11,4.26,3.94,0
T00012478,Model_B,4.64,4.36,4.76,4.56,0
T00012481,Model_B,4.19,3.89,4.33,4.31,0
T00012483,Model_B,4.84,4.85,4.13,4.46,0
T00012496,Model_B,4.53,4.75,4.92,4.68,0
T00012499,Model_B,4.75,4.37,3.48,3.93,0
T00012500,Model_B,5.0,4.19,4.26,4.84,0
T00012502,Model_B,4.38,4.05,4.43,4.22,0
T00012503,Model_B,4.56,4.81,3.95,4.35,0
T00012506,Model_B,4.28,3.89,4.38,4.21,0
T00012507,Model_B,3.87,4.1,4.17,4.22,0
T00012510,Model_B,4.54,3.66,4.54,4.3,0
T00012513,Model_B,4.29,5.0,4.1,4.53,0
T00012516,Model_B,4.27,4.72,3.14,4.01,0
T00012517,Model_B,4.14,4.11,3.8,4.1,0
T00012522,Model_B,4.11,4.59,4.09,4.4,0
T00012530,Model_B,4.52,4.54,5.0,4.85,0
T00012533,Model_B,4.48,3.82,4.08,4.25,0
T00012536,Model_B,5.0,3.97,3.46,4.2,0
T00012538,Model_B,3.84,4.71,4.35,4.22,0
T00012539,Model_B,3.41,3.12,4.14,3.52,0
T00012540,Model_B,4.26,3.67,4.67,3.97,0
T00012543,Model_B,4.83,3.95,4.79,4.57,0
T00012544,Model_B,3.93,5.0,3.92,4.04,0
T00012550,Model_B,4.59,3.81,4.06,4.12,0
T00012551,Model_B,4.83,4.03,3.76,4.21,0
T00012552,Model_B,4.75,4.73,4.07,4.56,0
T00012554,Model_B,4.2,3.37,3.85,4.19,0
T00012555,Model_B,4.69,3.35,4.41,4.34,0
T00012556,Model_B,5.0,4.26,4.16,4.33,0
T00012557,Model_B,3.84,4.81,4.18,4.26,0
T00012559,Model_B,4.73,3.89,4.63,4.65,0
T00012560,Model_B,4.57,4.69,3.75,4.26,0
T00012561,Model_B,3.55,4.09,3.95,3.72,0
T00012562,Model_B,5.0,3.74,4.18,4.37,0
T00012563,Model_B,4.82,4.37,4.37,4.52,1
T00012564,Model_B,3.21,4.27,3.69,3.51,0
T00012570,Model_B,4.07,3.67,4.15,3.93,0
T00012574,Model_B,4.38,4.69,4.14,4.42,0
T00012578,Model_B,3.77,4.51,2.81,3.79,0
T00012580,Model_B,4.12,4.14,4.03,3.97,0
T00012581,Model_B,4.43,3.06,3.75,3.41,1
T00012583,Model_B,4.61,4.12,4.67,4.58,0
T00012584,Model_B,4.05,4.01,3.46,4.28,0
T00012588,Model_B,3.68,3.47,3.91,3.6,0
T00012592,Model_B,4.08,4.01,3.78,3.92,0
T00012593,Model_B,4.09,4.53,3.99,4.12,0
T00012595,Model_B,3.52,4.63,4.97,4.33,0
T00012596,Model_B,4.17,4.35,4.3,4.11,0
T00012598,Model_B,4.04,3.83,4.31,3.94,0
T00012599,Model_B,4.24,4.33,4.46,4.29,0
T00012605,Model_B,4.69,3.74,4.23,4.3,1
T00012607,Model_B,3.75,4.19,4.24,3.94,0
T00012608,Model_B,4.51,4.27,4.08,3.99,0
T00012610,Model_B,3.85,4.44,3.69,3.98,0
T00012617,Model_B,4.84,4.26,3.39,4.19,0
T00012622,Model_B,5.0,4.07,3.79,4.19,0
T00012629,Model_B,4.63,4.73,4.12,4.46,0
T00012633,Model_B,4.75,4.05,3.86,4.21,0
T00012635,Model_B,4.16,4.12,4.22,4.15,0
T00012636,Model_B,4.74,3.66,4.39,4.08,0
T00012638,Model_B,3.77,4.27,4.4,4.06,0
T00012642,Model_B,3.1,3.55,4.35,3.56,0
T00012643,Model_B,3.84,5.0,3.89,4.06,0
T00012645,Model_B,4.02,4.34,3.89,4.03,0
T00012647,Model_B,3.2,3.51,3.2,3.66,0
T00012648,Model_B,3.34,3.74,4.45,3.88,0
T00012649,Model_B,4.87,3.71,3.86,4.01,0
T00012653,Model_B,3.93,4.25,4.18,4.27,0
T00012654,Model_B,3.99,4.59,3.26,4.13,0
T00012656,Model_B,4.23,4.46,3.64,4.45,0
T00012659,Model_B,5.0,4.33,4.67,4.79,0
T00012667,Model_B,4.09,3.86,4.08,4.01,0
T00012673,Model_B,3.85,3.84,3.4,3.62,0
T00012676,Model_B,3.07,4.14,3.78,3.74,0
T00012678,Model_B,4.0,5.0,4.1,4.44,0
T00012680,Model_B,4.94,3.85,4.64,4.5,0
T00012681,Model_B,5.0,3.65,3.7,4.23,0
T00012685,Model_B,3.87,3.99,4.29,3.7,0
T00012686,Model_B,4.85,4.48,4.16,4.5,0
T00012687,Model_B,4.78,3.48,4.38,4.19,0
T00012689,Model_B,3.31,3.98,3.81,3.65,0
T00012690,Model_B,4.29,4.06,3.83,4.0,0
T00012694,Model_B,5.0,4.27,3.78,4.29,0
T00012702,Model_B,4.8,4.36,3.06,4.08,0
T00012710,Model_B,4.39,5.0,3.59,4.37,0
T00012711,Model_B,4.75,4.78,4.12,4.81,0
T00012713,Model_B,4.31,3.84,4.71,4.43,0
T00012714,Model_B,4.63,4.11,3.72,4.2,0
T00012723,Model_B,5.0,4.18,4.33,4.63,0
T00012724,Model_B,4.16,4.58,4.79,4.5,0
T00012725,Model_B,4.48,4.37,4.31,4.56,0
T00012730,Model_B,4.82,4.41,4.11,4.35,0
T00012733,Model_B,3.96,5.0,4.04,4.23,0
T00012735,Model_B,4.55,4.51,4.61,4.65,0
T00012743,Model_B,3.99,4.06,4.59,4.36,0
T00012754,Model_B,4.66,3.39,2.86,3.99,0
T00012756,Model_B,4.08,5.0,4.38,4.3,0
T00012759,Model_B,3.97,3.72,4.75,4.09,0
T00012760,Model_B,4.34,4.65,3.59,4.31,0
T00012761,Model_B,4.79,4.46,3.96,4.37,0
T00012763,Model_B,4.67,4.62,4.92,4.57,0
T00012766,Model_B,4.34,4.65,4.82,4.84,0
T00012768,Model_B,4.48,5.0,4.99,4.76,0
T00012769,Model_B,4.25,3.64,4.43,4.04,0
T00012777,Model_B,4.52,5.0,4.39,4.69,0
T00012778,Model_B,4.95,3.94,4.55,4.55,0
T00012779,Model_B,4.55,4.46,5.0,4.25,0
T00012781,Model_B,3.91,4.55,4.58,4.41,0
T00012782,Model_B,4.59,4.04,4.63,4.52,0
T00012783,Model_B,4.45,3.69,2.94,3.9,0
T00012784,Model_B,4.71,4.36,3.69,4.08,0
T00012785,Model_B,5.0,3.74,4.04,4.34,0
T00012787,Model_B,5.0,3.67,4.5,4.36,0
T00012794,Model_B,3.97,4.15,4.84,4.5,0
T00012795,Model_B,4.26,4.47,4.33,4.24,0
T00012796,Model_B,3.48,4.23,3.11,3.24,0
T00012800,Model_B,4.61,3.87,4.19,4.28,0
T00012801,Model_B,4.71,3.61,4.08,4.21,0
T00012804,Model_B,5.0,4.17,3.11,4.46,0
T00012813,Model_B,4.33,4.38,4.23,4.21,0
T00012814,Model_B,3.97,5.0,3.46,4.22,0
T00012815,Model_B,5.0,3.53,4.31,4.33,0
T00012818,Model_B,4.25,4.12,4.94,4.53,0
T00012822,Model_B,4.0,4.01,4.01,3.73,0
T00012825,Model_B,3.59,3.79,4.19,3.95,0
T00012829,Model_B,4.5,4.0,4.38,4.31,0
T00012833,Model_B,4.35,4.74,3.28,4.11,0
T00012837,Model_B,3.51,4.15,4.09,3.75,0
T00012840,Model_B,4.77,4.16,3.44,4.26,0
T00012846,Model_B,4.47,3.75,4.32,4.35,0
T00012848,Model_B,3.7,4.6,4.35,4.34,0
T00012855,Model_B,4.88,4.46,3.75,4.39,0
T00012861,Model_B,4.04,3.76,3.83,3.9,0
T00012865,Model_B,4.86,3.9,4.39,4.7,0
T00012870,Model_B,4.22,4.21,2.8,3.87,0
T00012874,Model_B,4.88,3.86,4.48,4.52,0
T00012880,Model_B,4.34,3.84,3.41,4.09,0
T00012882,Model_B,4.45,4.13,4.63,4.48,0
T00012886,Model_B,4.96,4.62,4.11,4.48,1
T00012887,Model_B,4.27,4.21,4.03,4.07,0
T00012888,Model_B,4.58,4.42,4.28,4.6,0
T00012889,Model_B,4.62,4.42,4.45,4.12,0
T00012891,Model_B,4.97,4.71,3.41,4.34,0
T00012892,Model_B,4.89,4.2,3.72,4.15,0
T00012899,Model_B,4.67,4.18,3.18,4.27,0
T00012900,Model_B,3.96,4.31,4.47,4.27,0
T00012902,Model_B,4.57,3.86,4.81,4.41,0
T00012903,Model_B,4.64,3.8,4.13,4.22,0
T00012907,Model_B,4.26,3.86,4.44,4.26,0
T00012911,Model_B,3.89,4.3,4.62,4.37,0
T00012914,Model_B,4.23,4.23,3.5,4.14,0
T00012921,Model_B,5.0,4.63,3.29,4.4,0
T00012924,Model_B,4.06,4.16,2.84,3.37,0
T00012929,Model_B,4.41,4.04,4.81,4.21,0
T00012931,Model_B,4.11,4.03,4.02,4.15,0
T00012935,Model_B,4.31,3.53,3.25,3.65,0
T00012938,Model_B,4.63,3.79,4.18,4.16,0
T00012939,Model_B,4.33,4.47,3.58,4.11,0
T00012941,Model_B,4.06,4.8,4.46,4.53,0
T00012944,Model_B,4.82,4.05,5.0,4.49,0
T00012945,Model_B,4.05,4.53,4.21,4.33,0
T00012947,Model_B,4.56,4.92,3.81,4.62,0
T00012956,Model_B,4.1,4.42,2.88,3.6,0
T00012958,Model_B,5.0,3.38,4.44,4.43,0
T00012960,Model_B,4.15,4.63,4.58,4.64,0
T00012962,Model_B,4.47,3.93,3.65,3.86,0
T00012963,Model_B,4.62,3.84,4.1,4.17,0
T00012965,Model_B,4.9,3.51,3.33,3.91,0
T00012967,Model_B,4.68,3.11,3.41,4.09,0
T00012969,Model_B,4.12,4.8,4.29,3.97,0
T00012970,Model_B,4.82,3.44,3.55,3.8,0
T00012971,Model_B,3.68,4.42,3.78,4.2,0
T00012987,Model_B,4.71,4.12,3.83,4.39,0
T00012990,Model_B,4.5,3.92,4.15,4.2,0
T00012991,Model_B,4.2,3.89,4.1,4.47,0
T00012992,Model_B,4.48,4.78,3.86,4.48,0
T00012997,Model_B,3.81,4.33,3.36,3.73,0
T00013000,Model_B,4.57,3.59,4.52,4.33,0
T00013002,Model_B,4.02,3.79,4.02,3.81,0
T00013004,Model_B,4.67,3.43,3.6,3.82,0
T00013005,Model_B,4.9,4.27,3.64,4.42,0
T00013010,Model_B,3.68,4.82,4.33,4.2,0
T00013020,Model_B,5.0,4.67,3.8,4.57,0
T00013022,Model_B,4.73,4.53,2.98,4.03,0
T00013026,Model_B,4.6,4.41,3.3,4.04,0
T00013028,Model_B,4.27,4.54,4.63,4.47,0
T00013030,Model_B,4.67,3.8,4.51,4.18,0
T00013035,Model_B,5.0,3.82,3.2,4.28,0
T00013039,Model_B,3.87,3.65,4.11,3.89,0
T00013040,Model_B,4.28,4.06,3.96,4.14,0
T00013042,Model_B,3.96,3.28,3.85,3.6,0
T00013044,Model_B,4.25,4.36,4.45,4.25,0
T00013047,Model_B,4.42,5.0,4.76,4.61,0
T00013049,Model_B,3.89,4.37,3.24,4.06,0
T00013054,Model_B,4.65,3.94,4.11,4.59,0
T00013057,Model_B,3.76,4.7,3.54,3.85,0
T00013058,Model_B,4.21,3.52,4.78,4.27,0
T00013060,Model_B,5.0,4.66,3.78,4.53,0
T00013062,Model_B,3.35,3.91,3.95,3.72,0
T00013066,Model_B,4.15,4.48,4.9,4.5,0
T00013068,Model_B,4.55,3.29,5.0,4.36,0
T00013074,Model_B,3.89,3.36,3.27,3.61,0
T00013078,Model_B,4.54,4.8,4.05,4.41,0
T00013080,Model_B,4.13,4.93,4.41,4.42,0
T00013084,Model_B,4.18,3.43,4.4,4.06,0
T00013085,Model_B,4.69,4.89,4.58,4.69,0
T00013087,Model_B,4.45,4.61,4.55,4.37,0
T00013090,Model_B,4.11,4.33,3.98,3.94,0
T00013092,Model_B,4.33,4.35,4.23,4.51,1
T00013093,Model_B,4.83,3.66,3.74,4.15,0
T00013094,Model_B,4.24,4.45,3.88,4.08,1
T00013095,Model_B,4.18,4.24,5.0,4.45,0
T00013096,Model_B,4.52,4.34,5.0,4.74,0
T00013099,Model_B,4.29,3.71,3.46,3.63,0
T00013102,Model_B,4.52,4.23,5.0,4.88,0
T00013104,Model_B,5.0,3.84,4.75,4.47,0
T00013107,Model_B,5.0,4.24,4.09,4.24,0
T00013116,Model_B,4.64,4.76,3.77,4.91,1
T00013118,Model_B,4.08,4.43,4.21,4.35,0
T00013120,Model_B,3.98,3.87,4.19,4.07,0
T00013122,Model_B,4.09,3.51,3.9,3.79,0
T00013123,Model_B,5.0,5.0,3.89,4.66,0
T00013124,Model_B,5.0,3.68,3.83,4.33,0
T00013126,Model_B,4.31,3.7,3.03,3.78,0
T00013127,Model_B,5.0,4.63,4.54,4.72,0
T00013132,Model_B,4.23,4.9,4.1,4.23,0
T00013135,Model_B,4.32,3.92,4.62,4.17,0
T00013139,Model_B,3.79,3.82,5.0,4.13,0
T00013142,Model_B,3.87,5.0,4.52,4.38,0
T00013143,Model_B,4.37,3.96,3.88,3.99,0
T00013146,Model_B,4.44,3.87,4.54,4.21,0
T00013157,Model_B,4.14,4.55,4.13,4.3,0
T00013159,Model_B,4.99,4.26,3.64,4.47,0
T00013160,Model_B,4.85,4.54,3.7,4.42,0
T00013161,Model_B,4.55,3.52,4.57,4.11,0
T00013162,Model_B,4.83,3.58,4.27,4.26,0
T00013165,Model_B,4.53,4.47,3.59,3.95,0
T00013167,Model_B,3.92,3.95,2.81,3.31,0
T00013168,Model_B,4.36,4.57,3.8,4.5,0
T00013171,Model_B,3.86,4.33,4.93,4.35,0
T00013172,Model_B,3.52,4.72,3.82,4.35,0
T00013175,Model_B,4.31,3.95,4.38,4.24,0
T00013176,Model_B,4.6,4.55,3.97,4.0,0
T00013179,Model_B,3.74,3.39,3.72,3.42,0
T00013182,Model_B,4.18,4.62,5.0,4.74,0
T00013186,Model_B,4.53,4.29,4.27,4.46,0
T00013190,Model_B,4.24,3.26,4.04,3.74,0
T00013191,Model_B,4.63,4.37,4.66,4.73,0
T00013192,Model_B,3.87,4.34,3.82,3.57,0
T00013193,Model_B,4.43,4.07,4.87,4.44,0
T00013194,Model_B,4.0,3.9,3.53,3.78,0
T00013195,Model_B,4.37,4.86,4.42,4.52,0
T00013199,Model_B,4.77,3.88,3.92,4.32,0
T00013201,Model_B,3.88,3.51,4.24,3.8,0
T00013203,Model_B,4.04,4.23,3.87,4.23,0
T00013205,Model_B,3.73,3.9,4.11,4.07,0
T00013206,Model_B,3.23,3.92,3.23,3.74,0
T00013207,Model_B,4.59,4.06,3.87,4.22,0
T00013213,Model_B,4.59,3.73,3.98,3.96,0
T00013215,Model_B,4.73,4.68,4.06,4.33,0
T00013218,Model_B,3.82,4.04,4.19,3.65,0
T00013221,Model_B,4.33,4.34,3.41,4.02,0
T00013229,Model_B,3.76,3.64,3.57,3.44,0
T00013237,Model_B,3.88,4.88,4.58,4.25,0
T00013239,Model_B,4.79,4.39,3.65,4.47,0
T00013240,Model_B,4.68,4.12,4.07,4.42,0
T00013242,Model_B,4.33,4.08,3.6,4.09,0
T00013245,Model_B,4.34,4.25,4.42,4.25,0
T00013249,Model_B,3.76,4.54,3.73,3.6,0
T00013251,Model_B,4.42,3.43,3.26,3.88,1
T00013252,Model_B,3.53,4.44,4.43,4.15,0
T00013253,Model_B,3.86,4.91,4.37,4.25,0
T00013254,Model_B,4.62,4.58,5.0,4.91,0
T00013256,Model_B,4.08,3.5,3.88,3.79,0
T00013258,Model_B,5.0,4.05,3.99,4.5,0
T00013264,Model_B,4.45,4.11,3.98,4.4,0
T00013266,Model_B,3.32,4.07,3.99,3.81,0
T00013280,Model_B,3.91,4.76,3.95,4.13,0
T00013283,Model_B,4.43,4.25,3.69,3.87,0
T00013288,Model_B,4.45,4.16,2.88,3.81,0
T00013290,Model_B,4.77,3.8,3.85,4.36,0
T00013292,Model_B,4.4,3.77,4.27,3.95,0
T00013300,Model_B,4.27,4.25,5.0,4.1,0
T00013301,Model_B,4.92,5.0,4.0,4.61,0
T00013303,Model_B,3.96,4.68,3.96,4.46,0
T00013306,Model_B,4.75,3.57,4.28,4.4,0
T00013307,Model_B,4.2,3.56,4.77,4.3,0
T00013311,Model_B,4.63,4.04,3.62,4.26,0
T00013313,Model_B,4.44,3.83,5.0,4.39,0
T00013314,Model_B,4.81,3.81,3.49,4.28,0
T00013315,Model_B,5.0,3.74,4.09,4.42,0
T00013320,Model_B,4.94,4.31,3.65,4.37,0
T00013322,Model_B,4.09,4.14,3.94,3.85,0
T00013323,Model_B,4.72,3.69,3.77,3.67,0
T00013329,Model_B,4.16,4.33,4.9,4.46,0
T00013333,Model_B,3.89,3.39,3.74,3.4,0
T00013334,Model_B,4.07,3.69,3.91,3.88,0
T00013338,Model_B,4.33,4.02,4.01,4.1,0
T00013339,Model_B,4.9,4.46,4.21,4.64,0
T00013345,Model_B,4.67,4.66,4.95,4.68,0
T00013346,Model_B,4.62,4.3,3.85,4.08,0
T00013348,Model_B,4.42,4.42,4.62,4.27,0
T00013353,Model_B,4.75,4.22,4.07,4.35,0
T00013355,Model_B,4.63,4.28,4.63,4.73,0
T00013357,Model_B,4.62,3.31,4.12,3.97,0
T00013358,Model_B,4.04,4.47,3.99,4.23,0
T00013360,Model_B,3.79,4.29,5.0,4.3,0
T00013365,Model_B,3.88,4.78,4.63,4.45,0
T00013366,Model_B,4.56,3.68,4.03,4.14,0
T00013368,Model_B,4.1,3.47,5.0,4.25,0
T00013370,Model_B,4.59,3.97,3.83,4.31,0
T00013371,Model_B,3.94,4.1,4.98,4.16,0
T00013372,Model_B,4.31,3.63,4.31,4.05,0
T00013374,Model_B,5.0,4.66,4.01,4.88,0
T00013378,Model_B,4.06,5.0,4.0,4.39,0
T00013379,Model_B,4.55,3.86,4.36,4.28,0
T00013380,Model_B,4.02,3.96,4.53,4.34,0
T00013385,Model_B,4.78,4.54,4.53,4.76,0
T00013386,Model_B,3.81,4.29,4.29,3.87,0
T00013387,Model_B,4.37,4.34,4.98,4.59,0
T00013388,Model_B,4.46,4.3,4.05,4.45,0
T00013394,Model_B,5.0,3.63,4.32,4.55,0
T00013406,Model_B,4.03,4.79,4.37,4.5,0
T00013409,Model_B,4.92,4.25,3.77,4.33,0
T00013412,Model_B,4.17,4.95,4.42,4.83,0
T00013418,Model_B,3.92,3.57,4.02,3.93,0
T00013426,Model_B,3.58,4.37,5.0,4.33,0
T00013433,Model_B,4.55,3.63,4.22,4.18,0
T00013439,Model_B,4.27,4.77,3.6,4.1,0
T00013440,Model_B,4.57,4.4,4.55,4.51,0
T00013444,Model_B,3.53,4.39,3.8,3.97,0
T00013447,Model_B,4.15,4.1,4.88,4.54,0
T00013451,Model_B,3.27,4.23,3.83,3.82,0
T00013453,Model_B,3.88,4.35,4.77,4.53,0
T00013468,Model_B,3.93,3.08,3.86,3.5,0
T00013471,Model_B,5.0,4.14,4.73,4.83,0
T00013473,Model_B,4.74,3.59,4.18,4.09,0
T00013475,Model_B,4.6,4.05,4.04,4.33,0
T00013476,Model_B,4.79,4.34,3.93,4.54,1
T00013477,Model_B,4.45,3.73,4.31,4.14,0
T00013481,Model_B,3.92,4.62,3.73,4.36,0
T00013482,Model_B,4.63,5.0,4.58,4.6,0
T00013484,Model_B,4.9,4.77,4.05,4.53,0
T00013488,Model_B,3.73,3.93,3.88,3.87,0
T00013492,Model_B,4.54,4.84,4.36,4.63,0
T00013496,Model_B,5.0,3.59,4.39,4.21,0
T00013499,Model_B,3.87,4.04,4.41,3.99,0
T00013501,Model_B,4.27,4.01,3.1,3.75,0
T00013502,Model_B,4.87,4.31,3.53,4.5,0
T00013504,Model_B,5.0,4.17,3.69,4.31,0
T00013506,Model_B,4.05,4.26,4.51,4.21,0
T00013512,Model_B,5.0,4.1,4.51,4.59,1
T00013517,Model_B,4.53,3.95,4.42,4.32,0
T00013519,Model_B,4.63,5.0,4.05,4.69,0
T00013521,Model_B,4.5,5.0,4.03,4.43,0
T00013534,Model_B,4.7,4.35,3.48,4.23,0
T00013535,Model_B,4.32,4.3,3.69,4.11,0
T00013538,Model_B,4.52,4.02,4.8,4.36,0
T00013541,Model_B,4.67,4.18,4.43,4.44,0
T00013542,Model_B,4.86,4.96,4.19,4.69,0
T00013547,Model_B,4.93,4.4,5.0,5.0,0
T00013548,Model_B,4.29,4.69,4.67,4.37,0
T00013552,Model_B,4.45,4.28,3.91,4.48,0
T00013557,Model_B,4.39,4.12,3.9,4.2,0
T00013558,Model_B,5.0,4.08,3.91,4.55,0
T00013563,Model_B,4.19,4.44,4.13,4.24,0
T00013564,Model_B,4.74,4.62,3.98,4.48,0
T00013575,Model_B,5.0,4.2,4.27,4.41,0
T00013576,Model_B,4.71,4.22,4.16,4.45,0
T00013577,Model_B,4.49,3.33,3.63,3.76,0
T00013578,Model_B,4.85,4.55,4.56,4.7,0
T00013579,Model_B,5.0,3.96,3.42,4.03,0
T00013581,Model_B,4.52,4.7,3.86,4.36,0
T00013587,Model_B,4.44,3.78,4.25,3.75,0
T00013594,Model_B,4.3,4.32,4.39,4.46,0
T00013596,Model_B,4.32,3.59,4.09,3.91,0
T00013605,Model_B,4.39,4.52,3.43,4.41,0
T00013608,Model_B,4.69,3.76,4.52,4.43,0
T00013609,Model_B,4.35,4.09,4.11,4.56,0
T00013610,Model_B,4.23,4.33,4.72,4.58,0
T00013611,Model_B,3.45,3.45,3.77,3.0,0
T00013615,Model_B,4.14,4.14,4.26,4.2,0
T00013616,Model_B,4.61,4.47,4.22,4.4,0
T00013618,Model_B,2.73,4.74,3.69,3.71,0
T00013621,Model_B,4.27,4.47,3.74,4.07,1
T00013627,Model_B,4.51,3.63,3.48,3.81,0
T00013629,Model_B,4.59,3.25,4.16,4.18,0
T00013631,Model_B,4.03,3.93,4.35,4.16,0
T00013632,Model_B,4.16,5.0,4.33,4.61,0
T00013636,Model_B,4.44,4.14,4.35,4.5,0
T00013645,Model_B,4.07,4.57,4.29,4.22,0
T00013649,Model_B,4.54,3.78,4.23,4.17,0
T00013651,Model_B,4.93,4.19,4.25,4.44,0
T00013654,Model_B,4.57,3.7,3.54,3.94,0
T00013655,Model_B,4.86,5.0,3.47,4.59,0
T00013658,Model_B,3.81,4.02,4.08,4.57,0
T00013660,Model_B,4.85,4.26,3.76,4.48,0
T00013665,Model_B,4.25,4.57,3.67,4.2,0
T00013668,Model_B,4.21,3.71,3.43,3.85,0
T00013669,Model_B,3.67,4.89,4.43,4.24,0
T00013674,Model_B,4.38,4.3,4.04,4.37,0
T00013678,Model_B,4.69,4.1,3.91,4.22,0
T00013680,Model_B,4.48,3.88,4.17,4.34,0
T00013682,Model_B,4.77,4.71,4.07,4.46,0
T00013683,Model_B,4.14,4.37,4.19,4.05,0
T00013684,Model_B,4.59,3.29,3.7,3.72,0
T00013685,Model_B,4.31,3.82,4.22,4.07,0
T00013686,Model_B,4.42,4.03,3.99,4.32,0
T00013687,Model_B,4.63,4.17,4.67,4.41,0
T00013689,Model_B,4.55,3.57,4.31,4.14,0
T00013693,Model_B,4.12,4.09,4.97,4.59,0
T00013694,Model_B,4.42,4.41,4.31,4.51,0
T00013696,Model_B,5.0,4.11,3.28,4.18,0
T00013697,Model_B,3.89,4.78,3.67,3.89,0
T00013699,Model_B,4.2,4.29,4.06,4.46,0
T00013701,Model_B,5.0,3.78,4.3,4.48,0
T00013705,Model_B,3.93,3.41,3.46,3.47,0
T00013706,Model_B,5.0,3.68,4.05,4.43,0
T00013707,Model_B,4.58,3.68,4.71,4.01,0
T00013716,Model_B,4.18,4.52,4.14,4.43,0
T00013722,Model_B,3.76,5.0,4.34,4.32,0
T00013725,Model_B,5.0,4.34,4.05,4.45,0
T00013730,Model_B,3.44,4.3,3.89,3.99,0
T00013731,Model_B,3.48,3.93,3.93,3.9,0
T00013735,Model_B,4.86,3.79,5.0,4.76,0
T00013736,Model_B,4.15,3.23,4.12,3.86,0
T00013745,Model_B,4.62,4.67,2.95,4.46,0
T00013747,Model_B,4.65,3.74,3.92,4.17,0
T00013749,Model_B,4.99,4.24,3.88,4.55,0
T00013752,Model_B,4.02,4.72,3.77,4.14,0
T00013753,Model_B,4.95,4.39,3.46,4.51,0
T00013755,Model_B,4.42,4.32,3.93,4.36,0
T00013760,Model_B,4.64,4.65,3.63,4.27,0
T00013763,Model_B,3.86,4.1,4.27,4.22,0
T00013772,Model_B,3.79,4.01,3.22,3.92,0
T00013781,Model_B,3.9,3.96,4.25,3.87,0
T00013789,Model_B,3.32,3.99,4.57,3.85,0
T00013790,Model_B,4.24,4.94,3.71,4.31,0
T00013793,Model_B,4.0,3.87,4.27,4.25,0
T00013794,Model_B,4.09,4.01,4.29,4.02,0
T00013798,Model_B,4.95,4.01,3.91,4.46,0
T00013802,Model_B,4.87,5.0,3.87,4.45,0
T00013803,Model_B,3.95,3.75,4.86,4.24,0
T00013804,Model_B,4.79,4.41,4.09,4.54,0
T00013807,Model_B,4.37,4.85,4.1,4.27,0
T00013809,Model_B,4.61,4.55,4.11,4.33,0
T00013815,Model_B,4.47,4.87,3.9,4.37,0
T00013822,Model_B,3.98,4.23,3.94,4.0,0
T00013828,Model_B,5.0,3.8,4.45,4.57,0
T00013830,Model_B,3.87,3.73,3.54,4.06,0
T00013834,Model_B,5.0,4.43,5.0,4.82,0
T00013840,Model_B,4.15,3.44,4.19,3.93,0
T00013849,Model_B,5.0,4.34,3.82,4.45,0
T00013860,Model_B,4.57,3.29,3.83,3.62,0
T00013861,Model_B,4.64,4.4,4.05,4.42,0
T00013862,Model_B,4.82,4.5,3.85,4.43,0
T00013867,Model_B,4.61,4.27,4.25,4.54,0
T00013870,Model_B,4.53,3.97,3.8,4.43,0
T00013873,Model_B,4.44,3.26,3.98,3.72,0
T00013876,Model_B,5.0,4.65,4.74,4.56,0
T00013877,Model_B,5.0,3.9,3.72,4.13,0
T00013879,Model_B,4.71,4.23,4.63,4.79,0
T00013883,Model_B,4.25,4.62,4.42,4.32,0
T00013893,Model_B,3.98,3.34,3.93,3.78,0
T00013894,Model_B,4.43,3.99,4.83,4.21,0
T00013895,Model_B,3.89,3.82,3.73,3.94,0
T00013896,Model_B,4.47,3.94,3.5,4.0,0
T00013897,Model_B,4.08,4.34,4.25,4.41,0
T00013901,Model_B,4.57,3.91,5.0,4.69,0
T00013903,Model_B,4.15,3.94,4.14,4.09,0
T00013905,Model_B,3.84,3.83,3.95,3.76,0
T00013909,Model_B,5.0,4.65,4.33,4.73,0
T00013912,Model_B,5.0,3.55,4.97,4.34,0
T00013913,Model_B,5.0,3.31,3.84,4.06,0
T00013914,Model_B,4.28,4.27,4.39,4.47,0
T00013916,Model_B,4.2,4.06,4.3,4.45,0
T00013918,Model_B,3.7,3.82,4.03,4.11,0
T00013919,Model_B,3.9,3.41,4.67,4.18,0
T00013924,Model_B,5.0,4.75,4.03,4.72,0
T00013928,Model_B,4.39,3.98,3.82,4.02,0
T00013929,Model_B,5.0,4.26,4.42,4.65,0
T00013930,Model_B,4.52,4.51,4.21,4.23,0
T00013931,Model_B,4.81,3.63,4.0,4.27,0
T00013935,Model_B,5.0,3.59,3.52,4.1,0
T00013937,Model_B,4.8,5.0,4.09,4.77,0
T00013940,Model_B,4.42,3.89,3.92,3.85,0
T00013941,Model_B,4.4,2.9,3.75,3.79,0
T00013943,Model_B,3.97,3.89,4.15,3.84,0
T00013949,Model_B,2.27,4.42,4.44,3.88,0
T00013951,Model_B,4.82,4.21,3.89,4.27,0
T00013952,Model_B,3.85,4.37,3.83,4.2,0
T00013955,Model_B,4.42,3.04,4.5,3.81,0
T00013956,Model_B,5.0,4.59,4.88,4.75,0
T00013957,Model_B,5.0,4.34,3.84,4.42,0
T00013959,Model_B,4.55,3.71,4.53,4.31,0
T00013968,Model_B,3.96,4.94,3.89,4.37,0
T00013976,Model_B,4.47,5.0,3.61,4.48,0
T00013978,Model_B,4.79,4.81,3.65,4.53,0
T00013984,Model_B,5.0,4.46,4.02,4.59,0
T00013986,Model_B,4.03,4.54,4.01,4.23,1
T00013989,Model_B,3.6,4.77,4.58,4.37,0
T00013995,Model_B,3.8,3.67,4.09,4.19,0
T00013999,Model_B,4.43,4.28,3.41,4.3,0
T00014001,Model_B,4.58,3.35,5.0,4.27,0
T00014002,Model_B,3.04,4.41,3.51,3.76,0
T00014008,Model_B,4.47,3.29,3.25,3.91,0
T00014014,Model_B,5.0,3.4,4.28,4.36,0
T00014018,Model_B,4.11,5.0,3.46,4.31,0
T00014022,Model_B,4.81,4.88,4.38,4.91,0
T00014024,Model_B,4.29,3.48,3.98,3.86,0
T00014025,Model_B,4.22,5.0,4.26,4.6,0
T00014028,Model_B,3.87,5.0,3.7,4.3,0
T00014034,Model_B,3.56,3.83,4.6,3.83,0
T00014035,Model_B,4.76,3.33,3.97,3.98,0
T00014038,Model_B,4.54,4.04,4.81,4.35,0
T00014039,Model_B,4.35,4.03,3.71,3.92,0
T00014046,Model_B,4.0,3.86,3.65,3.95,0
T00014047,Model_B,4.46,4.24,4.62,4.4,0
T00014048,Model_B,4.12,3.88,4.73,3.98,0
T00014053,Model_B,4.62,4.47,4.11,4.46,0
T00014054,Model_B,5.0,4.2,4.85,4.81,0
T00014055,Model_B,3.99,3.71,3.74,3.8,0
T00014070,Model_B,4.66,5.0,4.19,4.91,0
T00014072,Model_B,4.94,3.77,3.86,4.31,0
T00014074,Model_B,4.2,4.81,3.88,4.48,0
T00014077,Model_B,5.0,4.4,4.44,4.47,0
T00014078,Model_B,4.65,4.56,4.2,4.4,0
T00014079,Model_B,4.37,4.79,4.73,4.48,0
T00014080,Model_B,4.18,3.66,3.18,3.89,0
T00014082,Model_B,4.82,4.0,4.68,4.53,0
T00014083,Model_B,4.3,4.08,3.93,4.01,0
T00014087,Model_B,4.54,4.3,4.12,4.26,0
T00014088,Model_B,4.77,4.94,4.62,4.83,0
T00014095,Model_B,4.79,4.89,4.29,4.57,0
T00014096,Model_B,4.96,3.95,4.39,4.56,0
T00014097,Model_B,3.75,3.5,4.96,3.92,0
T00014101,Model_B,3.92,3.94,4.19,3.72,0
T00014102,Model_B,4.18,4.57,3.5,4.17,0
T00014106,Model_B,4.85,4.8,3.58,4.45,0
T00014107,Model_B,5.0,3.7,4.74,4.61,0
T00014109,Model_B,5.0,4.54,3.33,4.48,0
T00014123,Model_B,4.22,4.57,4.63,4.7,0
T00014124,Model_B,3.81,4.88,3.9,4.05,0
T00014136,Model_B,4.4,3.52,4.67,3.9,0
T00014140,Model_B,4.52,4.49,3.59,4.37,0
T00014141,Model_B,3.8,4.39,4.59,4.39,0
T00014142,Model_B,5.0,4.0,3.34,4.03,0
T00014144,Model_B,4.12,3.4,4.17,4.26,0
T00014145,Model_B,4.58,3.81,4.1,4.26,0
T00014147,Model_B,4.51,3.97,4.67,4.33,0
T00014157,Model_B,4.84,4.26,4.04,4.47,0
T00014158,Model_B,4.07,4.73,3.82,4.26,0
T00014159,Model_B,4.82,4.58,4.61,4.94,0
T00014164,Model_B,4.44,3.67,3.48,3.64,0
T00014165,Model_B,3.82,4.22,3.99,4.02,0
T00014174,Model_B,4.32,3.62,4.39,4.11,0
T00014179,Model_B,4.28,4.46,4.97,4.45,0
T00014180,Model_B,4.33,4.53,3.44,3.75,0
T00014184,Model_B,4.5,4.37,4.3,4.45,0
T00014187,Model_B,5.0,5.0,4.58,4.99,0
T00014188,Model_B,4.0,4.86,3.82,4.44,0
T00014192,Model_B,4.07,2.98,4.23,3.51,0
T00014196,Model_B,4.55,4.16,4.68,4.53,0
T00014198,Model_B,4.38,4.59,3.75,4.35,0
T00014203,Model_B,4.85,4.43,3.66,4.48,0
T00014208,Model_B,4.76,4.69,4.74,4.75,0
T00014211,Model_B,4.73,4.42,4.0,4.66,0
T00014216,Model_B,4.34,4.8,4.04,4.76,0
T00014217,Model_B,3.22,4.02,3.83,3.68,0
T00014220,Model_B,4.46,4.15,3.15,3.73,0
T00014222,Model_B,3.89,4.1,4.45,4.35,0
T00014224,Model_B,5.0,4.42,3.32,4.38,0
T00014229,Model_B,3.81,3.53,4.26,3.78,0
T00014233,Model_B,4.29,4.26,4.44,4.41,0
T00014234,Model_B,4.59,4.35,3.37,4.3,0
T00014235,Model_B,4.76,4.08,4.36,4.19,0
T00014237,Model_B,4.78,5.0,4.16,4.85,0
T00014239,Model_B,4.31,4.1,4.63,4.25,0
T00014243,Model_B,5.0,4.91,4.39,4.23,0
T00014244,Model_B,5.0,3.69,4.59,4.38,0
T00014252,Model_B,4.58,4.02,4.0,4.21,0
T00014253,Model_B,4.22,4.88,3.58,4.21,0
T00014264,Model_B,5.0,4.54,4.1,4.48,1
T00014266,Model_B,4.9,4.03,3.45,4.34,0
T00014268,Model_B,4.76,4.35,4.16,4.39,0
T00014278,Model_B,4.0,3.52,4.14,3.74,0
T00014281,Model_B,5.0,4.07,4.31,4.53,0
T00014283,Model_B,4.34,4.61,4.1,4.44,0
T00014286,Model_B,5.0,4.15,4.03,4.25,0
T00014288,Model_B,5.0,4.25,3.68,3.95,0
T00014289,Model_B,3.72,3.56,4.25,4.06,0
T00014290,Model_B,3.95,4.68,4.12,4.12,0
T00014292,Model_B,3.94,4.22,4.44,4.18,0
T00014293,Model_B,4.08,4.09,4.19,4.23,0
T00014296,Model_B,4.28,4.02,3.82,3.87,0
T00014297,Model_B,2.35,4.26,3.93,3.6,0
T00014298,Model_B,4.25,4.07,3.5,3.93,0
T00014300,Model_B,3.92,3.66,5.0,4.03,0
T00014307,Model_B,4.19,3.7,4.77,4.07,0
T00014312,Model_B,4.47,5.0,3.44,4.5,0
T00014320,Model_B,4.5,4.49,3.69,4.37,0
T00014321,Model_B,4.63,4.67,3.91,4.41,0
T00014322,Model_B,4.6,4.51,4.14,4.52,0
T00014328,Model_B,4.78,3.4,4.21,4.17,0
T00014331,Model_B,4.63,4.32,4.26,4.47,0
T00014332,Model_B,4.68,4.94,3.42,4.54,0
T00014340,Model_B,3.8,3.76,3.96,3.49,0
T00014347,Model_B,5.0,3.57,4.12,4.16,0
T00014348,Model_B,3.51,4.21,4.23,3.95,0
T00014349,Model_B,4.06,4.53,3.46,4.25,0
T00014351,Model_B,4.83,4.08,4.42,4.78,0
T00014353,Model_B,4.06,4.87,4.2,4.58,0
T00014354,Model_B,4.36,4.08,3.71,4.26,0
T00014359,Model_B,4.19,4.07,4.43,4.1,0
T00014362,Model_B,4.42,3.98,4.39,4.27,0
T00014363,Model_B,4.37,4.19,3.93,4.28,0
T00014365,Model_B,4.46,4.84,4.45,4.52,0
T00014366,Model_B,3.54,4.8,4.24,4.37,0
T00014367,Model_B,4.21,5.0,4.73,4.57,0
T00014375,Model_B,3.88,4.65,3.48,4.37,0
T00014376,Model_B,3.47,3.81,4.07,3.85,0
T00014377,Model_B,4.89,3.14,4.43,4.33,0
T00014383,Model_B,4.46,5.0,3.93,4.29,0
T00014386,Model_B,4.37,3.86,3.8,3.93,0
T00014387,Model_B,5.0,4.06,4.92,4.47,0
T00014390,Model_B,4.71,3.92,4.5,4.43,0
T00014394,Model_B,3.86,4.04,4.31,3.82,0
T00014398,Model_B,4.95,4.58,4.64,4.55,0
T00014400,Model_B,4.49,4.6,3.43,4.11,0
T00014405,Model_B,4.89,5.0,3.82,4.84,0
T00014408,Model_B,4.07,4.22,4.19,4.06,0
T00014411,Model_B,3.86,3.27,3.65,3.58,0
T00014412,Model_B,3.61,3.76,4.61,3.79,0
T00014414,Model_B,4.51,3.21,3.96,4.18,0
T00014415,Model_B,4.95,3.58,4.32,4.28,0
T00014421,Model_B,3.85,3.65,4.3,4.04,0
T00014423,Model_B,4.74,5.0,4.12,4.56,0
T00014424,Model_B,4.71,5.0,4.46,4.87,0
T00014426,Model_B,4.02,4.52,3.76,4.19,0
T00014429,Model_B,4.15,4.59,3.59,4.05,0
T00014430,Model_B,5.0,4.02,3.79,4.17,0
T00014431,Model_B,5.0,4.07,4.21,4.67,0
T00014434,Model_B,3.55,4.55,3.95,3.97,0
T00014435,Model_B,4.55,4.68,3.67,4.23,0
T00014436,Model_B,4.33,3.75,4.72,4.28,0
T00014445,Model_B,4.06,4.48,4.76,4.59,0
T00014450,Model_B,4.33,4.13,4.14,4.12,0
T00014451,Model_B,4.29,4.83,4.11,4.36,0
T00014452,Model_B,4.41,4.6,3.61,4.2,0
T00014456,Model_B,5.0,4.44,4.94,4.72,0
T00014457,Model_B,4.36,4.1,4.76,4.47,0
T00014459,Model_B,3.21,4.1,4.53,3.87,0
T00014463,Model_B,4.52,3.46,4.2,3.98,0
T00014466,Model_B,3.89,3.92,3.73,3.67,0
T00014472,Model_B,3.8,5.0,3.86,4.39,0
T00014477,Model_B,4.55,3.77,3.86,3.94,0
T00014479,Model_B,4.01,5.0,4.04,4.45,0
T00014480,Model_B,4.2,3.82,3.18,3.94,0
T00014481,Model_B,4.29,3.64,4.85,4.08,0
T00014492,Model_B,3.75,3.16,3.7,3.53,0
T00014495,Model_B,4.09,3.9,3.51,3.96,0
T00014496,Model_B,4.43,5.0,4.31,4.71,0
T00014498,Model_B,4.2,4.21,4.64,4.33,0
T00014502,Model_B,4.5,4.43,4.06,4.48,0
T00014508,Model_B,5.0,4.17,5.0,4.86,0
T00014509,Model_B,4.46,4.91,4.35,4.58,0
T00014512,Model_B,3.85,4.28,4.03,4.03,0
T00014513,Model_B,3.75,4.92,3.68,4.16,0
T00014514,Model_B,5.0,4.0,4.02,4.4,0
T00014517,Model_B,4.39,3.79,3.92,4.17,0
T00014523,Model_B,4.38,4.48,3.27,4.05,0
T00014524,Model_B,4.6,4.57,4.37,4.72,0
T00014529,Model_B,4.31,4.69,4.01,4.31,0
T00014530,Model_B,4.99,4.84,3.67,4.55,0
T00014533,Model_B,4.09,4.0,3.27,3.87,0
T00014537,Model_B,3.89,4.04,4.56,4.29,0
T00014543,Model_B,4.56,3.94,4.3,4.33,0
T00014545,Model_B,3.8,4.12,4.5,3.97,0
T00014550,Model_B,3.66,4.11,4.08,3.87,0
T00014553,Model_B,4.55,4.65,4.42,4.55,0
T00014555,Model_B,3.37,3.59,3.75,3.56,0
T00014557,Model_B,3.76,3.85,4.76,3.75,0
T00014560,Model_B,4.34,4.13,3.26,3.72,0
T00014563,Model_B,5.0,4.29,3.66,4.37,0
T00014566,Model_B,3.81,4.18,4.2,4.12,0
T00014567,Model_B,5.0,4.56,3.72,4.51,0
T00014568,Model_B,3.9,4.33,4.4,3.97,0
T00014571,Model_B,4.33,5.0,4.7,4.69,0
T00014572,Model_B,5.0,4.3,3.9,4.55,0
T00014578,Model_B,4.09,3.96,5.0,4.32,0
T00014580,Model_B,4.71,4.17,4.67,4.51,0
T00014585,Model_B,4.51,3.94,3.81,3.98,0
T00014589,Model_B,4.18,3.43,4.06,3.68,0
T00014593,Model_B,4.83,5.0,3.55,4.69,0
T00014594,Model_B,4.52,4.15,3.64,4.17,0
T00014596,Model_B,4.61,4.3,3.3,4.24,0
T00014597,Model_B,4.27,4.87,4.48,4.42,0
T00014606,Model_B,4.15,3.53,4.17,3.91,0
T00014608,Model_B,4.29,4.49,4.56,4.3,0
T00014612,Model_B,4.15,3.68,4.21,3.99,0
T00014616,Model_B,4.81,4.0,4.97,4.86,0
T00014618,Model_B,4.06,4.07,4.16,3.9,0
T00014622,Model_B,4.55,4.9,4.58,4.59,0
T00014626,Model_B,4.3,3.63,4.05,3.93,0
T00014631,Model_B,3.95,3.25,4.23,3.8,0
T00014640,Model_B,5.0,3.61,3.88,4.14,0
T00014643,Model_B,3.72,4.29,4.26,4.25,0
T00014644,Model_B,4.05,3.77,3.77,4.03,0
T00014650,Model_B,4.33,4.31,3.98,4.37,0
T00014651,Model_B,3.75,4.46,4.11,3.99,0
T00014652,Model_B,4.32,4.38,4.94,4.44,0
T00014653,Model_B,5.0,4.89,4.6,4.93,0
T00014659,Model_B,3.25,4.76,4.69,4.15,0
T00014661,Model_B,4.63,4.69,3.93,4.62,0
T00014663,Model_B,4.22,4.57,3.88,3.93,0
T00014668,Model_B,3.24,3.82,4.32,3.66,0
T00014670,Model_B,4.02,4.21,3.41,4.03,0
T00014672,Model_B,4.23,3.75,3.12,3.5,0
T00014680,Model_B,4.64,4.86,3.68,4.57,0
T00014682,Model_B,4.39,4.55,4.63,4.69,0
T00014686,Model_B,3.32,4.21,3.62,3.63,0
T00014690,Model_B,3.72,4.18,4.92,4.35,0
T00014693,Model_B,4.86,4.52,4.39,4.97,0
T00014696,Model_B,4.24,4.6,4.35,4.37,0
T00014701,Model_B,4.34,4.47,3.17,4.22,0
T00014712,Model_B,3.49,4.07,5.0,3.88,0
T00014715,Model_B,4.67,4.47,5.0,4.83,0
T00014717,Model_B,4.41,4.2,4.21,4.18,0
T00014718,Model_B,3.98,3.96,4.07,3.72,0
T00014719,Model_B,4.26,4.29,4.7,4.48,0
T00014722,Model_B,4.22,3.47,4.78,4.34,0
T00014726,Model_B,3.6,3.99,4.64,3.91,0
T00014729,Model_B,4.83,4.14,4.24,4.52,0
T00014735,Model_B,4.7,4.07,3.58,4.16,0
T00014740,Model_B,3.49,4.76,4.12,4.13,1
T00014741,Model_B,4.31,5.0,3.51,4.24,0
T00014742,Model_B,4.0,4.4,4.18,4.27,0
T00014743,Model_B,3.12,4.84,4.48,3.92,0
T00014744,Model_B,4.45,4.44,3.72,4.11,0
T00014746,Model_B,4.58,4.2,4.57,4.3,0
T00014747,Model_B,5.0,3.82,3.61,4.37,0
T00014748,Model_B,4.52,4.22,4.52,4.3,0
T00014749,Model_B,4.18,5.0,4.31,4.71,0
T00014755,Model_B,3.75,4.33,4.75,4.16,1
T00014757,Model_B,4.45,3.47,4.58,4.17,0
T00014758,Model_B,4.01,4.36,3.86,3.94,0
T00014759,Model_B,5.0,3.63,4.16,4.31,0
T00014761,Model_B,4.23,4.66,3.62,4.04,0
T00014764,Model_B,3.77,4.09,4.23,4.25,0
T00014769,Model_B,4.36,4.13,4.32,4.08,0
T00014774,Model_B,4.95,4.16,4.04,4.44,0
T00014777,Model_B,4.8,3.77,5.0,4.63,0
T00014778,Model_B,4.48,5.0,4.27,4.71,0
T00014779,Model_B,3.96,3.34,4.15,3.82,0
T00014783,Model_B,4.87,3.53,3.67,4.14,0
T00014785,Model_B,4.34,3.69,4.21,4.0,0
T00014786,Model_B,4.56,4.08,4.41,4.2,0
T00014788,Model_B,4.38,4.08,3.97,4.19,0
T00014790,Model_B,4.22,3.62,4.42,3.93,0
T00014791,Model_B,3.95,4.16,4.25,4.27,0
T00014792,Model_B,3.85,3.69,3.66,3.69,0
T00014796,Model_B,4.66,3.84,4.13,4.28,0
T00014801,Model_B,3.9,4.35,3.93,3.88,0
T00014804,Model_B,4.66,3.85,4.03,3.82,0
T00014812,Model_B,3.64,4.16,4.3,3.76,0
T00014814,Model_B,4.8,4.34,4.13,4.57,0
T00014817,Model_B,4.55,3.67,5.0,4.28,0
T00014822,Model_B,3.9,4.53,5.0,4.78,0
T00014823,Model_B,5.0,3.74,4.88,4.56,0
T00014824,Model_B,4.24,3.6,4.48,4.11,0
T00014825,Model_B,4.63,4.3,4.66,4.35,0
T00014826,Model_B,3.94,3.66,4.28,3.82,0
T00014828,Model_B,4.33,4.36,5.0,4.56,0
T00014829,Model_B,4.31,3.68,4.78,4.25,0
T00014830,Model_B,4.19,3.87,4.56,4.5,0
T00014831,Model_B,3.73,5.0,4.57,4.44,0
T00014835,Model_B,4.89,4.22,4.63,4.68,0
T00014836,Model_B,4.12,4.8,3.75,4.47,0
T00014840,Model_B,4.81,3.77,3.96,4.28,0
T00014841,Model_B,4.19,4.01,4.7,4.59,0
T00014842,Model_B,3.32,5.0,4.56,4.28,1
T00014845,Model_B,4.63,5.0,3.38,4.14,0
T00014847,Model_B,4.53,4.68,3.87,4.44,0
T00014853,Model_B,3.69,3.81,4.01,3.85,0
T00014854,Model_B,4.86,3.8,4.31,4.48,0
T00014858,Model_B,3.65,4.86,3.14,3.75,0
T00014860,Model_B,4.29,4.75,5.0,4.85,0
T00014861,Model_B,4.92,4.16,3.29,4.23,0
T00014862,Model_B,3.94,4.58,4.39,4.31,0
T00014864,Model_B,4.49,4.59,3.58,4.58,0
T00014865,Model_B,4.2,4.97,4.82,4.76,0
T00014870,Model_B,4.62,4.65,4.03,4.65,0
T00014871,Model_B,4.24,4.22,3.91,4.47,0
T00014872,Model_B,4.15,4.95,3.97,4.46,0
T00014875,Model_B,4.37,3.66,4.14,4.15,0
T00014877,Model_B,4.45,3.95,3.67,3.93,0
T00014878,Model_B,4.27,4.29,3.72,3.96,0
T00014879,Model_B,4.12,4.28,3.95,4.02,0
T00014880,Model_B,4.61,4.85,3.97,4.59,0
T00014884,Model_B,4.44,4.03,4.55,4.38,0
T00014886,Model_B,4.33,5.0,3.55,4.32,0
T00014890,Model_B,4.58,4.74,5.0,4.56,0
T00014892,Model_B,3.45,4.02,4.24,4.05,0
T00014894,Model_B,4.57,3.31,2.61,3.68,0
T00014897,Model_B,4.38,3.62,4.27,3.86,0
T00014901,Model_B,4.36,4.31,4.62,4.35,0
T00014918,Model_B,3.83,4.17,4.46,4.18,0
T00014919,Model_B,3.91,3.81,4.32,3.83,0
T00014921,Model_B,4.34,4.43,3.82,3.95,0
T00014926,Model_B,4.1,3.48,4.85,4.4,0
T00014928,Model_B,4.33,4.02,4.35,3.92,0
T00014929,Model_B,4.8,4.44,4.13,4.28,0
T00014933,Model_B,4.0,4.12,4.31,4.08,0
T00014944,Model_B,4.91,4.0,4.75,4.58,0
T00014945,Model_B,4.28,4.81,4.49,4.66,0
T00014954,Model_B,4.0,4.16,4.16,3.85,0
T00014955,Model_B,5.0,5.0,3.59,4.57,0
T00014956,Model_B,4.24,4.74,3.91,4.48,0
T00014957,Model_B,4.47,4.41,3.42,4.05,0
T00014959,Model_B,4.17,4.42,5.0,4.6,0
T00014962,Model_B,3.99,4.02,5.0,4.22,0
T00014963,Model_B,4.31,4.04,3.28,4.02,0
T00014965,Model_B,4.4,4.19,4.01,4.31,0
T00014974,Model_B,4.69,4.63,3.43,4.55,0
T00014976,Model_B,4.7,4.7,3.53,4.15,0
T00014980,Model_B,3.92,3.85,4.41,3.91,0
T00014985,Model_B,4.04,4.17,4.03,4.2,0
T00014988,Model_B,4.72,3.58,4.26,4.68,0
T00014990,Model_B,4.59,3.78,4.44,4.44,0
T00014996,Model_B,3.91,3.65,3.87,4.04,0
T00014998,Model_B,4.18,3.31,3.72,3.96,0
T00015002,Model_B,4.2,4.08,4.55,4.08,0
T00015003,Model_B,4.85,4.56,3.91,4.67,0
T00015004,Model_B,5.0,4.22,3.39,4.37,0
T00015009,Model_B,4.74,4.09,4.39,4.35,0
T00015010,Model_B,3.95,4.18,4.41,3.99,0
T00015013,Model_B,4.9,3.76,4.94,4.65,0
T00015017,Model_B,5.0,4.96,4.11,4.62,0
T00015018,Model_B,4.48,4.44,3.26,4.19,0
T00015019,Model_B,4.71,4.33,3.78,4.55,0
T00015020,Model_B,4.33,3.82,3.79,4.0,0
T00015021,Model_B,4.06,4.22,4.03,4.12,0
T00015022,Model_B,4.79,4.73,4.81,4.63,0
T00015023,Model_B,4.31,4.56,3.95,4.45,0
T00015030,Model_B,5.0,3.82,3.79,4.17,0
T00015031,Model_B,5.0,4.19,4.44,4.69,0
T00015035,Model_B,3.83,3.92,3.41,4.08,0
T00015036,Model_B,4.95,3.71,4.23,4.31,0
T00015041,Model_B,4.06,4.44,4.0,4.07,0
T00015043,Model_B,4.74,3.48,3.6,4.11,0
T00015046,Model_B,4.05,4.71,3.45,4.01,0
T00015049,Model_B,4.2,3.54,4.29,3.89,0
T00015051,Model_B,3.9,4.01,3.0,3.77,0
T00015054,Model_B,4.33,3.67,3.19,3.93,0
T00015055,Model_B,3.45,3.85,4.0,3.71,0
T00015056,Model_B,4.56,3.63,4.22,4.06,0
T00015058,Model_B,4.38,4.25,4.53,4.37,0
T00015059,Model_B,4.87,4.66,3.83,4.6,0
T00015062,Model_B,4.57,3.74,3.59,4.12,0
T00015063,Model_B,4.4,3.83,3.79,4.05,0
T00015064,Model_B,4.88,3.25,4.01,4.01,0
T00015065,Model_B,3.41,3.4,3.86,3.42,0
T00015066,Model_B,4.77,3.25,4.82,4.31,0
T00015068,Model_B,4.02,4.09,3.69,4.11,0
T00015077,Model_B,4.41,4.53,3.38,4.26,0
T00015079,Model_B,4.71,4.07,4.69,4.16,0
T00015083,Model_B,5.0,4.79,4.82,4.79,0
T00015084,Model_B,4.65,4.12,3.51,4.28,0
T00015085,Model_B,4.66,4.48,4.1,4.5,0
T00015086,Model_B,4.15,4.47,3.82,4.29,0
T00015092,Model_B,4.36,4.36,4.14,4.27,0
T00015094,Model_B,4.09,4.48,4.25,4.15,0
T00015095,Model_B,4.28,4.15,3.92,3.93,0
T00015103,Model_B,3.95,3.25,3.84,3.69,0
T00015110,Model_B,4.58,4.04,4.08,4.18,0
T00015117,Model_B,5.0,4.6,3.44,4.7,0
T00015118,Model_B,5.0,4.5,3.72,4.49,0
T00015124,Model_B,5.0,3.47,3.89,3.8,0
T00015127,Model_B,4.3,4.64,4.71,4.83,0
T00015128,Model_B,5.0,4.68,3.61,4.3,0
T00015132,Model_B,5.0,4.28,4.4,4.52,0
T00015133,Model_B,4.57,3.9,4.46,4.27,0
T00015139,Model_B,4.46,4.04,3.36,4.02,0
T00015142,Model_B,4.68,4.18,4.6,4.45,0
T00015146,Model_B,5.0,4.29,4.21,4.69,0
T00015148,Model_B,3.96,4.01,4.1,4.06,0
T00015153,Model_B,4.48,3.87,3.6,4.22,0
T00015154,Model_B,4.99,3.73,3.67,4.34,0
T00015162,Model_B,3.99,4.78,3.8,4.31,0
T00015163,Model_B,3.85,3.81,3.93,3.75,0
T00015165,Model_B,4.34,3.11,4.02,3.96,0
T00015166,Model_B,3.68,4.77,4.28,4.22,0
T00015168,Model_B,3.92,3.72,4.26,4.09,0
T00015169,Model_B,5.0,4.27,3.8,4.28,0
T00015171,Model_B,5.0,4.56,3.88,4.84,0
T00015172,Model_B,4.9,4.16,4.49,4.43,0
T00015173,Model_B,4.31,4.62,4.22,4.14,0
T00015174,Model_B,4.59,4.92,4.57,4.49,0
T00015176,Model_B,5.0,4.57,4.29,4.58,0
T00015179,Model_B,3.28,4.87,3.86,4.01,0
T00015185,Model_B,5.0,3.69,4.06,3.94,0
T00015186,Model_B,3.94,4.47,3.74,4.2,0
T00015187,Model_B,4.47,4.25,3.8,3.87,0
T00015195,Model_B,4.35,4.15,4.21,4.13,0
T00015196,Model_B,4.59,4.78,4.39,4.82,0
T00015206,Model_B,4.48,4.0,4.09,4.29,0
T00015207,Model_B,3.64,4.91,3.57,4.11,0
T00015209,Model_B,4.43,4.66,4.03,4.48,0
T00015213,Model_B,4.2,4.15,4.19,4.01,0
T00015214,Model_B,4.65,4.73,3.87,4.67,0
T00015221,Model_B,4.38,3.1,3.17,3.82,0
T00015222,Model_B,3.72,4.94,3.61,4.02,0
T00015225,Model_B,4.49,4.76,4.62,4.69,0
T00015227,Model_B,3.87,3.9,4.4,4.01,0
T00015230,Model_B,3.52,3.57,3.9,3.81,0
T00015231,Model_B,4.2,4.26,3.59,3.92,0
T00015232,Model_B,4.29,4.06,4.23,4.28,0
T00015246,Model_B,4.84,4.78,3.08,4.3,0
T00015247,Model_B,3.17,4.63,4.64,3.91,0
T00015248,Model_B,3.79,3.09,4.06,3.71,0
T00015251,Model_B,4.69,4.31,3.48,4.3,0
T00015252,Model_B,4.32,2.35,4.52,3.81,0
T00015254,Model_B,4.17,4.55,4.12,4.23,0
T00015255,Model_B,4.43,3.9,4.57,4.32,0
T00015257,Model_B,5.0,4.09,4.5,4.59,0
T00015259,Model_B,4.66,4.11,3.86,4.44,0
T00015268,Model_B,4.32,5.0,3.56,4.78,0
T00015269,Model_B,4.39,5.0,3.81,4.57,0
T00015271,Model_B,4.99,4.88,3.89,4.97,0
T00015272,Model_B,4.53,4.82,3.6,4.12,0
T00015273,Model_B,4.6,3.64,3.54,4.17,0
T00015274,Model_B,4.61,3.3,4.25,3.81,0
T00015275,Model_B,4.31,4.07,4.41,4.01,0
T00015276,Model_B,4.49,4.05,4.54,4.5,0
T00015277,Model_B,4.56,3.84,4.65,4.56,0
T00015289,Model_B,3.39,4.17,5.0,3.68,0
T00015290,Model_B,4.67,3.55,5.0,4.16,1
T00015301,Model_B,4.58,3.91,3.47,4.07,0
T00015303,Model_B,5.0,3.84,3.72,4.43,0
T00015310,Model_B,4.36,3.45,4.1,3.92,0
T00015312,Model_B,4.59,4.21,3.49,4.0,0
T00015313,Model_B,3.86,4.61,4.03,3.95,0
T00015316,Model_B,4.51,4.42,4.32,4.59,0
T00015318,Model_B,4.25,3.22,4.29,3.48,0
T00015319,Model_B,5.0,4.65,3.95,4.54,0
T00015320,Model_B,4.69,3.19,3.73,3.9,0
T00015322,Model_B,4.74,3.78,3.2,4.22,0
T00015324,Model_B,5.0,5.0,4.1,4.75,0
T00015333,Model_B,3.58,4.3,4.56,4.14,0
T00015344,Model_B,4.55,4.51,4.74,4.2,0
T00015345,Model_B,4.62,4.68,4.1,4.68,0
T00015347,Model_B,4.5,4.38,4.28,4.26,0
T00015351,Model_B,3.89,3.35,3.35,3.5,0
T00015355,Model_B,3.86,4.43,4.52,4.07,0
T00015357,Model_B,4.36,3.63,4.71,4.14,0
T00015359,Model_B,3.38,3.43,3.98,3.92,0
T00015369,Model_B,3.47,4.29,5.0,4.29,0
T00015373,Model_B,4.34,3.47,4.71,4.05,0
T00015376,Model_B,3.75,4.14,4.81,4.19,0
T00015377,Model_B,4.7,4.37,4.12,4.39,0
T00015379,Model_B,4.23,4.03,4.51,4.33,1
T00015382,Model_B,5.0,4.09,4.12,4.41,0
T00015387,Model_B,3.86,4.68,4.37,4.09,0
T00015389,Model_B,3.9,5.0,3.74,4.22,0
T00015390,Model_B,4.27,4.42,4.45,4.5,0
T00015394,Model_B,3.61,4.16,4.22,4.0,0
T00015397,Model_B,4.61,3.9,3.47,3.95,0
T00015405,Model_B,4.23,3.15,4.31,4.08,0
T00015413,Model_B,4.72,5.0,4.27,5.0,0
T00015415,Model_B,5.0,3.74,4.69,4.46,0
T00015426,Model_B,3.66,4.55,4.01,4.3,0
T00015428,Model_B,4.99,4.52,3.6,4.53,0
T00015429,Model_B,4.34,4.19,3.87,4.1,0
T00015432,Model_B,4.6,3.64,4.22,4.22,0
T00015434,Model_B,4.45,3.29,3.91,4.29,0
T00015439,Model_B,4.08,4.14,3.74,3.94,0
T00015441,Model_B,4.33,4.72,4.64,4.56,0
T00015443,Model_B,3.82,3.65,4.74,3.97,0
T00015446,Model_B,4.59,3.46,4.07,3.97,0
T00015452,Model_B,4.46,3.53,4.03,3.81,0
T00015453,Model_B,4.07,4.51,3.88,4.27,0
T00015454,Model_B,4.05,4.65,4.46,4.28,0
T00015456,Model_B,4.75,4.16,3.88,4.32,0
T00015461,Model_B,4.66,5.0,5.0,4.98,0
T00015463,Model_B,5.0,4.28,4.18,4.62,0
T00015470,Model_B,4.81,5.0,4.03,4.49,0
T00015473,Model_B,4.42,4.34,3.77,4.58,0
T00015474,Model_B,4.98,4.59,4.81,4.69,0
T00015475,Model_B,4.67,4.26,3.78,4.21,0
T00015478,Model_B,5.0,4.32,4.07,4.38,0
T00015482,Model_B,4.32,3.44,4.25,4.26,0
T00015488,Model_B,4.18,3.56,4.0,3.9,0
T00015490,Model_B,4.25,4.17,4.06,4.13,0
T00015492,Model_B,3.51,4.49,4.04,4.1,0
T00015495,Model_B,4.08,3.99,4.05,3.94,0
T00015497,Model_B,4.01,3.4,4.24,3.81,0
T00015498,Model_B,3.93,4.63,4.64,4.36,0
T00015508,Model_B,4.83,4.65,3.77,4.37,0
T00015510,Model_B,4.94,3.78,4.71,4.66,0
T00015511,Model_B,3.99,3.76,4.05,3.92,0
T00015515,Model_B,4.09,5.0,3.98,4.4,0
T00015519,Model_B,4.38,3.33,3.87,4.01,0
T00015520,Model_B,4.84,3.98,4.87,4.51,0
T00015523,Model_B,3.93,3.3,3.96,3.51,0
T00015525,Model_B,4.31,4.31,4.31,4.03,0
T00015526,Model_B,4.64,4.5,3.68,4.11,0
T00015527,Model_B,4.79,4.46,3.84,4.28,0
T00015534,Model_B,4.19,4.25,4.44,4.18,0
T00015536,Model_B,4.29,4.46,4.05,4.09,0
T00015537,Model_B,5.0,3.87,3.77,4.1,0
T00015538,Model_B,4.8,3.26,4.41,4.08,0
T00015541,Model_B,5.0,4.38,4.37,4.6,0
T00015542,Model_B,4.51,4.26,3.88,4.27,0
T00015544,Model_B,4.91,3.53,4.53,4.56,0
T00015546,Model_B,4.33,3.3,4.39,4.15,0
T00015549,Model_B,4.04,4.02,4.56,4.19,0
T00015550,Model_B,4.16,3.88,4.19,4.07,0
T00015552,Model_B,4.3,4.53,3.73,3.91,0
T00015553,Model_B,4.36,4.29,3.46,4.05,0
T00015559,Model_B,4.68,3.37,4.08,3.96,0
T00015560,Model_B,4.94,5.0,3.77,4.69,0
T00015563,Model_B,4.07,4.09,4.36,4.19,0
T00015565,Model_B,4.4,3.86,3.81,3.93,0
T00015568,Model_B,5.0,4.24,3.56,4.11,0
T00015573,Model_B,4.24,4.31,4.46,4.38,0
T00015578,Model_B,4.83,3.58,4.22,4.09,0
T00015580,Model_B,4.29,3.34,4.6,4.12,0
T00015582,Model_B,4.53,4.66,4.64,4.52,0
T00015587,Model_B,4.21,4.49,4.39,4.15,0
T00015592,Model_B,4.32,4.36,3.53,4.05,0
T00015595,Model_B,4.37,4.55,4.13,4.23,0
T00015598,Model_B,4.48,4.12,4.17,4.37,0
T00015600,Model_B,3.36,3.77,3.96,3.55,0
T00015601,Model_B,3.77,4.17,3.65,4.2,0
T00015602,Model_B,5.0,4.02,4.26,4.35,0
T00015603,Model_B,5.0,5.0,3.77,4.52,0
T00015604,Model_B,4.92,3.82,4.63,4.65,0
T00015607,Model_B,4.74,4.26,3.83,4.23,0
T00015620,Model_B,4.78,5.0,4.39,4.5,0
T00015629,Model_B,4.33,4.01,3.77,3.87,0
T00015630,Model_B,4.43,3.56,4.06,4.23,0
T00015632,Model_B,4.66,4.73,4.11,4.74,0
T00015637,Model_B,5.0,4.5,4.18,4.78,0
T00015640,Model_B,4.03,3.67,3.91,3.83,0
T00015642,Model_B,4.1,4.3,4.39,4.13,0
T00015644,Model_B,4.13,4.39,4.34,4.07,0
T00015647,Model_B,4.65,3.63,4.38,4.17,0
T00015649,Model_B,4.69,4.15,3.85,4.32,0
T00015650,Model_B,4.36,3.43,3.55,3.94,0
T00015655,Model_B,4.51,3.58,4.67,4.28,0
T00015662,Model_B,4.56,4.1,4.03,3.99,0
T00015663,Model_B,3.79,3.62,4.28,3.97,0
T00015669,Model_B,4.58,4.15,3.56,4.3,0
T00015671,Model_B,4.52,3.27,4.27,4.05,0
T00015672,Model_B,4.04,4.44,4.66,4.31,0
T00015674,Model_B,4.43,4.18,4.69,4.58,0
T00015675,Model_B,4.59,4.47,3.42,4.47,0
T00015676,Model_B,4.75,4.29,3.75,4.68,0
T00015677,Model_B,4.82,4.56,3.75,4.35,0
T00015679,Model_B,4.29,3.55,4.77,4.11,0
T00015681,Model_B,4.82,3.71,3.75,4.22,0
T00015688,Model_B,3.83,3.95,3.92,3.9,0
T00015694,Model_B,4.98,4.78,4.57,4.96,0
T00015696,Model_B,5.0,4.13,3.76,4.06,0
T00015698,Model_B,4.92,4.34,4.42,4.57,0
T00015699,Model_B,5.0,4.88,4.07,4.89,0
T00015703,Model_B,3.27,4.43,4.1,3.78,0
T00015706,Model_B,3.56,3.61,5.0,3.86,0
T00015710,Model_B,5.0,4.54,3.73,4.36,0
T00015711,Model_B,4.42,3.62,4.89,4.39,0
T00015715,Model_B,4.86,4.18,4.76,4.42,0
T00015717,Model_B,4.01,4.72,4.48,4.37,0
T00015718,Model_B,4.44,4.61,5.0,4.64,0
T00015719,Model_B,4.18,4.45,5.0,4.76,0
T00015720,Model_B,3.86,4.59,5.0,4.3,0
T00015721,Model_B,3.73,4.38,4.1,4.02,0
T00015723,Model_B,4.12,4.29,3.58,4.33,0
T00015724,Model_B,4.72,3.6,3.74,3.86,0
T00015726,Model_B,3.28,3.75,3.93,3.62,0
T00015731,Model_B,4.06,3.39,3.96,3.41,0
T00015734,Model_B,4.04,3.74,4.75,4.31,0
T00015736,Model_B,4.75,3.69,3.73,4.12,0
T00015750,Model_B,4.16,5.0,4.87,4.88,0
T00015753,Model_B,4.67,3.69,4.15,4.12,0
T00015754,Model_B,4.05,4.52,3.97,4.13,0
T00015758,Model_B,4.54,5.0,3.72,4.5,0
T00015759,Model_B,4.67,3.83,4.25,4.21,0
T00015764,Model_B,3.24,3.37,4.0,3.49,0
T00015767,Model_B,4.54,3.53,3.86,4.14,0
T00015768,Model_B,3.89,3.5,4.27,3.76,0
T00015770,Model_B,4.87,4.61,4.48,4.97,0
T00015774,Model_B,4.53,3.55,4.67,4.24,0
T00015776,Model_B,4.02,3.7,4.04,3.74,0
T00015779,Model_B,4.41,3.77,4.61,4.46,0
T00015785,Model_B,4.1,4.26,3.25,3.91,0
T00015787,Model_B,4.57,4.45,3.14,4.46,0
T00015791,Model_B,4.9,4.1,5.0,4.75,0
T00015793,Model_B,3.53,3.66,4.83,4.27,0
T00015794,Model_B,3.94,4.12,3.56,4.08,0
T00015795,Model_B,4.74,4.62,4.47,4.4,0
T00015797,Model_B,4.69,3.7,4.45,4.38,0
T00015798,Model_B,4.69,4.1,4.45,4.07,0
T00015800,Model_B,4.5,4.67,4.65,4.48,0
T00015802,Model_B,4.53,3.68,4.41,4.19,0
T00015807,Model_B,4.53,4.24,4.08,4.13,0
T00015808,Model_B,4.26,4.99,4.39,4.55,0
T00015809,Model_B,4.74,3.65,4.38,4.04,0
T00015811,Model_B,4.59,4.14,4.58,4.55,0
T00015812,Model_B,4.43,4.98,3.89,4.56,0
T00015815,Model_B,4.45,4.01,3.51,4.4,0
T00015817,Model_B,4.34,4.23,3.76,4.09,0
T00015818,Model_B,3.88,4.37,3.95,4.26,0
T00015819,Model_B,3.3,4.12,4.57,3.74,0
T00015824,Model_B,5.0,3.77,4.3,4.18,0
T00015826,Model_B,4.08,4.0,4.33,4.05,0
T00015830,Model_B,5.0,3.67,4.14,4.33,0
T00015832,Model_B,4.98,4.11,3.81,4.6,0
T00015833,Model_B,4.37,4.69,3.59,4.11,0
T00015835,Model_B,5.0,4.16,4.71,4.39,0
T00015841,Model_B,4.31,3.69,3.64,4.01,0
T00015843,Model_B,4.54,4.89,3.38,4.33,0
T00015844,Model_B,4.87,3.69,3.67,4.29,0
T00015845,Model_B,4.54,4.6,3.85,4.32,0
T00015848,Model_B,4.3,3.52,3.75,3.87,0
T00015852,Model_B,4.36,4.27,3.88,4.2,0
T00015855,Model_B,4.63,4.55,3.74,4.61,0
T00015858,Model_B,4.75,4.68,4.0,4.18,0
T00015860,Model_B,4.22,4.04,4.13,4.24,0
T00015866,Model_B,4.14,3.71,4.68,4.26,0
T00015869,Model_B,4.13,3.73,4.17,3.78,0
T00015870,Model_B,4.23,4.6,4.03,3.91,0
T00015884,Model_B,5.0,3.85,4.48,4.35,0
T00015887,Model_B,3.9,4.38,3.48,4.08,0
T00015888,Model_B,3.62,4.39,4.33,3.87,0
T00015890,Model_B,4.18,4.02,4.13,4.25,0
T00015895,Model_B,4.23,4.42,4.25,4.32,0
T00015896,Model_B,3.9,3.41,4.23,3.91,0
T00015898,Model_B,3.6,5.0,4.07,4.2,0
T00015901,Model_B,4.31,3.71,3.29,3.56,0
T00015904,Model_B,5.0,4.38,4.97,4.82,0
T00015905,Model_B,3.74,4.01,4.1,3.94,0
T00015908,Model_B,3.71,4.5,4.55,4.33,0
T00015919,Model_B,3.82,4.53,3.76,3.94,0
T00015922,Model_B,4.53,3.87,3.81,4.07,0
T00015923,Model_B,4.43,4.55,3.43,3.98,0
T00015925,Model_B,4.29,4.92,4.07,4.32,0
T00015927,Model_B,3.6,4.53,3.91,4.07,0
T00015930,Model_B,4.2,4.42,4.53,4.32,0
T00015936,Model_B,3.79,4.21,3.95,3.79,0
T00015937,Model_B,4.88,4.23,4.26,4.38,0
T00015945,Model_B,5.0,4.11,3.75,3.93,0
T00015946,Model_B,4.06,4.38,3.36,4.0,0
T00015947,Model_B,3.94,4.34,4.03,4.35,0
T00015950,Model_B,5.0,4.37,4.95,4.83,0
T00015951,Model_B,5.0,3.78,4.21,4.16,0
T00015952,Model_B,4.35,4.27,4.79,4.45,0
T00015953,Model_B,4.62,4.55,2.66,4.34,0
T00015954,Model_B,3.92,4.57,3.69,3.99,0
T00015955,Model_B,4.97,3.95,4.46,4.46,0
T00015957,Model_B,4.57,3.58,3.68,3.9,0
T00015958,Model_B,4.23,4.26,4.87,4.41,0
T00015962,Model_B,4.75,3.76,4.36,4.1,0
T00015964,Model_B,3.87,4.43,3.86,3.96,0
T00015967,Model_B,4.19,4.34,4.65,4.21,0
T00015970,Model_B,3.53,3.7,4.34,4.09,0
T00015971,Model_B,4.64,4.03,3.62,4.28,0
T00015975,Model_B,4.46,4.31,3.97,4.29,0
T00015976,Model_B,4.79,4.42,5.0,4.66,0
T00015978,Model_B,4.2,3.21,4.69,4.14,0
T00015994,Model_B,4.65,3.97,4.52,4.42,0
T00015998,Model_B,4.52,5.0,5.0,4.92,0
T00015999,Model_B,4.32,4.07,4.07,4.33,0
T00016000,Model_B,4.07,4.43,4.51,4.23,0
T00016002,Model_B,4.96,4.28,3.45,4.06,0
T00016003,Model_B,5.0,3.79,4.19,4.47,0
T00016005,Model_B,4.22,4.34,4.11,4.03,0
T00016006,Model_B,4.01,4.3,4.03,4.36,0
T00016008,Model_B,4.34,3.72,4.21,4.28,0
T00016012,Model_B,4.45,4.49,3.81,4.19,0
T00016014,Model_B,3.07,5.0,3.6,3.88,0
T00016020,Model_B,4.94,4.99,3.69,4.99,0
T00016022,Model_B,4.75,4.08,4.57,4.34,0
T00016023,Model_B,4.65,4.19,4.76,4.65,0
T00016024,Model_B,4.91,4.14,3.21,4.1,0
T00016025,Model_B,4.56,4.23,3.65,4.09,0
T00016028,Model_B,4.97,4.15,4.2,4.45,0
T00016033,Model_B,4.19,5.0,4.62,4.49,0
T00016034,Model_B,4.62,4.9,4.45,4.97,0
T00016035,Model_B,4.08,4.74,4.78,4.3,0
T00016038,Model_B,4.04,3.6,3.79,4.09,0
T00016039,Model_B,5.0,4.64,4.0,4.86,0
T00016046,Model_B,3.84,3.78,3.51,3.58,0
T00016048,Model_B,4.98,4.94,4.02,4.87,0
T00016053,Model_B,4.49,3.9,4.45,4.46,0
T00016065,Model_B,4.51,4.78,3.52,4.34,0
T00016066,Model_B,4.51,5.0,4.41,4.49,0
T00016069,Model_B,4.81,3.85,3.63,4.08,0
T00016079,Model_B,3.99,4.29,3.37,3.84,0
T00016084,Model_B,4.8,4.31,5.0,4.8,0
T00016085,Model_B,4.03,4.94,3.94,4.36,0
T00016088,Model_B,4.73,4.23,3.28,4.19,0
T00016089,Model_B,3.72,4.2,4.13,4.26,0
T00016090,Model_B,3.41,3.7,3.99,3.56,0
T00016094,Model_B,3.9,3.31,3.09,3.47,0
T00016095,Model_B,4.11,4.49,3.98,4.14,0
T00016102,Model_B,4.01,4.01,4.16,3.8,0
T00016103,Model_B,5.0,3.96,3.99,4.51,0
T00016106,Model_B,5.0,3.8,4.51,4.42,0
T00016108,Model_B,4.4,3.26,4.29,3.92,0
T00016116,Model_B,4.33,3.87,4.35,4.15,0
T00016119,Model_B,4.66,4.54,3.94,4.43,0
T00016120,Model_B,3.57,4.62,3.77,3.73,0
T00016122,Model_B,4.16,4.41,4.95,4.46,0
T00016124,Model_B,3.68,4.8,3.66,4.07,0
T00016128,Model_B,4.7,3.96,3.99,4.38,0
T00016130,Model_B,3.68,4.24,4.25,4.17,0
T00016132,Model_B,4.82,4.63,3.98,4.5,0
T00016133,Model_B,4.15,3.46,4.46,4.0,0
T00016136,Model_B,5.0,4.06,4.17,4.54,0
T00016137,Model_B,4.4,4.66,3.26,3.94,0
T00016138,Model_B,4.04,4.59,5.0,4.33,0
T00016139,Model_B,4.07,3.86,4.37,4.06,0
T00016141,Model_B,4.65,3.82,4.06,4.04,0
T00016142,Model_B,4.43,3.12,4.55,4.02,0
T00016143,Model_B,4.59,4.22,4.37,4.37,0
T00016147,Model_B,4.59,4.11,3.74,4.05,0
T00016151,Model_B,4.98,4.26,4.32,4.53,0
T00016155,Model_B,4.67,3.89,3.86,4.03,0
T00016160,Model_B,4.4,4.56,5.0,4.83,0
T00016161,Model_B,4.89,4.09,4.74,4.58,0
T00016164,Model_B,5.0,4.35,3.9,4.57,0
T00016166,Model_B,4.82,4.0,3.87,4.18,0
T00016169,Model_B,4.49,3.61,4.85,4.03,0
T00016170,Model_B,4.37,3.57,4.12,4.05,0
T00016171,Model_B,3.92,4.78,3.91,4.23,0
T00016175,Model_B,4.67,4.77,4.93,4.88,0
T00016178,Model_B,4.54,3.6,3.65,3.89,0
T00016180,Model_B,4.88,3.93,4.04,4.53,0
T00016181,Model_B,4.52,3.99,4.13,4.07,0
T00016182,Model_B,3.81,4.09,5.0,3.97,0
T00016184,Model_B,4.45,4.18,3.9,3.95,0
T00016185,Model_B,4.53,3.93,5.0,4.09,0
T00016187,Model_B,4.88,3.99,4.38,4.5,0
T00016189,Model_B,4.54,4.19,3.5,4.12,0
T00016191,Model_B,4.38,4.61,4.56,4.24,0
T00016192,Model_B,4.11,3.71,4.21,4.06,0
T00016194,Model_B,4.83,4.6,4.73,5.0,0
T00016197,Model_B,3.66,4.43,3.59,3.93,0
T00016198,Model_B,4.5,4.88,4.26,4.8,0
T00016202,Model_B,4.86,4.89,4.41,4.5,0
T00016207,Model_B,4.19,4.24,3.71,3.88,0
T00016208,Model_B,4.47,4.58,3.38,3.9,0
T00016209,Model_B,3.98,3.94,4.94,4.38,0
T00016213,Model_B,5.0,3.96,3.56,4.09,0
T00016220,Model_B,4.73,3.74,4.26,4.42,0
T00016224,Model_B,4.14,4.49,4.01,4.24,0
T00016227,Model_B,4.95,4.12,4.08,4.63,0
T00016230,Model_B,5.0,4.54,4.56,4.79,0
T00016232,Model_B,3.49,4.7,4.06,4.08,0
T00016237,Model_B,4.18,3.75,5.0,4.26,0
T00016238,Model_B,4.52,4.2,4.31,4.57,0
T00016240,Model_B,5.0,4.04,4.34,4.55,0
T00016241,Model_B,4.77,3.99,4.46,4.24,0
T00016243,Model_B,4.78,3.3,3.9,4.1,0
T00016244,Model_B,4.3,3.96,3.87,4.16,0
T00016253,Model_B,5.0,3.92,3.55,4.32,0
T00016258,Model_B,4.06,5.0,3.93,4.11,0
T00016261,Model_B,4.47,3.98,5.0,4.57,0
T00016264,Model_B,5.0,4.12,4.06,4.57,0
T00016269,Model_B,4.78,4.46,4.81,4.75,0
T00016272,Model_B,4.24,3.81,3.68,3.87,0
T00016273,Model_B,4.55,4.2,3.25,4.14,0
T00016276,Model_B,4.15,3.86,4.0,4.06,0
T00016277,Model_B,4.51,4.29,4.54,4.41,0
T00016282,Model_B,4.12,4.59,3.71,3.99,0
T00016285,Model_B,3.78,3.93,3.74,3.84,0
T00016288,Model_B,4.09,4.47,4.15,4.01,0
T00016293,Model_B,4.45,3.35,4.47,4.16,0
T00016297,Model_B,4.38,4.23,4.9,4.67,0
T00016298,Model_B,5.0,4.72,3.94,4.36,0
T00016300,Model_B,4.07,3.25,4.23,3.96,0
T00016302,Model_B,4.14,4.95,3.62,4.31,0
T00016304,Model_B,4.05,3.8,4.09,3.87,0
T00016307,Model_B,4.98,4.19,2.94,4.22,0
T00016308,Model_B,4.11,3.92,4.58,4.43,0
T00016309,Model_B,3.95,4.53,3.58,4.31,0
T00016311,Model_B,4.26,3.59,4.0,3.91,0
T00016312,Model_B,5.0,4.26,5.0,4.6,0
T00016313,Model_B,4.48,3.49,3.05,3.99,0
T00016327,Model_B,4.48,3.55,3.73,4.09,0
T00016331,Model_B,5.0,4.56,5.0,4.97,0
T00016337,Model_B,4.44,3.53,4.38,4.31,0
T00016341,Model_B,5.0,4.03,3.64,4.3,0
T00016342,Model_B,4.51,3.38,3.78,3.99,0
T00016347,Model_B,4.79,4.99,3.56,4.71,0
T00016350,Model_B,3.92,4.74,4.69,4.52,0
T00016353,Model_B,4.45,4.4,4.4,4.24,0
T00016354,Model_B,3.95,4.19,3.58,4.18,0
T00016356,Model_B,3.63,3.71,3.64,3.6,0
T00016360,Model_B,3.96,4.83,4.24,4.18,0
T00016363,Model_B,4.05,4.44,4.05,4.04,0
T00016365,Model_B,4.79,3.66,3.54,4.45,0
T00016366,Model_B,3.96,4.28,4.04,4.1,0
T00016367,Model_B,4.87,4.79,4.3,4.73,0
T00016368,Model_B,4.22,4.18,4.37,4.23,0
T00016374,Model_B,4.64,4.04,4.09,4.15,0
T00016376,Model_B,4.39,2.94,4.37,4.09,0
T00016377,Model_B,4.14,4.42,4.36,4.35,0
T00016379,Model_B,4.43,4.43,4.26,4.04,0
T00016382,Model_B,3.24,4.34,3.87,3.82,0
T00016384,Model_B,3.8,4.07,4.43,4.2,0
T00016385,Model_B,3.28,3.75,3.67,3.63,0
T00016387,Model_B,5.0,3.53,4.2,4.18,0
T00016388,Model_B,4.55,3.79,3.6,4.02,0
T00016389,Model_B,4.55,4.77,3.79,4.51,0
T00016394,Model_B,3.83,4.28,4.7,4.31,0
T00016395,Model_B,3.88,4.4,4.28,4.17,0
T00016396,Model_B,3.65,3.56,3.46,3.55,0
T00016397,Model_B,4.1,4.18,3.79,4.15,0
T00016401,Model_B,4.18,4.01,3.89,3.91,0
T00016403,Model_B,4.96,4.35,3.9,4.35,0
T00016404,Model_B,4.45,4.17,3.66,4.03,0
T00016406,Model_B,4.94,4.57,3.23,4.39,0
T00016411,Model_B,4.75,3.8,4.13,4.07,0
T00016413,Model_B,4.34,4.33,4.82,4.52,0
T00016423,Model_B,4.18,4.42,4.35,4.12,0
T00016425,Model_B,3.96,4.24,3.71,4.03,0
T00016426,Model_B,4.88,3.72,3.5,4.07,0
T00016427,Model_B,4.66,3.72,3.73,4.13,0
T00016428,Model_B,4.0,4.06,4.2,3.95,0
T00016431,Model_B,4.55,4.19,4.55,4.26,0
T00016432,Model_B,4.62,4.91,4.55,4.79,0
T00016435,Model_B,4.35,4.52,3.86,4.27,0
T00016436,Model_B,3.57,5.0,3.98,4.17,0
T00016441,Model_B,4.34,4.75,4.48,4.21,0
T00016442,Model_B,4.6,4.09,3.97,4.45,0
T00016447,Model_B,3.93,4.43,3.83,3.96,0
T00016451,Model_B,4.57,3.71,4.06,4.12,0
T00016458,Model_B,5.0,4.35,3.74,4.31,0
T00016464,Model_B,4.42,4.25,4.5,4.38,0
T00016469,Model_B,3.9,3.68,3.71,3.89,0
T00016471,Model_B,3.99,3.65,3.75,3.84,0
T00016478,Model_B,5.0,4.0,4.73,4.49,0
T00016481,Model_B,3.59,4.64,4.02,4.04,0
T00016483,Model_B,4.1,4.36,4.12,4.01,0
T00016486,Model_B,4.53,5.0,3.79,4.65,0
T00016487,Model_B,4.55,3.67,4.12,4.22,0
T00016492,Model_B,3.91,3.82,3.64,3.66,0
T00016495,Model_B,4.42,4.88,4.48,4.73,0
T00016496,Model_B,4.83,4.49,4.96,4.79,0
T00016500,Model_B,4.36,4.39,4.37,4.53,0
T00016501,Model_B,4.68,4.31,4.84,4.58,0
T00016502,Model_B,3.92,4.9,3.62,4.28,0
T00016504,Model_B,4.4,3.11,4.15,4.12,0
T00016505,Model_B,4.05,3.88,5.0,4.12,0
T00016507,Model_B,4.55,4.27,3.42,4.13,0
T00016508,Model_B,4.43,4.38,4.24,4.4,0
T00016509,Model_B,4.7,4.63,4.6,4.56,0
T00016510,Model_B,3.99,4.2,3.99,3.78,0
T00016511,Model_B,4.89,4.42,3.39,4.44,0
T00016514,Model_B,5.0,4.21,3.87,4.32,0
T00016517,Model_B,4.24,4.55,4.53,4.42,0
T00016519,Model_B,4.62,5.0,4.35,4.78,0
T00016529,Model_B,4.28,3.63,3.9,3.9,0
T00016530,Model_B,4.71,4.71,5.0,4.76,0
T00016538,Model_B,4.22,5.0,4.05,4.41,0
T00016541,Model_B,4.39,3.94,4.09,4.22,0
T00016545,Model_B,4.2,4.09,3.9,4.05,0
T00016550,Model_B,4.98,3.48,4.89,4.28,0
T00016552,Model_B,4.68,4.01,4.75,4.48,0
T00016557,Model_B,4.45,4.47,3.96,4.33,0
T00016559,Model_B,3.98,3.15,4.41,3.56,0
T00016561,Model_B,3.74,5.0,3.69,4.37,0
T00016567,Model_B,4.36,3.77,4.13,4.4,0
T00016575,Model_B,4.43,4.9,3.23,4.1,0
T00016578,Model_B,4.0,4.05,3.86,3.92,0
T00016579,Model_B,4.41,3.24,3.87,3.78,0
T00016580,Model_B,4.31,3.97,4.59,4.45,0
T00016582,Model_B,4.24,4.47,3.97,4.34,0
T00016587,Model_B,4.44,3.53,3.88,3.9,0
T00016589,Model_B,4.08,4.53,4.72,4.45,0
T00016591,Model_B,5.0,4.37,4.31,4.5,0
T00016592,Model_B,5.0,3.51,4.55,4.38,0
T00016597,Model_B,4.83,4.01,4.9,4.67,0
T00016599,Model_B,3.87,4.83,4.08,4.32,0
T00016605,Model_B,4.21,4.95,4.25,4.44,0
T00016610,Model_B,4.2,4.24,3.75,3.84,0
T00016616,Model_B,4.29,3.68,3.44,3.82,0
T00016621,Model_B,4.28,4.6,4.68,4.53,0
T00016626,Model_B,4.1,4.44,4.37,4.03,0
T00016630,Model_B,4.4,3.64,3.97,4.16,0
T00016632,Model_B,4.94,3.72,3.54,3.96,0
T00016633,Model_B,4.3,4.34,5.0,4.42,0
T00016638,Model_B,5.0,4.32,4.19,4.52,0
T00016640,Model_B,4.71,4.52,3.79,4.51,0
T00016642,Model_B,4.33,4.86,4.32,4.47,0
T00016644,Model_B,3.99,4.48,5.0,4.49,0
T00016645,Model_B,4.28,3.4,3.7,3.87,0
T00016648,Model_B,4.33,4.58,4.36,4.62,0
T00016649,Model_B,4.21,3.36,4.0,4.0,1
T00016653,Model_B,3.98,4.46,4.4,4.3,0
T00016654,Model_B,4.25,4.09,3.71,4.04,0
T00016655,Model_B,4.43,4.46,4.57,4.59,0
T00016657,Model_B,4.96,4.43,4.02,4.56,0
T00016660,Model_B,5.0,4.55,4.04,4.59,0
T00016663,Model_B,4.83,4.63,4.5,4.62,0
T00016665,Model_B,4.83,4.18,4.86,4.38,0
T00016668,Model_B,3.99,4.74,3.18,3.88,0
T00016672,Model_B,4.85,3.92,4.66,4.32,0
T00016676,Model_B,4.28,3.55,3.65,3.87,0
T00016680,Model_B,4.89,4.73,4.45,4.65,0
T00016681,Model_B,5.0,4.09,4.26,4.67,0
T00016682,Model_B,4.63,4.42,3.72,3.91,0
T00016684,Model_B,4.5,4.19,4.61,4.34,0
T00016686,Model_B,3.7,3.6,3.54,3.4,0
T00016687,Model_B,4.75,3.73,3.88,3.91,0
T00016688,Model_B,4.79,4.62,4.89,4.77,0
T00016690,Model_B,4.0,4.06,3.56,4.09,0
T00016693,Model_B,3.91,4.66,4.46,4.62,0
T00016697,Model_B,4.85,3.4,3.64,3.93,0
T00016700,Model_B,4.44,4.22,5.0,4.7,0
T00016702,Model_B,4.25,3.75,3.9,4.22,0
T00016703,Model_B,4.49,4.21,3.86,4.06,0
T00016705,Model_B,4.55,3.87,4.5,4.2,0
T00016711,Model_B,4.21,4.37,5.0,4.41,0
T00016712,Model_B,4.59,3.95,5.0,4.51,0
T00016714,Model_B,3.95,4.44,4.33,4.36,0
T00016719,Model_B,4.71,4.2,3.19,3.98,0
T00016723,Model_B,4.03,4.76,4.5,4.45,0
T00016725,Model_B,4.23,4.79,3.74,4.39,0
T00016731,Model_B,4.77,3.96,3.96,4.39,0
T00016735,Model_B,4.3,4.54,5.0,4.55,0
T00016738,Model_B,4.3,4.83,5.0,4.78,0
T00016741,Model_B,4.49,4.42,4.24,4.56,0
T00016743,Model_B,4.62,3.94,4.42,4.06,0
T00016745,Model_B,3.96,4.12,3.8,4.02,0
T00016751,Model_B,3.84,4.27,4.45,4.19,0
T00016755,Model_B,4.4,3.65,5.0,4.32,0
T00016759,Model_B,3.91,4.51,4.74,4.23,0
T00016762,Model_B,4.49,4.22,4.07,4.08,0
T00016765,Model_B,4.78,4.48,4.21,4.47,0
T00016768,Model_B,4.0,5.0,3.68,3.99,0
T00016770,Model_B,3.84,4.46,4.84,4.39,0
T00016772,Model_B,3.85,4.27,4.43,3.9,0
T00016774,Model_B,4.33,3.73,4.01,4.01,0
T00016777,Model_B,4.03,4.78,4.56,4.5,0
T00016778,Model_B,4.57,4.66,4.26,4.3,0
T00016781,Model_B,4.15,4.6,4.54,4.1,0
T00016787,Model_B,4.73,4.47,3.88,4.39,0
T00016789,Model_B,4.16,5.0,3.99,4.39,0
T00016790,Model_B,4.09,4.62,4.49,4.22,0
T00016793,Model_B,4.92,3.33,4.27,4.29,0
T00016794,Model_B,4.16,5.0,4.98,4.59,0
T00016796,Model_B,4.6,4.43,4.24,4.57,0
T00016798,Model_B,5.0,3.77,4.1,4.29,0
T00016799,Model_B,4.84,4.17,3.86,4.22,0
T00016800,Model_B,4.51,3.6,4.47,4.19,0
T00016803,Model_B,4.54,4.06,4.16,4.19,0
T00016809,Model_B,5.0,4.12,4.21,4.19,0
T00016810,Model_B,3.92,4.26,3.92,3.87,0
T00016811,Model_B,5.0,3.78,4.1,4.05,0
T00016814,Model_B,5.0,4.61,3.8,4.55,0
T00016816,Model_B,4.78,4.62,4.32,4.67,0
T00016817,Model_B,4.1,4.35,3.83,3.85,0
T00016821,Model_B,4.01,4.17,4.01,3.98,0
T00016823,Model_B,4.31,3.81,4.01,3.83,0
T00016825,Model_B,4.05,4.92,4.04,4.16,0
T00016826,Model_B,4.84,5.0,4.35,4.78,0
T00016828,Model_B,4.0,4.79,3.96,4.48,0
T00016830,Model_B,4.26,4.46,4.37,4.37,0
T00016843,Model_B,5.0,4.84,4.0,4.68,0
T00016845,Model_B,4.53,4.33,2.75,3.76,0
T00016854,Model_B,4.69,4.42,4.29,4.42,0
T00016856,Model_B,4.09,3.47,4.73,3.75,0
T00016858,Model_B,4.99,3.45,5.0,4.36,0
T00016859,Model_B,3.98,4.45,3.25,3.79,0
T00016860,Model_B,4.23,4.41,4.78,4.49,0
T00016862,Model_B,4.73,4.78,4.83,4.66,0
T00016867,Model_B,4.36,3.79,4.5,4.24,0
T00016875,Model_B,4.24,3.61,3.95,3.94,1
T00016877,Model_B,5.0,3.36,4.13,4.14,0
T00016879,Model_B,4.75,3.96,4.15,4.27,0
T00016885,Model_B,4.1,3.99,4.47,4.05,0
T00016886,Model_B,4.8,3.87,4.45,4.67,0
T00016888,Model_B,4.98,3.64,4.4,4.29,0
T00016890,Model_B,4.27,3.95,3.58,3.78,0
T00016896,Model_B,3.24,4.21,3.68,3.72,0
T00016897,Model_B,5.0,4.57,3.81,4.47,0
T00016899,Model_B,4.01,3.59,4.78,3.68,0
T00016904,Model_B,4.47,3.73,3.92,3.88,0
T00016907,Model_B,4.6,4.13,3.58,4.31,0
T00016911,Model_B,5.0,4.06,4.12,4.76,0
T00016917,Model_B,3.57,4.19,4.28,3.93,0
T00016925,Model_B,3.99,3.45,2.78,3.61,0
T00016926,Model_B,4.95,4.4,5.0,4.93,0
T00016933,Model_B,4.3,4.12,3.2,3.81,0
T00016934,Model_B,4.69,4.11,3.95,4.19,1
T00016937,Model_B,3.8,3.88,4.07,3.91,0
T00016941,Model_B,5.0,4.48,4.22,4.66,0
T00016942,Model_B,4.26,4.17,3.61,4.33,0
T00016951,Model_B,4.33,3.31,4.16,3.49,0
T00016952,Model_B,3.95,3.78,3.76,3.85,0
T00016956,Model_B,4.35,4.58,3.49,4.28,0
T00016957,Model_B,4.35,3.93,4.77,4.11,0
T00016959,Model_B,5.0,4.05,3.77,4.5,0
T00016960,Model_B,3.7,4.0,3.1,3.79,0
T00016962,Model_B,4.17,4.64,3.4,3.93,0
T00016964,Model_B,4.66,3.77,4.69,4.2,0
T00016965,Model_B,4.46,4.15,4.1,4.12,0
T00016966,Model_B,4.63,3.22,4.09,3.81,0
T00016969,Model_B,4.33,3.75,4.89,4.66,0
T00016970,Model_B,4.18,4.61,4.26,4.36,0
T00016971,Model_B,5.0,4.53,3.54,4.48,0
T00016973,Model_B,3.94,5.0,3.76,4.33,0
T00016974,Model_B,4.71,5.0,5.0,4.91,0
T00016975,Model_B,4.99,4.25,3.72,4.36,0
T00016987,Model_B,5.0,3.67,4.2,4.35,0
T00016990,Model_B,4.25,4.04,3.77,4.09,0
T00016993,Model_B,4.01,4.02,2.44,3.49,0
T00016994,Model_B,4.67,3.47,4.31,4.04,0
T00016995,Model_B,4.54,4.45,4.06,4.31,0
T00016997,Model_B,4.4,4.03,4.38,4.17,0
T00016999,Model_B,3.7,4.31,2.58,3.82,0
T00017012,Model_B,4.43,4.19,3.88,4.38,0
T00017015,Model_B,4.53,4.51,4.59,4.39,0
T00017016,Model_B,4.05,3.76,4.6,4.14,0
T00017022,Model_B,4.08,4.37,4.29,3.87,0
T00017023,Model_B,4.49,3.97,3.79,4.05,0
T00017026,Model_B,4.52,3.31,4.53,4.22,0
T00017028,Model_B,4.61,3.36,4.36,4.01,0
T00017031,Model_B,4.43,3.96,3.95,3.97,0
T00017033,Model_B,4.66,4.41,4.7,4.46,0
T00017034,Model_B,4.09,3.2,4.36,3.92,0
T00017037,Model_B,4.66,3.74,3.65,3.89,0
T00017041,Model_B,4.9,4.82,4.06,4.42,0
T00017042,Model_B,4.94,4.99,3.29,4.83,0
T00017050,Model_B,4.97,4.48,3.9,4.33,0
T00017051,Model_B,4.96,4.64,4.4,4.57,0
T00017053,Model_B,4.39,4.33,4.35,4.08,0
T00017059,Model_B,3.34,3.73,5.0,4.0,0
T00017061,Model_B,4.69,3.65,3.48,3.82,0
T00017067,Model_B,4.39,4.12,3.83,4.15,0
T00017068,Model_B,4.1,4.1,4.41,4.17,0
T00017069,Model_B,3.89,3.77,3.43,3.92,0
T00017071,Model_B,4.88,4.53,4.11,4.46,0
T00017074,Model_B,4.17,3.63,4.26,3.82,0
T00017076,Model_B,4.5,4.36,5.0,4.57,0
T00017079,Model_B,4.74,4.44,3.73,4.39,0
T00017090,Model_B,4.95,3.12,3.92,3.97,0
T00017092,Model_B,3.8,4.28,4.5,3.96,0
T00017097,Model_B,5.0,3.68,4.0,4.46,0
T00017103,Model_B,4.6,4.59,4.38,4.47,0
T00017104,Model_B,4.71,5.0,4.1,4.78,0
T00017109,Model_B,4.38,3.85,3.64,4.36,0
T00017117,Model_B,4.58,4.22,3.99,4.41,0
T00017119,Model_B,4.36,4.8,4.04,4.64,0
T00017120,Model_B,4.32,5.0,4.83,4.9,0
T00017121,Model_B,4.67,4.83,4.05,4.5,0
T00017122,Model_B,4.08,5.0,3.76,4.36,0
T00017124,Model_B,4.34,3.76,4.28,4.19,0
T00017126,Model_B,4.92,3.22,4.74,4.29,0
T00017130,Model_B,4.19,3.49,3.52,3.82,0
T00017131,Model_B,4.28,4.02,3.39,3.95,0
T00017132,Model_B,4.22,3.85,3.88,3.95,0
T00017134,Model_B,4.26,3.62,3.51,4.01,0
T00017138,Model_B,3.43,4.54,3.15,3.91,0
T00017139,Model_B,5.0,3.0,4.84,4.35,0
T00017149,Model_B,5.0,4.22,3.57,4.25,0
T00017154,Model_B,3.52,3.73,3.78,3.5,0
T00017162,Model_B,4.12,3.75,3.92,3.99,0
T00017163,Model_B,3.79,3.82,4.85,4.41,0
T00017166,Model_B,4.18,4.25,3.76,4.2,0
T00017168,Model_B,4.23,3.92,4.63,4.31,0
T00017171,Model_B,3.95,4.42,4.29,4.27,0
T00017175,Model_B,5.0,4.25,3.97,4.64,0
T00017176,Model_B,4.42,4.49,4.2,4.67,0
T00017179,Model_B,5.0,4.56,4.87,5.0,0
T00017185,Model_B,4.96,3.77,3.74,3.98,0
T00017186,Model_B,4.9,5.0,3.6,4.68,0
T00017190,Model_B,4.47,4.14,4.12,4.15,0
T00017194,Model_B,4.18,4.01,3.67,3.97,0
T00017199,Model_B,3.9,4.4,3.87,4.22,0
T00017202,Model_B,5.0,3.77,3.51,4.37,0
T00017205,Model_B,4.24,3.78,4.54,4.34,0
T00017209,Model_B,4.08,3.64,4.1,3.92,0
T00017211,Model_B,4.96,5.0,4.34,4.86,0
T00017213,Model_B,4.84,3.5,4.6,4.18,0
T00017215,Model_B,4.52,4.27,3.95,4.28,0
T00017219,Model_B,4.02,3.6,4.37,4.25,0
T00017225,Model_B,4.54,4.2,4.5,4.81,0
T00017227,Model_B,5.0,4.5,3.98,4.58,0
T00017229,Model_B,4.58,4.88,4.01,4.5,0
T00017230,Model_B,4.45,3.6,3.84,4.11,0
T00017231,Model_B,4.66,4.37,4.66,4.4,0
T00017233,Model_B,4.7,5.0,3.82,4.56,0
T00017234,Model_B,4.46,4.8,4.63,4.49,0
T00017235,Model_B,4.9,4.86,4.19,4.45,0
T00017236,Model_B,4.18,4.12,4.6,4.27,0
T00017239,Model_B,4.53,4.48,3.34,3.89,0
T00017245,Model_B,4.22,4.73,4.1,4.32,0
T00017246,Model_B,4.88,4.64,4.72,4.66,0
T00017247,Model_B,4.35,4.04,4.83,4.4,0
T00017250,Model_B,4.42,3.52,4.52,4.08,0
T00017254,Model_B,5.0,4.33,3.76,4.39,0
T00017267,Model_B,3.23,5.0,3.65,3.94,0
T00017268,Model_B,4.03,3.87,3.33,3.69,0
T00017270,Model_B,3.85,5.0,3.88,4.28,0
T00017274,Model_B,4.15,3.54,4.49,4.07,0
T00017275,Model_B,4.05,3.97,4.62,4.09,0
T00017279,Model_B,4.28,3.9,5.0,4.28,0
T00017281,Model_B,3.94,4.84,3.73,4.3,0
T00017284,Model_B,4.59,4.74,4.76,4.61,0
T00017285,Model_B,4.85,3.51,4.14,4.06,0
T00017292,Model_B,4.34,4.54,3.69,4.46,0
T00017297,Model_B,4.43,4.39,3.44,4.21,0
T00017300,Model_B,3.7,4.35,4.02,3.83,0
T00017302,Model_B,3.27,3.8,4.19,3.66,0
T00017311,Model_B,4.64,4.49,3.79,4.31,0
T00017314,Model_B,4.05,4.38,4.44,4.1,0
T00017315,Model_B,4.43,4.38,3.21,4.35,0
T00017320,Model_B,5.0,4.12,3.6,4.57,0
T00017326,Model_B,4.47,5.0,3.9,4.5,0
T00017328,Model_B,4.96,3.64,3.62,3.78,0
T00017336,Model_B,3.93,4.14,3.71,4.26,0
T00017338,Model_B,4.76,4.95,5.0,4.84,0
T00017340,Model_B,4.8,4.75,2.83,4.34,0
T00017342,Model_B,5.0,3.92,4.21,4.3,0
T00017344,Model_B,5.0,4.08,3.8,3.99,0
T00017347,Model_B,5.0,3.7,3.72,4.25,0
T00017348,Model_B,4.44,3.79,3.54,4.02,1
T00017349,Model_B,4.13,3.9,4.41,4.27,0
T00017355,Model_B,4.71,3.88,3.98,4.08,0
T00017357,Model_B,4.26,3.89,4.72,4.22,0
T00017360,Model_B,4.21,3.91,3.93,4.19,0
T00017363,Model_B,5.0,3.97,4.66,4.61,0
T00017366,Model_B,4.46,3.18,4.05,3.85,0
T00017370,Model_B,4.6,4.61,3.73,4.33,0
T00017373,Model_B,4.06,4.14,4.38,4.21,0
T00017374,Model_B,5.0,4.71,4.26,4.71,0
T00017376,Model_B,5.0,4.06,4.04,4.35,0
T00017377,Model_B,4.03,4.45,3.73,3.65,0
T00017381,Model_B,3.05,4.71,3.83,3.82,0
T00017387,Model_B,4.63,4.27,4.07,4.11,0
T00017393,Model_B,3.97,4.51,4.47,3.98,0
T00017395,Model_B,3.57,4.29,4.0,4.13,0
T00017396,Model_B,4.92,3.99,3.74,4.48,0
T00017398,Model_B,4.69,4.16,3.48,4.17,0
T00017401,Model_B,3.7,4.78,4.41,4.2,0
T00017405,Model_B,3.49,4.61,3.98,4.12,0
T00017406,Model_B,4.44,4.06,4.51,4.14,0
T00017410,Model_B,4.14,4.58,3.35,4.14,0
T00017412,Model_B,4.34,4.05,4.59,4.58,0
T00017419,Model_B,5.0,4.76,4.12,4.47,0
T00017420,Model_B,4.34,4.47,3.3,4.01,0
T00017425,Model_B,4.1,4.03,4.83,4.65,0
T00017428,Model_B,5.0,5.0,4.14,4.69,0
T00017430,Model_B,3.75,4.1,3.94,4.06,0
T00017437,Model_B,4.52,4.13,3.96,4.38,0
T00017439,Model_B,4.49,3.92,3.97,4.29,0
T00017441,Model_B,4.47,4.06,4.55,4.39,0
T00017444,Model_B,4.55,5.0,3.81,4.02,0
T00017447,Model_B,4.29,4.33,3.83,4.15,0
T00017448,Model_B,4.3,3.49,4.15,3.7,0
T00017451,Model_B,4.03,3.86,3.92,4.11,0
T00017459,Model_B,4.26,3.95,4.52,4.18,0
T00017470,Model_B,4.82,4.21,3.96,4.27,0
T00017471,Model_B,4.49,3.25,4.22,3.72,0
T00017474,Model_B,4.35,3.86,3.63,3.68,1
T00017475,Model_B,3.57,4.2,3.35,3.59,0
T00017476,Model_B,4.74,4.1,4.17,4.33,0
T00017477,Model_B,4.81,3.92,4.62,4.48,0
T00017478,Model_B,4.28,3.61,4.23,3.9,0
T00017479,Model_B,4.35,4.53,3.89,4.22,0
T00017484,Model_B,5.0,4.76,3.49,4.68,0
T00017486,Model_B,4.28,3.74,4.46,4.09,0
T00017487,Model_B,4.68,3.66,3.92,4.09,0
T00017488,Model_B,4.19,4.92,3.74,4.39,0
T00017491,Model_B,5.0,3.74,3.84,4.39,0
T00017492,Model_B,4.78,3.43,4.31,4.26,0
T00017494,Model_B,3.46,3.99,5.0,3.97,0
T00017495,Model_B,5.0,4.5,4.9,4.88,0
T00017496,Model_B,4.64,4.23,4.63,4.5,0
T00017497,Model_B,4.63,5.0,3.57,4.37,0
T00017504,Model_B,4.5,3.85,4.63,4.43,0
T00017515,Model_B,4.11,3.85,3.78,3.91,0
T00017519,Model_B,4.75,4.91,4.8,4.9,0
T00017521,Model_B,4.51,4.05,4.02,4.31,0
T00017524,Model_B,3.52,5.0,4.25,4.23,0
T00017529,Model_B,3.95,4.35,3.82,4.11,0
T00017530,Model_B,5.0,4.23,3.73,4.38,0
T00017533,Model_B,4.67,3.92,4.44,4.25,0
T00017537,Model_B,4.72,4.6,3.54,4.2,0
T00017538,Model_B,4.81,4.54,4.02,4.21,0
T00017541,Model_B,4.32,3.27,4.09,4.07,0
T00017545,Model_B,4.88,4.09,3.29,4.3,0
T00017548,Model_B,4.59,4.63,4.3,4.35,0
T00017550,Model_B,3.77,4.5,4.46,4.23,0
T00017551,Model_B,4.85,3.76,4.53,4.4,0
T00017558,Model_B,3.52,4.29,5.0,4.14,0
T00017563,Model_B,5.0,3.78,3.47,4.22,0
T00017567,Model_B,4.36,4.34,4.18,4.6,0
T00017571,Model_B,4.06,3.9,3.98,4.01,0
T00017574,Model_B,4.89,4.11,4.69,4.7,0
T00017580,Model_B,3.9,3.77,4.51,4.11,0
T00017584,Model_B,4.81,3.71,4.19,4.1,0
T00017585,Model_B,4.08,3.82,4.49,4.2,0
T00017588,Model_B,4.78,3.9,4.31,4.75,0
T00017589,Model_B,5.0,3.03,4.16,4.03,0
T00017591,Model_B,4.35,4.41,3.94,4.33,0
T00017592,Model_B,4.48,4.16,3.77,4.24,0
T00017594,Model_B,3.91,3.84,4.21,3.79,0
T00017598,Model_B,4.8,3.9,3.96,4.65,0
T00017600,Model_B,3.66,4.06,4.78,4.15,0
T00017601,Model_B,5.0,4.78,4.01,4.45,0
T00017605,Model_B,3.98,4.58,3.25,4.0,0
T00017606,Model_B,4.97,4.96,4.02,4.6,0
T00017622,Model_B,4.62,3.86,2.6,3.85,0
T00017624,Model_B,3.62,4.67,4.34,4.12,0
T00017625,Model_B,3.71,5.0,4.82,4.43,0
T00017626,Model_B,4.64,4.09,3.57,4.0,0
T00017628,Model_B,4.92,4.59,4.79,5.0,0
T00017629,Model_B,4.05,4.3,3.86,4.31,0
T00017635,Model_B,4.22,4.87,4.95,5.0,0
T00017637,Model_B,3.87,4.51,3.63,3.7,0
T00017641,Model_B,4.31,4.47,4.1,4.29,0
T00017643,Model_B,4.65,3.57,4.2,4.01,0
T00017644,Model_B,4.34,4.97,3.42,4.09,0
T00017645,Model_B,4.38,4.68,3.84,4.34,0
T00017646,Model_B,4.1,4.89,4.67,4.68,0
T00017648,Model_B,4.23,4.4,4.03,3.87,0
T00017650,Model_B,3.96,3.94,4.05,3.93,0
T00017651,Model_B,5.0,4.9,4.64,4.98,0
T00017652,Model_B,4.94,4.06,3.12,4.14,0
T00017661,Model_B,4.57,4.38,4.23,4.52,0
T00017663,Model_B,3.92,4.41,4.45,4.36,0
T00017667,Model_B,4.65,3.43,3.89,4.08,0
T00017668,Model_B,3.89,3.94,4.43,4.01,0
T00017672,Model_B,3.88,3.74,4.42,3.88,0
T00017673,Model_B,4.48,4.24,3.76,4.14,0
T00017677,Model_B,4.99,4.56,4.36,4.64,0
T00017679,Model_B,4.8,4.54,3.69,4.56,0
T00017680,Model_B,4.11,4.02,3.78,3.75,0
T00017684,Model_B,4.52,3.39,4.8,4.04,0
T00017688,Model_B,4.37,4.86,3.79,4.21,0
T00017690,Model_B,5.0,4.72,4.48,4.25,0
T00017691,Model_B,3.76,5.0,5.0,4.33,0
T00017695,Model_B,3.85,3.91,4.67,4.22,0
T00017700,Model_B,4.54,3.87,3.98,4.27,0
T00017703,Model_B,4.91,4.37,3.47,4.29,0
T00017708,Model_B,4.33,3.58,4.33,4.08,0
T00017709,Model_B,4.81,4.16,4.16,4.22,0
T00017710,Model_B,3.46,4.43,3.56,3.69,0
T00017711,Model_B,4.84,3.7,4.61,4.4,0
T00017717,Model_B,3.81,4.59,4.88,4.38,0
T00017719,Model_B,4.24,4.52,3.4,4.27,0
T00017721,Model_B,4.25,3.89,4.76,4.26,0
T00017722,Model_B,3.85,3.92,3.46,3.83,0
T00017724,Model_B,3.57,3.65,4.69,4.21,0
T00017725,Model_B,4.4,4.17,3.5,4.15,0
T00017727,Model_B,4.68,4.39,4.65,4.43,0
T00017730,Model_B,5.0,3.86,4.14,4.52,0
T00017731,Model_B,4.85,4.73,4.42,4.89,0
T00017734,Model_B,4.36,3.79,4.39,4.25,0
T00017736,Model_B,3.68,4.95,4.01,3.83,0
T00017737,Model_B,4.5,4.01,4.42,4.07,0
T00017740,Model_B,5.0,4.03,4.17,4.51,0
T00017743,Model_B,4.19,3.48,3.11,3.6,0
T00017748,Model_B,4.28,4.46,4.13,4.23,0
T00017749,Model_B,3.85,4.15,4.34,4.06,0
T00017751,Model_B,3.51,4.08,4.19,3.76,0
T00017753,Model_B,4.88,3.44,4.58,4.06,0
T00017754,Model_B,4.69,4.02,3.24,4.01,0
T00017755,Model_B,3.83,4.18,3.88,3.74,0
T00017756,Model_B,4.3,4.96,4.07,4.59,0
T00017757,Model_B,4.58,3.91,3.76,4.36,0
T00017758,Model_B,4.53,3.87,4.62,4.32,0
T00017759,Model_B,3.6,4.58,4.73,4.14,0
T00017761,Model_B,4.08,4.67,4.04,4.43,0
T00017762,Model_B,4.26,3.25,3.2,3.71,0
T00017766,Model_B,4.53,4.14,4.19,4.4,1
T00017767,Model_B,4.57,4.26,4.04,4.34,0
T00017768,Model_B,5.0,4.19,3.82,4.35,0
T00017772,Model_B,4.32,3.99,4.51,4.39,0
T00017774,Model_B,4.19,3.98,4.07,3.96,0
T00017778,Model_B,4.85,3.95,4.52,4.4,0
T00017779,Model_B,3.91,4.13,4.12,4.06,0
T00017781,Model_B,5.0,3.83,4.28,4.71,0
T00017782,Model_B,4.95,3.76,3.91,4.2,0
T00017786,Model_B,3.81,4.53,4.53,4.37,0
T00017788,Model_B,4.99,4.29,4.32,4.28,0
T00017793,Model_B,4.56,5.0,3.83,4.28,0
T00017794,Model_B,3.56,5.0,4.0,4.31,0
T00017796,Model_B,4.14,5.0,4.02,4.38,0
T00017802,Model_B,4.24,4.46,4.58,4.89,0
T00017810,Model_B,5.0,3.66,5.0,4.59,0
T00017811,Model_B,4.4,4.75,4.53,4.61,0
T00017813,Model_B,4.61,4.9,3.75,4.65,0
T00017816,Model_B,4.63,4.09,4.87,4.38,0
T00017817,Model_B,4.13,5.0,4.46,4.75,0
T00017819,Model_B,4.73,4.83,3.63,4.62,0
T00017830,Model_B,4.85,4.44,5.0,4.68,0
T00017831,Model_B,5.0,4.15,3.86,4.71,0
T00017832,Model_B,4.23,4.59,3.61,4.3,0
T00017834,Model_B,4.24,3.74,3.31,3.72,0
T00017838,Model_B,4.32,3.97,3.93,4.0,0
T00017851,Model_B,4.87,3.98,4.91,4.79,0
T00017854,Model_B,4.32,3.29,3.06,3.62,0
T00017857,Model_B,4.59,4.16,3.76,4.23,0
T00017860,Model_B,4.4,4.08,4.61,4.32,0
T00017861,Model_B,4.72,3.49,3.65,3.89,0
T00017862,Model_B,4.48,3.81,5.0,4.59,0
T00017869,Model_B,4.0,4.44,3.05,3.82,0
T00017870,Model_B,3.83,4.27,4.49,4.09,0
T00017873,Model_B,4.47,3.64,4.68,3.9,0
T00017880,Model_B,4.99,4.57,4.11,4.75,0
T00017890,Model_B,4.78,4.73,3.54,4.56,0
T00017893,Model_B,3.8,4.47,3.76,4.27,0
T00017895,Model_B,4.53,3.06,3.57,3.93,0
T00017897,Model_B,4.64,4.51,4.02,4.22,0
T00017898,Model_B,4.72,4.01,4.0,4.38,0
T00017901,Model_B,4.77,3.94,3.72,4.29,0
T00017903,Model_B,4.43,4.72,3.92,4.34,0
T00017905,Model_B,4.63,4.5,3.76,4.24,0
T00017906,Model_B,4.37,4.67,3.94,4.42,0
T00017911,Model_B,5.0,3.26,3.47,3.91,0
T00017912,Model_B,4.5,4.3,4.82,4.51,0
T00017914,Model_B,5.0,4.32,4.56,4.71,0
T00017915,Model_B,4.07,4.16,3.98,3.99,0
T00017916,Model_B,4.52,4.38,5.0,4.46,0
T00017917,Model_B,4.49,4.63,3.31,3.68,0
T00017920,Model_B,4.4,4.67,4.61,4.75,0
T00017921,Model_B,4.18,4.84,4.74,4.45,0
T00017922,Model_B,4.25,4.6,4.47,4.49,0
T00017925,Model_B,4.25,4.22,4.78,4.47,0
T00017927,Model_B,4.11,5.0,4.54,4.63,0
T00017932,Model_B,4.59,3.41,3.55,3.79,0
T00017935,Model_B,4.68,4.97,4.21,4.58,0
T00017938,Model_B,4.41,4.06,4.81,4.23,0
T00017942,Model_B,4.61,4.69,4.79,4.89,0
T00017951,Model_B,4.47,3.87,4.32,4.3,0
T00017952,Model_B,4.27,4.07,3.9,4.26,0
T00017954,Model_B,4.29,4.09,3.92,4.41,0
T00017955,Model_B,4.67,4.77,4.13,4.72,0
T00017957,Model_B,4.44,4.13,3.98,4.29,0
T00017958,Model_B,5.0,4.46,3.7,4.34,0
T00017959,Model_B,4.35,3.98,4.19,3.91,0
T00017960,Model_B,5.0,3.77,4.53,4.63,0
T00017963,Model_B,4.18,3.9,4.17,3.81,0
T00017964,Model_B,4.21,4.12,4.43,4.18,0
T00017966,Model_B,4.84,3.74,4.24,4.42,0
T00017975,Model_B,5.0,4.61,4.03,4.57,0
T00017977,Model_B,5.0,4.65,3.96,4.66,0
T00017978,Model_B,4.09,3.73,4.58,4.01,0
T00017982,Model_B,4.41,4.2,4.15,4.2,0
T00017984,Model_B,5.0,4.6,3.86,4.42,0
T00017990,Model_B,4.56,4.92,4.19,4.55,0
T00017994,Model_B,4.4,3.36,4.59,4.14,0
T00017998,Model_B,4.09,3.96,4.03,3.84,0
T00018003,Model_B,4.31,4.27,4.85,4.61,0
T00018004,Model_B,3.57,4.34,4.39,4.14,0
T00018005,Model_B,4.88,4.32,3.3,4.14,0
T00018007,Model_B,4.09,3.77,3.43,3.73,0
T00018008,Model_B,4.39,4.12,3.71,4.07,0
T00018010,Model_B,3.91,4.22,4.56,4.15,0
T00018017,Model_B,4.5,3.73,3.46,3.98,0
T00018019,Model_B,5.0,4.59,4.48,4.58,0
T00018020,Model_B,4.92,3.31,3.89,3.92,0
T00018022,Model_B,5.0,4.07,3.38,4.06,0
T00018027,Model_B,4.17,4.77,4.92,4.62,0
T00018028,Model_B,4.28,4.69,4.39,4.44,0
T00018029,Model_B,3.91,4.45,4.4,4.29,0
T00018035,Model_B,4.29,4.47,3.53,3.97,0
T00018045,Model_B,2.54,4.3,3.29,3.54,0
T00018046,Model_B,4.49,3.59,4.03,3.91,0
T00018048,Model_B,4.23,3.88,4.54,3.98,0
T00018052,Model_B,4.92,4.31,5.0,4.66,0
T00018054,Model_B,3.92,4.06,4.16,4.18,0
T00018055,Model_B,3.69,4.0,4.55,3.97,0
T00018057,Model_B,4.45,4.84,4.15,4.52,0
T00018058,Model_B,4.11,4.54,4.43,4.36,0
T00018063,Model_B,4.63,3.26,3.38,4.07,0
T00018066,Model_B,3.95,3.7,4.5,4.12,0
T00018069,Model_B,4.11,4.19,4.77,4.32,0
T00018070,Model_B,4.65,3.61,4.41,4.37,0
T00018071,Model_B,4.85,4.2,3.51,4.36,0
T00018074,Model_B,4.68,3.61,3.14,4.12,0
T00018075,Model_B,4.17,3.71,4.38,3.91,0
T00018078,Model_B,3.71,3.49,3.66,3.69,0
T00018080,Model_B,4.26,4.15,4.22,4.37,0
T00018083,Model_B,4.83,4.34,3.92,4.46,0
T00018084,Model_B,4.53,4.16,3.93,4.03,0
T00018085,Model_B,4.5,3.56,4.18,4.04,0
T00018087,Model_B,5.0,4.19,4.52,4.29,0
T00018089,Model_B,4.21,4.04,3.25,3.62,0
T00018092,Model_B,4.4,4.97,3.82,4.36,0
T00018094,Model_B,4.99,4.0,4.1,4.17,0
T00018097,Model_B,4.75,4.7,4.16,4.76,0
T00018098,Model_B,3.31,4.69,4.36,4.22,0
T00018103,Model_B,4.17,4.69,3.68,4.06,0
T00018104,Model_B,3.74,3.79,3.92,4.03,0
T00018107,Model_B,3.94,4.52,3.17,3.86,0
T00018110,Model_B,3.85,5.0,3.59,4.1,0
T00018111,Model_B,3.5,3.78,4.67,3.64,0
T00018118,Model_B,4.47,3.32,4.06,3.96,0
T00018121,Model_B,4.74,4.42,3.82,4.49,0
T00018123,Model_B,4.83,4.09,3.78,4.44,0
T00018127,Model_B,3.82,4.97,4.29,4.4,0
T00018128,Model_B,4.57,4.25,3.4,4.42,0
T00018130,Model_B,4.37,4.29,3.17,3.92,0
T00018132,Model_B,4.5,4.79,4.21,4.64,0
T00018134,Model_B,4.57,3.71,3.73,3.9,0
T00018136,Model_B,4.5,4.38,4.49,4.16,0
T00018139,Model_B,4.23,4.91,4.71,4.62,0
T00018142,Model_B,4.48,3.98,3.71,4.23,0
T00018144,Model_B,3.55,5.0,4.44,4.36,0
T00018145,Model_B,4.83,3.68,3.83,4.09,0
T00018146,Model_B,4.26,4.4,3.96,4.46,0
T00018150,Model_B,4.4,3.73,3.84,3.94,0
T00018151,Model_B,4.68,4.28,3.67,4.55,0
T00018153,Model_B,4.9,3.59,3.78,4.07,0
T00018155,Model_B,4.94,4.85,4.19,4.97,0
T00018157,Model_B,4.31,3.8,4.03,4.15,0
T00018159,Model_B,4.17,3.98,4.28,3.91,0
T00018162,Model_B,4.96,3.53,3.76,4.58,0
T00018164,Model_B,4.47,3.42,4.52,3.92,0
T00018166,Model_B,3.79,4.26,4.27,3.68,0
T00018170,Model_B,4.22,3.32,3.84,3.9,0
T00018174,Model_B,5.0,4.01,3.69,4.38,0
T00018178,Model_B,4.73,4.37,4.09,4.46,0
T00018179,Model_B,4.41,4.5,4.29,4.45,0
T00018180,Model_B,4.34,3.74,2.72,3.4,0
T00018183,Model_B,4.56,4.88,4.24,4.42,0
T00018184,Model_B,4.04,4.37,3.48,3.64,0
T00018187,Model_B,4.45,4.11,4.4,4.48,0
T00018189,Model_B,4.25,4.41,3.84,4.04,0
T00018194,Model_B,4.69,4.3,3.69,4.11,0
T00018195,Model_B,4.4,3.52,5.0,4.38,0
T00018196,Model_B,4.28,4.66,4.75,4.76,0
T00018198,Model_B,4.7,4.58,4.14,4.34,0
T00018199,Model_B,4.33,4.33,4.28,4.11,0
T00018200,Model_B,5.0,4.79,3.86,4.62,0
T00018202,Model_B,4.04,4.17,2.88,3.81,0
T00018203,Model_B,4.92,4.49,4.26,4.73,0
T00018206,Model_B,3.85,3.84,3.57,3.81,0
T00018207,Model_B,4.29,4.42,5.0,4.25,0
T00018209,Model_B,3.84,3.61,4.86,3.93,0
T00018211,Model_B,4.62,3.75,3.97,4.08,0
T00018212,Model_B,4.0,3.94,5.0,4.29,0
T00018213,Model_B,3.99,5.0,4.19,4.33,0
T00018214,Model_B,4.32,3.62,4.14,3.97,0
T00018215,Model_B,3.67,4.61,3.91,4.04,0
T00018219,Model_B,4.4,4.56,4.01,4.34,0
T00018224,Model_B,5.0,3.83,3.35,4.31,0
T00018232,Model_B,4.86,4.41,4.04,4.57,0
T00018238,Model_B,4.52,4.71,4.11,4.44,0
T00018243,Model_B,4.42,4.52,3.73,4.28,0
T00018246,Model_B,3.96,3.79,4.25,3.87,0
T00018247,Model_B,5.0,4.22,4.12,4.54,0
T00018251,Model_B,3.99,4.5,4.47,4.51,0
T00018253,Model_B,4.36,5.0,4.44,4.87,0
T00018255,Model_B,4.43,4.64,4.74,4.74,0
T00018265,Model_B,4.84,4.33,4.8,4.7,0
T00018268,Model_B,5.0,3.78,3.9,4.13,0
T00018283,Model_B,4.54,4.15,4.62,4.73,0
T00018285,Model_B,4.34,3.67,4.47,3.86,0
T00018288,Model_B,4.67,3.92,4.59,4.53,0
T00018290,Model_B,4.47,4.29,4.16,4.46,0
T00018295,Model_B,4.39,4.3,4.04,4.55,0
T00018302,Model_B,4.29,3.53,4.51,4.12,0
T00018304,Model_B,4.08,4.62,5.0,4.36,0
T00018313,Model_B,4.17,3.36,3.54,3.6,0
T00018315,Model_B,4.29,4.42,4.75,4.25,0
T00018319,Model_B,4.9,3.25,3.32,4.03,1
T00018323,Model_B,3.83,3.33,4.18,3.78,0
T00018324,Model_B,4.46,4.02,4.51,4.48,0
T00018332,Model_B,4.77,3.53,3.95,4.35,0
T00018336,Model_B,4.23,3.61,3.32,3.74,0
T00018339,Model_B,3.59,3.09,3.32,3.62,0
T00018340,Model_B,4.35,4.47,3.95,4.33,0
T00018341,Model_B,3.77,4.85,4.53,4.24,0
T00018342,Model_B,4.01,4.44,3.78,4.16,0
T00018346,Model_B,3.36,4.49,4.77,4.28,0
T00018356,Model_B,4.42,4.23,4.29,3.87,0
T00018371,Model_B,3.5,4.0,4.16,3.79,0
T00018374,Model_B,4.13,3.59,4.46,4.02,0
T00018376,Model_B,4.2,3.98,3.21,4.07,0
T00018378,Model_B,5.0,4.28,4.11,4.54,0
T00018379,Model_B,3.98,4.83,4.25,4.11,0
T00018381,Model_B,5.0,3.93,2.98,4.21,0
T00018388,Model_B,4.92,4.45,4.92,4.67,0
T00018391,Model_B,4.68,3.98,5.0,4.57,0
T00018396,Model_B,4.15,5.0,3.39,4.45,0
T00018398,Model_B,4.33,4.74,4.57,4.62,0
T00018399,Model_B,5.0,4.56,4.53,4.85,0
T00018400,Model_B,4.61,4.93,3.5,4.47,0
T00018402,Model_B,4.64,3.48,4.6,4.29,0
T00018406,Model_B,4.12,4.08,4.07,4.26,0
T00018408,Model_B,4.94,3.95,4.15,4.19,1
T00018411,Model_B,4.85,4.54,4.38,4.67,0
T00018412,Model_B,4.97,3.94,4.22,4.39,0
T00018413,Model_B,3.42,4.38,3.78,3.8,0
T00018416,Model_B,4.08,4.65,3.74,3.82,0
T00018417,Model_B,4.38,4.28,3.53,4.07,0
T00018419,Model_B,4.75,3.65,3.94,4.4,0
T00018423,Model_B,3.49,3.36,3.9,3.41,0
T00018432,Model_B,3.9,5.0,4.57,4.64,1
T00018438,Model_B,4.31,4.55,4.27,4.38,0
T00018442,Model_B,3.89,4.76,3.48,4.0,0
T00018443,Model_B,4.59,4.05,3.36,4.03,0
T00018445,Model_B,4.44,4.42,3.71,3.9,0
T00018447,Model_B,3.7,4.65,4.49,4.4,0
T00018452,Model_B,4.34,3.85,3.55,4.11,0
T00018454,Model_B,3.62,3.8,4.55,3.82,0
T00018457,Model_B,4.63,4.42,3.78,4.23,0
T00018459,Model_B,4.52,3.87,4.79,4.51,0
T00018464,Model_B,5.0,4.16,4.12,4.52,0
T00018465,Model_B,4.85,5.0,3.97,4.63,0
T00018470,Model_B,4.3,3.83,4.18,4.26,0
T00018471,Model_B,3.99,4.64,3.45,4.14,0
T00018478,Model_B,4.82,4.65,4.92,5.0,0
T00018479,Model_B,5.0,4.6,3.99,4.44,0
T00018482,Model_B,4.55,3.91,3.76,3.98,0
T00018483,Model_B,4.79,3.41,3.69,4.09,0
T00018484,Model_B,4.34,4.27,4.52,4.02,0
T00018485,Model_B,4.74,4.89,4.53,4.92,0
T00018488,Model_B,4.22,4.02,2.98,4.17,0
T00018490,Model_B,5.0,3.7,3.87,4.32,0
T00018492,Model_B,4.96,3.96,4.24,4.19,0
T00018498,Model_B,4.71,4.64,4.97,5.0,0
T00018499,Model_B,4.29,3.95,4.05,4.15,0
T00018500,Model_B,3.55,4.17,3.95,3.64,0
T00018506,Model_B,4.86,3.99,3.91,4.14,0
T00018507,Model_B,4.58,4.02,4.27,4.61,0
T00018509,Model_B,4.51,4.34,3.99,4.36,0
T00018510,Model_B,3.7,5.0,4.27,4.02,0
T00018511,Model_B,4.02,3.63,4.72,4.29,0
T00018512,Model_B,4.58,4.09,3.61,3.93,0
T00018513,Model_B,3.88,4.23,4.42,4.2,0
T00018517,Model_B,4.21,4.46,3.65,4.24,0
T00018518,Model_B,3.37,4.56,4.58,4.14,0
T00018523,Model_B,3.66,3.71,3.31,3.65,0
T00018524,Model_B,4.16,4.2,3.28,3.77,0
T00018525,Model_B,4.57,4.42,4.03,4.26,0
T00018526,Model_B,4.5,3.16,4.59,4.12,0
T00018527,Model_B,4.25,4.27,3.42,4.08,0
T00018531,Model_B,4.25,3.82,4.25,4.13,0
T00018536,Model_B,4.34,4.1,5.0,4.43,0
T00018541,Model_B,4.98,4.52,5.0,4.96,0
T00018546,Model_B,4.24,4.33,4.17,4.25,0
T00018554,Model_B,4.23,4.21,4.14,4.08,0
T00018557,Model_B,2.78,4.01,4.49,3.63,0
T00018558,Model_B,4.71,3.37,3.54,4.06,0
T00018559,Model_B,4.77,4.3,3.84,4.39,0
T00018562,Model_B,4.49,4.91,3.64,4.45,0
T00018563,Model_B,4.39,4.28,3.52,4.13,0
T00018565,Model_B,4.87,3.84,4.08,4.25,0
T00018566,Model_B,4.88,4.02,3.86,4.18,0
T00018573,Model_B,4.85,4.16,4.48,4.47,0
T00018574,Model_B,5.0,3.8,4.2,4.37,0
T00018575,Model_B,4.78,4.73,3.93,4.69,0
T00018576,Model_B,4.66,5.0,3.88,4.62,0
T00018578,Model_B,4.5,4.07,4.3,4.25,0
T00018581,Model_B,4.17,3.96,3.97,4.06,0
T00018589,Model_B,4.35,4.25,4.31,4.01,0
T00018591,Model_B,4.54,4.02,4.33,4.33,0
T00018599,Model_B,4.38,3.88,4.44,4.32,0
T00018604,Model_B,4.06,4.15,4.07,4.46,0
T00018606,Model_B,4.75,3.69,3.96,4.19,0
T00018608,Model_B,4.43,4.55,4.34,4.43,0
T00018610,Model_B,4.56,4.08,4.11,4.31,0
T00018611,Model_B,4.73,4.17,4.59,4.32,0
T00018616,Model_B,3.98,4.2,3.44,3.87,0
T00018617,Model_B,4.57,4.56,4.32,4.6,0
T00018621,Model_B,4.47,4.13,4.04,4.32,0
T00018625,Model_B,4.59,3.99,4.68,4.61,0
T00018628,Model_B,4.31,4.32,4.47,4.57,0
T00018633,Model_B,4.39,4.55,3.89,4.29,0
T00018637,Model_B,3.72,4.12,4.81,4.04,0
T00018638,Model_B,4.64,3.6,3.86,3.94,0
T00018639,Model_B,4.24,3.86,3.94,3.85,0
T00018642,Model_B,3.99,4.14,4.06,4.12,0
T00018643,Model_B,5.0,4.57,4.36,4.63,0
T00018644,Model_B,4.08,4.32,4.16,4.18,0
T00018647,Model_B,5.0,3.35,4.19,4.18,0
T00018656,Model_B,4.89,3.91,4.3,4.39,0
T00018659,Model_B,4.09,4.21,4.06,4.21,0
T00018662,Model_B,3.82,3.44,3.36,3.54,0
T00018663,Model_B,3.91,3.8,3.45,3.69,0
T00018665,Model_B,3.77,3.98,4.71,3.86,0
T00018670,Model_B,4.47,4.25,4.49,4.36,0
T00018673,Model_B,4.19,2.81,4.48,3.89,0
T00018674,Model_B,3.8,4.38,4.21,4.17,0
T00018677,Model_B,4.52,4.36,4.09,4.46,0
T00018679,Model_B,4.09,4.65,4.14,4.22,0
T00018683,Model_B,4.07,4.31,4.26,4.11,0
T00018686,Model_B,5.0,4.36,4.11,4.44,0
T00018687,Model_B,4.5,4.7,4.29,4.51,0
T00018692,Model_B,4.2,4.11,4.17,4.16,0
T00018696,Model_B,4.66,3.46,4.32,4.27,0
T00018702,Model_B,4.09,4.49,4.13,4.11,0
T00018705,Model_B,3.81,4.38,4.82,4.24,0
T00018707,Model_B,4.69,4.18,4.27,4.37,0
T00018716,Model_B,4.12,4.15,3.16,3.69,0
T00018718,Model_B,4.42,3.37,5.0,4.02,0
T00018722,Model_B,4.06,4.55,4.02,4.35,0
T00018725,Model_B,4.32,3.68,3.32,3.71,0
T00018726,Model_B,3.09,4.88,4.59,4.18,0
T00018727,Model_B,4.81,4.41,4.31,4.32,0
T00018728,Model_B,3.79,4.78,3.51,4.15,0
T00018731,Model_B,4.7,3.64,4.3,4.42,0
T00018733,Model_B,4.75,4.45,3.62,3.93,0
T00018734,Model_B,5.0,3.91,3.68,4.15,0
T00018737,Model_B,5.0,4.82,5.0,5.0,0
T00018741,Model_B,3.8,4.53,3.63,3.9,0
T00018742,Model_B,4.8,3.49,5.0,4.28,0
T00018743,Model_B,4.76,4.57,3.24,4.1,0
T00018744,Model_B,4.54,4.06,4.31,4.4,0
T00018745,Model_B,4.5,3.51,4.17,3.93,0
T00018746,Model_B,4.76,4.24,4.16,4.59,0
T00018747,Model_B,4.88,5.0,3.98,4.53,0
T00018750,Model_B,4.24,4.49,4.02,3.96,0
T00018753,Model_B,4.53,4.66,3.88,4.25,0
T00018754,Model_B,4.1,3.59,4.31,4.01,0
T00018755,Model_B,4.76,3.82,4.16,4.13,0
T00018756,Model_B,4.78,4.98,4.68,4.97,0
T00018757,Model_B,3.43,4.16,4.1,3.84,0
T00018758,Model_B,4.63,3.79,5.0,4.46,0
T00018759,Model_B,5.0,3.92,4.98,4.55,0
T00018764,Model_B,4.92,4.38,4.47,4.51,0
T00018766,Model_B,5.0,3.64,4.47,4.47,0
T00018767,Model_B,4.84,4.47,3.51,4.45,0
T00018768,Model_B,4.21,4.61,4.28,4.44,0
T00018769,Model_B,3.97,4.59,4.22,4.17,0
T00018770,Model_B,4.17,4.6,4.03,4.43,0
T00018773,Model_B,4.1,4.4,3.89,4.26,0
T00018781,Model_B,3.95,3.66,4.1,4.09,0
T00018783,Model_B,3.66,4.82,4.21,4.21,0
T00018795,Model_B,4.44,4.37,4.66,4.4,0
T00018798,Model_B,4.76,4.35,3.96,4.66,0
T00018803,Model_B,3.25,3.5,4.03,3.72,0
T00018804,Model_B,3.62,4.74,3.6,4.01,0
T00018806,Model_B,3.38,4.46,3.81,3.86,0
T00018809,Model_B,4.17,3.58,4.77,3.97,0
T00018811,Model_B,4.3,3.79,4.15,4.09,0
T00018816,Model_B,4.78,3.52,3.7,4.15,0
T00018817,Model_B,3.98,3.76,3.78,4.02,0
T00018820,Model_B,4.02,4.21,4.01,3.99,0
T00018823,Model_B,4.14,3.94,4.13,3.93,0
T00018829,Model_B,5.0,4.23,4.56,4.62,0
T00018830,Model_B,4.28,3.96,4.41,4.19,0
T00018835,Model_B,3.97,4.05,4.67,4.2,0
T00018837,Model_B,3.8,4.43,3.75,3.67,0
T00018840,Model_B,4.72,4.85,4.07,4.46,0
T00018843,Model_B,4.28,3.86,4.41,4.11,0
T00018845,Model_B,4.07,4.15,3.75,4.08,0
T00018847,Model_B,4.61,4.28,4.54,4.3,0
T00018848,Model_B,4.51,4.03,4.42,4.39,0
T00018849,Model_B,4.2,4.42,4.74,4.35,0
T00018850,Model_B,5.0,5.0,3.62,4.66,0
T00018855,Model_B,4.11,3.69,3.71,3.65,0
T00018857,Model_B,4.94,4.36,3.96,4.39,0
T00018866,Model_B,4.55,4.36,3.32,4.14,0
T00018872,Model_B,5.0,3.78,3.77,4.55,0
T00018873,Model_B,4.75,3.95,3.78,4.16,0
T00018874,Model_B,5.0,4.21,3.92,4.35,0
T00018876,Model_B,3.95,4.03,3.91,4.09,0
T00018877,Model_B,4.47,4.98,4.36,4.63,0
T00018878,Model_B,5.0,3.98,3.99,4.35,0
T00018887,Model_B,4.9,4.17,3.99,4.6,0
T00018888,Model_B,3.92,4.85,3.86,4.31,0
T00018893,Model_B,3.29,4.07,4.03,3.78,0
T00018896,Model_B,4.43,3.91,4.0,4.29,0
T00018898,Model_B,4.02,3.49,4.38,4.19,0
T00018902,Model_B,4.08,5.0,4.22,4.51,0
T00018903,Model_B,4.69,3.5,4.48,4.49,0
T00018905,Model_B,3.95,3.08,2.91,3.31,0
T00018907,Model_B,5.0,4.21,4.41,4.6,0
T00018914,Model_B,4.06,5.0,4.37,4.51,0
T00018915,Model_B,4.26,3.49,4.48,4.24,0
T00018916,Model_B,4.01,4.35,3.99,3.86,0
T00018918,Model_B,3.82,4.76,4.34,4.31,0
T00018926,Model_B,4.1,4.86,4.06,4.41,0
T00018930,Model_B,4.35,3.99,4.47,4.12,0
T00018934,Model_B,4.9,3.75,4.29,4.34,0
T00018937,Model_B,3.45,4.01,4.33,3.96,0
T00018938,Model_B,4.53,5.0,4.38,4.75,0
T00018939,Model_B,4.09,3.7,4.48,4.19,0
T00018945,Model_B,4.66,4.69,4.28,4.48,0
T00018946,Model_B,4.29,4.79,5.0,4.68,0
T00018947,Model_B,4.22,3.09,4.48,3.7,0
T00018952,Model_B,4.66,4.28,2.91,4.29,0
T00018954,Model_B,4.64,4.07,3.94,4.45,0
T00018956,Model_B,3.59,4.22,4.79,3.86,0
T00018958,Model_B,4.62,4.59,4.14,4.6,0
T00018961,Model_B,4.4,4.52,4.31,4.34,0
T00018968,Model_B,3.99,3.92,4.06,3.97,0
T00018969,Model_B,4.0,3.87,4.05,4.05,0
T00018974,Model_B,3.45,4.23,4.01,3.84,0
T00018978,Model_B,4.25,4.4,3.41,3.83,0
T00018987,Model_B,3.61,3.79,3.71,3.59,0
T00018988,Model_B,4.02,4.92,3.97,4.02,0
T00018993,Model_B,4.25,4.35,4.68,4.48,0
T00018994,Model_B,4.16,4.66,4.95,4.51,0
T00018997,Model_B,4.52,3.8,3.99,4.28,0
T00018998,Model_B,4.52,4.16,3.79,4.12,0
T00018999,Model_B,4.89,4.03,3.46,4.46,0
T00019000,Model_B,4.48,4.2,3.35,4.1,0
T00019004,Model_B,4.42,3.95,4.1,4.1,0
T00019005,Model_B,4.22,4.26,3.97,4.01,0
T00019007,Model_B,3.99,3.25,4.25,3.72,0
T00019011,Model_B,4.4,4.39,4.18,4.61,0
T00019012,Model_B,4.46,4.11,3.86,3.97,0
T00019015,Model_B,4.21,4.43,4.43,4.21,0
T00019017,Model_B,3.65,3.0,4.33,3.71,0
T00019020,Model_B,5.0,4.84,4.68,4.81,0
T00019021,Model_B,3.65,4.1,4.16,3.95,0
T00019028,Model_B,3.62,4.12,3.72,4.11,0
T00019031,Model_B,3.9,4.41,3.99,4.32,0
T00019032,Model_B,4.38,4.54,4.3,4.26,0
T00019034,Model_B,3.99,4.89,4.05,4.55,0
T00019038,Model_B,4.67,3.63,4.34,4.21,0
T00019042,Model_B,4.07,4.29,4.31,4.0,0
T00019043,Model_B,4.48,4.48,4.03,4.24,0
T00019044,Model_B,3.28,4.24,3.7,3.46,0
T00019051,Model_B,4.4,4.31,3.93,3.96,0
T00019052,Model_B,4.89,4.7,3.8,3.92,0
T00019054,Model_B,3.98,4.66,3.66,3.96,0
T00019057,Model_B,4.36,4.52,4.11,4.6,0
T00019063,Model_B,4.34,4.57,4.0,4.38,0
T00019065,Model_B,3.18,4.08,4.02,3.52,0
T00019066,Model_B,4.0,4.6,4.3,4.35,0
T00019068,Model_B,4.47,3.55,3.94,4.04,0
T00019073,Model_B,4.03,3.77,4.16,3.94,0
T00019077,Model_B,4.24,4.29,4.37,4.03,0
T00019082,Model_B,4.46,5.0,5.0,4.9,0
T00019084,Model_B,5.0,4.15,3.67,4.54,0
T00019089,Model_B,3.57,3.36,4.14,3.69,0
T00019091,Model_B,4.44,3.25,4.07,4.02,0
T00019094,Model_B,5.0,4.24,3.81,4.52,0
T00019097,Model_B,5.0,4.21,3.8,4.45,0
T00019098,Model_B,4.13,4.6,3.72,4.2,0
T00019103,Model_B,4.15,4.23,3.89,4.08,0
T00019106,Model_B,4.54,4.02,4.67,4.38,0
T00019109,Model_B,3.85,4.99,4.98,4.76,0
T00019110,Model_B,4.24,3.86,3.38,3.55,0
T00019118,Model_B,4.61,4.54,4.31,4.47,0
T00019119,Model_B,5.0,4.43,4.21,4.49,0
T00019120,Model_B,3.34,4.43,4.34,3.77,0
T00019121,Model_B,4.4,4.56,4.32,4.42,0
T00019124,Model_B,3.85,3.91,4.54,4.17,0
T00019126,Model_B,4.16,4.39,4.73,4.2,0
T00019130,Model_B,3.9,5.0,4.14,4.4,0
T00019134,Model_B,4.27,4.99,3.86,4.27,0
T00019142,Model_B,4.4,3.36,3.97,3.67,0
T00019148,Model_B,4.45,4.49,4.27,4.29,0
T00019152,Model_B,4.39,4.36,3.74,4.09,0
T00019154,Model_B,4.46,4.76,4.8,4.75,0
T00019157,Model_B,3.87,4.93,4.01,4.28,0
T00019159,Model_B,4.36,4.28,4.0,4.21,0
T00019161,Model_B,3.87,4.58,3.69,4.08,0
T00019162,Model_B,4.77,4.39,4.67,4.71,0
T00019164,Model_B,4.41,4.91,4.78,4.67,0
T00019167,Model_B,3.93,4.14,3.69,3.87,0
T00019168,Model_B,5.0,4.14,5.0,4.74,0
T00019176,Model_B,3.59,4.4,4.54,4.42,0
T00019181,Model_B,4.66,4.46,3.49,4.15,0
T00019184,Model_B,4.95,3.5,3.6,4.09,0
T00019185,Model_B,5.0,4.77,3.91,4.6,0
T00019188,Model_B,4.65,3.91,4.04,4.31,0
T00019191,Model_B,4.32,3.96,5.0,4.84,0
T00019192,Model_B,4.08,4.03,4.56,4.23,0
T00019193,Model_B,4.53,3.73,3.78,4.08,0
T00019194,Model_B,4.66,4.41,4.0,4.65,0
T00019199,Model_B,4.72,4.7,4.43,4.65,0
T00019201,Model_B,3.59,4.44,4.34,4.26,0
T00019206,Model_B,4.34,4.08,4.09,4.29,0
T00019207,Model_B,3.89,3.66,4.18,3.71,0
T00019208,Model_B,4.47,4.51,4.9,4.67,0
T00019211,Model_B,4.52,4.14,3.84,4.22,0
T00019213,Model_B,4.87,4.71,5.0,4.93,0
T00019216,Model_B,4.3,3.16,3.81,3.91,0
T00019218,Model_B,5.0,3.55,4.28,4.45,0
T00019220,Model_B,3.92,3.26,5.0,4.15,0
T00019222,Model_B,4.22,3.85,4.15,3.79,0
T00019224,Model_B,4.18,4.0,3.16,3.73,0
T00019227,Model_B,4.4,3.96,4.04,3.89,0
T00019231,Model_B,4.19,3.72,4.18,4.1,0
T00019233,Model_B,5.0,3.56,4.41,4.24,0
T00019234,Model_B,5.0,4.82,4.2,4.77,0
T00019236,Model_B,4.24,4.76,3.71,4.35,0
T00019239,Model_B,4.78,3.98,4.1,4.18,0
T00019241,Model_B,5.0,3.96,4.37,4.65,0
T00019243,Model_B,4.85,3.87,4.67,4.27,0
T00019244,Model_B,4.45,4.54,4.49,4.46,0
T00019246,Model_B,4.37,4.38,4.85,4.61,0
T00019251,Model_B,4.06,4.39,3.46,4.15,0
T00019258,Model_B,3.47,3.97,4.07,3.69,0
T00019260,Model_B,4.49,3.98,4.16,4.11,0
T00019261,Model_B,5.0,3.75,4.76,4.61,0
T00019265,Model_B,5.0,3.71,4.3,4.39,0
T00019270,Model_B,4.27,4.37,4.29,4.41,0
T00019278,Model_B,4.21,4.64,3.34,3.99,0
T00019280,Model_B,3.94,3.39,4.3,3.86,0
T00019282,Model_B,3.46,3.82,3.67,3.63,0
T00019284,Model_B,4.29,4.17,4.13,3.89,0
T00019288,Model_B,4.09,4.44,4.09,4.05,0
T00019289,Model_B,4.15,4.4,4.7,4.28,0
T00019290,Model_B,3.63,4.33,4.2,4.16,0
T00019291,Model_B,3.98,4.44,4.2,4.18,0
T00019294,Model_B,4.83,4.3,4.27,4.49,0
T00019296,Model_B,3.79,4.49,4.79,4.16,0
T00019297,Model_B,4.5,4.84,3.06,4.07,0
T00019302,Model_B,3.95,3.94,4.52,3.92,0
T00019303,Model_B,5.0,3.61,3.83,4.06,0
T00019304,Model_B,4.57,3.9,4.01,4.08,0
T00019307,Model_B,3.68,3.02,4.6,3.6,0
T00019308,Model_B,4.22,4.02,3.9,4.1,0
T00019309,Model_B,5.0,4.94,3.81,4.51,0
T00019312,Model_B,4.41,3.94,3.97,4.07,0
T00019313,Model_B,3.99,5.0,4.8,4.84,0
T00019317,Model_B,5.0,5.0,4.38,4.82,0
T00019324,Model_B,4.94,4.66,4.72,4.86,0
T00019327,Model_B,4.91,4.44,4.09,4.47,0
T00019330,Model_B,4.38,3.85,3.84,4.03,0
T00019334,Model_B,3.17,4.23,3.52,3.7,0
T00019335,Model_B,4.86,3.52,3.98,4.0,0
T00019338,Model_B,4.62,3.87,3.47,3.96,0
T00019339,Model_B,3.9,4.14,4.08,3.94,0
T00019340,Model_B,3.84,4.35,3.88,4.12,0
T00019341,Model_B,3.8,4.05,4.8,4.0,0
T00019346,Model_B,4.66,4.67,5.0,5.0,0
T00019347,Model_B,3.75,4.14,3.73,3.78,0
T00019350,Model_B,4.85,4.66,4.39,4.43,0
T00019351,Model_B,4.82,3.56,4.04,4.41,0
T00019353,Model_B,3.63,3.64,4.49,3.76,0
T00019365,Model_B,4.66,4.57,4.21,4.26,0
T00019377,Model_B,3.85,4.1,4.38,4.09,0
T00019382,Model_B,4.46,4.89,3.77,4.51,0
T00019389,Model_B,4.72,4.97,4.76,4.89,0
T00019390,Model_B,4.6,4.97,3.85,4.61,1
T00019395,Model_B,4.75,3.68,4.32,4.07,0
T00019398,Model_B,4.51,4.98,4.18,4.63,0
T00019399,Model_B,4.73,3.22,3.79,4.11,0
T00019403,Model_B,4.32,5.0,4.63,4.63,0
T00019405,Model_B,4.3,4.63,4.87,4.44,0
T00019407,Model_B,4.21,4.18,3.45,3.93,0
T00019411,Model_B,3.6,4.2,4.56,4.1,0
T00019421,Model_B,4.82,4.38,4.5,4.43,0
T00019422,Model_B,4.17,3.66,4.16,4.07,0
T00019424,Model_B,3.48,5.0,4.7,4.49,0
T00019425,Model_B,4.59,3.86,3.77,4.2,0
T00019427,Model_B,4.69,3.57,3.8,3.9,0
T00019430,Model_B,4.69,4.13,3.81,4.53,0
T00019432,Model_B,4.0,4.86,3.9,4.29,0
T00019433,Model_B,4.63,4.36,3.78,4.35,0
T00019434,Model_B,4.56,4.4,4.23,4.84,0
T00019437,Model_B,4.35,4.05,3.75,3.99,0
T00019438,Model_B,4.6,4.6,4.5,4.42,0
T00019451,Model_B,4.91,3.17,3.66,3.86,0
T00019452,Model_B,4.62,4.02,4.89,4.42,0
T00019454,Model_B,5.0,3.25,4.91,4.15,0
T00019456,Model_B,4.16,3.95,3.84,3.87,0
T00019466,Model_B,4.24,4.52,4.18,4.33,0
T00019467,Model_B,3.67,4.97,3.98,4.03,0
T00019469,Model_B,4.61,3.5,4.42,4.41,0
T00019471,Model_B,3.81,3.83,3.29,3.92,0
T00019474,Model_B,4.25,4.97,3.71,4.29,0
T00019476,Model_B,4.04,3.79,4.13,3.82,0
T00019477,Model_B,4.74,4.44,4.57,4.61,0
T00019483,Model_B,3.59,3.78,3.95,3.84,0
T00019484,Model_B,4.31,5.0,4.17,4.5,0
T00019485,Model_B,4.45,4.27,4.39,4.58,0
T00019489,Model_B,5.0,4.57,4.03,4.4,0
T00019494,Model_B,3.53,4.07,4.93,3.95,0
T00019500,Model_B,4.41,3.37,3.88,4.12,0
T00019502,Model_B,4.12,4.63,4.09,4.41,0
T00019505,Model_B,4.21,3.62,3.94,3.87,0
T00019506,Model_B,4.7,3.98,3.31,4.25,0
T00019507,Model_B,2.96,5.0,4.01,4.15,0
T00019510,Model_B,4.25,4.39,4.22,4.39,0
T00019514,Model_B,5.0,3.68,4.35,4.32,0
T00019520,Model_B,4.48,4.85,5.0,4.5,0
T00019521,Model_B,3.71,4.33,4.41,4.54,0
T00019525,Model_B,4.03,4.46,4.39,4.01,0
T00019528,Model_B,5.0,3.75,3.93,3.93,0
T00019531,Model_B,3.73,3.82,4.27,4.09,0
T00019533,Model_B,4.15,4.41,4.33,4.17,0
T00019535,Model_B,5.0,4.2,4.29,4.54,0
T00019536,Model_B,3.88,4.25,3.8,4.15,0
T00019538,Model_B,4.23,3.43,3.55,3.63,0
T00019539,Model_B,3.64,4.27,4.56,4.26,0
T00019543,Model_B,4.53,4.05,3.6,3.89,0
T00019546,Model_B,3.95,4.7,4.26,4.45,0
T00019549,Model_B,4.59,4.25,4.46,4.53,0
T00019551,Model_B,4.17,3.66,4.16,4.25,0
T00019554,Model_B,4.04,4.95,4.73,4.46,0
T00019556,Model_B,4.31,4.2,4.33,4.19,0
T00019561,Model_B,4.3,4.65,3.81,4.34,0
T00019564,Model_B,4.2,4.19,4.02,4.11,0
T00019566,Model_B,4.81,4.46,4.05,4.6,0
T00019567,Model_B,4.26,4.5,3.41,3.74,0
T00019568,Model_B,4.22,4.85,3.68,4.42,1
T00019570,Model_B,4.78,4.97,4.18,4.64,0
T00019571,Model_B,4.51,4.03,4.47,4.33,0
T00019572,Model_B,4.11,4.28,4.16,4.55,0
T00019575,Model_B,4.1,3.92,4.87,4.39,0
T00019581,Model_B,4.45,4.34,3.39,4.1,0
T00019582,Model_B,3.9,3.98,3.6,4.09,0
T00019584,Model_B,4.88,3.82,4.17,4.33,0
T00019590,Model_B,3.44,4.24,4.21,4.07,0
T00019593,Model_B,4.52,5.0,5.0,4.63,0
T00019596,Model_B,3.96,4.26,4.94,4.49,0
T00019597,Model_B,3.88,4.37,3.65,3.97,0
T00019598,Model_B,4.16,3.97,4.34,3.97,0
T00019600,Model_B,4.76,5.0,4.85,4.81,0
T00019601,Model_B,4.36,4.74,3.39,4.16,0
T00019603,Model_B,5.0,4.56,4.43,4.64,0
T00019604,Model_B,4.21,5.0,4.46,4.78,0
T00019607,Model_B,4.95,4.69,3.45,4.21,0
T00019609,Model_B,4.77,4.17,3.1,3.86,0
T00019610,Model_B,4.21,4.68,4.07,4.39,0
T00019612,Model_B,3.24,4.4,3.83,3.91,0
T00019615,Model_B,4.36,4.32,3.13,4.09,0
T00019619,Model_B,4.73,4.15,4.22,4.43,0
T00019621,Model_B,4.39,4.02,3.38,3.86,0
T00019623,Model_B,3.81,3.7,3.07,3.69,0
T00019625,Model_B,4.84,4.38,4.42,4.68,0
T00019626,Model_B,4.89,4.41,4.37,4.47,0
T00019627,Model_B,5.0,3.57,3.85,4.38,0
T00019628,Model_B,4.7,4.13,3.39,3.98,0
T00019631,Model_B,4.85,3.91,4.2,4.57,0
T00019635,Model_B,3.67,4.51,4.47,4.2,0
T00019636,Model_B,5.0,4.18,3.6,4.2,0
T00019637,Model_B,5.0,4.13,4.27,4.77,0
T00019638,Model_B,4.97,4.07,4.13,4.39,0
T00019642,Model_B,4.22,4.22,4.6,4.51,0
T00019645,Model_B,4.58,4.43,4.16,4.21,0
T00019647,Model_B,5.0,3.89,3.78,4.38,0
T00019648,Model_B,3.61,3.76,4.27,3.78,0
T00019650,Model_B,4.38,4.74,4.34,4.57,0
T00019653,Model_B,4.26,4.15,4.3,4.13,0
T00019656,Model_B,4.08,4.13,4.2,4.12,0
T00019657,Model_B,3.75,3.97,4.2,4.0,0
T00019660,Model_B,4.38,4.33,4.05,4.43,0
T00019663,Model_B,4.3,3.93,3.82,3.76,0
T00019667,Model_B,4.31,4.35,4.19,4.38,0
T00019668,Model_B,5.0,4.11,3.95,4.29,0
T00019670,Model_B,4.75,4.27,4.17,4.52,0
T00019671,Model_B,4.35,4.19,3.83,4.23,0
T00019672,Model_B,3.59,4.42,4.08,4.07,0
T00019687,Model_B,4.91,4.28,4.5,4.3,0
T00019689,Model_B,4.93,3.97,4.33,4.48,0
T00019693,Model_B,4.77,4.5,4.05,4.24,0
T00019705,Model_B,5.0,3.66,3.69,4.27,0
T00019706,Model_B,4.38,4.09,4.0,4.38,0
T00019707,Model_B,4.19,4.05,3.89,3.98,0
T00019708,Model_B,4.21,4.35,3.98,3.94,0
T00019713,Model_B,4.1,4.29,4.28,4.22,0
T00019719,Model_B,5.0,3.77,3.85,4.19,0
T00019721,Model_B,3.28,3.77,3.76,3.58,0
T00019722,Model_B,4.24,4.77,4.38,4.64,0
T00019723,Model_B,4.3,4.33,3.83,4.0,0
T00019725,Model_B,4.75,5.0,5.0,5.0,0
T00019727,Model_B,3.65,4.05,3.42,3.69,0
T00019735,Model_B,4.5,4.68,4.05,4.09,0
T00019737,Model_B,3.91,4.95,4.25,4.17,0
T00019739,Model_B,4.2,3.6,4.62,4.06,0
T00019740,Model_B,4.08,4.31,4.08,4.1,0
T00019742,Model_B,3.97,4.3,3.83,4.04,0
T00019743,Model_B,5.0,3.25,4.35,4.23,0
T00019745,Model_B,3.67,4.01,4.42,4.0,0
T00019747,Model_B,4.57,4.27,4.12,4.78,0
T00019752,Model_B,4.59,4.74,4.31,4.57,0
T00019758,Model_B,4.72,3.47,4.69,4.16,0
T00019761,Model_B,4.29,3.52,3.66,3.78,0
T00019764,Model_B,4.15,4.2,3.49,4.08,0
T00019765,Model_B,4.35,4.05,3.85,3.8,0
T00019767,Model_B,4.09,3.44,4.31,3.83,0
T00019768,Model_B,4.84,3.51,4.52,4.21,0
T00019771,Model_B,4.75,4.37,3.63,4.48,0
T00019775,Model_B,3.95,4.61,4.74,4.37,0
T00019778,Model_B,4.15,4.22,3.96,3.93,0
T00019779,Model_B,4.97,4.38,4.57,4.29,0
T00019783,Model_B,4.9,4.07,3.92,4.37,0
T00019785,Model_B,4.89,3.96,4.15,4.66,0
T00019787,Model_B,4.17,4.52,4.04,4.27,0
T00019790,Model_B,4.26,4.2,3.76,3.92,0
T00019791,Model_B,3.76,3.77,3.85,3.81,0
T00019792,Model_B,4.47,4.59,4.34,4.42,0
T00019795,Model_B,4.28,3.86,4.4,4.06,0
T00019796,Model_B,4.22,3.77,4.72,4.07,0
T00019800,Model_B,4.89,3.55,2.97,3.59,0
T00019801,Model_B,4.0,4.1,4.77,4.12,0
T00019806,Model_B,4.71,3.98,3.45,4.03,0
T00019807,Model_B,3.92,4.7,4.03,4.31,0
T00019811,Model_B,4.67,4.0,4.65,4.32,0
T00019812,Model_B,4.72,4.71,2.89,4.23,0
T00019813,Model_B,5.0,4.83,4.49,4.71,0
T00019818,Model_B,4.68,4.52,4.22,4.45,0
T00019819,Model_B,4.29,4.13,4.72,4.63,0
T00019822,Model_B,4.04,4.37,4.45,4.23,0
T00019824,Model_B,5.0,4.74,3.81,4.26,0
T00019828,Model_B,3.85,3.53,3.68,3.7,0
T00019833,Model_B,4.41,4.22,4.63,4.42,0
T00019834,Model_B,3.73,3.69,3.68,3.85,0
T00019839,Model_B,4.48,4.16,3.01,4.23,1
T00019844,Model_B,4.39,3.96,4.62,4.34,0
T00019853,Model_B,4.25,3.88,3.81,4.02,0
T00019855,Model_B,4.12,4.44,4.09,4.49,0
T00019856,Model_B,3.55,3.79,4.19,3.92,0
T00019859,Model_B,4.15,4.66,3.88,4.21,0
T00019860,Model_B,5.0,4.31,3.98,4.53,0
T00019862,Model_B,4.48,3.94,5.0,4.22,0
T00019863,Model_B,4.22,4.17,4.53,4.12,0
T00019864,Model_B,4.0,3.79,4.28,4.15,0
T00019867,Model_B,4.75,4.36,3.94,4.37,0
T00019870,Model_B,3.96,3.77,3.98,3.77,0
T00019884,Model_B,4.71,4.56,4.5,4.31,0
T00019894,Model_B,5.0,4.95,4.27,4.62,0
T00019897,Model_B,4.22,5.0,4.69,4.53,0
T00019899,Model_B,4.68,3.78,3.14,4.04,0
T00019905,Model_B,4.81,4.2,3.87,4.26,0
T00019906,Model_B,3.13,4.52,5.0,4.37,0
T00019907,Model_B,4.64,4.39,3.28,4.48,0
T00019911,Model_B,4.07,5.0,4.06,4.34,0
T00019912,Model_B,3.85,4.56,4.12,4.38,0
T00019915,Model_B,4.49,4.07,4.43,4.42,0
T00019916,Model_B,4.88,4.02,4.64,4.54,0
T00019918,Model_B,4.32,3.28,4.45,4.09,0
T00019920,Model_B,4.65,4.4,3.92,4.42,0
T00019925,Model_B,3.48,3.33,3.75,3.44,0
T00019926,Model_B,3.78,4.39,3.39,4.03,0
T00019933,Model_B,4.58,3.54,3.6,3.94,0
T00019934,Model_B,4.96,3.73,4.67,4.3,0
T00019935,Model_B,3.89,4.47,4.06,4.16,0
T00019941,Model_B,5.0,4.14,4.38,4.59,0
T00019942,Model_B,4.5,5.0,4.13,4.56,0
T00019944,Model_B,4.96,4.85,4.14,4.75,0
T00019945,Model_B,5.0,4.47,4.4,4.58,0
T00019949,Model_B,4.32,4.98,4.09,4.26,0
T00019951,Model_B,4.22,4.09,3.6,3.95,0
T00019952,Model_B,4.63,3.57,4.38,4.16,0
T00019958,Model_B,4.16,3.69,4.84,4.18,0
T00019960,Model_B,4.57,3.37,3.7,3.78,0
T00019965,Model_B,4.58,4.11,3.89,4.46,0
T00019966,Model_B,5.0,4.25,4.62,4.52,0
T00019968,Model_B,4.66,4.32,4.6,4.64,0
T00019971,Model_B,3.52,4.36,4.03,3.97,0
T00019972,Model_B,4.75,4.42,3.96,4.46,0
T00019974,Model_B,4.91,3.62,3.99,4.03,0
T00019978,Model_B,4.17,3.3,3.22,3.87,0
T00019980,Model_B,4.47,4.69,3.4,4.18,0
T00019981,Model_B,3.94,4.61,4.07,4.14,1
T00019988,Model_B,4.58,3.33,3.61,3.79,0
T00019989,Model_B,4.04,3.76,3.46,3.78,0
T00019992,Model_B,5.0,4.18,3.47,4.24,0
T00019995,Model_B,4.15,4.79,4.67,4.22,0
T00019997,Model_B,4.91,4.37,3.6,4.33,0
T00019998,Model_B,4.42,4.32,4.25,4.51,0
T00020001,Model_B,4.58,4.7,2.94,4.17,0
T00020002,Model_B,4.34,4.24,3.79,4.18,0
T00020004,Model_B,4.26,4.24,3.93,3.94,0
T00020005,Model_B,4.42,3.72,3.91,4.07,0
T00020007,Model_B,4.14,3.63,4.3,4.14,0
T00020010,Model_B,4.13,4.18,4.34,4.14,1
T00020011,Model_B,4.28,4.3,4.41,4.32,0
T00020018,Model_B,4.44,3.97,4.15,4.34,0
T00020019,Model_B,4.76,4.67,4.03,4.44,0
T00020025,Model_B,3.77,4.29,3.98,4.09,0
T00020029,Model_B,4.15,3.73,4.33,3.92,0
T00020032,Model_B,3.95,3.32,4.3,3.82,0
T00020035,Model_B,3.29,3.36,3.54,3.39,0
T00020038,Model_B,3.66,4.83,3.85,4.15,0
T00020042,Model_B,4.5,4.53,3.69,4.2,0
T00020043,Model_B,3.37,4.47,3.45,3.93,0
T00020046,Model_B,3.87,4.63,3.94,4.14,0
T00020047,Model_B,4.87,4.21,4.0,4.61,0
T00020048,Model_B,4.88,4.63,4.31,4.95,0
T00020052,Model_B,4.15,4.11,4.52,4.21,0
T00020053,Model_B,4.78,3.23,3.76,3.98,0
T00020055,Model_B,3.57,3.63,5.0,3.75,0
T00020059,Model_B,3.76,4.66,3.8,4.19,0
T00020063,Model_B,4.42,3.6,3.89,3.9,0
T00020065,Model_B,4.01,4.36,4.7,4.06,0
T00020066,Model_B,5.0,3.97,3.67,4.38,0
T00020067,Model_B,4.32,3.81,3.31,3.96,0
T00020073,Model_B,4.96,4.13,3.16,4.1,0
T00020075,Model_B,4.04,4.01,3.8,3.87,0
T00020082,Model_B,4.18,3.58,4.03,4.03,0
T00020084,Model_B,4.22,4.9,4.05,4.2,0
T00020085,Model_B,3.69,3.96,4.5,3.98,0
T00020087,Model_B,4.27,4.12,3.69,4.03,0
T00020089,Model_B,3.91,4.01,4.11,4.08,0
T00020096,Model_B,4.66,4.27,4.12,4.25,0
T00020098,Model_B,4.49,3.77,3.73,4.26,0
T00020099,Model_B,4.74,3.11,3.5,3.73,0
T00020101,Model_B,4.13,4.3,3.42,4.06,0
T00020105,Model_B,4.55,4.68,5.0,4.83,0
T00020109,Model_B,4.7,5.0,4.09,4.64,0
T00020110,Model_B,4.19,4.92,3.84,4.42,0
T00020114,Model_B,3.71,3.76,3.07,3.35,0
T00020118,Model_B,4.79,4.22,3.85,4.13,0
T00020123,Model_B,3.29,3.7,4.58,4.12,0
T00020124,Model_B,4.16,4.07,3.76,4.09,0
T00020128,Model_B,4.62,4.28,3.87,4.16,0
T00020131,Model_B,4.26,4.18,4.52,4.26,0
T00020135,Model_B,4.43,3.63,3.45,4.05,0
T00020137,Model_B,4.59,4.32,4.4,4.19,0
T00020138,Model_B,4.42,4.12,4.39,4.42,0
T00020140,Model_B,4.35,4.69,3.89,4.39,0
T00020141,Model_B,4.38,4.01,4.01,3.78,0
T00020143,Model_B,4.2,4.14,4.3,4.35,0
T00020145,Model_B,4.34,4.32,3.92,4.22,0
T00020147,Model_B,4.92,3.99,4.09,4.55,0
T00020149,Model_B,3.5,3.37,4.69,3.86,0
T00020152,Model_B,3.85,4.09,3.61,4.25,0
T00020153,Model_B,5.0,3.97,4.54,4.33,0
T00020155,Model_B,4.29,4.11,3.91,4.0,0
T00020156,Model_B,4.38,4.25,3.81,4.15,0
T00020172,Model_B,4.42,4.39,3.46,4.32,0
T00020173,Model_B,4.21,3.56,4.59,4.07,0
T00020175,Model_B,5.0,4.06,4.4,4.05,0
T00020177,Model_B,4.59,4.55,3.78,4.16,0
T00020178,Model_B,3.37,3.63,4.24,3.81,0
T00020185,Model_B,4.19,4.38,3.35,4.28,0
T00020188,Model_B,4.86,4.14,4.07,4.43,0
T00020190,Model_B,4.67,4.13,4.39,4.24,0
T00020193,Model_B,4.86,3.66,4.3,4.19,0
T00020194,Model_B,4.21,4.76,4.07,4.14,0
T00020195,Model_B,3.93,4.69,4.0,4.08,0
T00020196,Model_B,4.45,4.61,4.61,4.42,0
T00020197,Model_B,3.61,4.38,4.17,4.23,0
T00020198,Model_B,4.52,4.54,4.56,4.7,0
T00020199,Model_B,4.3,3.93,4.52,4.06,0
T00020202,Model_B,4.11,4.09,4.44,4.24,0
T00020211,Model_B,4.94,4.22,4.66,4.62,0
T00020212,Model_B,5.0,4.25,3.78,4.24,0
T00020213,Model_B,4.59,4.67,4.22,4.55,0
T00020215,Model_B,3.83,3.68,3.81,3.91,0
T00020216,Model_B,3.29,4.08,4.49,3.96,0
T00020222,Model_B,3.69,3.72,4.33,3.96,0
T00020223,Model_B,4.15,4.57,4.53,4.54,0
T00020224,Model_B,4.79,4.16,3.82,4.36,0
T00020227,Model_B,5.0,4.6,3.87,4.51,0
T00020228,Model_B,4.31,4.29,3.44,4.1,0
T00020229,Model_B,4.65,4.12,3.32,3.84,0
T00020231,Model_B,4.13,4.07,4.0,4.21,0
T00020234,Model_B,3.69,4.25,3.72,3.71,0
T00020244,Model_B,4.26,4.0,3.31,3.95,0
T00020246,Model_B,4.13,3.8,4.24,4.05,0
T00020250,Model_B,4.15,4.17,4.26,4.0,0
T00020251,Model_B,4.15,4.19,3.76,4.04,0
T00020258,Model_B,4.57,4.23,4.3,4.41,0
T00020266,Model_B,5.0,4.6,3.96,4.32,0
T00020267,Model_B,4.46,4.01,3.97,4.16,0
T00020271,Model_B,4.07,5.0,3.82,4.4,0
T00020277,Model_B,4.15,3.99,4.16,3.99,0
T00020279,Model_B,4.49,3.3,5.0,4.09,0
T00020280,Model_B,4.6,4.32,4.4,4.38,0
T00020281,Model_B,4.64,4.07,4.39,4.33,0
T00020287,Model_B,4.75,3.63,4.2,4.12,0
T00020290,Model_B,4.86,3.82,3.91,3.97,0
T00020291,Model_B,4.62,4.06,3.62,4.15,0
T00020298,Model_B,4.91,3.48,4.2,4.42,0
T00020301,Model_B,4.0,4.76,3.47,3.96,0
T00020303,Model_B,4.45,4.01,3.61,4.16,0
T00020307,Model_B,4.61,3.59,4.51,4.28,0
T00020311,Model_B,5.0,3.85,3.85,4.1,0
T00020316,Model_B,4.56,4.31,3.64,4.15,0
T00020317,Model_B,4.13,5.0,4.33,4.48,0
T00020320,Model_B,4.02,4.01,4.43,4.21,0
T00020321,Model_B,4.74,3.16,4.18,4.0,0
T00020325,Model_B,4.41,4.14,4.26,3.92,0
T00020327,Model_B,4.95,3.3,4.56,4.24,0
T00020329,Model_B,3.8,4.72,3.9,4.12,0
T00020331,Model_B,4.11,3.84,3.95,3.82,0
T00020332,Model_B,4.57,3.93,4.07,4.11,0
T00020333,Model_B,4.37,4.72,3.87,4.57,0
T00020335,Model_B,3.72,5.0,4.4,4.1,0
T00020340,Model_B,4.77,5.0,3.39,4.48,0
T00020343,Model_B,4.44,4.5,4.65,4.71,0
T00020345,Model_B,4.49,3.38,3.59,4.01,0
T00020348,Model_B,4.5,3.68,4.01,4.37,0
T00020350,Model_B,4.04,4.75,4.48,4.56,0
T00020353,Model_B,4.03,3.67,4.79,4.18,0
T00020362,Model_B,4.8,3.77,4.09,4.34,0
T00020365,Model_B,4.96,3.47,3.74,4.08,0
T00020368,Model_B,4.12,4.46,3.28,3.9,0
T00020373,Model_B,5.0,3.82,3.58,4.05,0
T00020375,Model_B,4.23,4.62,4.41,4.67,0
T00020376,Model_B,3.71,4.47,3.84,4.19,0
T00020381,Model_B,4.99,4.07,4.61,4.73,0
T00020384,Model_B,4.44,4.16,3.79,3.94,0
T00020388,Model_B,4.7,4.26,4.33,4.49,0
T00020389,Model_B,4.75,3.63,3.56,4.12,0
T00020400,Model_B,5.0,4.0,4.27,4.43,0
T00020401,Model_B,3.96,3.88,3.49,3.94,0
T00020403,Model_B,5.0,3.99,4.54,4.5,0
T00020407,Model_B,5.0,4.01,3.87,4.02,0
T00020414,Model_B,4.06,4.14,4.67,4.5,0
T00020415,Model_B,4.94,4.06,4.12,4.16,0
T00020416,Model_B,4.44,4.4,4.09,4.08,0
T00020419,Model_B,4.41,4.21,3.64,4.07,0
T00020421,Model_B,3.85,4.41,4.72,4.02,0
T00020423,Model_B,4.45,3.72,3.88,3.96,0
T00020425,Model_B,3.83,4.98,4.19,4.1,1
T00020438,Model_B,4.71,3.85,4.45,3.83,0
T00020440,Model_B,4.39,4.53,3.72,4.22,0
T00020441,Model_B,4.39,4.23,4.82,4.58,0
T00020442,Model_B,4.46,4.24,3.38,4.04,0
T00020446,Model_B,3.83,4.4,4.65,4.43,0
T00020447,Model_B,4.3,3.67,3.75,4.14,0
T00020448,Model_B,5.0,3.8,3.57,4.24,0
T00020449,Model_B,4.97,4.3,4.55,4.35,0
T00020454,Model_B,4.97,4.41,3.78,4.65,0
T00020458,Model_B,4.32,4.27,4.15,4.45,1
T00020462,Model_B,4.17,4.47,3.91,4.17,0
T00020465,Model_B,4.79,3.21,4.18,4.23,0
T00020467,Model_B,4.74,5.0,3.99,4.71,0
T00020471,Model_B,4.12,3.72,4.4,4.08,0
T00020472,Model_B,4.03,4.37,3.48,4.05,0
T00020473,Model_B,3.81,3.7,4.02,3.62,0
T00020480,Model_B,4.99,4.05,4.15,4.49,0
T00020481,Model_B,4.09,4.1,4.75,4.42,0
T00020482,Model_B,4.05,4.24,4.62,4.45,0
T00020483,Model_B,4.09,4.42,4.07,4.11,0
T00020484,Model_B,4.51,5.0,3.54,4.21,0
T00020486,Model_B,4.69,4.35,4.5,4.62,0
T00020489,Model_B,4.38,4.56,4.16,4.14,0
T00020502,Model_B,4.29,3.34,4.12,3.83,0
T00020504,Model_B,4.01,4.3,4.59,4.17,0
T00020509,Model_B,4.35,3.86,4.11,4.24,0
T00020510,Model_B,4.29,4.3,3.69,3.9,0
T00020515,Model_B,5.0,4.96,4.6,4.73,0
T00020516,Model_B,3.92,4.57,5.0,4.38,0
T00020518,Model_B,4.4,4.73,3.95,4.46,0
T00020519,Model_B,4.9,3.53,4.68,4.57,0
T00020520,Model_B,4.97,3.84,4.42,4.63,0
T00020521,Model_B,4.53,3.89,3.97,4.33,0
T00020524,Model_B,4.64,3.88,4.37,4.48,0
T00020528,Model_B,4.27,3.61,4.3,3.95,0
T00020531,Model_B,5.0,4.45,3.71,4.5,0
T00020532,Model_B,4.25,4.05,4.2,4.05,0
T00020533,Model_B,5.0,4.53,4.43,4.5,0
T00020535,Model_B,4.82,4.45,4.58,4.87,0
T00020537,Model_B,4.14,4.9,4.05,4.26,0
T00020542,Model_B,4.24,2.93,4.47,3.55,0
T00020543,Model_B,4.08,4.63,3.44,3.93,0
T00020552,Model_B,4.59,4.11,3.84,3.92,0
T00020554,Model_B,4.26,4.22,5.0,4.68,0
T00020556,Model_B,3.82,5.0,4.13,4.61,0
T00020558,Model_B,4.3,3.9,3.85,3.9,0
T00020560,Model_B,4.43,4.74,3.2,4.13,0
T00020561,Model_B,4.66,4.51,3.79,4.44,0
T00020564,Model_B,4.42,4.52,3.25,4.14,0
T00020565,Model_B,4.91,4.39,3.38,4.23,0
T00020568,Model_B,4.04,4.77,3.54,4.13,0
T00020573,Model_B,3.94,3.65,3.59,3.78,0
T00020574,Model_B,3.68,5.0,4.35,4.48,0
T00020581,Model_B,4.07,4.22,4.14,3.96,0
T00020584,Model_B,4.54,4.16,4.01,4.61,0
T00020586,Model_B,5.0,4.18,3.8,4.44,0
T00020588,Model_B,3.51,4.06,3.51,3.54,0
T00020590,Model_B,5.0,4.98,4.22,4.67,0
T00020592,Model_B,3.8,3.59,4.11,3.73,0
T00020594,Model_B,4.69,3.88,3.9,4.05,0
T00020600,Model_B,3.6,4.56,4.69,4.28,0
T00020601,Model_B,4.5,5.0,4.38,4.53,0
T00020604,Model_B,4.04,4.49,3.63,3.86,0
T00020606,Model_B,4.85,5.0,3.88,4.52,0
T00020607,Model_B,3.82,3.1,5.0,4.13,0
T00020608,Model_B,4.19,4.7,3.84,4.09,1
T00020616,Model_B,4.18,4.67,4.71,4.15,0
T00020619,Model_B,4.85,4.71,4.48,5.0,0
T00020622,Model_B,4.43,4.7,3.55,4.37,0
T00020624,Model_B,4.55,3.93,4.55,4.7,0
T00020625,Model_B,5.0,4.13,3.53,4.42,0
T00020630,Model_B,4.18,4.75,4.58,4.62,0
T00020641,Model_B,4.3,4.15,4.12,4.32,0
T00020642,Model_B,4.19,4.46,4.11,4.54,0
T00020643,Model_B,3.52,3.42,3.89,3.45,0
T00020644,Model_B,4.22,3.76,3.9,3.78,0
T00020646,Model_B,4.9,4.14,4.26,4.57,0
T00020648,Model_B,4.39,4.42,4.17,4.35,0
T00020652,Model_B,4.63,3.83,4.58,4.32,0
T00020653,Model_B,3.47,4.62,3.79,4.18,0
T00020655,Model_B,5.0,4.18,4.41,4.62,0
T00020656,Model_B,4.49,3.97,4.12,4.21,0
T00020659,Model_B,2.61,4.28,3.65,3.35,0
T00020660,Model_B,4.53,4.65,4.04,4.15,0
T00020661,Model_B,4.74,4.97,3.43,4.74,0
T00020662,Model_B,4.25,4.47,4.52,4.83,0
T00020667,Model_B,4.12,4.5,3.72,3.96,0
T00020673,Model_B,5.0,4.26,3.52,3.97,0
T00020674,Model_B,4.16,3.68,4.18,4.03,0
T00020675,Model_B,4.79,4.8,4.45,4.53,0
T00020679,Model_B,4.08,3.68,3.98,3.98,0
T00020680,Model_B,4.04,4.29,4.04,3.97,0
T00020681,Model_B,4.03,4.36,4.16,4.03,0
T00020684,Model_B,4.5,4.53,3.37,4.23,0
T00020686,Model_B,4.03,4.56,4.35,4.17,0
T00020688,Model_B,2.83,3.93,4.71,3.99,0
T00020689,Model_B,4.4,4.89,4.23,4.38,0
T00020693,Model_B,4.53,4.29,4.29,4.49,0
T00020694,Model_B,4.8,4.4,4.76,4.58,0
T00020696,Model_B,4.29,5.0,4.03,4.43,0
T00020700,Model_B,4.37,4.21,3.54,3.83,0
T00020702,Model_B,4.5,4.11,3.94,4.19,0
T00020707,Model_B,5.0,4.32,4.5,4.66,0
T00020711,Model_B,5.0,4.11,4.19,4.21,0
T00020712,Model_B,4.87,4.45,4.14,4.73,0
T00020718,Model_B,4.6,5.0,3.78,4.38,0
T00020722,Model_B,4.14,3.75,4.56,4.18,0
T00020723,Model_B,4.7,4.49,3.66,4.18,0
T00020726,Model_B,5.0,4.04,3.86,4.02,0
T00020728,Model_B,4.03,3.96,3.44,3.83,0
T00020730,Model_B,4.63,5.0,4.49,4.91,0
T00020733,Model_B,4.1,4.44,3.68,4.08,0
T00020736,Model_B,4.43,3.72,4.04,4.13,0
T00020743,Model_B,4.58,4.37,3.45,4.12,0
T00020746,Model_B,4.68,3.8,4.33,4.15,0
T00020747,Model_B,4.61,4.21,4.1,4.25,0
T00020749,Model_B,5.0,4.28,4.5,4.68,0
T00020750,Model_B,4.16,3.61,4.02,3.95,0
T00020751,Model_B,2.77,3.9,4.23,3.41,0
T00020752,Model_B,5.0,4.64,4.76,4.98,0
T00020754,Model_B,4.87,3.36,4.1,3.83,0
T00020760,Model_B,4.3,4.89,4.1,4.63,0
T00020762,Model_B,3.97,3.68,3.58,3.51,0
T00020768,Model_B,4.67,3.83,3.54,4.0,0
T00020774,Model_B,4.1,4.41,4.41,4.14,0
T00020776,Model_B,4.51,3.99,4.52,4.41,0
T00020781,Model_B,4.64,3.76,3.59,4.06,0
T00020782,Model_B,4.21,4.16,4.28,4.41,0
T00020785,Model_B,4.63,4.84,3.16,4.28,0
T00020790,Model_B,4.29,4.41,4.16,4.38,0
T00020791,Model_B,4.53,4.35,4.04,4.37,0
T00020792,Model_B,3.84,4.31,4.23,3.97,0
T00020794,Model_B,4.25,4.05,4.05,4.1,0
T00020795,Model_B,3.95,4.67,4.4,4.53,0
T00020799,Model_B,5.0,3.99,3.59,4.49,0
T00020800,Model_B,5.0,4.68,3.94,4.44,0
T00020803,Model_B,4.33,4.3,3.66,4.04,0
T00020804,Model_B,3.68,4.25,4.45,3.92,0
T00020807,Model_B,4.58,4.34,4.45,4.56,0
T00020810,Model_B,4.17,3.99,4.2,4.06,0
T00020812,Model_B,3.86,4.04,4.9,3.96,0
T00020815,Model_B,4.87,3.64,4.21,4.41,0
T00020821,Model_B,4.22,4.79,4.63,4.54,0
T00020824,Model_B,3.94,4.22,3.5,3.88,0
T00020827,Model_B,4.34,4.55,4.1,4.56,0
T00020828,Model_B,5.0,3.92,4.31,4.47,0
T00020829,Model_B,4.17,4.6,3.42,3.92,0
T00020831,Model_B,4.43,5.0,4.39,4.6,0
T00020832,Model_B,4.56,3.66,3.64,4.33,0
T00020833,Model_B,4.27,4.51,3.52,4.11,0
T00020835,Model_B,4.1,3.95,3.57,4.05,0
T00020840,Model_B,3.81,3.82,4.15,3.8,0
T00020844,Model_B,4.54,4.34,3.79,4.28,0
T00020850,Model_B,4.55,4.06,4.6,4.45,0
T00020857,Model_B,4.64,4.1,4.36,4.52,0
T00020861,Model_B,4.51,4.62,4.54,4.9,0
T00020862,Model_B,4.81,3.6,4.34,4.12,0
T00020863,Model_B,4.35,4.08,4.25,4.28,0
T00020866,Model_B,5.0,3.85,4.62,4.52,0
T00020868,Model_B,4.36,4.64,3.67,4.51,0
T00020871,Model_B,5.0,4.24,4.57,4.74,0
T00020872,Model_B,4.35,4.4,4.03,4.54,0
T00020879,Model_B,4.36,4.33,4.2,4.11,0
T00020882,Model_B,4.45,3.88,3.82,4.11,0
T00020885,Model_B,4.83,4.69,3.78,4.78,0
T00020888,Model_B,4.54,4.38,3.98,4.35,0
T00020890,Model_B,4.06,4.51,4.45,4.35,0
T00020892,Model_B,4.68,3.73,3.72,4.25,0
T00020893,Model_B,4.76,4.75,3.73,4.47,0
T00020894,Model_B,4.4,3.72,3.61,3.82,0
T00020895,Model_B,4.25,4.62,4.03,4.58,0
T00020901,Model_B,5.0,3.72,4.04,4.22,0
T00020902,Model_B,4.53,4.27,3.42,4.13,0
T00020909,Model_B,5.0,3.64,4.89,4.63,0
T00020911,Model_B,4.87,5.0,4.97,4.72,0
T00020916,Model_B,5.0,4.16,4.37,4.28,0
T00020918,Model_B,4.36,3.61,3.83,4.17,0
T00020922,Model_B,4.0,4.31,4.23,4.35,0
T00020925,Model_B,3.81,4.18,3.99,3.87,0
T00020929,Model_B,4.74,5.0,4.28,4.51,0
T00020933,Model_B,4.65,3.6,4.34,4.52,0
T00020934,Model_B,4.33,4.35,4.86,4.41,0
T00020935,Model_B,4.58,5.0,3.79,4.63,0
T00020942,Model_B,5.0,3.62,4.05,4.34,0
T00020944,Model_B,3.64,4.42,3.91,4.05,0
T00020946,Model_B,5.0,4.23,4.76,4.58,0
T00020950,Model_B,4.33,3.91,4.06,3.9,0
T00020953,Model_B,5.0,4.35,3.74,4.34,0
T00020954,Model_B,4.02,4.11,3.49,3.92,0
T00020957,Model_B,4.35,3.84,4.3,4.06,0
T00020960,Model_B,4.81,4.01,3.54,4.14,0
T00020963,Model_B,4.56,3.79,4.38,4.69,0
T00020968,Model_B,4.53,3.65,3.25,4.13,0
T00020970,Model_B,4.73,3.99,4.06,4.47,0
T00020971,Model_B,5.0,3.96,3.71,4.31,0
T00020974,Model_B,3.32,3.99,4.43,3.7,1
T00020979,Model_B,4.06,4.03,4.27,3.88,0
T00020989,Model_B,4.43,5.0,4.57,4.46,1
T00020991,Model_B,4.57,5.0,3.57,4.09,0
T00020993,Model_B,4.36,4.04,3.66,3.95,0
T00020995,Model_B,3.84,4.11,4.01,4.21,0
T00020998,Model_B,4.87,4.51,4.51,4.71,0
T00020999,Model_B,4.59,4.44,4.8,4.7,0
T00021003,Model_B,4.88,5.0,4.6,5.0,0
T00021004,Model_B,4.86,4.04,3.74,3.94,0
T00021007,Model_B,4.57,4.96,3.51,4.37,0
T00021008,Model_B,3.63,3.9,4.31,3.74,0
T00021010,Model_B,4.05,4.22,4.53,4.12,0
T00021011,Model_B,4.18,3.41,5.0,4.13,0
T00021013,Model_B,5.0,3.81,4.37,4.5,0
T00021016,Model_B,3.62,3.53,4.19,3.87,0
T00021017,Model_B,3.64,3.72,4.42,3.87,0
T00021018,Model_B,3.65,5.0,4.89,4.53,0
T00021019,Model_B,5.0,4.06,2.95,4.12,0
T00021020,Model_B,4.72,4.7,3.44,4.31,0
T00021024,Model_B,4.89,4.41,4.25,4.63,0
T00021026,Model_B,3.75,4.68,4.09,4.29,0
T00021029,Model_B,5.0,4.58,4.87,4.45,0
T00021030,Model_B,4.54,4.0,3.13,4.01,0
T00021031,Model_B,3.96,4.41,3.33,4.14,0
T00021033,Model_B,3.93,4.28,4.79,4.28,0
T00021037,Model_B,4.01,4.35,4.24,3.99,0
T00021038,Model_B,4.38,4.38,4.58,4.49,0
T00021039,Model_B,4.2,3.62,4.17,4.06,0
T00021040,Model_B,5.0,4.14,3.96,4.26,0
T00021042,Model_B,4.14,4.66,4.15,4.13,0
T00021046,Model_B,5.0,4.27,4.04,4.65,0
T00021049,Model_B,4.09,4.17,3.19,3.93,0
T00021052,Model_B,4.46,4.15,3.79,4.19,0
T00021056,Model_B,4.98,4.39,4.13,4.32,0
T00021057,Model_B,4.94,4.6,4.31,4.18,0
T00021059,Model_B,4.46,4.65,4.43,4.93,0
T00021060,Model_B,4.7,3.08,3.1,3.81,0
T00021061,Model_B,4.18,4.71,4.51,4.51,0
T00021065,Model_B,5.0,3.65,3.6,4.08,0
T00021067,Model_B,4.53,4.35,5.0,4.75,0
T00021077,Model_B,4.33,4.72,3.23,4.15,0
T00021079,Model_B,3.95,3.95,3.95,4.04,0
T00021082,Model_B,4.35,4.0,4.28,4.04,0
T00021083,Model_B,4.43,3.29,4.28,3.96,0
T00021084,Model_B,4.02,5.0,3.77,4.18,0
T00021086,Model_B,3.96,4.05,4.3,4.07,0
T00021087,Model_B,4.95,4.04,3.83,4.31,0
T00021088,Model_B,3.58,4.21,4.12,4.02,0
T00021090,Model_B,4.41,4.53,3.12,3.97,0
T00021095,Model_B,4.69,3.86,4.2,4.24,0
T00021096,Model_B,4.45,3.95,4.03,4.14,0
T00021098,Model_B,4.65,3.99,4.14,4.51,0
T00021100,Model_B,4.77,2.79,3.95,3.7,0
T00021106,Model_B,4.77,4.26,3.57,4.45,0
T00021108,Model_B,3.79,3.77,4.53,3.77,0
T00021109,Model_B,3.63,4.1,4.61,3.89,0
T00021111,Model_B,4.8,4.16,3.93,4.33,0
T00021115,Model_B,4.16,4.99,3.87,4.33,0
T00021116,Model_B,4.08,4.49,4.11,4.15,0
T00021118,Model_B,4.27,3.99,4.16,4.21,0
T00021119,Model_B,5.0,4.13,4.43,4.42,0
T00021120,Model_B,3.97,4.12,3.78,3.84,0
T00021122,Model_B,4.28,3.82,4.07,4.01,0
T00021123,Model_B,4.36,3.71,3.65,4.0,0
T00021124,Model_B,3.76,4.0,3.79,3.74,0
T00021126,Model_B,5.0,4.61,3.45,4.22,0
T00021129,Model_B,4.18,5.0,4.38,4.64,0
T00021132,Model_B,4.26,3.94,4.2,4.24,0
T00021134,Model_B,3.94,3.95,4.98,4.04,0
T00021137,Model_B,3.69,4.02,3.95,3.83,0
T00021140,Model_B,3.69,3.98,4.19,3.74,0
T00021141,Model_B,4.08,3.76,3.85,3.92,0
T00021142,Model_B,4.54,3.77,4.76,4.22,0
T00021143,Model_B,4.48,4.21,3.68,4.18,0
T00021149,Model_B,3.71,4.04,4.04,3.92,0
T00021152,Model_B,4.9,4.48,3.91,4.53,0
T00021159,Model_B,4.73,4.0,4.4,4.13,0
T00021162,Model_B,4.13,4.24,4.61,4.31,0
T00021163,Model_B,3.81,4.53,3.87,3.96,0
T00021173,Model_B,5.0,4.63,4.04,4.55,0
T00021179,Model_B,3.79,4.31,3.55,3.92,0
T00021182,Model_B,3.99,4.65,3.9,4.07,0
T00021184,Model_B,4.54,4.58,4.57,4.36,0
T00021189,Model_B,4.26,3.45,4.54,3.91,0
T00021193,Model_B,4.05,4.12,4.22,4.1,0
T00021200,Model_B,4.19,3.4,4.44,4.05,0
T00021201,Model_B,4.7,4.61,4.6,4.75,0
T00021202,Model_B,5.0,4.26,3.9,4.53,0
T00021206,Model_B,4.33,4.67,4.15,4.17,0
T00021211,Model_B,3.92,3.78,4.94,4.23,0
T00021216,Model_B,4.61,4.38,4.17,4.33,0
T00021221,Model_B,4.21,4.25,4.31,4.58,0
T00021227,Model_B,4.04,4.94,4.81,4.5,0
T00021230,Model_B,4.63,3.69,5.0,4.07,0
T00021235,Model_B,4.42,4.08,3.43,3.97,0
T00021238,Model_B,3.89,4.04,3.63,3.87,0
T00021240,Model_B,4.11,4.81,2.77,4.2,0
T00021241,Model_B,4.59,3.6,4.05,4.28,0
T00021245,Model_B,4.35,4.45,4.18,4.65,0
T00021247,Model_B,3.6,4.58,4.42,4.43,0
T00021249,Model_B,4.33,4.54,4.27,4.42,0
T00021254,Model_B,4.02,4.71,4.18,4.22,0
T00021257,Model_B,4.04,4.26,3.61,4.01,0
T00021265,Model_B,5.0,5.0,4.1,4.51,0
T00021266,Model_B,5.0,4.71,4.39,4.67,0
T00021269,Model_B,3.6,4.48,4.12,4.23,0
T00021272,Model_B,5.0,3.88,3.15,4.04,0
T00021274,Model_B,4.18,3.45,4.02,3.7,0
T00021276,Model_B,3.94,4.29,4.24,3.94,0
T00021277,Model_B,4.28,4.19,3.55,4.26,0
T00021279,Model_B,4.16,4.59,3.3,4.09,0
T00021280,Model_B,4.03,4.22,3.99,4.23,0
T00021282,Model_B,4.16,4.47,3.61,3.95,0
T00021286,Model_B,4.74,4.18,2.92,3.94,0
T00021288,Model_B,4.46,3.84,4.38,4.38,0
T00021294,Model_B,4.63,3.4,3.61,4.08,0
T00021297,Model_B,4.35,4.03,4.7,4.3,0
T00021299,Model_B,4.6,4.39,4.61,4.64,0
T00021300,Model_B,4.37,4.85,3.46,4.11,0
T00021301,Model_B,4.64,4.37,3.3,4.16,0
T00021303,Model_B,3.86,4.55,3.62,3.67,0
T00021304,Model_B,4.76,3.98,3.99,3.92,0
T00021305,Model_B,4.7,4.95,3.4,4.53,0
T00021310,Model_B,3.78,4.12,3.85,4.03,0
T00021311,Model_B,4.54,4.11,3.77,4.06,0
T00021314,Model_B,4.83,3.63,3.87,3.94,0
T00021316,Model_B,3.9,4.08,4.12,3.97,0
T00021317,Model_B,5.0,3.97,4.43,4.65,0
T00021320,Model_B,4.08,4.4,4.23,4.25,0
T00021323,Model_B,5.0,4.77,2.79,4.19,0
T00021324,Model_B,3.75,4.92,4.9,4.47,0
T00021325,Model_B,4.94,3.91,4.3,4.46,0
T00021327,Model_B,3.7,3.95,3.85,4.08,0
T00021329,Model_B,4.99,4.03,4.31,4.27,0
T00021333,Model_B,5.0,3.99,5.0,4.65,0
T00021335,Model_B,3.75,3.47,4.43,3.91,0
T00021338,Model_B,4.99,3.85,4.02,4.15,0
T00021339,Model_B,4.63,3.62,3.65,4.05,0
T00021341,Model_B,4.31,3.39,3.61,3.73,0
T00021346,Model_B,4.52,4.65,3.63,4.58,0
T00021348,Model_B,4.33,4.96,4.47,4.38,0
T00021351,Model_B,4.48,4.07,4.42,4.24,0
T00021352,Model_B,4.72,3.41,4.22,4.07,0
T00021354,Model_B,4.36,3.91,3.86,4.01,0
T00021357,Model_B,3.81,4.41,4.16,4.17,0
T00021364,Model_B,4.45,4.15,4.48,4.5,0
T00021365,Model_B,4.69,4.63,3.99,4.5,0
T00021368,Model_B,4.67,4.49,4.1,4.46,0
T00021369,Model_B,4.98,4.8,2.94,4.53,0
T00021370,Model_B,3.6,4.12,4.39,3.97,0
T00021372,Model_B,5.0,3.04,4.48,4.44,0
T00021374,Model_B,3.82,3.49,3.73,3.93,0
T00021375,Model_B,5.0,4.1,4.77,4.58,0
T00021378,Model_B,4.77,3.97,3.79,4.16,0
T00021387,Model_B,4.37,3.81,3.76,3.76,0
T00021391,Model_B,5.0,4.04,4.11,4.39,0
T00021392,Model_B,4.36,4.61,4.58,4.75,0
T00021393,Model_B,3.97,4.2,3.88,4.05,0
T00021395,Model_B,4.15,4.17,4.47,4.26,0
T00021396,Model_B,5.0,4.61,4.1,4.43,0
T00021398,Model_B,4.63,4.34,4.13,4.16,0
T00021399,Model_B,4.27,3.49,3.27,3.74,0
T00021405,Model_B,4.52,4.0,3.89,4.04,1
T00021406,Model_B,4.28,3.67,3.85,4.02,0
T00021409,Model_B,3.95,4.03,4.72,4.21,0
T00021410,Model_B,4.22,3.67,3.9,3.69,0
T00021418,Model_B,4.82,4.47,4.67,4.8,0
T00021421,Model_B,4.1,5.0,3.91,4.52,0
T00021422,Model_B,4.23,5.0,4.52,4.19,0
T00021425,Model_B,4.55,4.92,3.61,4.41,0
T00021426,Model_B,4.01,3.88,4.37,3.99,0
T00021430,Model_B,4.53,4.54,3.74,4.48,0
T00021436,Model_B,4.82,4.39,4.13,4.38,0
T00021438,Model_B,4.02,3.73,3.75,3.84,0
T00021443,Model_B,3.85,3.47,3.7,3.7,0
T00021444,Model_B,3.64,4.04,3.66,4.04,0
T00021450,Model_B,4.11,4.01,3.85,4.09,0
T00021451,Model_B,4.67,4.16,5.0,4.86,0
T00021453,Model_B,5.0,3.49,3.74,3.98,0
T00021455,Model_B,4.52,4.63,4.44,4.47,0
T00021456,Model_B,4.15,4.2,4.89,4.29,0
T00021461,Model_B,3.57,4.4,5.0,4.49,0
T00021462,Model_B,4.58,4.37,3.75,4.06,0
T00021464,Model_B,4.29,3.6,4.51,3.97,0
T00021465,Model_B,4.02,5.0,4.03,4.26,0
T00021470,Model_B,4.79,3.79,4.34,4.21,0
T00021471,Model_B,4.26,3.44,4.12,4.39,0
T00021478,Model_B,4.57,4.16,4.73,4.58,0
T00021483,Model_B,4.18,4.01,4.14,3.89,0
T00021487,Model_B,4.41,4.11,4.64,4.34,0
T00021493,Model_B,4.36,4.23,4.83,4.43,0
T00021496,Model_B,4.11,5.0,3.81,4.36,0
T00021497,Model_B,4.11,3.7,4.03,3.97,0
T00021499,Model_B,4.58,3.33,4.07,3.83,0
T00021502,Model_B,4.83,4.94,3.5,4.65,0
T00021506,Model_B,4.27,4.94,4.58,4.69,0
T00000001,Model_C,2.39,4.36,5.0,3.64,0
T00000007,Model_C,3.79,4.28,4.34,4.04,0
T00000008,Model_C,3.03,4.79,4.49,3.78,0
T00000014,Model_C,4.02,4.02,5.0,4.15,0
T00000015,Model_C,4.11,3.14,4.88,4.13,0
T00000017,Model_C,4.16,4.46,4.23,4.27,0
T00000018,Model_C,3.64,4.56,4.97,4.11,0
T00000021,Model_C,3.88,3.97,3.89,3.85,0
T00000023,Model_C,4.17,3.76,4.41,4.06,1
T00000028,Model_C,4.33,3.8,4.28,4.24,0
T00000031,Model_C,4.3,4.57,4.64,4.44,0
T00000033,Model_C,2.87,3.6,4.78,3.97,0
T00000036,Model_C,3.83,4.06,3.71,3.9,0
T00000037,Model_C,3.67,4.18,5.0,4.18,0
T00000045,Model_C,3.89,3.73,4.53,3.97,0
T00000068,Model_C,4.93,2.76,4.53,4.01,0
T00000071,Model_C,3.56,4.52,4.75,4.22,0
T00000073,Model_C,4.51,3.43,4.53,4.06,0
T00000078,Model_C,3.14,3.93,3.83,3.46,0
T00000082,Model_C,2.78,3.63,4.49,3.76,0
T00000090,Model_C,4.34,4.17,5.0,4.51,0
T00000097,Model_C,4.35,3.23,4.48,4.21,0
T00000099,Model_C,3.97,4.55,4.64,4.41,0
T00000105,Model_C,3.57,3.89,3.89,3.59,0
T00000107,Model_C,3.94,3.92,5.0,4.31,0
T00000109,Model_C,3.2,4.15,4.39,4.09,0
T00000111,Model_C,4.67,3.28,4.42,4.01,0
T00000120,Model_C,3.38,3.72,5.0,3.86,0
T00000123,Model_C,3.05,4.21,4.35,3.61,0
T00000133,Model_C,3.26,4.11,4.1,3.71,0
T00000135,Model_C,3.03,4.13,4.33,3.74,0
T00000146,Model_C,3.69,3.31,4.67,3.87,0
T00000151,Model_C,3.9,3.57,4.18,3.63,0
T00000152,Model_C,4.94,3.48,3.75,3.73,0
T00000155,Model_C,3.64,3.68,3.86,3.63,0
T00000160,Model_C,4.51,3.54,3.81,4.01,0
T00000162,Model_C,5.0,3.84,4.84,4.74,0
T00000168,Model_C,3.43,3.14,4.32,3.73,0
T00000170,Model_C,3.95,2.99,4.67,3.64,0
T00000178,Model_C,4.16,3.41,4.36,3.98,0
T00000198,Model_C,3.97,3.88,4.91,4.46,0
T00000199,Model_C,3.47,4.13,4.69,3.83,0
T00000204,Model_C,3.38,3.85,3.99,3.63,0
T00000205,Model_C,4.17,3.87,4.31,4.14,0
T00000209,Model_C,4.55,4.54,5.0,4.66,0
T00000214,Model_C,4.23,3.77,4.87,4.44,0
T00000222,Model_C,4.01,2.45,4.35,3.63,0
T00000232,Model_C,4.05,3.92,5.0,4.28,0
T00000235,Model_C,5.0,4.34,3.89,4.35,0
T00000237,Model_C,4.1,4.18,4.52,4.35,0
T00000240,Model_C,3.94,4.23,5.0,4.52,0
T00000246,Model_C,4.5,3.59,4.23,4.05,0
T00000251,Model_C,3.72,3.79,5.0,4.05,0
T00000254,Model_C,4.04,4.11,4.28,4.01,0
T00000263,Model_C,3.76,4.16,4.86,3.9,0
T00000265,Model_C,3.87,4.35,4.07,4.15,0
T00000266,Model_C,3.86,3.25,4.54,4.03,0
T00000275,Model_C,3.66,2.96,3.75,3.37,0
T00000278,Model_C,4.32,3.87,4.49,4.04,0
T00000284,Model_C,4.26,3.63,3.69,3.96,1
T00000290,Model_C,4.11,3.9,4.38,3.95,0
T00000300,Model_C,3.14,3.7,3.98,3.67,0
T00000304,Model_C,3.29,4.2,5.0,3.96,0
T00000313,Model_C,3.9,3.22,5.0,3.9,0
T00000315,Model_C,3.3,4.9,4.94,4.27,0
T00000319,Model_C,3.13,4.83,4.69,4.27,0
T00000320,Model_C,3.51,3.83,4.04,3.71,0
T00000331,Model_C,3.25,3.61,4.26,3.88,0
T00000340,Model_C,3.38,3.68,4.28,3.85,0
T00000342,Model_C,4.23,3.58,4.5,4.23,0
T00000346,Model_C,4.27,3.01,4.86,3.9,0
T00000349,Model_C,4.11,3.47,4.16,3.98,0
T00000352,Model_C,3.84,3.67,4.74,3.84,0
T00000355,Model_C,3.91,3.83,3.92,4.14,0
T00000362,Model_C,4.35,3.15,4.48,3.92,0
T00000367,Model_C,3.52,2.78,4.4,3.62,0
T00000368,Model_C,3.93,4.3,4.79,4.46,0
T00000373,Model_C,3.18,3.46,5.0,3.87,0
T00000383,Model_C,3.94,4.74,4.69,4.12,0
T00000385,Model_C,4.15,3.89,4.63,4.36,0
T00000390,Model_C,4.08,3.3,4.21,3.84,0
T00000394,Model_C,3.25,3.82,4.49,3.76,0
T00000398,Model_C,4.99,3.43,4.95,4.51,0
T00000399,Model_C,3.55,3.2,4.57,3.85,0
T00000402,Model_C,4.62,3.93,4.5,4.29,0
T00000403,Model_C,3.55,3.67,3.79,3.48,0
T00000406,Model_C,4.13,3.91,4.16,4.45,0
T00000410,Model_C,3.59,3.52,4.42,3.85,0
T00000411,Model_C,4.53,4.26,4.57,4.17,0
T00000413,Model_C,3.56,2.65,4.39,3.71,0
T00000423,Model_C,4.35,3.49,5.0,4.47,0
T00000424,Model_C,3.5,4.36,3.72,3.67,0
T00000428,Model_C,3.77,4.08,4.31,3.87,0
T00000430,Model_C,3.91,2.73,4.91,3.87,0
T00000433,Model_C,2.64,3.6,4.65,3.36,0
T00000434,Model_C,3.73,3.6,4.15,3.8,0
T00000437,Model_C,2.82,2.62,4.22,3.3,0
T00000450,Model_C,3.91,3.98,4.5,4.11,0
T00000462,Model_C,4.2,3.7,4.68,4.43,0
T00000468,Model_C,4.11,3.62,3.33,3.91,0
T00000471,Model_C,4.38,3.23,4.83,3.96,0
T00000478,Model_C,3.13,4.21,4.25,3.84,0
T00000490,Model_C,4.28,3.51,4.29,4.01,0
T00000493,Model_C,4.58,4.09,3.92,4.39,0
T00000498,Model_C,3.49,3.73,4.71,4.05,0
T00000504,Model_C,3.34,3.71,4.02,3.81,0
T00000506,Model_C,3.92,3.41,3.29,3.67,0
T00000507,Model_C,4.29,4.43,4.68,4.37,0
T00000524,Model_C,3.86,4.62,4.18,4.38,0
T00000527,Model_C,3.87,4.21,4.8,4.32,0
T00000531,Model_C,3.88,3.38,4.6,3.84,0
T00000534,Model_C,4.67,3.58,4.51,4.24,0
T00000566,Model_C,3.55,4.25,5.0,4.11,0
T00000567,Model_C,4.5,3.1,4.66,4.01,0
T00000568,Model_C,4.68,4.18,4.78,4.47,0
T00000578,Model_C,4.74,3.41,4.35,4.51,0
T00000580,Model_C,4.41,3.42,4.66,4.23,0
T00000581,Model_C,3.65,3.35,4.37,4.03,0
T00000582,Model_C,4.02,3.58,5.0,4.04,0
T00000590,Model_C,4.19,4.06,3.41,3.97,0
T00000592,Model_C,4.45,3.53,4.36,3.84,0
T00000604,Model_C,3.42,4.08,4.25,3.95,0
T00000607,Model_C,4.74,4.2,4.78,4.81,0
T00000608,Model_C,4.64,4.58,3.45,3.84,0
T00000614,Model_C,4.02,4.52,4.83,4.43,0
T00000616,Model_C,3.77,3.47,4.39,3.76,0
T00000631,Model_C,3.61,4.09,4.42,3.96,0
T00000635,Model_C,4.38,3.8,4.67,4.2,0
T00000646,Model_C,3.06,4.17,3.72,3.87,0
T00000649,Model_C,3.4,3.59,4.96,3.98,0
T00000650,Model_C,3.8,4.27,4.94,4.43,0
T00000651,Model_C,4.1,3.51,5.0,4.48,0
T00000657,Model_C,4.0,3.53,5.0,4.02,0
T00000659,Model_C,3.67,3.25,4.22,3.54,0
T00000672,Model_C,3.27,3.67,3.28,3.19,0
T00000691,Model_C,4.19,3.82,5.0,4.45,0
T00000697,Model_C,4.3,3.95,5.0,4.29,0
T00000698,Model_C,3.07,3.78,5.0,3.99,0
T00000699,Model_C,4.72,2.91,4.79,4.34,0
T00000707,Model_C,3.98,3.9,4.05,4.11,0
T00000709,Model_C,3.97,3.53,5.0,3.94,0
T00000719,Model_C,3.94,3.17,4.0,3.48,1
T00000721,Model_C,4.46,4.14,4.51,4.31,0
T00000723,Model_C,4.5,3.43,4.78,4.05,0
T00000729,Model_C,3.79,3.98,4.57,3.73,0
T00000732,Model_C,4.04,4.53,5.0,4.46,0
T00000733,Model_C,4.15,3.98,4.69,4.03,0
T00000734,Model_C,4.06,3.8,5.0,4.04,0
T00000735,Model_C,3.83,3.16,4.99,4.03,0
T00000739,Model_C,4.08,3.44,4.69,4.23,0
T00000749,Model_C,4.06,4.18,4.65,4.11,0
T00000754,Model_C,3.99,3.94,4.29,3.55,0
T00000756,Model_C,3.51,3.69,4.39,3.59,0
T00000759,Model_C,4.87,4.31,4.1,4.44,0
T00000760,Model_C,3.63,3.95,4.08,3.85,0
T00000762,Model_C,3.85,4.38,4.63,4.46,0
T00000763,Model_C,4.3,4.45,4.55,4.1,0
T00000767,Model_C,3.49,3.85,4.69,3.9,0
T00000769,Model_C,3.63,4.71,4.87,4.36,0
T00000776,Model_C,3.6,3.4,4.4,3.79,0
T00000777,Model_C,3.25,3.99,4.79,3.87,0
T00000781,Model_C,3.95,3.92,3.59,3.87,0
T00000789,Model_C,4.67,3.77,3.74,4.04,0
T00000791,Model_C,4.11,4.3,4.48,3.99,0
T00000792,Model_C,3.65,3.58,5.0,4.25,0
T00000796,Model_C,4.04,4.1,4.74,4.19,0
T00000811,Model_C,4.5,4.96,4.9,4.88,0
T00000815,Model_C,3.47,3.8,4.53,3.66,0
T00000817,Model_C,3.78,4.03,4.73,4.18,0
T00000826,Model_C,3.78,3.75,5.0,3.89,0
T00000829,Model_C,4.47,4.21,4.99,4.47,0
T00000834,Model_C,3.42,4.34,4.93,4.21,0
T00000838,Model_C,3.77,3.3,3.91,3.69,0
T00000854,Model_C,4.26,3.12,3.58,3.61,0
T00000856,Model_C,3.64,3.39,4.4,3.87,0
T00000857,Model_C,3.91,3.78,3.73,3.87,0
T00000858,Model_C,4.35,3.15,3.64,3.96,0
T00000860,Model_C,4.28,4.27,4.21,4.35,0
T00000862,Model_C,3.99,4.3,4.55,4.26,0
T00000884,Model_C,3.22,4.02,3.89,3.58,1
T00000888,Model_C,4.01,3.8,4.68,4.19,0
T00000893,Model_C,3.6,4.0,4.18,4.17,0
T00000895,Model_C,3.29,4.28,5.0,3.97,0
T00000898,Model_C,5.0,3.87,4.61,4.69,0
T00000913,Model_C,3.8,3.33,3.85,3.58,0
T00000917,Model_C,3.88,3.54,4.23,3.83,0
T00000920,Model_C,3.79,4.52,4.27,4.29,0
T00000921,Model_C,4.67,3.93,4.61,4.17,0
T00000922,Model_C,4.01,3.36,4.95,3.86,0
T00000925,Model_C,3.54,3.7,4.45,3.78,0
T00000930,Model_C,4.45,4.04,4.34,4.52,0
T00000932,Model_C,3.32,3.72,3.9,3.77,1
T00000934,Model_C,3.92,3.65,4.7,3.77,0
T00000936,Model_C,4.41,3.74,4.08,4.12,0
T00000959,Model_C,4.15,3.56,4.05,4.1,0
T00000964,Model_C,4.05,3.39,4.94,3.68,0
T00000970,Model_C,4.16,4.05,4.71,4.2,0
T00000986,Model_C,3.79,3.68,4.73,3.86,0
T00000987,Model_C,3.83,4.14,4.41,4.08,0
T00000989,Model_C,4.93,3.85,4.56,4.28,0
T00000999,Model_C,3.77,4.52,4.64,4.18,0
T00001017,Model_C,3.92,3.95,4.28,4.21,0
T00001026,Model_C,3.39,4.41,4.41,4.01,0
T00001027,Model_C,3.94,4.14,4.2,4.37,0
T00001035,Model_C,3.93,3.49,4.07,3.88,0
T00001036,Model_C,3.61,3.62,4.43,3.73,0
T00001038,Model_C,3.1,4.17,4.1,3.68,0
T00001042,Model_C,4.39,3.22,4.04,4.13,0
T00001043,Model_C,4.24,4.57,4.59,4.53,0
T00001046,Model_C,3.9,3.81,5.0,4.16,0
T00001055,Model_C,4.44,3.59,4.66,4.48,0
T00001056,Model_C,4.16,4.04,4.39,4.21,0
T00001062,Model_C,3.88,3.35,4.41,3.84,0
T00001064,Model_C,4.38,3.31,4.52,4.18,0
T00001067,Model_C,4.25,3.21,4.4,4.21,0
T00001068,Model_C,4.32,3.41,4.71,3.94,0
T00001081,Model_C,3.95,3.35,4.75,4.25,0
T00001090,Model_C,3.84,2.95,4.89,4.19,0
T00001097,Model_C,2.78,4.12,4.22,3.71,0
T00001098,Model_C,3.22,3.95,4.23,3.52,0
T00001100,Model_C,3.31,3.46,4.75,3.56,0
T00001105,Model_C,4.4,3.84,4.61,4.19,0
T00001121,Model_C,3.56,3.33,4.44,3.5,0
T00001127,Model_C,3.49,4.24,4.27,3.96,0
T00001136,Model_C,3.61,4.38,4.83,4.15,0
T00001145,Model_C,4.27,4.36,4.5,4.15,0
T00001155,Model_C,4.12,4.35,4.65,4.2,0
T00001161,Model_C,3.43,4.52,4.05,4.2,0
T00001168,Model_C,3.54,3.74,4.08,3.87,0
T00001182,Model_C,3.04,3.09,4.15,3.6,0
T00001190,Model_C,3.34,3.52,4.66,3.88,0
T00001192,Model_C,4.17,4.6,2.93,4.04,0
T00001195,Model_C,3.5,3.77,4.44,4.18,0
T00001199,Model_C,3.91,3.62,4.59,3.87,0
T00001204,Model_C,3.53,3.68,4.25,3.9,0
T00001215,Model_C,4.7,2.74,4.91,4.15,0
T00001221,Model_C,3.58,4.45,5.0,4.33,0
T00001226,Model_C,3.57,3.77,4.47,3.84,0
T00001228,Model_C,3.64,2.78,4.13,3.54,0
T00001229,Model_C,3.9,3.98,4.37,4.07,0
T00001238,Model_C,3.86,3.16,4.35,3.63,0
T00001240,Model_C,3.54,3.89,5.0,4.03,0
T00001242,Model_C,3.51,3.63,3.18,3.33,0
T00001244,Model_C,4.16,4.77,3.95,4.18,0
T00001246,Model_C,4.31,3.78,2.73,3.53,0
T00001249,Model_C,4.57,3.66,5.0,4.56,0
T00001250,Model_C,3.68,3.45,4.53,3.7,0
T00001254,Model_C,4.44,3.18,4.13,3.78,0
T00001256,Model_C,4.62,3.56,5.0,4.25,0
T00001259,Model_C,3.5,3.15,5.0,3.97,0
T00001263,Model_C,4.54,4.11,4.87,4.36,0
T00001265,Model_C,4.56,4.32,4.61,4.63,0
T00001267,Model_C,4.61,2.45,4.19,3.91,0
T00001269,Model_C,4.12,4.29,3.46,3.74,0
T00001273,Model_C,4.04,3.81,4.14,3.99,0
T00001279,Model_C,3.16,4.06,5.0,4.28,0
T00001281,Model_C,3.56,4.09,4.76,3.92,0
T00001284,Model_C,3.03,2.41,4.53,3.32,0
T00001287,Model_C,3.8,2.99,5.0,3.78,0
T00001289,Model_C,3.39,3.61,4.55,3.72,0
T00001293,Model_C,4.25,3.62,4.43,4.02,0
T00001294,Model_C,4.52,3.51,4.52,4.11,0
T00001295,Model_C,3.4,3.62,5.0,3.71,0
T00001301,Model_C,3.13,3.91,4.53,3.8,0
T00001305,Model_C,3.55,3.07,4.83,3.55,1
T00001307,Model_C,4.53,3.93,5.0,4.23,0
T00001308,Model_C,3.52,3.71,4.24,3.74,0
T00001314,Model_C,3.79,4.39,4.52,4.13,0
T00001316,Model_C,3.67,3.89,3.74,3.62,0
T00001322,Model_C,4.15,4.12,4.51,4.11,0
T00001332,Model_C,3.75,3.06,4.69,3.76,0
T00001335,Model_C,3.65,3.48,4.63,3.8,0
T00001338,Model_C,3.51,3.95,5.0,4.14,0
T00001339,Model_C,3.77,3.75,4.28,4.07,0
T00001345,Model_C,3.07,3.89,4.89,4.19,0
T00001355,Model_C,3.35,4.18,5.0,4.03,0
T00001358,Model_C,3.97,3.32,5.0,4.12,0
T00001361,Model_C,4.03,4.02,3.88,3.98,0
T00001366,Model_C,3.91,3.95,4.7,4.21,0
T00001369,Model_C,4.25,3.43,3.85,4.23,0
T00001371,Model_C,3.53,3.6,4.09,3.59,0
T00001378,Model_C,4.18,3.79,4.39,4.19,0
T00001393,Model_C,4.04,4.11,4.97,4.2,0
T00001398,Model_C,3.49,3.58,4.72,3.81,0
T00001400,Model_C,3.77,3.1,4.53,3.44,0
T00001402,Model_C,4.58,4.39,5.0,4.75,0
T00001412,Model_C,4.06,3.57,3.87,3.62,0
T00001415,Model_C,3.46,3.52,4.15,3.78,0
T00001420,Model_C,3.39,3.43,4.53,3.82,0
T00001431,Model_C,4.01,3.34,4.73,3.85,0
T00001434,Model_C,3.22,3.8,4.11,3.59,0
T00001446,Model_C,3.35,3.11,4.15,3.54,0
T00001450,Model_C,3.25,3.44,4.46,3.38,0
T00001452,Model_C,3.77,3.77,5.0,4.07,0
T00001466,Model_C,4.66,3.72,4.43,4.27,0
T00001475,Model_C,3.95,3.61,4.58,3.95,0
T00001478,Model_C,4.18,4.58,4.81,4.48,0
T00001486,Model_C,4.33,3.98,4.43,4.27,0
T00001487,Model_C,3.82,3.08,4.69,4.06,0
T00001488,Model_C,4.09,4.3,3.98,3.94,0
T00001501,Model_C,3.29,4.19,3.98,3.8,0
T00001503,Model_C,3.7,4.15,4.6,3.92,0
T00001509,Model_C,3.97,3.44,5.0,4.02,0
T00001511,Model_C,3.33,3.93,4.62,4.01,0
T00001514,Model_C,3.67,3.14,4.76,3.77,0
T00001517,Model_C,3.81,4.01,4.1,4.09,0
T00001535,Model_C,3.15,3.49,4.02,3.45,0
T00001544,Model_C,3.45,3.28,4.69,3.92,0
T00001547,Model_C,3.41,3.05,4.94,3.42,0
T00001564,Model_C,3.81,3.68,5.0,4.08,0
T00001567,Model_C,4.71,2.86,5.0,4.08,0
T00001568,Model_C,4.05,3.42,4.52,3.98,0
T00001575,Model_C,4.06,3.62,3.95,3.81,0
T00001589,Model_C,4.62,3.48,4.95,4.16,0
T00001592,Model_C,4.07,3.93,4.56,4.39,0
T00001596,Model_C,4.08,3.28,4.99,4.0,0
T00001601,Model_C,4.86,4.0,4.13,3.92,0
T00001609,Model_C,4.66,4.1,5.0,4.49,0
T00001613,Model_C,4.03,3.37,4.94,4.29,0
T00001618,Model_C,4.18,2.63,5.0,4.04,0
T00001628,Model_C,4.34,2.8,4.05,3.7,0
T00001643,Model_C,4.32,4.33,4.4,4.36,0
T00001645,Model_C,4.05,3.55,4.79,4.13,1
T00001663,Model_C,3.25,2.95,3.86,3.23,0
T00001670,Model_C,3.83,4.2,5.0,4.05,0
T00001672,Model_C,4.3,3.39,4.04,3.73,0
T00001676,Model_C,4.13,3.94,4.0,4.31,0
T00001680,Model_C,3.37,4.38,4.73,4.38,0
T00001682,Model_C,3.36,5.0,4.45,4.13,0
T00001684,Model_C,3.52,2.94,3.32,3.22,0
T00001685,Model_C,3.04,3.62,3.85,3.4,0
T00001691,Model_C,3.54,3.63,4.46,3.92,0
T00001694,Model_C,3.68,3.83,3.95,3.76,0
T00001702,Model_C,3.72,3.94,5.0,4.12,0
T00001706,Model_C,4.34,3.86,4.06,3.82,0
T00001711,Model_C,3.61,3.73,4.22,3.78,0
T00001715,Model_C,4.08,4.07,4.22,3.77,0
T00001719,Model_C,3.7,3.77,4.68,4.15,0
T00001720,Model_C,3.87,3.39,4.9,3.74,0
T00001724,Model_C,4.11,4.37,4.02,4.2,0
T00001725,Model_C,3.86,3.2,3.81,3.88,0
T00001733,Model_C,3.91,3.9,3.78,3.73,0
T00001735,Model_C,4.5,3.73,3.86,4.15,0
T00001738,Model_C,2.92,3.07,4.41,3.37,0
T00001741,Model_C,2.63,3.92,4.71,3.4,0
T00001745,Model_C,4.09,3.58,3.58,3.77,0
T00001750,Model_C,3.75,3.87,5.0,4.39,1
T00001751,Model_C,3.72,4.07,4.65,4.14,0
T00001758,Model_C,3.77,3.67,4.46,3.65,0
T00001761,Model_C,3.71,3.34,5.0,3.98,0
T00001762,Model_C,3.36,3.34,5.0,3.93,0
T00001765,Model_C,3.95,4.04,4.72,4.09,0
T00001766,Model_C,4.33,3.83,4.76,4.43,0
T00001769,Model_C,3.75,3.69,4.75,4.1,0
T00001771,Model_C,3.84,3.48,4.22,3.76,0
T00001774,Model_C,3.58,3.58,5.0,3.88,0
T00001776,Model_C,4.34,3.64,3.88,3.83,0
T00001778,Model_C,3.79,3.91,5.0,4.15,0
T00001779,Model_C,3.94,3.81,4.31,3.97,0
T00001781,Model_C,4.25,3.03,4.36,4.06,0
T00001782,Model_C,4.24,3.68,4.2,3.71,0
T00001784,Model_C,3.49,3.86,4.37,3.96,0
T00001786,Model_C,3.54,3.58,4.32,3.82,0
T00001805,Model_C,4.24,3.15,4.89,3.93,0
T00001810,Model_C,3.07,4.03,4.41,3.89,1
T00001812,Model_C,3.68,3.24,4.37,3.44,0
T00001814,Model_C,4.21,3.65,5.0,4.19,0
T00001823,Model_C,3.64,4.24,4.99,4.39,1
T00001824,Model_C,3.71,3.29,3.85,3.62,0
T00001825,Model_C,4.36,3.71,4.74,4.46,0
T00001828,Model_C,3.78,4.33,4.6,4.21,0
T00001829,Model_C,3.59,3.75,4.38,4.02,1
T00001842,Model_C,4.13,4.63,4.49,4.68,0
T00001843,Model_C,3.82,4.0,4.18,3.96,0
T00001844,Model_C,4.12,4.26,4.14,4.44,0
T00001852,Model_C,3.58,4.38,4.16,3.97,0
T00001853,Model_C,3.35,4.41,4.02,4.09,0
T00001859,Model_C,3.83,4.95,4.4,4.41,0
T00001865,Model_C,3.25,4.19,4.22,3.87,0
T00001866,Model_C,3.51,4.18,4.58,3.99,1
T00001867,Model_C,3.03,3.69,4.3,3.32,0
T00001872,Model_C,3.27,4.01,3.99,3.67,0
T00001880,Model_C,3.66,3.9,4.82,3.99,0
T00001882,Model_C,3.5,4.18,4.31,3.87,0
T00001888,Model_C,4.15,3.59,4.43,4.2,0
T00001890,Model_C,4.05,4.05,3.95,4.18,0
T00001891,Model_C,3.07,4.76,5.0,4.13,0
T00001892,Model_C,3.1,4.16,3.95,3.86,0
T00001896,Model_C,3.69,3.84,4.05,3.92,0
T00001899,Model_C,2.99,3.23,4.92,3.73,0
T00001901,Model_C,4.23,4.06,4.47,3.98,0
T00001904,Model_C,4.01,4.49,4.06,4.37,0
T00001905,Model_C,3.36,4.43,4.27,3.98,0
T00001907,Model_C,3.13,4.26,4.99,3.91,0
T00001908,Model_C,2.75,4.21,4.03,3.8,0
T00001912,Model_C,3.37,3.47,4.72,4.07,0
T00001917,Model_C,3.83,4.15,4.14,4.19,0
T00001929,Model_C,3.56,3.14,3.87,3.44,0
T00001933,Model_C,4.76,4.82,4.59,4.81,0
T00001940,Model_C,3.7,4.92,4.9,4.3,0
T00001942,Model_C,3.46,4.31,4.75,4.3,0
T00001949,Model_C,3.71,2.97,4.6,3.38,0
T00001952,Model_C,4.01,3.62,4.37,4.07,0
T00001954,Model_C,4.0,3.42,4.65,4.17,0
T00001962,Model_C,3.22,3.97,3.89,3.64,0
T00001966,Model_C,3.42,3.76,4.31,3.76,0
T00001972,Model_C,3.55,3.51,4.73,3.81,0
T00001985,Model_C,3.66,3.42,4.33,3.88,0
T00001986,Model_C,3.9,3.46,3.38,3.58,1
T00001988,Model_C,2.52,4.21,4.09,3.44,0
T00001992,Model_C,3.67,4.04,4.13,3.86,0
T00001996,Model_C,3.67,4.19,4.41,4.06,0
T00002007,Model_C,3.55,4.08,3.79,4.05,0
T00002024,Model_C,3.09,3.86,3.97,3.73,0
T00002043,Model_C,4.18,4.28,3.77,4.03,0
T00002044,Model_C,4.18,3.89,4.32,4.37,0
T00002048,Model_C,3.94,3.2,5.0,4.18,0
T00002055,Model_C,3.59,3.56,4.51,3.7,0
T00002058,Model_C,4.0,3.83,4.46,4.1,0
T00002069,Model_C,3.61,4.53,4.39,4.13,0
T00002071,Model_C,3.77,4.11,4.5,4.11,0
T00002072,Model_C,4.12,4.86,4.13,4.04,0
T00002075,Model_C,4.52,3.57,3.67,3.82,0
T00002088,Model_C,3.43,3.58,4.63,3.67,0
T00002092,Model_C,3.98,4.07,4.47,3.82,0
T00002099,Model_C,4.23,4.8,4.45,4.39,0
T00002115,Model_C,4.2,3.94,4.98,4.45,0
T00002118,Model_C,3.66,3.44,4.11,4.15,0
T00002122,Model_C,3.55,4.19,5.0,4.13,0
T00002125,Model_C,4.03,3.76,4.93,4.26,0
T00002128,Model_C,3.17,3.99,4.16,3.93,0
T00002134,Model_C,3.17,4.58,4.11,4.04,0
T00002135,Model_C,3.78,3.05,5.0,3.52,0
T00002139,Model_C,3.76,4.44,4.38,3.8,0
T00002141,Model_C,3.61,3.93,4.23,4.0,0
T00002154,Model_C,3.95,3.96,4.55,4.05,0
T00002156,Model_C,3.33,3.26,5.0,4.06,0
T00002158,Model_C,4.42,4.52,4.33,4.16,0
T00002163,Model_C,3.65,3.77,4.16,4.07,0
T00002168,Model_C,2.82,3.91,4.81,3.79,0
T00002176,Model_C,4.2,3.92,3.61,3.94,1
T00002177,Model_C,4.22,2.79,5.0,4.08,0
T00002183,Model_C,4.2,4.11,3.83,3.85,0
T00002184,Model_C,4.25,3.93,5.0,4.29,0
T00002189,Model_C,4.28,3.14,4.74,4.06,0
T00002193,Model_C,4.01,3.21,5.0,3.69,0
T00002207,Model_C,4.34,3.15,3.79,3.71,0
T00002212,Model_C,3.65,3.53,4.62,3.89,0
T00002218,Model_C,4.1,3.72,4.64,4.2,1
T00002232,Model_C,3.87,3.98,4.0,3.97,0
T00002234,Model_C,3.1,4.06,4.06,3.6,0
T00002236,Model_C,2.77,3.73,4.14,3.39,0
T00002237,Model_C,3.78,4.12,4.74,4.06,0
T00002240,Model_C,3.64,3.63,4.16,3.62,0
T00002243,Model_C,4.06,3.72,4.09,3.91,0
T00002244,Model_C,3.68,3.88,4.49,4.16,0
T00002255,Model_C,4.31,3.21,5.0,3.92,1
T00002259,Model_C,3.73,4.2,4.66,4.24,0
T00002260,Model_C,3.61,3.86,3.74,3.88,0
T00002261,Model_C,4.54,3.95,4.69,4.25,0
T00002269,Model_C,3.45,4.05,4.29,4.1,0
T00002272,Model_C,3.48,3.38,4.03,3.38,0
T00002275,Model_C,4.51,3.19,4.24,4.11,0
T00002276,Model_C,2.94,3.89,3.98,3.76,0
T00002278,Model_C,3.81,4.08,4.63,3.89,0
T00002279,Model_C,3.59,3.36,4.31,3.79,0
T00002285,Model_C,3.55,3.71,4.87,3.99,0
T00002290,Model_C,4.86,4.14,3.94,4.53,0
T00002297,Model_C,4.48,2.93,3.82,3.69,0
T00002300,Model_C,4.1,3.71,3.98,3.88,0
T00002306,Model_C,3.93,3.87,4.15,3.9,0
T00002330,Model_C,3.95,3.87,3.78,3.76,0
T00002331,Model_C,2.77,3.36,4.47,3.52,0
T00002332,Model_C,3.48,3.62,4.62,3.82,0
T00002346,Model_C,3.47,3.07,4.56,3.83,0
T00002351,Model_C,4.16,4.27,4.81,4.38,1
T00002355,Model_C,4.41,3.64,4.63,4.19,0
T00002356,Model_C,3.62,3.73,4.9,3.85,0
T00002359,Model_C,3.59,3.44,4.3,3.77,0
T00002362,Model_C,4.01,3.94,4.18,4.01,0
T00002367,Model_C,2.99,3.11,5.0,3.86,0
T00002371,Model_C,3.5,3.51,5.0,4.04,0
T00002373,Model_C,4.11,4.16,4.9,4.28,0
T00002382,Model_C,3.36,4.35,4.06,3.99,0
T00002383,Model_C,3.97,3.63,4.11,3.91,0
T00002388,Model_C,3.37,4.24,4.25,3.74,0
T00002391,Model_C,5.0,4.26,5.0,4.48,0
T00002392,Model_C,2.73,3.09,4.12,3.29,0
T00002398,Model_C,1.87,3.81,5.0,3.34,0
T00002399,Model_C,4.18,4.39,4.42,4.31,0
T00002405,Model_C,3.88,3.93,4.05,4.06,0
T00002406,Model_C,4.52,3.09,5.0,4.15,0
T00002424,Model_C,3.8,3.85,4.43,3.98,0
T00002426,Model_C,3.16,3.31,4.72,3.25,0
T00002427,Model_C,3.14,3.74,4.18,3.54,0
T00002428,Model_C,4.05,4.02,5.0,4.33,0
T00002436,Model_C,3.81,3.84,4.64,3.83,0
T00002442,Model_C,3.67,4.15,4.86,4.57,0
T00002444,Model_C,4.42,4.07,4.9,4.29,0
T00002450,Model_C,4.15,3.33,4.58,3.86,0
T00002466,Model_C,3.78,4.43,4.53,3.97,0
T00002473,Model_C,3.95,3.25,5.0,3.87,0
T00002474,Model_C,4.07,3.94,4.53,4.36,0
T00002476,Model_C,3.75,3.62,4.25,3.67,0
T00002479,Model_C,3.86,3.67,5.0,4.13,0
T00002484,Model_C,3.72,4.76,4.48,4.51,0
T00002494,Model_C,4.49,3.19,5.0,3.89,0
T00002500,Model_C,3.81,3.94,4.48,4.22,0
T00002505,Model_C,3.89,3.53,4.64,4.09,0
T00002509,Model_C,3.72,3.69,4.63,3.97,0
T00002510,Model_C,3.71,4.02,4.49,3.91,0
T00002513,Model_C,3.73,4.34,3.82,3.73,0
T00002517,Model_C,3.89,3.87,5.0,4.12,0
T00002526,Model_C,3.42,3.37,5.0,4.13,0
T00002527,Model_C,3.65,3.54,4.3,3.8,0
T00002535,Model_C,4.15,3.64,3.92,4.15,0
T00002536,Model_C,4.64,4.63,4.34,4.77,0
T00002539,Model_C,3.76,3.63,4.51,4.26,0
T00002542,Model_C,3.03,3.92,4.73,3.99,0
T00002543,Model_C,3.58,3.1,4.47,3.75,0
T00002551,Model_C,4.88,3.28,5.0,4.5,0
T00002558,Model_C,3.79,4.41,4.92,4.21,0
T00002564,Model_C,3.19,3.68,4.17,3.98,0
T00002573,Model_C,4.66,4.18,5.0,4.66,0
T00002584,Model_C,3.14,4.43,4.33,3.79,0
T00002586,Model_C,4.09,4.24,4.31,4.49,1
T00002588,Model_C,3.12,3.92,4.87,4.1,0
T00002591,Model_C,3.7,3.78,3.94,3.8,0
T00002594,Model_C,3.75,3.94,4.11,3.92,0
T00002601,Model_C,4.32,3.49,4.75,4.03,0
T00002606,Model_C,4.08,4.49,4.51,4.51,0
T00002611,Model_C,3.47,3.92,4.12,4.07,0
T00002618,Model_C,3.59,3.02,4.28,3.4,1
T00002621,Model_C,3.46,4.38,3.79,4.14,0
T00002623,Model_C,3.71,2.85,4.25,3.52,0
T00002631,Model_C,3.87,3.69,4.77,4.06,0
T00002650,Model_C,4.15,3.05,5.0,4.21,0
T00002654,Model_C,3.47,4.41,5.0,3.97,0
T00002656,Model_C,3.64,2.23,4.5,3.64,0
T00002659,Model_C,4.11,4.25,4.16,4.34,0
T00002660,Model_C,4.06,3.7,4.14,3.76,0
T00002664,Model_C,3.47,4.58,4.48,3.92,0
T00002666,Model_C,3.51,4.67,3.84,4.17,0
T00002691,Model_C,3.69,3.5,3.8,3.76,0
T00002700,Model_C,3.58,3.87,4.68,4.03,0
T00002703,Model_C,4.08,5.0,4.32,4.3,0
T00002707,Model_C,4.49,3.98,3.94,4.33,0
T00002711,Model_C,3.5,3.9,4.25,3.65,0
T00002714,Model_C,4.1,4.25,4.32,3.95,0
T00002715,Model_C,3.79,3.58,4.23,3.68,0
T00002716,Model_C,4.87,4.03,4.54,4.31,1
T00002726,Model_C,4.18,3.94,5.0,4.28,0
T00002737,Model_C,3.85,3.36,4.13,3.79,0
T00002750,Model_C,3.95,4.05,4.91,4.42,0
T00002751,Model_C,4.8,4.33,4.46,4.36,0
T00002752,Model_C,3.41,3.59,4.39,3.7,0
T00002756,Model_C,3.73,4.32,5.0,4.29,0
T00002771,Model_C,3.74,3.63,4.83,4.04,0
T00002772,Model_C,3.65,3.81,4.13,3.78,0
T00002775,Model_C,4.47,3.68,4.29,3.96,0
T00002781,Model_C,3.61,3.96,5.0,4.12,0
T00002782,Model_C,3.53,4.5,4.5,3.92,0
T00002795,Model_C,4.56,3.84,3.61,4.15,0
T00002807,Model_C,3.85,3.84,4.29,4.13,0
T00002809,Model_C,4.56,3.91,5.0,4.6,1
T00002816,Model_C,3.23,5.0,3.7,4.12,0
T00002817,Model_C,3.83,3.99,4.99,3.96,0
T00002819,Model_C,3.72,3.92,4.38,3.99,0
T00002831,Model_C,3.54,3.56,5.0,4.15,0
T00002839,Model_C,3.6,4.46,4.39,4.12,0
T00002844,Model_C,3.66,3.79,4.0,3.71,0
T00002845,Model_C,3.83,3.12,4.33,4.02,0
T00002850,Model_C,4.02,3.94,4.93,4.29,0
T00002854,Model_C,3.07,5.0,4.54,4.24,0
T00002857,Model_C,3.98,3.94,4.6,4.11,0
T00002860,Model_C,3.79,3.37,4.85,3.93,0
T00002861,Model_C,3.9,3.33,5.0,3.84,0
T00002869,Model_C,3.22,3.89,4.59,3.6,0
T00002871,Model_C,3.66,3.28,5.0,3.54,1
T00002872,Model_C,3.19,3.76,4.29,3.64,0
T00002875,Model_C,3.12,3.05,4.68,3.55,0
T00002878,Model_C,4.0,4.02,4.91,4.28,0
T00002884,Model_C,3.47,3.93,4.28,3.61,0
T00002888,Model_C,3.86,4.3,4.22,4.28,0
T00002891,Model_C,3.45,4.22,4.22,3.61,0
T00002904,Model_C,3.7,4.41,4.39,3.88,0
T00002922,Model_C,3.91,3.43,4.65,3.99,0
T00002925,Model_C,4.27,3.72,4.69,4.42,0
T00002944,Model_C,4.07,2.65,4.71,3.58,0
T00002952,Model_C,3.61,4.48,3.83,3.91,0
T00002954,Model_C,3.86,3.58,3.53,3.61,0
T00002957,Model_C,3.13,3.21,3.42,3.29,0
T00002967,Model_C,3.6,4.35,4.8,4.15,0
T00002988,Model_C,3.42,4.4,4.81,4.18,0
T00002993,Model_C,4.48,4.14,5.0,4.52,0
T00002995,Model_C,4.23,3.96,3.99,4.03,0
T00003002,Model_C,4.13,3.08,4.02,3.76,0
T00003011,Model_C,3.76,4.24,4.7,4.22,0
T00003021,Model_C,3.45,2.7,4.68,3.33,0
T00003031,Model_C,3.73,4.26,4.16,4.29,0
T00003032,Model_C,4.33,3.75,3.75,3.66,0
T00003033,Model_C,3.65,3.71,4.91,3.78,0
T00003035,Model_C,3.6,3.09,4.73,3.9,0
T00003036,Model_C,4.49,4.35,4.32,4.43,0
T00003037,Model_C,4.52,3.31,4.97,4.03,0
T00003048,Model_C,4.21,3.7,4.6,4.12,0
T00003049,Model_C,4.85,3.42,4.47,4.03,0
T00003052,Model_C,3.23,3.89,3.95,3.67,0
T00003054,Model_C,3.33,3.76,4.41,3.72,1
T00003059,Model_C,4.44,4.05,4.41,4.24,1
T00003078,Model_C,3.75,2.59,4.61,3.5,0
T00003082,Model_C,4.27,4.28,4.41,4.33,0
T00003083,Model_C,3.66,4.28,4.28,3.67,0
T00003094,Model_C,4.09,4.0,5.0,4.37,0
T00003103,Model_C,3.74,3.78,3.92,3.92,0
T00003110,Model_C,3.55,3.92,4.81,4.1,0
T00003115,Model_C,4.43,3.68,4.94,4.52,0
T00003116,Model_C,4.49,3.66,4.9,4.21,0
T00003120,Model_C,4.03,4.22,4.79,3.84,0
T00003125,Model_C,4.05,3.11,3.82,4.05,0
T00003134,Model_C,3.83,4.24,4.31,4.25,0
T00003150,Model_C,3.53,3.92,4.04,3.89,0
T00003159,Model_C,4.58,4.65,4.52,4.46,1
T00003161,Model_C,3.65,3.4,5.0,4.01,1
T00003162,Model_C,3.7,4.12,5.0,4.35,0
T00003167,Model_C,3.69,3.84,4.4,3.95,0
T00003179,Model_C,4.25,4.72,4.03,4.47,0
T00003181,Model_C,3.37,3.67,4.32,3.71,0
T00003188,Model_C,4.88,3.87,4.37,4.59,0
T00003191,Model_C,3.08,2.82,4.22,3.48,0
T00003194,Model_C,4.16,3.62,4.8,4.26,0
T00003198,Model_C,3.76,4.51,4.57,4.13,0
T00003202,Model_C,4.88,4.63,4.21,4.72,0
T00003204,Model_C,4.02,3.34,4.48,3.79,0
T00003208,Model_C,3.58,3.63,4.34,3.83,0
T00003216,Model_C,4.67,4.02,3.99,3.98,0
T00003219,Model_C,3.2,4.3,4.91,4.25,0
T00003222,Model_C,3.91,3.93,4.62,4.09,1
T00003226,Model_C,3.53,3.8,4.93,4.11,0
T00003229,Model_C,3.44,3.93,4.55,3.78,0
T00003232,Model_C,4.15,3.67,4.94,4.19,0
T00003233,Model_C,3.64,3.83,4.21,3.98,0
T00003248,Model_C,3.98,3.98,3.67,4.21,0
T00003250,Model_C,4.08,3.47,3.58,3.69,0
T00003252,Model_C,3.58,3.56,4.29,3.38,0
T00003254,Model_C,3.88,3.96,3.94,4.06,0
T00003262,Model_C,3.92,3.93,4.72,4.23,0
T00003267,Model_C,3.91,4.03,4.9,4.55,0
T00003276,Model_C,4.09,3.7,4.12,4.15,0
T00003284,Model_C,3.89,4.59,4.57,4.37,0
T00003297,Model_C,4.28,4.51,4.21,4.5,0
T00003298,Model_C,3.7,4.36,4.22,3.94,0
T00003301,Model_C,3.38,3.29,4.6,3.39,0
T00003305,Model_C,3.77,3.28,4.16,3.84,0
T00003312,Model_C,3.77,3.68,4.74,3.74,0
T00003318,Model_C,4.38,3.67,3.96,4.11,0
T00003321,Model_C,3.34,4.29,4.34,3.76,0
T00003323,Model_C,3.39,4.85,4.11,4.17,0
T00003324,Model_C,3.14,3.63,3.5,3.47,0
T00003328,Model_C,4.19,4.38,3.73,4.28,0
T00003335,Model_C,4.62,3.28,4.42,4.07,0
T00003339,Model_C,3.62,3.37,4.6,4.12,0
T00003341,Model_C,3.78,3.82,4.64,3.99,0
T00003344,Model_C,4.56,3.8,4.46,4.22,0
T00003354,Model_C,3.86,3.53,4.18,4.08,0
T00003363,Model_C,3.45,4.09,4.43,3.92,0
T00003366,Model_C,3.99,3.81,4.28,3.8,0
T00003368,Model_C,3.26,4.83,4.58,3.98,0
T00003379,Model_C,4.25,4.09,3.66,4.19,0
T00003383,Model_C,3.52,4.17,5.0,4.04,0
T00003412,Model_C,3.68,3.39,4.6,3.96,0
T00003433,Model_C,3.69,3.6,4.3,4.17,0
T00003435,Model_C,3.9,4.45,5.0,4.44,0
T00003438,Model_C,4.34,3.74,4.71,4.18,0
T00003443,Model_C,3.29,3.84,4.65,3.69,0
T00003452,Model_C,3.66,3.09,4.23,3.71,0
T00003459,Model_C,4.64,4.45,5.0,4.82,0
T00003470,Model_C,3.68,3.0,4.57,3.6,0
T00003475,Model_C,3.67,3.12,4.03,3.39,0
T00003486,Model_C,3.88,4.16,4.81,4.29,0
T00003489,Model_C,3.53,3.59,4.19,3.81,0
T00003490,Model_C,3.89,3.76,4.05,4.06,0
T00003501,Model_C,3.26,4.22,4.62,3.82,0
T00003503,Model_C,2.83,3.6,4.31,3.67,0
T00003514,Model_C,4.49,4.17,3.63,3.93,0
T00003515,Model_C,4.34,3.99,3.47,4.05,0
T00003523,Model_C,3.21,4.64,5.0,4.27,0
T00003526,Model_C,4.27,3.37,4.62,4.04,0
T00003531,Model_C,3.76,3.55,4.42,3.76,0
T00003532,Model_C,3.83,3.42,4.24,3.86,0
T00003533,Model_C,4.21,3.67,4.76,4.11,0
T00003535,Model_C,3.74,3.76,5.0,4.23,0
T00003537,Model_C,3.62,3.74,5.0,4.19,0
T00003538,Model_C,4.58,2.82,3.92,4.03,0
T00003544,Model_C,3.6,2.99,4.37,3.67,0
T00003554,Model_C,3.89,4.16,4.78,4.13,0
T00003557,Model_C,3.58,4.09,5.0,4.24,0
T00003558,Model_C,4.09,3.84,4.41,4.24,1
T00003561,Model_C,3.63,4.14,5.0,4.41,0
T00003562,Model_C,3.05,3.9,4.42,3.91,0
T00003578,Model_C,4.33,4.09,4.15,4.09,0
T00003584,Model_C,4.49,4.0,4.13,4.27,0
T00003591,Model_C,3.89,4.11,4.59,4.17,0
T00003596,Model_C,4.84,3.9,4.39,4.5,0
T00003597,Model_C,2.79,4.56,5.0,3.87,0
T00003603,Model_C,3.24,3.54,4.93,3.75,0
T00003605,Model_C,3.09,4.23,4.34,3.73,0
T00003610,Model_C,3.94,3.87,5.0,4.3,0
T00003619,Model_C,2.75,3.51,4.46,3.61,0
T00003620,Model_C,3.92,3.58,4.23,3.49,0
T00003621,Model_C,3.43,3.05,3.99,3.19,0
T00003627,Model_C,3.93,3.88,4.23,3.77,0
T00003629,Model_C,3.44,3.1,4.81,3.76,0
T00003631,Model_C,4.22,4.07,4.44,4.35,0
T00003633,Model_C,4.71,3.5,4.85,4.24,0
T00003634,Model_C,2.63,3.91,4.26,3.67,0
T00003636,Model_C,3.61,3.76,5.0,3.78,0
T00003647,Model_C,3.5,4.18,4.81,3.9,0
T00003650,Model_C,3.31,3.92,4.88,4.01,0
T00003652,Model_C,4.06,4.14,4.65,4.23,0
T00003681,Model_C,3.59,4.12,4.58,4.04,0
T00003683,Model_C,2.74,3.99,4.01,3.78,0
T00003692,Model_C,4.0,2.33,4.67,3.53,0
T00003697,Model_C,4.42,3.8,4.33,4.14,0
T00003700,Model_C,4.37,2.79,4.83,3.85,0
T00003701,Model_C,4.5,3.21,5.0,4.22,0
T00003708,Model_C,4.58,3.44,4.52,4.01,0
T00003711,Model_C,3.55,3.38,4.16,3.62,0
T00003713,Model_C,3.65,3.13,4.03,3.65,0
T00003715,Model_C,4.45,3.97,4.63,4.53,0
T00003716,Model_C,3.4,3.59,4.22,3.59,0
T00003719,Model_C,3.64,3.68,4.61,3.96,0
T00003729,Model_C,4.27,4.1,4.9,4.46,0
T00003730,Model_C,3.94,3.96,5.0,4.28,0
T00003741,Model_C,4.27,3.94,3.96,4.16,1
T00003743,Model_C,4.42,3.54,4.28,4.17,0
T00003748,Model_C,4.54,3.9,4.08,4.15,0
T00003749,Model_C,4.14,3.62,4.52,4.06,0
T00003757,Model_C,4.27,3.83,4.5,4.12,1
T00003758,Model_C,3.83,3.88,3.53,3.9,0
T00003763,Model_C,4.44,2.71,4.41,3.65,0
T00003764,Model_C,3.85,4.43,4.41,4.44,1
T00003769,Model_C,3.68,3.5,4.39,3.91,0
T00003772,Model_C,4.12,4.21,4.0,3.92,0
T00003791,Model_C,3.69,3.84,4.28,4.26,1
T00003798,Model_C,3.86,3.61,4.74,4.01,0
T00003818,Model_C,4.34,3.04,4.75,4.24,1
T00003819,Model_C,4.38,3.06,5.0,4.17,0
T00003844,Model_C,3.52,3.19,4.15,3.74,0
T00003849,Model_C,4.23,3.85,3.66,3.99,0
T00003850,Model_C,4.22,3.8,4.72,4.41,0
T00003869,Model_C,4.88,3.87,5.0,4.64,1
T00003870,Model_C,3.32,4.22,3.83,3.97,1
T00003876,Model_C,4.35,4.32,4.79,4.31,0
T00003877,Model_C,3.2,4.32,4.6,4.09,0
T00003885,Model_C,3.27,3.8,5.0,3.74,0
T00003888,Model_C,3.9,4.48,5.0,4.44,0
T00003903,Model_C,4.41,3.39,4.78,3.79,0
T00003907,Model_C,3.87,4.16,4.85,4.18,0
T00003908,Model_C,3.74,3.6,4.49,3.84,0
T00003915,Model_C,4.76,3.72,4.06,3.96,0
T00003917,Model_C,3.94,3.51,4.41,3.65,0
T00003923,Model_C,3.69,3.8,4.6,3.83,0
T00003925,Model_C,4.31,3.14,4.61,3.72,0
T00003935,Model_C,4.3,4.38,5.0,4.45,0
T00003938,Model_C,3.69,3.66,4.57,4.01,0
T00003942,Model_C,3.83,3.43,4.67,3.83,0
T00003947,Model_C,4.0,2.88,4.61,3.85,0
T00003956,Model_C,4.14,3.88,4.68,4.1,0
T00003958,Model_C,3.54,3.97,4.58,3.58,0
T00003963,Model_C,5.0,3.86,4.83,4.6,0
T00003967,Model_C,4.68,3.93,4.62,3.97,0
T00003968,Model_C,3.86,2.54,4.65,3.51,0
T00003971,Model_C,4.3,2.86,4.63,3.93,0
T00003983,Model_C,3.08,3.36,4.92,3.44,0
T00003985,Model_C,3.69,5.0,4.32,4.26,0
T00003989,Model_C,3.63,3.67,4.73,4.08,0
T00003997,Model_C,4.99,3.53,4.89,4.37,0
T00004003,Model_C,4.16,3.4,4.02,3.9,0
T00004011,Model_C,3.72,3.51,4.06,3.55,0
T00004024,Model_C,4.28,3.42,4.05,3.82,0
T00004027,Model_C,4.22,4.08,4.57,4.36,0
T00004029,Model_C,3.84,3.46,5.0,4.0,0
T00004030,Model_C,4.46,3.96,4.64,4.48,0
T00004037,Model_C,4.4,3.75,4.14,4.14,0
T00004039,Model_C,4.2,4.33,5.0,4.73,0
T00004047,Model_C,3.06,3.61,4.31,3.89,0
T00004059,Model_C,4.38,3.23,4.47,4.16,0
T00004065,Model_C,3.94,3.7,3.78,4.07,0
T00004068,Model_C,4.52,3.73,3.66,4.3,0
T00004072,Model_C,3.6,3.44,5.0,3.94,0
T00004082,Model_C,4.67,3.22,4.16,4.16,0
T00004083,Model_C,4.26,3.26,4.01,3.84,0
T00004088,Model_C,3.39,3.15,4.79,3.71,1
T00004092,Model_C,4.39,3.9,4.55,4.41,0
T00004097,Model_C,4.15,4.58,3.72,4.08,0
T00004102,Model_C,5.0,3.46,4.63,4.09,0
T00004107,Model_C,3.83,4.61,3.82,4.19,0
T00004130,Model_C,4.22,4.3,4.11,4.28,0
T00004151,Model_C,4.56,3.21,4.6,3.92,0
T00004159,Model_C,2.86,3.61,4.03,3.7,0
T00004162,Model_C,3.53,3.19,4.33,3.57,0
T00004163,Model_C,3.84,3.9,4.15,4.14,0
T00004164,Model_C,4.19,3.62,4.19,4.01,0
T00004165,Model_C,3.87,2.67,4.06,3.24,0
T00004167,Model_C,4.1,3.0,3.92,3.62,0
T00004183,Model_C,4.02,3.41,3.79,3.7,0
T00004185,Model_C,2.61,2.73,4.52,3.46,0
T00004187,Model_C,3.47,4.08,4.64,4.09,0
T00004191,Model_C,3.53,3.53,3.83,3.52,0
T00004194,Model_C,4.05,3.98,4.53,3.96,0
T00004195,Model_C,4.19,3.81,3.92,4.12,0
T00004197,Model_C,4.02,3.18,3.53,3.56,0
T00004203,Model_C,4.4,3.53,4.36,4.44,0
T00004213,Model_C,3.48,3.6,4.39,3.67,0
T00004216,Model_C,4.09,4.69,5.0,4.61,0
T00004219,Model_C,4.01,4.34,5.0,4.83,0
T00004228,Model_C,3.63,3.98,5.0,4.18,0
T00004230,Model_C,4.74,3.17,4.6,3.87,0
T00004238,Model_C,4.47,3.78,4.27,4.12,0
T00004239,Model_C,3.29,3.74,4.87,3.88,1
T00004248,Model_C,3.44,3.57,3.79,3.52,0
T00004249,Model_C,2.94,4.57,4.09,3.53,0
T00004250,Model_C,4.43,3.37,4.91,4.19,0
T00004252,Model_C,4.36,3.81,4.97,4.33,0
T00004257,Model_C,2.49,3.02,4.82,3.4,0
T00004271,Model_C,3.65,3.59,5.0,3.87,0
T00004277,Model_C,3.36,3.44,4.19,3.91,1
T00004280,Model_C,3.88,3.3,4.16,3.7,0
T00004282,Model_C,3.13,3.33,4.02,3.61,0
T00004288,Model_C,3.99,4.42,4.6,4.71,0
T00004296,Model_C,3.69,3.3,4.5,3.47,0
T00004299,Model_C,3.14,3.72,4.67,4.03,0
T00004309,Model_C,2.87,2.9,4.35,3.24,0
T00004315,Model_C,3.92,3.9,4.53,3.87,1
T00004316,Model_C,3.82,3.35,5.0,3.84,0
T00004321,Model_C,3.67,3.23,3.57,3.61,0
T00004327,Model_C,4.57,3.97,4.35,4.43,0
T00004328,Model_C,3.78,4.42,3.68,3.99,1
T00004329,Model_C,3.73,3.39,3.92,3.53,0
T00004339,Model_C,3.65,4.38,4.32,3.76,0
T00004344,Model_C,4.91,4.23,4.06,4.43,0
T00004348,Model_C,3.68,3.71,3.96,3.52,1
T00004349,Model_C,3.92,4.31,4.56,4.11,0
T00004352,Model_C,3.24,3.55,4.03,3.26,0
T00004353,Model_C,3.18,4.4,4.15,3.77,0
T00004358,Model_C,3.31,3.75,4.95,4.03,0
T00004361,Model_C,4.6,3.63,4.3,4.14,0
T00004365,Model_C,4.37,3.1,3.85,3.87,0
T00004371,Model_C,2.93,4.32,4.61,4.3,0
T00004372,Model_C,3.64,4.08,4.16,3.54,0
T00004377,Model_C,4.11,3.37,4.21,3.87,0
T00004382,Model_C,4.2,3.51,4.13,3.87,0
T00004387,Model_C,4.05,4.15,4.73,3.97,0
T00004390,Model_C,3.67,3.77,4.18,3.96,0
T00004391,Model_C,4.04,3.36,4.41,3.58,0
T00004393,Model_C,3.88,3.41,4.49,4.1,0
T00004394,Model_C,4.06,3.0,5.0,4.23,0
T00004396,Model_C,3.7,4.3,4.78,4.32,0
T00004398,Model_C,3.92,3.29,3.65,3.63,0
T00004403,Model_C,3.98,3.27,4.65,3.98,0
T00004412,Model_C,3.84,4.05,5.0,4.22,0
T00004413,Model_C,3.53,4.0,4.56,4.0,0
T00004417,Model_C,4.57,4.04,3.78,4.13,0
T00004421,Model_C,4.57,3.61,4.97,4.03,0
T00004426,Model_C,4.01,4.14,4.78,4.42,0
T00004431,Model_C,3.32,3.75,4.58,3.93,0
T00004433,Model_C,3.75,3.87,4.6,4.1,0
T00004435,Model_C,3.52,3.36,4.48,3.95,0
T00004440,Model_C,3.47,3.93,4.73,4.11,0
T00004445,Model_C,3.48,3.96,4.59,4.2,0
T00004448,Model_C,4.14,3.95,4.68,4.14,0
T00004451,Model_C,4.17,4.19,4.75,4.23,0
T00004452,Model_C,2.44,3.77,3.76,3.22,1
T00004456,Model_C,4.24,2.59,4.07,3.41,0
T00004457,Model_C,3.01,4.07,4.46,3.83,0
T00004481,Model_C,3.61,3.89,5.0,3.97,0
T00004488,Model_C,3.93,4.51,4.35,4.24,0
T00004497,Model_C,4.37,3.71,4.97,4.33,1
T00004504,Model_C,3.88,4.19,4.56,4.36,0
T00004507,Model_C,4.52,4.29,4.4,4.34,0
T00004518,Model_C,3.91,3.85,3.76,3.7,0
T00004521,Model_C,4.27,3.66,3.56,4.08,0
T00004523,Model_C,3.89,2.92,4.31,3.73,0
T00004525,Model_C,3.89,3.63,5.0,4.11,0
T00004528,Model_C,4.11,4.28,5.0,4.56,0
T00004531,Model_C,4.21,3.79,5.0,4.52,0
T00004538,Model_C,3.93,4.1,4.74,4.28,0
T00004539,Model_C,4.22,3.68,4.64,4.26,0
T00004542,Model_C,3.34,3.27,4.99,3.58,0
T00004546,Model_C,3.87,3.69,4.39,3.89,0
T00004547,Model_C,3.68,4.4,5.0,4.04,0
T00004550,Model_C,5.0,3.91,4.37,4.01,0
T00004552,Model_C,3.27,4.17,4.59,4.19,0
T00004553,Model_C,3.77,4.02,4.66,4.11,0
T00004554,Model_C,3.44,3.27,4.55,3.65,0
T00004560,Model_C,3.47,4.13,4.25,3.93,0
T00004561,Model_C,3.66,3.91,5.0,4.17,1
T00004562,Model_C,4.13,4.0,5.0,4.44,0
T00004563,Model_C,3.11,4.49,4.31,3.69,1
T00004567,Model_C,5.0,3.9,5.0,4.57,0
T00004570,Model_C,4.1,3.48,4.9,3.98,0
T00004590,Model_C,3.74,3.77,4.32,3.89,0
T00004594,Model_C,3.9,3.42,4.43,3.79,0
T00004596,Model_C,4.35,4.05,3.78,4.12,0
T00004601,Model_C,3.51,2.67,3.52,3.25,0
T00004603,Model_C,4.23,3.79,4.66,4.23,0
T00004606,Model_C,4.68,3.81,4.56,4.35,0
T00004608,Model_C,4.54,4.35,4.28,4.36,0
T00004610,Model_C,3.28,4.42,4.52,4.04,0
T00004619,Model_C,4.53,4.02,4.01,4.29,0
T00004623,Model_C,3.71,3.21,3.12,3.39,0
T00004624,Model_C,4.47,3.29,4.46,4.25,0
T00004629,Model_C,4.22,4.05,4.74,4.03,0
T00004635,Model_C,3.33,4.57,4.01,3.9,0
T00004645,Model_C,3.92,3.46,4.84,4.05,0
T00004649,Model_C,4.62,3.98,4.74,4.61,0
T00004651,Model_C,3.53,3.75,4.9,3.88,0
T00004654,Model_C,3.31,3.44,4.84,3.74,0
T00004656,Model_C,3.88,3.67,5.0,4.02,0
T00004675,Model_C,3.61,4.26,4.78,4.18,0
T00004679,Model_C,4.06,3.67,4.95,4.01,0
T00004681,Model_C,2.79,3.64,4.77,3.47,0
T00004693,Model_C,3.54,3.36,4.28,3.56,0
T00004696,Model_C,3.94,3.48,5.0,4.15,0
T00004709,Model_C,3.53,4.35,4.79,4.09,0
T00004716,Model_C,3.05,3.49,4.9,3.73,0
T00004723,Model_C,4.19,4.69,5.0,4.55,0
T00004728,Model_C,4.12,3.14,4.68,3.8,0
T00004735,Model_C,4.77,3.45,4.49,3.96,0
T00004738,Model_C,3.52,2.96,4.79,3.51,1
T00004743,Model_C,4.24,3.73,3.93,3.98,0
T00004747,Model_C,3.96,3.96,4.75,4.1,1
T00004750,Model_C,3.59,4.36,3.75,4.04,0
T00004752,Model_C,4.14,3.69,4.7,4.2,1
T00004755,Model_C,5.0,3.34,3.53,4.01,0
T00004771,Model_C,3.29,3.76,4.71,3.91,0
T00004779,Model_C,4.2,3.77,5.0,4.15,0
T00004781,Model_C,4.53,2.89,4.54,4.07,0
T00004789,Model_C,3.21,3.7,4.31,3.83,0
T00004790,Model_C,3.96,3.8,4.87,4.29,0
T00004792,Model_C,3.9,3.72,3.96,3.72,0
T00004793,Model_C,4.48,4.19,4.79,4.68,0
T00004794,Model_C,3.88,3.55,4.7,3.91,0
T00004798,Model_C,3.46,3.45,4.32,3.9,0
T00004800,Model_C,4.33,3.99,4.9,4.39,0
T00004801,Model_C,3.11,3.4,4.86,3.97,0
T00004802,Model_C,4.49,3.07,3.76,3.82,0
T00004812,Model_C,4.73,3.64,4.8,4.26,0
T00004830,Model_C,3.94,3.86,4.78,3.91,0
T00004833,Model_C,4.81,4.51,4.13,4.76,0
T00004837,Model_C,3.08,3.57,5.0,3.56,0
T00004842,Model_C,3.66,3.71,4.82,3.99,0
T00004866,Model_C,3.88,3.89,4.3,3.96,0
T00004867,Model_C,3.45,3.71,4.85,3.82,0
T00004871,Model_C,3.84,3.42,4.42,3.85,0
T00004881,Model_C,4.67,3.07,5.0,4.32,0
T00004884,Model_C,4.79,3.36,4.79,4.3,0
T00004889,Model_C,3.64,3.41,4.9,3.95,0
T00004892,Model_C,4.23,3.41,4.36,3.9,0
T00004897,Model_C,2.87,3.89,3.88,3.61,0
T00004917,Model_C,4.76,4.41,4.95,4.74,0
T00004926,Model_C,4.11,3.25,4.51,3.59,0
T00004929,Model_C,4.23,3.69,4.0,4.08,0
T00004934,Model_C,4.51,4.07,4.66,4.42,0
T00004950,Model_C,3.31,3.41,3.89,3.92,0
T00004952,Model_C,3.75,3.86,4.58,3.92,0
T00004958,Model_C,4.33,4.09,4.26,4.03,0
T00004959,Model_C,2.98,4.22,3.73,3.57,0
T00004963,Model_C,3.65,4.12,4.81,4.04,0
T00004965,Model_C,4.1,2.85,4.51,3.96,0
T00004970,Model_C,3.48,3.37,4.59,3.74,0
T00004972,Model_C,3.67,3.84,4.5,4.24,0
T00004976,Model_C,3.83,4.0,4.28,4.36,0
T00004980,Model_C,3.23,4.25,4.52,4.09,0
T00004981,Model_C,3.84,3.09,4.53,4.13,0
T00004986,Model_C,3.8,4.26,4.89,4.19,0
T00004987,Model_C,3.17,3.98,4.15,3.9,0
T00004988,Model_C,5.0,3.37,3.97,4.08,0
T00005002,Model_C,4.09,3.76,5.0,4.28,0
T00005004,Model_C,3.91,3.43,4.44,3.99,0
T00005010,Model_C,4.44,3.65,3.77,4.06,0
T00005017,Model_C,3.03,4.23,4.64,3.95,0
T00005029,Model_C,4.29,3.78,3.95,3.92,0
T00005031,Model_C,4.36,3.24,5.0,4.05,0
T00005041,Model_C,4.02,2.94,5.0,3.89,0
T00005043,Model_C,4.14,4.03,5.0,4.5,0
T00005055,Model_C,4.79,4.0,4.16,4.82,0
T00005056,Model_C,3.78,3.75,4.43,4.04,0
T00005060,Model_C,4.62,3.85,5.0,4.57,0
T00005065,Model_C,3.73,3.97,4.57,3.87,0
T00005068,Model_C,4.16,3.46,4.44,4.19,0
T00005076,Model_C,4.22,3.45,3.81,3.8,0
T00005084,Model_C,4.57,2.62,4.32,3.88,0
T00005088,Model_C,4.17,3.43,4.56,4.1,0
T00005090,Model_C,4.67,3.29,3.99,4.26,0
T00005091,Model_C,4.41,2.86,4.4,4.12,0
T00005097,Model_C,3.74,3.86,4.23,3.9,0
T00005104,Model_C,3.91,3.95,4.47,4.26,0
T00005113,Model_C,3.68,3.02,4.82,3.67,0
T00005117,Model_C,4.04,3.82,3.41,3.77,0
T00005122,Model_C,4.25,3.47,4.48,4.26,0
T00005131,Model_C,3.73,3.38,4.5,3.97,0
T00005148,Model_C,4.39,3.56,4.13,4.11,0
T00005152,Model_C,4.06,4.05,4.32,4.29,0
T00005158,Model_C,4.5,4.39,4.26,4.32,0
T00005165,Model_C,3.73,3.02,5.0,3.74,0
T00005175,Model_C,3.31,4.01,4.55,3.75,0
T00005185,Model_C,3.7,4.67,4.08,4.13,0
T00005186,Model_C,3.74,3.2,3.82,3.59,0
T00005189,Model_C,4.1,3.21,4.19,3.56,0
T00005210,Model_C,3.19,4.57,5.0,4.24,0
T00005216,Model_C,3.44,3.4,3.65,3.73,0
T00005218,Model_C,3.68,4.59,4.86,4.35,0
T00005225,Model_C,3.87,3.19,4.57,3.84,0
T00005245,Model_C,3.45,3.66,4.85,3.83,0
T00005287,Model_C,4.25,3.84,4.79,4.17,0
T00005291,Model_C,3.66,4.31,3.98,3.71,0
T00005292,Model_C,4.54,4.89,4.47,4.26,0
T00005293,Model_C,3.02,3.67,4.02,3.58,0
T00005296,Model_C,2.59,4.24,4.35,3.62,0
T00005298,Model_C,3.52,4.25,2.85,3.55,0
T00005304,Model_C,5.0,3.21,4.38,4.11,0
T00005316,Model_C,3.99,3.96,5.0,4.46,0
T00005318,Model_C,3.82,3.19,5.0,3.73,0
T00005320,Model_C,3.12,4.0,4.97,4.06,0
T00005324,Model_C,3.9,3.27,4.47,4.09,0
T00005333,Model_C,3.75,3.91,4.75,4.29,0
T00005338,Model_C,3.13,3.98,4.46,3.85,0
T00005342,Model_C,3.28,4.03,4.86,3.95,0
T00005351,Model_C,4.1,4.68,5.0,4.52,0
T00005359,Model_C,4.15,3.73,4.85,4.01,0
T00005361,Model_C,3.76,4.17,4.32,4.02,0
T00005364,Model_C,3.51,3.68,3.74,3.7,0
T00005365,Model_C,3.28,3.88,5.0,4.05,0
T00005367,Model_C,3.72,3.26,4.91,3.91,0
T00005369,Model_C,3.51,4.01,4.04,3.86,0
T00005376,Model_C,4.14,3.45,4.55,4.18,0
T00005378,Model_C,3.89,3.16,5.0,4.06,0
T00005380,Model_C,4.13,3.84,4.41,4.11,0
T00005388,Model_C,3.52,4.13,4.14,3.98,0
T00005389,Model_C,3.17,3.99,4.53,3.72,0
T00005399,Model_C,3.55,3.86,4.38,3.93,0
T00005412,Model_C,3.96,3.75,4.91,3.97,0
T00005414,Model_C,3.9,4.52,4.89,4.49,0
T00005415,Model_C,4.44,3.97,4.52,4.26,0
T00005417,Model_C,3.33,3.46,4.87,3.49,0
T00005430,Model_C,3.49,4.4,4.31,3.87,1
T00005433,Model_C,3.61,3.79,5.0,4.15,1
T00005440,Model_C,3.6,4.24,3.81,3.92,0
T00005445,Model_C,3.91,4.66,4.83,4.56,0
T00005448,Model_C,3.24,4.0,4.34,3.86,0
T00005453,Model_C,3.22,3.43,4.26,3.53,0
T00005458,Model_C,4.38,4.07,4.06,4.16,0
T00005463,Model_C,4.72,3.75,4.48,4.4,0
T00005464,Model_C,3.83,4.06,5.0,4.19,0
T00005465,Model_C,2.71,3.7,5.0,3.73,0
T00005466,Model_C,4.42,4.03,5.0,4.45,0
T00005469,Model_C,3.74,3.34,4.68,3.86,0
T00005471,Model_C,4.2,3.8,4.75,4.11,0
T00005474,Model_C,4.03,2.39,4.26,3.35,0
T00005476,Model_C,3.92,4.47,5.0,4.56,0
T00005478,Model_C,3.42,3.57,4.28,3.93,0
T00005492,Model_C,3.63,3.58,4.09,3.64,0
T00005493,Model_C,3.1,4.47,3.44,3.77,0
T00005496,Model_C,3.58,3.71,4.39,3.65,0
T00005498,Model_C,2.59,3.96,4.06,3.58,0
T00005502,Model_C,4.42,4.52,4.64,4.42,1
T00005504,Model_C,3.54,3.39,4.92,4.09,1
T00005506,Model_C,3.73,4.01,4.11,3.95,1
T00005508,Model_C,3.54,4.13,4.57,3.9,1
T00005511,Model_C,4.88,3.83,4.54,4.49,0
T00005525,Model_C,4.33,4.15,4.21,4.44,0
T00005532,Model_C,3.69,3.35,4.73,3.86,0
T00005536,Model_C,3.25,3.53,4.21,3.58,0
T00005539,Model_C,3.72,3.23,4.64,4.03,0
T00005542,Model_C,3.4,4.14,4.09,3.8,0
T00005543,Model_C,5.0,2.8,3.86,4.02,0
T00005544,Model_C,3.3,3.58,4.57,3.65,0
T00005545,Model_C,4.26,3.6,4.3,4.22,0
T00005548,Model_C,4.05,3.46,4.87,3.83,0
T00005550,Model_C,3.68,3.2,4.05,3.37,0
T00005551,Model_C,3.6,3.43,3.58,3.73,0
T00005559,Model_C,3.35,4.33,4.76,4.02,0
T00005561,Model_C,3.36,3.15,4.67,3.67,0
T00005564,Model_C,3.41,4.43,4.81,4.41,0
T00005567,Model_C,3.11,3.66,4.26,3.67,0
T00005569,Model_C,3.99,4.31,4.2,4.28,1
T00005570,Model_C,3.6,4.09,4.33,4.18,0
T00005571,Model_C,4.14,2.86,4.82,4.09,0
T00005574,Model_C,3.06,3.23,4.24,3.39,0
T00005579,Model_C,3.73,2.96,4.51,3.99,0
T00005582,Model_C,4.27,3.73,4.99,4.51,0
T00005584,Model_C,4.21,4.13,4.44,4.45,0
T00005588,Model_C,4.62,3.27,4.4,4.27,0
T00005596,Model_C,4.35,3.5,4.58,4.28,0
T00005603,Model_C,3.69,3.42,4.23,3.85,0
T00005605,Model_C,3.39,3.14,5.0,3.86,0
T00005610,Model_C,4.51,3.56,4.52,4.1,0
T00005611,Model_C,3.7,3.23,4.23,3.99,0
T00005614,Model_C,3.71,3.56,5.0,4.0,0
T00005615,Model_C,4.05,3.6,4.83,4.05,0
T00005620,Model_C,4.49,4.02,4.62,4.07,0
T00005622,Model_C,3.08,3.89,4.74,4.07,0
T00005630,Model_C,4.23,3.91,4.38,4.24,0
T00005633,Model_C,4.58,3.95,4.46,4.24,0
T00005639,Model_C,4.07,4.3,4.53,4.17,0
T00005641,Model_C,3.27,3.92,4.28,3.59,0
T00005644,Model_C,3.31,4.57,4.38,4.0,0
T00005645,Model_C,3.73,3.93,4.79,4.22,0
T00005651,Model_C,4.82,3.74,3.23,3.94,0
T00005652,Model_C,3.96,3.7,4.02,3.64,0
T00005662,Model_C,3.48,3.34,4.78,3.75,0
T00005665,Model_C,4.22,3.83,5.0,4.37,0
T00005667,Model_C,3.95,4.06,4.93,4.46,0
T00005672,Model_C,4.57,3.96,4.05,4.05,0
T00005673,Model_C,3.69,2.98,4.58,3.73,0
T00005674,Model_C,3.87,3.62,4.95,4.4,0
T00005690,Model_C,3.47,4.03,4.45,4.0,0
T00005695,Model_C,4.24,3.53,4.61,4.05,0
T00005697,Model_C,3.48,3.77,4.36,4.02,0
T00005701,Model_C,3.61,3.56,4.36,3.74,0
T00005704,Model_C,3.75,3.74,4.09,4.03,0
T00005705,Model_C,3.94,3.88,3.87,3.97,0
T00005707,Model_C,3.78,4.27,4.71,3.96,0
T00005712,Model_C,3.88,3.92,2.71,3.69,0
T00005716,Model_C,4.76,3.51,3.76,4.02,0
T00005727,Model_C,3.32,2.89,4.91,3.9,0
T00005730,Model_C,3.83,3.57,4.91,4.15,0
T00005734,Model_C,3.54,3.84,4.09,3.68,0
T00005736,Model_C,3.65,4.04,4.9,4.35,0
T00005751,Model_C,3.33,2.94,4.39,3.53,0
T00005755,Model_C,3.65,2.93,4.96,3.7,0
T00005765,Model_C,4.11,3.58,3.71,3.81,0
T00005766,Model_C,3.02,3.36,5.0,3.92,0
T00005767,Model_C,2.85,4.02,4.57,3.29,0
T00005769,Model_C,3.54,4.16,3.97,3.82,0
T00005780,Model_C,4.33,3.38,4.91,4.21,0
T00005784,Model_C,3.71,3.72,4.28,3.62,0
T00005790,Model_C,4.15,3.25,4.31,3.79,0
T00005793,Model_C,3.68,3.39,4.52,4.1,0
T00005794,Model_C,3.81,4.34,3.78,4.11,0
T00005795,Model_C,4.24,4.09,4.9,4.51,0
T00005802,Model_C,3.54,3.63,3.68,3.49,0
T00005803,Model_C,3.19,3.03,4.36,3.33,0
T00005804,Model_C,3.88,4.01,4.94,3.9,0
T00005806,Model_C,3.44,3.89,4.42,3.91,0
T00005807,Model_C,4.29,3.59,4.13,3.95,0
T00005810,Model_C,3.77,3.74,5.0,4.0,0
T00005817,Model_C,3.92,5.0,4.57,4.8,0
T00005818,Model_C,3.57,3.5,4.47,3.93,1
T00005820,Model_C,3.79,3.74,5.0,4.0,0
T00005836,Model_C,4.3,4.12,3.73,4.1,0
T00005838,Model_C,4.56,2.49,4.99,3.88,0
T00005842,Model_C,3.47,3.99,4.26,3.72,0
T00005845,Model_C,3.47,4.13,4.29,3.78,0
T00005854,Model_C,3.62,3.8,4.34,3.67,0
T00005855,Model_C,3.87,4.46,5.0,4.05,0
T00005856,Model_C,4.2,3.15,4.74,4.16,0
T00005876,Model_C,3.97,4.22,4.43,4.15,0
T00005877,Model_C,3.68,3.96,4.75,4.31,0
T00005882,Model_C,4.32,3.38,4.34,3.74,0
T00005883,Model_C,4.86,3.9,4.34,4.45,0
T00005897,Model_C,3.75,3.93,4.7,3.83,0
T00005898,Model_C,4.21,2.78,3.7,3.83,1
T00005904,Model_C,4.06,3.65,4.43,4.18,0
T00005905,Model_C,3.45,2.7,3.93,3.14,0
T00005910,Model_C,4.59,3.48,4.98,4.53,0
T00005914,Model_C,3.09,4.09,5.0,3.97,0
T00005916,Model_C,4.19,3.02,4.18,3.78,0
T00005923,Model_C,3.78,4.14,4.21,3.92,0
T00005931,Model_C,3.52,4.02,4.81,4.03,0
T00005937,Model_C,4.35,3.5,4.83,4.3,0
T00005939,Model_C,3.4,3.28,4.95,3.96,0
T00005948,Model_C,3.79,3.77,4.1,3.99,0
T00005950,Model_C,4.37,4.61,4.65,4.5,0
T00005951,Model_C,3.59,3.56,4.59,3.66,0
T00005952,Model_C,3.85,3.46,5.0,3.68,0
T00005965,Model_C,4.12,3.46,3.96,3.93,0
T00005978,Model_C,3.53,3.97,4.34,3.78,0
T00005979,Model_C,3.38,3.84,5.0,4.16,0
T00005983,Model_C,3.6,4.29,4.06,4.07,0
T00005998,Model_C,3.79,3.79,4.59,4.23,0
T00006005,Model_C,4.82,3.39,3.4,3.84,0
T00006006,Model_C,4.5,3.51,4.3,4.18,0
T00006031,Model_C,4.03,4.21,4.64,4.34,0
T00006038,Model_C,3.49,4.13,3.91,3.85,0
T00006048,Model_C,4.28,4.37,4.71,4.43,0
T00006049,Model_C,4.04,3.87,4.65,4.19,0
T00006050,Model_C,4.29,4.36,4.8,4.18,0
T00006055,Model_C,3.57,3.59,4.11,3.6,0
T00006063,Model_C,3.46,3.4,4.82,3.65,0
T00006069,Model_C,3.82,4.02,4.5,4.03,0
T00006072,Model_C,4.26,2.72,5.0,3.8,0
T00006076,Model_C,3.68,3.14,5.0,3.74,0
T00006078,Model_C,3.93,4.26,3.29,3.86,0
T00006082,Model_C,4.02,2.99,5.0,3.81,0
T00006085,Model_C,3.68,4.36,3.58,3.64,0
T00006088,Model_C,4.18,4.01,5.0,4.09,0
T00006090,Model_C,4.04,3.54,4.04,3.63,0
T00006096,Model_C,3.96,4.21,4.33,4.26,0
T00006098,Model_C,3.49,4.22,4.19,3.98,0
T00006110,Model_C,3.0,3.75,3.84,3.46,0
T00006112,Model_C,3.34,3.52,4.46,3.68,0
T00006117,Model_C,5.0,4.47,4.85,5.0,1
T00006118,Model_C,4.86,4.33,4.48,4.82,0
T00006119,Model_C,4.58,3.26,5.0,4.23,0
T00006126,Model_C,3.65,3.45,5.0,4.16,0
T00006127,Model_C,4.15,3.17,3.97,3.93,0
T00006136,Model_C,3.92,4.69,4.87,4.38,0
T00006144,Model_C,3.81,3.26,4.31,3.84,0
T00006149,Model_C,4.11,2.7,5.0,4.0,0
T00006154,Model_C,3.43,3.63,3.56,3.28,0
T00006155,Model_C,4.02,3.58,4.65,3.97,0
T00006159,Model_C,4.49,3.93,4.54,4.11,0
T00006163,Model_C,4.58,3.57,4.54,4.12,0
T00006166,Model_C,3.75,3.98,4.48,3.99,0
T00006169,Model_C,3.54,3.47,4.4,3.95,0
T00006185,Model_C,3.83,3.75,4.65,4.02,0
T00006186,Model_C,3.9,3.13,5.0,3.82,0
T00006205,Model_C,3.84,4.26,4.13,4.09,0
T00006214,Model_C,2.68,4.53,4.1,3.82,0
T00006216,Model_C,3.69,4.68,4.24,4.26,0
T00006224,Model_C,2.99,3.95,3.94,3.61,0
T00006232,Model_C,4.61,3.91,4.59,4.14,0
T00006238,Model_C,3.21,3.84,4.47,3.36,0
T00006239,Model_C,3.48,3.42,4.7,3.9,0
T00006242,Model_C,4.18,3.79,4.6,4.2,0
T00006247,Model_C,3.89,3.71,4.72,3.88,1
T00006259,Model_C,3.44,3.86,3.82,3.53,0
T00006269,Model_C,3.22,4.23,4.96,3.9,0
T00006277,Model_C,4.59,3.83,4.26,4.11,0
T00006281,Model_C,3.73,3.79,4.62,4.13,0
T00006286,Model_C,3.14,2.81,4.03,3.17,1
T00006288,Model_C,3.44,3.75,4.82,4.06,0
T00006291,Model_C,3.88,3.28,4.48,4.05,0
T00006298,Model_C,4.72,3.74,4.48,4.47,0
T00006302,Model_C,3.6,4.05,5.0,3.92,0
T00006305,Model_C,3.59,3.16,4.55,3.43,0
T00006315,Model_C,3.14,5.0,4.34,3.87,0
T00006322,Model_C,3.5,3.7,4.1,3.62,0
T00006325,Model_C,3.45,3.76,4.8,3.71,0
T00006328,Model_C,4.03,3.94,4.47,4.02,0
T00006341,Model_C,4.24,3.5,4.84,3.96,0
T00006343,Model_C,3.87,4.64,4.71,4.35,0
T00006347,Model_C,3.76,3.64,4.12,3.46,0
T00006348,Model_C,3.85,3.92,4.67,3.83,0
T00006356,Model_C,4.06,4.18,4.84,4.31,0
T00006381,Model_C,3.94,4.42,5.0,4.36,0
T00006386,Model_C,2.99,4.08,4.11,3.7,0
T00006394,Model_C,3.53,4.0,4.79,4.13,0
T00006405,Model_C,3.88,4.05,3.9,4.02,1
T00006425,Model_C,4.17,2.91,3.41,3.4,0
T00006438,Model_C,3.74,3.76,4.15,4.13,0
T00006439,Model_C,3.14,3.95,4.88,4.08,0
T00006444,Model_C,4.47,4.34,3.35,4.16,0
T00006460,Model_C,4.38,3.49,5.0,4.28,0
T00006468,Model_C,3.73,4.06,4.29,4.14,0
T00006472,Model_C,4.04,3.89,3.17,4.08,0
T00006482,Model_C,3.87,3.77,4.09,3.96,0
T00006495,Model_C,3.05,3.99,4.97,3.93,0
T00006515,Model_C,4.03,3.78,4.36,4.11,0
T00006517,Model_C,4.46,3.69,4.05,4.07,0
T00006524,Model_C,3.69,3.55,4.95,3.9,0
T00006529,Model_C,4.16,3.94,4.18,4.3,0
T00006537,Model_C,4.17,3.44,5.0,4.09,0
T00006539,Model_C,4.33,4.29,4.92,4.34,0
T00006545,Model_C,3.88,3.62,4.19,3.5,0
T00006553,Model_C,3.18,3.09,4.94,3.81,0
T00006562,Model_C,4.47,3.02,5.0,3.9,0
T00006563,Model_C,4.11,3.38,4.83,4.05,0
T00006573,Model_C,5.0,3.94,3.77,4.14,0
T00006583,Model_C,3.37,3.56,5.0,3.86,0
T00006589,Model_C,4.86,3.61,4.46,4.35,0
T00006602,Model_C,4.02,3.19,4.23,3.81,0
T00006604,Model_C,4.02,4.43,4.23,4.38,0
T00006608,Model_C,4.51,3.74,4.49,4.01,0
T00006610,Model_C,4.09,4.09,5.0,4.6,0
T00006613,Model_C,3.59,4.21,4.83,4.17,0
T00006616,Model_C,4.53,2.89,4.39,4.12,1
T00006620,Model_C,4.3,4.42,4.4,4.32,0
T00006627,Model_C,4.14,2.98,3.06,3.34,0
T00006639,Model_C,3.93,3.12,4.9,4.03,0
T00006644,Model_C,4.17,2.71,3.63,3.52,0
T00006652,Model_C,3.99,3.78,4.02,3.97,0
T00006657,Model_C,3.43,4.08,4.56,3.74,0
T00006665,Model_C,3.73,3.28,4.74,4.0,0
T00006667,Model_C,4.15,3.92,4.23,4.06,0
T00006668,Model_C,3.97,4.01,4.63,4.35,0
T00006670,Model_C,3.44,3.96,5.0,4.0,0
T00006673,Model_C,4.06,3.56,4.85,4.03,0
T00006678,Model_C,4.05,2.44,4.66,3.55,0
T00006683,Model_C,4.49,3.38,4.58,4.12,0
T00006687,Model_C,4.18,3.51,4.37,4.25,0
T00006689,Model_C,3.39,4.36,3.69,3.59,0
T00006696,Model_C,3.72,3.66,5.0,4.33,0
T00006707,Model_C,4.07,4.2,4.27,3.96,0
T00006712,Model_C,3.6,3.86,4.64,3.97,0
T00006728,Model_C,3.67,3.77,4.83,4.01,0
T00006730,Model_C,4.39,4.5,4.54,4.59,0
T00006731,Model_C,4.04,4.63,4.39,4.36,0
T00006734,Model_C,3.66,4.99,4.46,4.39,0
T00006740,Model_C,3.34,4.29,4.79,4.06,0
T00006751,Model_C,5.0,3.47,4.12,4.3,0
T00006757,Model_C,4.03,4.16,3.6,3.69,0
T00006762,Model_C,3.25,3.76,3.76,3.16,0
T00006772,Model_C,3.66,4.75,3.92,3.89,0
T00006773,Model_C,3.65,3.34,4.54,3.74,1
T00006774,Model_C,3.06,3.67,4.94,3.83,1
T00006781,Model_C,4.73,3.19,4.6,4.12,0
T00006784,Model_C,4.4,4.05,5.0,4.46,0
T00006789,Model_C,3.53,3.53,4.33,3.98,0
T00006791,Model_C,3.83,3.61,4.81,3.71,0
T00006792,Model_C,3.63,3.67,4.62,4.05,0
T00006795,Model_C,4.04,3.02,4.09,4.02,0
T00006797,Model_C,3.43,4.14,4.34,4.23,0
T00006800,Model_C,3.94,3.26,4.24,3.82,0
T00006807,Model_C,3.82,4.25,4.46,4.17,0
T00006813,Model_C,3.34,3.91,4.04,3.96,0
T00006816,Model_C,4.46,3.05,4.5,3.95,0
T00006817,Model_C,3.73,3.15,3.82,3.5,0
T00006827,Model_C,4.09,3.18,4.93,3.9,0
T00006828,Model_C,3.92,4.28,4.93,4.29,0
T00006829,Model_C,3.83,3.88,3.63,3.7,0
T00006845,Model_C,3.67,4.29,4.99,4.29,0
T00006851,Model_C,3.52,3.52,4.89,4.04,0
T00006861,Model_C,3.72,4.04,4.35,3.97,0
T00006862,Model_C,3.77,4.13,4.39,3.96,0
T00006867,Model_C,3.97,4.65,4.83,4.51,0
T00006874,Model_C,3.56,4.04,5.0,3.98,0
T00006875,Model_C,4.12,3.13,3.72,3.63,0
T00006883,Model_C,3.1,3.55,4.93,3.42,0
T00006884,Model_C,3.35,3.35,4.26,3.59,0
T00006886,Model_C,3.75,3.4,4.84,4.13,0
T00006888,Model_C,4.21,3.26,3.79,3.73,0
T00006889,Model_C,3.58,4.41,3.74,3.85,0
T00006891,Model_C,3.43,3.31,4.7,3.69,0
T00006896,Model_C,3.04,3.71,4.03,3.89,0
T00006903,Model_C,3.83,4.03,4.93,3.94,0
T00006907,Model_C,3.82,4.35,4.41,4.05,0
T00006912,Model_C,4.06,2.72,4.43,3.82,0
T00006920,Model_C,3.06,4.5,5.0,4.28,0
T00006930,Model_C,3.69,2.87,4.21,3.46,0
T00006948,Model_C,3.75,4.02,4.75,3.81,0
T00006951,Model_C,3.85,4.39,4.79,4.44,0
T00006955,Model_C,4.4,4.46,5.0,4.28,0
T00006964,Model_C,4.2,3.3,4.25,4.02,0
T00006986,Model_C,3.86,4.44,5.0,4.61,0
T00006988,Model_C,4.67,4.37,4.66,4.61,0
T00006995,Model_C,3.36,4.37,4.24,4.08,0
T00007000,Model_C,3.9,3.86,4.96,4.02,0
T00007006,Model_C,4.34,3.84,4.06,4.2,0
T00007007,Model_C,4.68,3.01,4.82,4.18,0
T00007016,Model_C,3.57,4.21,4.73,4.08,0
T00007020,Model_C,2.99,3.25,4.21,3.35,0
T00007022,Model_C,4.52,3.72,4.37,4.16,0
T00007026,Model_C,3.55,4.39,4.66,4.29,0
T00007028,Model_C,4.35,3.75,4.64,4.43,0
T00007030,Model_C,4.49,3.84,4.76,4.61,0
T00007031,Model_C,3.67,3.7,4.73,3.71,0
T00007034,Model_C,3.88,4.67,4.22,4.09,0
T00007037,Model_C,4.05,4.25,4.95,4.3,0
T00007046,Model_C,3.39,4.13,3.72,3.62,0
T00007058,Model_C,3.81,3.6,3.69,3.7,0
T00007074,Model_C,3.47,3.53,5.0,3.98,0
T00007078,Model_C,3.84,3.58,4.31,4.08,0
T00007087,Model_C,4.22,4.43,4.53,4.21,0
T00007088,Model_C,3.04,3.48,3.87,3.24,0
T00007098,Model_C,4.27,3.42,4.63,3.98,0
T00007107,Model_C,4.15,2.95,3.81,3.57,0
T00007114,Model_C,3.5,3.27,5.0,3.72,0
T00007115,Model_C,3.83,4.92,4.32,4.35,0
T00007116,Model_C,3.14,3.36,4.26,3.33,0
T00007118,Model_C,3.11,3.81,4.38,3.92,0
T00007136,Model_C,3.67,3.65,4.88,4.04,0
T00007137,Model_C,4.43,2.8,5.0,4.24,0
T00007138,Model_C,4.28,3.02,4.34,3.79,0
T00007140,Model_C,3.93,4.1,4.01,4.04,0
T00007141,Model_C,4.02,3.63,5.0,4.13,0
T00007143,Model_C,4.17,3.64,4.43,4.26,0
T00007152,Model_C,4.65,3.81,5.0,4.38,0
T00007158,Model_C,4.3,3.51,4.65,4.12,0
T00007165,Model_C,4.3,3.69,4.97,4.3,0
T00007177,Model_C,3.53,3.73,5.0,4.02,0
T00007180,Model_C,3.02,3.97,4.17,3.8,0
T00007185,Model_C,3.23,3.61,4.57,3.78,0
T00007211,Model_C,4.52,3.87,4.49,4.19,0
T00007220,Model_C,3.4,4.74,4.96,4.5,0
T00007223,Model_C,3.6,3.51,4.22,3.66,0
T00007238,Model_C,3.72,4.44,4.37,4.08,0
T00007241,Model_C,3.41,3.33,4.13,3.58,0
T00007246,Model_C,4.67,3.58,4.95,3.85,0
T00007257,Model_C,3.36,4.02,4.2,3.57,0
T00007262,Model_C,4.06,4.41,4.58,4.47,0
T00007263,Model_C,3.65,4.33,4.88,4.0,0
T00007264,Model_C,3.53,3.14,4.62,3.79,0
T00007278,Model_C,3.35,4.03,4.43,3.86,0
T00007281,Model_C,4.3,3.22,4.54,4.08,0
T00007288,Model_C,3.82,4.31,3.97,4.03,0
T00007291,Model_C,4.48,3.5,4.15,4.14,0
T00007293,Model_C,4.39,3.91,4.09,3.98,0
T00007296,Model_C,4.57,3.99,4.61,4.39,0
T00007298,Model_C,2.96,3.35,4.17,3.68,0
T00007299,Model_C,3.84,4.4,4.16,4.37,0
T00007320,Model_C,4.54,4.02,4.06,4.33,0
T00007322,Model_C,4.25,3.71,3.47,3.58,0
T00007324,Model_C,3.37,3.58,4.37,3.61,0
T00007328,Model_C,3.11,2.98,4.64,3.37,0
T00007337,Model_C,4.03,4.09,4.51,4.43,0
T00007353,Model_C,3.29,5.0,4.55,4.05,0
T00007355,Model_C,4.0,3.15,5.0,3.81,0
T00007358,Model_C,4.21,4.02,4.47,4.16,0
T00007362,Model_C,3.43,3.24,5.0,3.99,0
T00007367,Model_C,3.61,4.24,3.94,3.83,0
T00007372,Model_C,3.34,4.48,5.0,4.09,0
T00007376,Model_C,5.0,4.17,3.82,4.36,0
T00007381,Model_C,3.46,4.3,4.67,4.13,0
T00007382,Model_C,3.88,3.32,4.1,4.05,0
T00007383,Model_C,3.92,4.25,4.8,4.21,0
T00007403,Model_C,2.72,3.53,4.48,3.69,0
T00007404,Model_C,3.33,4.33,3.35,3.41,0
T00007405,Model_C,3.9,4.5,3.49,4.04,0
T00007409,Model_C,4.18,3.87,3.96,3.9,0
T00007413,Model_C,4.05,3.88,3.0,3.64,0
T00007414,Model_C,3.89,4.11,4.49,4.11,0
T00007422,Model_C,3.88,3.87,4.96,3.97,0
T00007423,Model_C,3.02,3.07,4.58,3.41,0
T00007434,Model_C,3.89,3.93,3.88,3.75,0
T00007442,Model_C,4.4,3.6,4.56,4.64,0
T00007445,Model_C,4.22,3.81,3.79,4.38,0
T00007447,Model_C,3.87,3.74,4.88,4.29,0
T00007455,Model_C,4.82,4.78,4.26,4.59,0
T00007460,Model_C,3.59,4.52,4.89,4.3,0
T00007467,Model_C,4.3,3.81,4.82,4.39,1
T00007469,Model_C,3.02,3.78,5.0,3.96,0
T00007471,Model_C,2.95,4.19,5.0,4.02,0
T00007481,Model_C,3.56,3.52,5.0,4.12,0
T00007491,Model_C,4.31,4.46,4.4,4.34,0
T00007493,Model_C,3.36,4.1,4.56,4.07,0
T00007494,Model_C,3.98,2.69,3.97,3.45,0
T00007496,Model_C,4.28,3.6,3.37,3.83,0
T00007498,Model_C,4.13,4.65,4.08,4.37,0
T00007501,Model_C,3.48,3.43,5.0,3.68,0
T00007502,Model_C,3.38,3.57,4.62,4.07,0
T00007512,Model_C,3.19,3.76,4.04,3.48,0
T00007514,Model_C,4.34,3.77,4.68,4.14,0
T00007517,Model_C,3.39,3.68,4.64,3.83,0
T00007522,Model_C,4.11,4.11,5.0,4.15,0
T00007528,Model_C,4.64,3.21,4.91,4.17,0
T00007546,Model_C,4.74,3.51,4.3,3.9,0
T00007547,Model_C,4.03,4.76,3.79,4.53,0
T00007552,Model_C,4.42,2.95,4.38,3.98,0
T00007556,Model_C,3.94,3.77,4.72,4.21,0
T00007565,Model_C,3.68,3.62,4.54,3.97,0
T00007566,Model_C,3.69,3.87,4.53,3.98,0
T00007567,Model_C,3.62,3.95,4.34,4.03,0
T00007573,Model_C,2.71,3.07,4.01,3.02,0
T00007574,Model_C,3.86,3.08,3.87,3.19,0
T00007580,Model_C,3.53,3.71,4.68,3.69,0
T00007587,Model_C,3.71,3.12,4.52,4.25,0
T00007591,Model_C,3.83,3.66,4.63,4.0,0
T00007592,Model_C,4.14,3.2,5.0,3.84,0
T00007597,Model_C,3.62,3.84,4.62,3.95,0
T00007602,Model_C,4.17,3.72,4.7,4.32,0
T00007603,Model_C,3.63,3.25,4.55,3.58,0
T00007612,Model_C,4.36,3.19,5.0,4.17,0
T00007617,Model_C,4.43,3.62,5.0,4.48,0
T00007618,Model_C,3.12,3.19,3.99,3.4,0
T00007621,Model_C,3.1,3.44,4.96,3.92,0
T00007628,Model_C,3.22,4.32,5.0,4.06,1
T00007629,Model_C,3.22,3.52,3.77,3.64,0
T00007630,Model_C,4.09,3.69,4.74,4.03,0
T00007647,Model_C,3.72,3.46,4.35,3.92,0
T00007649,Model_C,3.53,3.67,4.67,3.69,0
T00007652,Model_C,3.81,3.85,4.55,4.01,0
T00007653,Model_C,4.05,3.56,4.12,3.89,0
T00007665,Model_C,3.62,3.57,3.87,3.59,0
T00007668,Model_C,3.38,4.18,4.3,3.94,0
T00007670,Model_C,3.88,4.16,5.0,4.28,0
T00007673,Model_C,4.21,2.73,4.46,4.01,0
T00007675,Model_C,4.37,3.68,4.69,4.18,0
T00007691,Model_C,4.1,4.61,4.25,4.5,0
T00007695,Model_C,3.66,3.94,4.34,4.02,0
T00007704,Model_C,4.86,3.7,3.92,4.29,0
T00007707,Model_C,4.06,3.93,4.83,4.14,0
T00007712,Model_C,4.29,4.23,4.65,4.46,0
T00007720,Model_C,3.64,4.08,5.0,3.99,0
T00007723,Model_C,3.58,3.45,4.95,3.8,0
T00007737,Model_C,3.41,3.86,3.25,3.54,0
T00007738,Model_C,3.19,4.24,4.52,3.64,0
T00007743,Model_C,3.31,3.35,3.94,3.57,0
T00007747,Model_C,3.47,3.96,4.89,4.09,0
T00007757,Model_C,3.61,3.96,4.64,4.07,0
T00007760,Model_C,3.95,3.83,4.42,4.01,0
T00007765,Model_C,3.86,4.01,4.83,4.28,0
T00007770,Model_C,4.07,3.74,4.41,3.91,0
T00007779,Model_C,3.88,3.04,4.67,3.9,0
T00007790,Model_C,4.03,3.48,4.22,3.94,0
T00007795,Model_C,3.78,4.02,4.4,4.13,0
T00007806,Model_C,3.47,3.86,4.07,3.65,0
T00007814,Model_C,4.57,2.82,4.91,3.98,1
T00007816,Model_C,4.33,3.25,5.0,4.1,0
T00007832,Model_C,3.87,3.77,5.0,4.43,0
T00007839,Model_C,4.73,4.85,4.2,4.72,0
T00007845,Model_C,4.06,3.73,4.88,4.2,0
T00007846,Model_C,4.56,4.68,3.83,4.44,0
T00007856,Model_C,4.24,3.59,4.77,4.06,0
T00007857,Model_C,2.95,3.84,5.0,3.82,0
T00007859,Model_C,3.85,4.31,4.52,4.12,0
T00007860,Model_C,3.75,3.62,4.07,3.96,0
T00007867,Model_C,3.47,3.85,4.7,3.95,0
T00007871,Model_C,3.3,3.9,4.65,4.01,0
T00007875,Model_C,4.17,3.54,4.61,4.12,1
T00007876,Model_C,4.2,3.26,4.01,3.9,0
T00007880,Model_C,4.4,3.77,3.69,4.16,0
T00007889,Model_C,3.52,4.18,5.0,3.96,0
T00007894,Model_C,4.17,4.16,4.71,4.47,0
T00007896,Model_C,4.48,3.69,4.82,4.82,0
T00007905,Model_C,2.99,4.27,5.0,4.17,0
T00007913,Model_C,5.0,4.66,4.96,5.0,0
T00007921,Model_C,4.59,3.78,5.0,4.56,0
T00007922,Model_C,4.72,3.51,5.0,4.24,0
T00007929,Model_C,3.87,3.41,5.0,4.09,0
T00007933,Model_C,3.13,4.35,5.0,3.88,0
T00007936,Model_C,3.94,3.53,4.66,4.07,0
T00007941,Model_C,3.89,3.91,4.07,3.84,0
T00007974,Model_C,4.62,4.19,4.68,4.32,0
T00007980,Model_C,3.9,3.11,5.0,3.84,0
T00007981,Model_C,4.05,3.38,3.62,3.81,0
T00007990,Model_C,4.38,3.01,3.87,3.77,0
T00007991,Model_C,4.16,4.61,4.89,4.19,0
T00007996,Model_C,3.82,4.37,4.37,4.25,0
T00008001,Model_C,4.35,4.07,4.98,4.57,0
T00008007,Model_C,4.19,3.68,5.0,4.03,0
T00008008,Model_C,4.4,3.88,4.35,4.17,0
T00008020,Model_C,4.5,3.76,3.99,4.28,0
T00008026,Model_C,4.3,3.61,4.75,4.11,0
T00008029,Model_C,3.75,3.85,3.83,3.99,0
T00008039,Model_C,3.19,3.92,4.61,3.77,0
T00008041,Model_C,3.37,4.42,3.5,3.76,1
T00008045,Model_C,4.42,3.77,3.99,3.86,0
T00008052,Model_C,3.51,3.33,4.33,3.71,0
T00008061,Model_C,3.6,3.65,3.9,3.68,0
T00008076,Model_C,3.73,4.15,3.88,3.87,0
T00008084,Model_C,3.17,3.91,5.0,4.15,0
T00008086,Model_C,4.66,4.07,4.72,4.48,1
T00008088,Model_C,4.52,3.47,4.44,4.14,0
T00008093,Model_C,3.62,3.79,4.31,3.89,0
T00008098,Model_C,3.79,3.44,3.72,3.64,0
T00008099,Model_C,4.79,3.69,4.46,4.25,0
T00008100,Model_C,3.81,3.29,4.1,3.59,0
T00008102,Model_C,4.66,3.37,4.05,3.99,0
T00008109,Model_C,3.26,2.63,4.42,3.28,0
T00008113,Model_C,3.54,3.64,5.0,3.88,0
T00008146,Model_C,3.97,2.91,4.97,4.07,0
T00008149,Model_C,3.73,3.34,4.15,3.71,0
T00008158,Model_C,3.17,3.54,4.2,3.78,0
T00008161,Model_C,3.9,3.91,3.79,3.8,0
T00008166,Model_C,3.7,3.05,5.0,3.91,0
T00008169,Model_C,2.68,3.73,4.48,3.11,0
T00008193,Model_C,4.97,2.92,5.0,4.39,0
T00008198,Model_C,3.7,3.62,4.59,3.58,0
T00008203,Model_C,4.31,3.48,4.72,4.14,0
T00008205,Model_C,2.9,4.44,4.62,3.74,0
T00008209,Model_C,4.35,3.32,3.87,4.17,0
T00008237,Model_C,4.09,3.24,4.0,3.86,0
T00008239,Model_C,3.55,3.14,5.0,3.42,0
T00008244,Model_C,3.79,4.53,5.0,4.37,0
T00008250,Model_C,4.02,4.76,5.0,4.76,0
T00008253,Model_C,3.74,4.14,4.65,4.11,0
T00008254,Model_C,3.34,3.13,4.8,3.39,0
T00008258,Model_C,4.08,2.93,4.32,3.94,0
T00008263,Model_C,4.34,4.09,4.59,3.98,0
T00008267,Model_C,3.9,3.47,5.0,4.04,0
T00008269,Model_C,3.74,3.9,4.2,3.99,0
T00008270,Model_C,3.61,3.6,3.78,3.52,0
T00008274,Model_C,3.9,4.1,4.1,4.3,0
T00008279,Model_C,3.58,3.99,4.7,4.07,0
T00008280,Model_C,3.73,3.26,4.26,3.76,1
T00008281,Model_C,3.52,3.55,4.27,3.9,0
T00008290,Model_C,4.09,4.25,4.55,4.37,0
T00008293,Model_C,3.98,3.79,4.58,4.4,0
T00008328,Model_C,3.46,3.94,4.73,3.88,0
T00008334,Model_C,4.87,3.47,4.4,4.34,0
T00008339,Model_C,4.35,3.09,5.0,4.24,0
T00008356,Model_C,4.06,3.5,3.75,3.63,0
T00008359,Model_C,5.0,3.89,5.0,4.43,0
T00008360,Model_C,3.37,2.97,5.0,3.71,0
T00008366,Model_C,3.47,3.64,4.26,3.32,0
T00008372,Model_C,3.48,4.01,4.63,4.02,0
T00008377,Model_C,3.73,3.23,4.96,3.63,0
T00008382,Model_C,4.09,4.25,5.0,4.57,0
T00008385,Model_C,4.75,3.33,5.0,4.14,0
T00008396,Model_C,4.6,2.97,4.05,4.05,0
T00008398,Model_C,3.02,4.6,3.92,3.7,1
T00008404,Model_C,4.18,4.14,4.86,4.32,0
T00008405,Model_C,3.24,3.22,3.96,3.36,0
T00008406,Model_C,3.68,2.39,4.56,3.4,0
T00008418,Model_C,3.73,4.29,5.0,4.4,1
T00008423,Model_C,3.56,4.27,5.0,3.97,0
T00008429,Model_C,3.85,4.2,4.67,3.78,0
T00008435,Model_C,3.87,3.52,3.86,3.69,0
T00008438,Model_C,4.34,3.62,4.61,4.35,0
T00008440,Model_C,3.66,4.21,4.65,4.02,0
T00008445,Model_C,4.72,3.93,4.86,4.62,0
T00008448,Model_C,4.09,2.69,4.46,4.04,0
T00008462,Model_C,4.37,3.6,4.56,4.16,0
T00008465,Model_C,4.34,4.77,4.11,4.24,0
T00008468,Model_C,3.67,3.72,4.92,4.04,0
T00008472,Model_C,3.31,3.91,4.49,3.57,0
T00008473,Model_C,4.17,4.26,4.78,4.38,0
T00008474,Model_C,4.45,4.38,4.1,4.31,0
T00008475,Model_C,2.59,3.77,4.05,3.42,0
T00008477,Model_C,4.15,4.28,4.46,4.17,0
T00008479,Model_C,4.83,4.31,4.46,4.79,0
T00008481,Model_C,4.81,4.1,4.17,4.34,0
T00008482,Model_C,4.34,3.98,4.17,4.16,0
T00008492,Model_C,3.97,3.79,4.6,3.91,0
T00008500,Model_C,5.0,3.74,4.46,4.46,0
T00008502,Model_C,2.8,4.02,3.81,3.17,0
T00008504,Model_C,4.55,4.32,4.05,4.2,0
T00008507,Model_C,4.04,3.94,4.18,4.06,0
T00008516,Model_C,2.9,3.24,4.14,3.5,0
T00008518,Model_C,3.93,3.86,4.32,4.01,0
T00008519,Model_C,3.67,4.01,5.0,4.27,0
T00008523,Model_C,3.69,3.18,4.83,3.85,0
T00008527,Model_C,4.22,3.74,4.83,4.5,0
T00008528,Model_C,3.45,4.92,4.92,4.28,0
T00008531,Model_C,3.45,3.67,5.0,4.11,0
T00008534,Model_C,3.66,4.4,4.86,4.43,0
T00008538,Model_C,4.43,2.47,3.75,3.35,0
T00008539,Model_C,4.73,3.91,4.29,4.37,0
T00008542,Model_C,3.32,4.44,4.26,4.07,0
T00008543,Model_C,4.57,4.47,4.77,4.72,0
T00008544,Model_C,4.05,3.59,3.74,3.75,0
T00008546,Model_C,3.7,4.05,4.43,4.04,0
T00008548,Model_C,3.2,3.47,4.04,3.4,0
T00008549,Model_C,3.49,3.82,3.9,4.03,0
T00008555,Model_C,4.45,4.06,5.0,4.37,0
T00008566,Model_C,4.16,4.29,4.81,4.71,0
T00008569,Model_C,3.16,3.09,4.44,3.45,0
T00008573,Model_C,3.39,3.52,3.74,3.57,0
T00008575,Model_C,3.99,3.89,4.36,4.08,0
T00008580,Model_C,3.91,4.26,4.96,4.08,0
T00008581,Model_C,4.76,3.03,5.0,4.34,0
T00008588,Model_C,3.94,4.0,4.57,4.25,0
T00008589,Model_C,4.46,3.79,4.37,3.98,0
T00008598,Model_C,4.69,3.37,5.0,4.06,0
T00008611,Model_C,3.16,4.06,4.52,3.68,0
T00008614,Model_C,3.62,4.05,4.41,3.65,0
T00008618,Model_C,3.79,4.01,4.58,4.01,0
T00008629,Model_C,3.5,4.78,4.06,4.27,0
T00008631,Model_C,3.09,3.06,5.0,3.71,0
T00008632,Model_C,3.24,3.9,3.97,3.31,1
T00008641,Model_C,3.0,4.58,4.1,3.82,0
T00008651,Model_C,3.58,3.42,5.0,4.04,0
T00008652,Model_C,3.08,3.16,4.01,3.57,0
T00008656,Model_C,3.92,4.34,4.46,4.23,0
T00008659,Model_C,4.47,3.35,4.27,3.93,0
T00008665,Model_C,4.2,3.36,4.75,4.38,0
T00008671,Model_C,3.95,3.5,4.71,3.81,0
T00008673,Model_C,3.17,2.84,4.49,3.26,0
T00008681,Model_C,4.03,3.29,5.0,3.89,0
T00008685,Model_C,3.95,3.8,4.15,3.95,0
T00008688,Model_C,4.6,3.83,5.0,4.64,0
T00008690,Model_C,4.16,4.83,4.42,4.49,0
T00008694,Model_C,3.58,2.92,4.12,3.47,0
T00008705,Model_C,4.4,2.77,4.74,3.97,0
T00008716,Model_C,3.27,3.57,3.85,3.43,0
T00008717,Model_C,3.93,4.05,4.68,4.2,0
T00008722,Model_C,3.4,4.43,5.0,4.0,0
T00008723,Model_C,4.15,4.4,3.92,4.19,0
T00008733,Model_C,3.43,4.04,4.48,3.76,0
T00008738,Model_C,4.69,2.92,5.0,4.19,0
T00008741,Model_C,4.12,4.4,3.77,3.98,0
T00008748,Model_C,4.14,3.53,4.68,4.11,0
T00008749,Model_C,4.14,3.49,3.66,3.63,0
T00008760,Model_C,4.09,3.45,4.36,3.94,0
T00008775,Model_C,3.61,3.95,4.65,3.85,0
T00008778,Model_C,4.34,4.46,4.41,4.51,0
T00008782,Model_C,4.16,4.09,3.94,3.97,1
T00008786,Model_C,3.87,2.95,5.0,3.95,0
T00008798,Model_C,3.77,4.15,3.94,4.01,0
T00008813,Model_C,3.59,3.13,4.84,3.77,0
T00008814,Model_C,3.82,3.61,4.9,3.82,0
T00008815,Model_C,3.63,3.96,4.18,3.97,0
T00008819,Model_C,3.82,3.3,5.0,3.95,0
T00008820,Model_C,3.46,3.99,4.17,3.79,1
T00008824,Model_C,3.66,4.13,5.0,4.37,0
T00008827,Model_C,3.61,3.77,4.61,4.21,1
T00008831,Model_C,3.9,4.0,4.9,4.03,0
T00008842,Model_C,3.58,4.29,5.0,4.26,0
T00008848,Model_C,3.29,3.43,5.0,3.96,0
T00008850,Model_C,3.15,3.95,4.66,4.11,0
T00008866,Model_C,3.03,4.12,4.43,4.08,0
T00008873,Model_C,3.84,4.62,4.22,4.34,0
T00008874,Model_C,3.83,4.14,4.61,4.02,0
T00008891,Model_C,3.31,4.15,3.98,3.64,1
T00008900,Model_C,3.56,4.14,4.87,4.36,0
T00008902,Model_C,3.56,3.49,5.0,3.95,0
T00008905,Model_C,4.08,4.13,4.47,4.12,0
T00008907,Model_C,4.05,4.11,4.63,4.37,0
T00008910,Model_C,3.31,4.31,4.92,4.01,0
T00008914,Model_C,4.07,3.63,3.99,3.86,0
T00008915,Model_C,3.22,3.61,4.18,3.63,0
T00008916,Model_C,3.64,4.65,5.0,4.26,0
T00008928,Model_C,3.61,4.35,4.32,4.35,0
T00008929,Model_C,3.79,2.96,4.39,3.63,0
T00008935,Model_C,4.01,4.04,4.49,4.4,0
T00008939,Model_C,3.45,3.64,4.34,3.88,0
T00008941,Model_C,4.57,3.95,3.97,4.04,0
T00008946,Model_C,4.21,4.7,4.25,4.29,0
T00008948,Model_C,4.11,3.5,4.8,3.92,0
T00008951,Model_C,3.3,3.71,4.47,3.84,0
T00008966,Model_C,4.57,3.63,4.91,4.16,0
T00008969,Model_C,3.49,4.09,4.46,3.74,0
T00008970,Model_C,4.03,3.46,4.92,4.07,0
T00008974,Model_C,3.37,3.17,5.0,3.51,0
T00008979,Model_C,3.97,3.29,5.0,4.25,0
T00008982,Model_C,4.01,4.92,4.0,4.43,0
T00008985,Model_C,3.94,4.51,4.47,4.41,0
T00008988,Model_C,4.03,4.15,4.86,4.31,0
T00008996,Model_C,4.32,4.01,4.64,4.38,0
T00008998,Model_C,3.74,3.64,3.6,3.4,0
T00009000,Model_C,3.24,3.16,4.6,3.42,0
T00009005,Model_C,3.67,3.58,4.57,3.92,0
T00009008,Model_C,3.93,3.25,5.0,3.84,0
T00009009,Model_C,3.57,3.91,3.84,3.39,0
T00009011,Model_C,3.8,3.19,4.0,3.83,0
T00009012,Model_C,3.04,3.83,4.63,3.66,0
T00009015,Model_C,3.83,4.13,4.04,4.2,0
T00009018,Model_C,3.99,3.76,4.72,4.0,0
T00009022,Model_C,3.04,3.46,4.34,3.3,0
T00009031,Model_C,3.77,3.91,4.95,4.19,0
T00009040,Model_C,3.15,3.7,4.41,3.85,0
T00009041,Model_C,3.87,3.96,4.71,3.92,0
T00009042,Model_C,3.59,3.24,4.3,3.93,0
T00009043,Model_C,4.64,3.64,3.68,4.04,0
T00009047,Model_C,3.76,4.74,3.59,3.94,0
T00009058,Model_C,3.97,4.09,4.51,4.14,1
T00009078,Model_C,3.46,4.51,3.59,3.76,0
T00009080,Model_C,3.73,3.26,4.32,3.77,0
T00009081,Model_C,4.57,3.43,4.5,3.74,0
T00009087,Model_C,3.56,4.29,3.57,3.53,0
T00009091,Model_C,3.31,3.33,4.53,3.55,0
T00009108,Model_C,3.98,4.75,4.67,4.67,0
T00009124,Model_C,3.58,4.4,4.93,4.12,0
T00009131,Model_C,3.0,3.31,3.94,3.49,1
T00009136,Model_C,3.76,2.97,4.75,3.74,0
T00009154,Model_C,3.95,4.34,4.77,4.23,0
T00009160,Model_C,3.97,4.26,5.0,4.49,0
T00009168,Model_C,3.44,4.11,4.78,4.01,0
T00009169,Model_C,3.87,3.28,4.87,4.04,0
T00009173,Model_C,3.76,3.83,5.0,4.25,0
T00009174,Model_C,3.31,3.86,3.76,3.76,0
T00009178,Model_C,3.52,3.55,4.33,3.75,0
T00009179,Model_C,3.42,3.3,4.07,3.78,0
T00009185,Model_C,3.52,3.1,4.73,3.76,0
T00009196,Model_C,3.73,4.09,3.99,3.9,0
T00009203,Model_C,3.24,4.15,3.97,3.58,0
T00009213,Model_C,4.14,3.88,3.6,3.77,0
T00009216,Model_C,4.19,3.18,3.97,4.04,0
T00009217,Model_C,4.56,3.75,4.29,4.36,0
T00009220,Model_C,4.5,3.86,4.08,4.12,0
T00009222,Model_C,3.42,3.55,3.9,3.33,0
T00009230,Model_C,3.64,3.59,3.38,3.47,0
T00009235,Model_C,3.27,3.35,4.26,3.51,0
T00009237,Model_C,4.1,3.44,4.98,4.24,0
T00009239,Model_C,4.84,4.2,4.7,4.44,0
T00009243,Model_C,3.56,4.34,4.45,4.03,0
T00009253,Model_C,4.4,4.26,4.16,4.05,0
T00009257,Model_C,3.4,3.74,4.98,4.21,0
T00009258,Model_C,3.64,3.45,4.75,4.3,0
T00009264,Model_C,3.37,4.77,5.0,4.38,0
T00009266,Model_C,4.04,4.53,4.98,4.55,0
T00009268,Model_C,4.03,4.26,4.13,4.17,0
T00009272,Model_C,3.64,2.79,4.0,3.51,0
T00009285,Model_C,4.43,4.27,3.57,4.16,0
T00009287,Model_C,3.39,3.78,4.4,3.63,0
T00009294,Model_C,4.0,4.37,4.9,4.47,0
T00009305,Model_C,3.7,4.05,4.43,3.86,1
T00009309,Model_C,4.31,3.44,4.62,3.98,0
T00009313,Model_C,4.15,3.81,3.93,4.04,0
T00009314,Model_C,3.6,3.38,5.0,3.88,0
T00009316,Model_C,4.7,2.98,4.63,4.12,0
T00009318,Model_C,3.26,3.47,4.52,3.84,0
T00009321,Model_C,3.82,4.34,4.41,4.11,0
T00009322,Model_C,2.65,4.54,4.18,3.93,0
T00009324,Model_C,3.3,3.36,5.0,3.84,0
T00009328,Model_C,4.25,3.74,4.3,4.13,0
T00009330,Model_C,4.06,3.6,4.22,4.02,0
T00009341,Model_C,4.11,4.23,5.0,4.18,0
T00009344,Model_C,3.83,3.67,3.62,3.72,0
T00009354,Model_C,3.37,3.61,3.21,3.03,0
T00009368,Model_C,4.44,3.31,4.56,4.05,0
T00009372,Model_C,4.06,3.48,4.83,4.06,0
T00009375,Model_C,3.84,3.76,4.34,4.09,0
T00009385,Model_C,3.67,4.18,3.74,3.63,0
T00009389,Model_C,3.71,4.37,4.72,4.3,0
T00009391,Model_C,3.82,3.74,4.49,3.78,0
T00009397,Model_C,3.38,3.54,4.23,3.69,0
T00009399,Model_C,4.0,2.77,4.37,3.69,0
T00009403,Model_C,3.48,4.04,4.56,3.9,0
T00009420,Model_C,4.43,3.65,4.15,4.21,0
T00009423,Model_C,3.4,3.62,4.36,3.74,0
T00009426,Model_C,2.75,5.0,4.46,3.93,0
T00009427,Model_C,3.42,4.23,4.26,3.86,0
T00009437,Model_C,4.34,3.87,4.34,3.91,1
T00009439,Model_C,3.77,4.4,3.9,3.96,0
T00009448,Model_C,3.93,3.21,4.26,4.07,0
T00009453,Model_C,3.96,3.5,4.28,3.85,0
T00009461,Model_C,3.54,3.25,4.24,3.44,0
T00009465,Model_C,3.65,3.8,4.86,4.09,0
T00009475,Model_C,4.32,4.41,4.52,4.43,0
T00009479,Model_C,3.87,3.36,4.75,4.01,0
T00009484,Model_C,2.95,3.27,3.95,3.54,0
T00009487,Model_C,3.69,3.51,4.76,3.98,0
T00009488,Model_C,2.68,4.37,4.48,3.88,0
T00009489,Model_C,4.24,3.88,4.24,4.27,0
T00009491,Model_C,2.85,3.91,4.63,3.88,0
T00009496,Model_C,4.44,3.63,4.38,4.43,0
T00009499,Model_C,4.36,3.58,4.95,4.18,0
T00009500,Model_C,4.5,3.48,4.92,4.21,0
T00009514,Model_C,4.21,3.91,4.31,4.27,0
T00009515,Model_C,3.24,3.61,4.45,3.68,0
T00009516,Model_C,3.42,3.54,4.61,4.08,0
T00009521,Model_C,2.88,4.27,4.4,3.97,0
T00009524,Model_C,3.47,3.36,3.97,3.67,0
T00009526,Model_C,3.85,4.08,4.38,4.21,0
T00009527,Model_C,3.89,3.58,4.2,4.04,0
T00009532,Model_C,3.97,4.44,4.39,4.29,0
T00009533,Model_C,3.22,3.81,4.66,3.93,0
T00009535,Model_C,4.11,4.0,4.68,4.25,0
T00009539,Model_C,3.77,3.41,3.66,3.62,0
T00009542,Model_C,4.85,4.0,3.52,4.09,0
T00009548,Model_C,4.17,3.56,4.52,3.82,0
T00009550,Model_C,4.2,3.91,3.61,3.91,0
T00009557,Model_C,4.12,4.33,4.8,4.44,0
T00009558,Model_C,3.24,2.88,5.0,3.69,0
T00009559,Model_C,3.61,4.62,5.0,4.34,0
T00009560,Model_C,4.15,3.22,3.97,4.05,0
T00009562,Model_C,4.12,4.19,4.42,3.97,0
T00009564,Model_C,3.32,3.49,3.55,3.34,0
T00009569,Model_C,3.36,3.65,3.67,3.44,1
T00009588,Model_C,4.23,4.01,4.89,4.38,0
T00009597,Model_C,3.55,3.21,5.0,4.2,0
T00009601,Model_C,4.21,3.91,5.0,4.22,0
T00009611,Model_C,4.41,3.48,4.15,4.19,0
T00009615,Model_C,3.99,4.76,3.71,4.31,0
T00009622,Model_C,3.45,4.64,4.48,4.04,0
T00009630,Model_C,4.01,2.88,3.99,3.41,0
T00009631,Model_C,3.3,4.51,4.8,4.02,0
T00009632,Model_C,3.81,4.69,4.53,4.31,0
T00009634,Model_C,4.58,3.86,3.25,4.03,0
T00009635,Model_C,4.18,4.59,3.62,4.32,1
T00009636,Model_C,4.74,3.87,4.7,4.51,0
T00009643,Model_C,3.86,3.22,4.07,3.75,0
T00009646,Model_C,4.27,3.71,3.9,3.95,0
T00009648,Model_C,4.88,4.04,4.24,4.79,0
T00009649,Model_C,3.26,4.4,3.91,3.91,0
T00009652,Model_C,3.84,3.94,4.06,3.94,0
T00009654,Model_C,3.63,4.02,4.16,4.0,0
T00009656,Model_C,3.74,3.2,4.31,3.73,0
T00009660,Model_C,3.37,4.72,3.86,3.9,1
T00009671,Model_C,4.26,3.55,4.33,3.96,0
T00009672,Model_C,3.34,2.85,3.63,3.32,0
T00009679,Model_C,2.96,3.73,4.73,3.66,0
T00009690,Model_C,4.44,3.85,5.0,4.45,0
T00009693,Model_C,2.89,3.37,5.0,3.79,1
T00009695,Model_C,3.65,4.12,5.0,4.23,0
T00009700,Model_C,3.82,3.91,3.76,3.52,1
T00009717,Model_C,3.98,3.39,4.8,4.26,1
T00009722,Model_C,4.91,4.34,4.27,4.61,0
T00009723,Model_C,4.51,3.64,4.58,4.19,0
T00009732,Model_C,2.94,3.86,5.0,4.14,0
T00009733,Model_C,3.62,3.89,4.36,3.71,0
T00009734,Model_C,4.41,3.41,4.58,4.42,0
T00009737,Model_C,3.69,3.83,5.0,4.27,0
T00009750,Model_C,4.52,4.24,4.0,4.22,0
T00009753,Model_C,3.3,4.3,3.81,3.73,0
T00009757,Model_C,3.77,3.75,4.98,4.05,0
T00009758,Model_C,4.56,3.86,3.59,4.04,0
T00009762,Model_C,3.75,3.77,5.0,3.98,0
T00009769,Model_C,3.8,3.79,3.46,3.66,0
T00009772,Model_C,4.91,3.41,4.6,4.28,0
T00009773,Model_C,3.86,3.44,3.64,3.75,0
T00009776,Model_C,3.66,4.12,4.43,3.9,0
T00009777,Model_C,3.34,3.54,3.74,3.48,0
T00009780,Model_C,4.38,4.23,5.0,4.33,0
T00009782,Model_C,3.72,3.77,3.64,3.49,0
T00009785,Model_C,3.47,3.59,4.42,3.91,0
T00009790,Model_C,3.02,3.12,4.31,3.53,0
T00009792,Model_C,4.28,3.36,4.22,3.98,0
T00009793,Model_C,3.33,3.87,4.15,3.74,0
T00009795,Model_C,3.38,3.23,3.79,3.41,0
T00009798,Model_C,2.31,4.31,4.17,3.1,0
T00009799,Model_C,2.97,5.0,4.45,4.21,0
T00009801,Model_C,3.65,4.45,5.0,4.11,0
T00009804,Model_C,4.2,4.95,4.85,4.71,0
T00009806,Model_C,3.74,3.52,3.87,3.73,1
T00009810,Model_C,3.18,4.2,4.29,4.11,0
T00009811,Model_C,3.58,4.88,5.0,4.52,0
T00009812,Model_C,3.18,4.34,4.54,3.67,0
T00009820,Model_C,4.58,3.52,4.22,4.25,0
T00009824,Model_C,4.0,3.4,4.48,3.9,0
T00009825,Model_C,3.52,4.33,4.17,4.09,0
T00009828,Model_C,3.29,3.32,4.9,3.7,0
T00009831,Model_C,3.7,3.77,5.0,3.99,0
T00009832,Model_C,4.33,3.55,4.72,4.15,0
T00009835,Model_C,4.08,3.86,4.53,4.05,0
T00009840,Model_C,3.67,3.94,4.12,3.79,0
T00009843,Model_C,3.55,4.01,4.81,4.2,0
T00009847,Model_C,3.88,3.9,4.3,3.87,0
T00009852,Model_C,5.0,3.03,4.86,4.25,0
T00009857,Model_C,3.74,3.91,4.2,4.01,0
T00009860,Model_C,3.93,4.01,4.47,3.91,0
T00009867,Model_C,2.25,4.02,5.0,3.49,0
T00009869,Model_C,3.94,3.52,4.08,3.98,0
T00009881,Model_C,3.58,3.31,5.0,3.72,0
T00009888,Model_C,3.97,4.63,5.0,4.26,0
T00009891,Model_C,3.43,3.65,4.54,3.99,1
T00009893,Model_C,4.36,4.24,4.6,4.29,0
T00009894,Model_C,3.69,3.11,3.43,3.31,0
T00009900,Model_C,4.27,3.81,4.45,4.33,0
T00009903,Model_C,3.57,4.19,4.49,4.01,0
T00009908,Model_C,3.15,4.57,3.7,3.61,0
T00009922,Model_C,4.41,3.51,4.63,4.1,0
T00009947,Model_C,4.44,3.71,4.83,4.25,0
T00009948,Model_C,3.56,4.47,4.33,4.19,0
T00009954,Model_C,3.34,4.08,3.97,3.57,0
T00009958,Model_C,3.5,3.61,4.38,4.0,0
T00009961,Model_C,3.61,3.42,4.06,3.58,0
T00009967,Model_C,3.8,3.1,4.79,3.91,0
T00009968,Model_C,3.25,3.39,4.59,3.6,0
T00009971,Model_C,3.82,3.55,4.09,3.6,0
T00009972,Model_C,3.39,3.94,4.05,3.94,0
T00009973,Model_C,4.4,4.22,4.23,4.25,0
T00009978,Model_C,4.21,4.39,4.97,4.5,0
T00009990,Model_C,2.69,4.15,4.89,3.62,0
T00009992,Model_C,3.9,3.66,4.18,3.77,0
T00009994,Model_C,4.36,3.59,4.05,4.09,0
T00009996,Model_C,3.46,3.24,4.97,3.91,0
T00010001,Model_C,3.86,3.34,5.0,4.08,0
T00010002,Model_C,3.84,4.04,4.25,3.96,0
T00010003,Model_C,4.22,3.19,4.14,3.76,0
T00010007,Model_C,5.0,3.91,4.4,4.56,0
T00010008,Model_C,4.85,3.98,5.0,4.76,0
T00010010,Model_C,3.92,4.4,4.99,4.54,1
T00010012,Model_C,3.6,2.95,4.56,3.93,0
T00010014,Model_C,3.95,3.74,4.49,4.32,0
T00010015,Model_C,2.96,3.61,4.64,3.69,0
T00010020,Model_C,3.49,3.38,4.73,3.73,0
T00010030,Model_C,4.02,4.12,5.0,4.11,0
T00010033,Model_C,5.0,4.02,4.46,4.79,0
T00010038,Model_C,3.67,4.17,3.77,4.06,0
T00010040,Model_C,3.37,3.61,4.43,3.62,0
T00010044,Model_C,4.0,2.84,5.0,3.84,1
T00010048,Model_C,4.61,3.56,4.75,4.45,0
T00010050,Model_C,4.17,4.14,4.8,4.44,0
T00010055,Model_C,5.0,3.57,5.0,4.58,0
T00010059,Model_C,3.87,4.02,4.29,3.76,0
T00010074,Model_C,4.25,4.6,4.87,4.65,0
T00010079,Model_C,3.76,3.63,4.68,3.93,0
T00010080,Model_C,3.49,4.2,4.63,4.08,0
T00010082,Model_C,3.76,4.25,3.67,4.11,1
T00010085,Model_C,3.56,4.1,4.33,3.92,0
T00010089,Model_C,3.8,2.92,4.9,3.85,0
T00010092,Model_C,3.62,3.78,5.0,4.22,0
T00010098,Model_C,3.78,3.59,3.85,3.88,0
T00010100,Model_C,3.36,3.69,3.81,3.54,1
T00010101,Model_C,4.1,3.83,4.19,4.27,0
T00010102,Model_C,4.05,2.9,4.67,3.65,0
T00010106,Model_C,3.47,3.73,4.29,3.62,0
T00010121,Model_C,3.66,3.11,4.26,3.8,0
T00010129,Model_C,3.81,4.03,3.48,4.0,1
T00010134,Model_C,3.89,3.22,3.69,3.37,0
T00010137,Model_C,4.37,4.27,4.64,4.23,0
T00010141,Model_C,4.13,3.8,4.28,4.09,0
T00010151,Model_C,4.49,3.45,4.65,4.08,0
T00010154,Model_C,3.94,3.96,4.57,4.16,0
T00010160,Model_C,3.01,4.14,4.55,3.95,0
T00010162,Model_C,4.17,3.72,4.24,3.98,0
T00010164,Model_C,4.63,4.03,4.57,4.42,0
T00010166,Model_C,3.72,3.34,4.28,3.61,0
T00010178,Model_C,3.35,4.05,4.16,3.92,0
T00010186,Model_C,3.84,3.81,4.14,3.99,0
T00010189,Model_C,3.18,4.01,4.39,3.92,0
T00010192,Model_C,4.03,3.56,4.73,4.15,0
T00010196,Model_C,4.26,3.52,3.71,3.82,0
T00010204,Model_C,4.71,4.17,5.0,4.34,0
T00010207,Model_C,4.19,4.08,3.69,4.15,0
T00010209,Model_C,3.55,3.56,4.61,3.65,0
T00010213,Model_C,3.78,3.52,4.53,3.52,0
T00010225,Model_C,3.99,4.06,5.0,4.36,0
T00010228,Model_C,3.51,3.97,5.0,4.4,0
T00010234,Model_C,4.31,3.45,4.61,4.06,0
T00010235,Model_C,4.65,3.87,5.0,4.37,0
T00010242,Model_C,3.97,2.74,4.52,3.81,0
T00010250,Model_C,3.59,3.18,4.17,3.62,0
T00010252,Model_C,3.49,3.98,5.0,4.02,1
T00010255,Model_C,4.06,4.04,4.83,4.21,0
T00010259,Model_C,3.51,3.72,4.4,3.93,0
T00010260,Model_C,3.35,3.77,4.79,3.61,0
T00010261,Model_C,3.96,3.61,4.14,3.99,0
T00010265,Model_C,4.09,3.77,4.75,4.23,0
T00010267,Model_C,3.57,3.61,4.8,4.11,0
T00010278,Model_C,3.65,3.66,4.52,3.99,0
T00010282,Model_C,5.0,3.59,4.6,4.47,0
T00010284,Model_C,4.53,3.66,5.0,4.22,0
T00010286,Model_C,3.5,3.74,4.78,3.66,0
T00010289,Model_C,4.02,3.62,5.0,4.02,0
T00010290,Model_C,4.66,3.13,4.0,4.11,0
T00010298,Model_C,4.15,4.04,4.51,3.69,0
T00010302,Model_C,3.54,3.64,4.61,4.04,0
T00010303,Model_C,3.39,2.11,4.57,3.33,0
T00010304,Model_C,3.1,3.72,4.6,3.59,0
T00010306,Model_C,3.59,4.93,4.27,4.12,0
T00010309,Model_C,3.71,4.4,4.63,4.18,0
T00010310,Model_C,3.76,4.68,4.18,4.25,0
T00010312,Model_C,3.42,3.26,4.32,3.51,0
T00010320,Model_C,4.37,3.61,5.0,4.38,0
T00010325,Model_C,3.75,4.52,3.72,3.98,0
T00010330,Model_C,3.4,3.35,3.3,3.52,0
T00010331,Model_C,4.0,3.93,3.78,3.99,0
T00010347,Model_C,3.45,4.42,4.37,4.19,0
T00010361,Model_C,3.6,3.87,4.23,3.78,0
T00010366,Model_C,4.24,4.5,4.32,4.57,0
T00010371,Model_C,3.54,3.4,3.68,3.66,0
T00010392,Model_C,3.68,3.97,4.29,3.68,0
T00010393,Model_C,3.11,4.34,4.47,3.65,0
T00010398,Model_C,4.51,4.24,4.58,4.6,0
T00010406,Model_C,3.6,3.7,3.33,3.53,0
T00010421,Model_C,3.7,3.83,4.35,3.51,1
T00010423,Model_C,3.69,3.28,5.0,4.27,0
T00010428,Model_C,3.27,3.59,4.34,3.71,0
T00010434,Model_C,4.53,3.89,4.93,4.49,0
T00010437,Model_C,3.89,3.54,3.66,3.59,0
T00010444,Model_C,3.47,3.99,4.01,3.82,0
T00010447,Model_C,4.11,3.67,3.84,3.84,0
T00010449,Model_C,3.09,3.51,4.18,3.56,0
T00010450,Model_C,4.06,4.36,4.14,4.19,0
T00010471,Model_C,3.92,3.6,4.44,3.93,0
T00010473,Model_C,4.18,4.37,4.2,3.94,0
T00010479,Model_C,3.3,3.71,4.67,3.69,0
T00010482,Model_C,4.36,3.02,4.7,3.83,0
T00010490,Model_C,4.02,3.99,3.72,3.66,0
T00010495,Model_C,3.56,3.56,4.37,3.8,0
T00010497,Model_C,3.26,4.22,3.83,4.07,0
T00010506,Model_C,3.53,3.24,4.76,3.65,0
T00010516,Model_C,2.94,3.61,4.28,3.85,0
T00010518,Model_C,3.6,3.56,4.51,3.7,0
T00010520,Model_C,3.89,3.81,3.99,4.0,0
T00010524,Model_C,4.29,2.73,4.49,3.92,0
T00010527,Model_C,4.64,4.34,4.36,4.39,0
T00010536,Model_C,3.83,3.92,4.4,4.12,0
T00010547,Model_C,4.52,3.79,4.34,4.08,0
T00010548,Model_C,4.31,2.9,4.5,3.89,0
T00010554,Model_C,3.53,4.87,3.76,4.13,0
T00010567,Model_C,3.85,3.37,4.54,3.97,0
T00010580,Model_C,3.28,4.17,4.32,3.74,0
T00010584,Model_C,4.42,3.93,4.92,4.45,0
T00010587,Model_C,2.72,4.33,3.99,3.76,0
T00010592,Model_C,3.55,4.02,4.17,4.03,0
T00010597,Model_C,3.59,4.51,4.49,4.21,0
T00010600,Model_C,3.67,4.13,5.0,4.14,0
T00010602,Model_C,4.19,3.47,4.54,3.79,0
T00010611,Model_C,4.09,4.37,4.4,4.57,0
T00010616,Model_C,3.66,4.12,4.83,4.09,0
T00010622,Model_C,4.8,3.91,4.63,4.36,0
T00010624,Model_C,3.25,2.68,5.0,3.56,0
T00010628,Model_C,3.85,4.33,3.94,3.89,0
T00010630,Model_C,3.64,3.12,4.51,3.6,0
T00010632,Model_C,3.81,3.87,4.52,4.23,1
T00010634,Model_C,3.48,4.26,4.2,3.83,0
T00010639,Model_C,3.51,4.47,4.45,4.19,0
T00010642,Model_C,4.01,3.78,3.92,3.71,0
T00010645,Model_C,3.97,3.11,3.93,3.78,0
T00010646,Model_C,4.2,4.1,3.99,3.89,0
T00010650,Model_C,3.15,3.51,5.0,3.79,0
T00010651,Model_C,3.86,3.91,5.0,4.23,0
T00010654,Model_C,3.96,4.04,4.68,4.17,0
T00010656,Model_C,3.64,3.74,4.63,3.7,0
T00010659,Model_C,3.94,3.63,4.22,3.84,0
T00010662,Model_C,3.98,3.74,4.73,4.48,0
T00010667,Model_C,3.17,4.03,4.84,3.93,0
T00010671,Model_C,3.21,3.68,4.51,3.97,0
T00010673,Model_C,4.18,3.85,4.05,4.24,0
T00010677,Model_C,3.88,3.04,4.16,3.69,0
T00010687,Model_C,3.36,3.65,4.3,3.66,1
T00010696,Model_C,4.21,2.77,3.89,3.44,0
T00010706,Model_C,3.17,4.0,4.64,3.81,0
T00010707,Model_C,3.5,3.52,3.94,3.43,0
T00010713,Model_C,2.94,3.82,4.49,3.77,0
T00010715,Model_C,3.83,3.74,3.44,4.11,0
T00010716,Model_C,3.08,3.34,5.0,3.82,0
T00010719,Model_C,3.55,3.12,4.2,3.55,0
T00010721,Model_C,3.48,3.52,4.24,3.69,0
T00010730,Model_C,4.23,4.1,4.04,4.24,0
T00010750,Model_C,3.56,2.98,5.0,3.86,0
T00010766,Model_C,4.2,3.93,4.65,4.32,0
T00010772,Model_C,3.66,3.19,4.45,3.64,0
T00010773,Model_C,4.49,4.11,4.31,4.34,0
T00010777,Model_C,4.18,3.69,4.39,4.2,0
T00010779,Model_C,3.46,4.19,4.97,4.16,0
T00010786,Model_C,4.3,4.43,4.95,4.66,0
T00010787,Model_C,3.79,3.58,3.9,3.64,0
T00010796,Model_C,3.11,3.77,4.97,3.6,0
T00010806,Model_C,4.15,4.64,5.0,4.41,0
T00010809,Model_C,3.76,4.38,5.0,4.45,0
T00010810,Model_C,4.07,3.75,3.79,4.23,0
T00010811,Model_C,3.75,3.47,4.8,3.87,0
T00010820,Model_C,3.88,2.83,4.48,3.85,0
T00010822,Model_C,4.84,4.74,5.0,4.69,0
T00010830,Model_C,3.63,3.39,4.69,4.13,0
T00010834,Model_C,3.65,2.64,4.02,3.18,0
T00010835,Model_C,3.89,4.31,4.19,4.23,1
T00010836,Model_C,3.22,3.86,4.56,4.14,0
T00010844,Model_C,3.55,4.36,3.96,3.94,0
T00010847,Model_C,3.94,4.88,5.0,4.55,0
T00010849,Model_C,3.35,3.32,4.88,3.89,0
T00010853,Model_C,5.0,3.45,4.4,4.17,0
T00010854,Model_C,3.9,3.34,3.7,3.55,0
T00010866,Model_C,3.66,3.64,4.44,3.57,0
T00010870,Model_C,3.47,3.12,5.0,3.87,0
T00010871,Model_C,3.5,3.91,5.0,3.89,0
T00010876,Model_C,4.1,3.4,5.0,3.98,0
T00010882,Model_C,4.1,3.86,5.0,4.36,0
T00010883,Model_C,4.6,3.59,4.94,4.53,0
T00010888,Model_C,3.89,4.46,4.44,4.34,0
T00010904,Model_C,4.07,3.67,4.58,4.05,0
T00010907,Model_C,4.03,3.96,4.57,4.21,0
T00010908,Model_C,3.6,2.66,4.57,3.82,0
T00010917,Model_C,3.44,3.17,4.21,3.74,0
T00010936,Model_C,3.68,3.81,5.0,4.21,0
T00010948,Model_C,3.87,4.83,4.44,4.24,0
T00010949,Model_C,3.81,4.31,4.7,4.42,0
T00010957,Model_C,3.52,4.23,4.24,3.57,0
T00010966,Model_C,4.42,4.59,4.59,4.57,0
T00010967,Model_C,4.1,4.61,4.52,4.31,0
T00010971,Model_C,4.12,3.46,4.63,4.04,0
T00010972,Model_C,4.05,3.29,3.73,3.84,0
T00010973,Model_C,4.27,4.53,4.07,3.92,0
T00010989,Model_C,3.63,4.09,3.63,3.94,0
T00010995,Model_C,3.94,4.7,5.0,4.58,0
T00010998,Model_C,4.51,4.36,4.32,4.38,0
T00011000,Model_C,4.26,3.84,4.32,4.19,0
T00011002,Model_C,3.56,4.3,4.59,4.06,0
T00011010,Model_C,3.34,3.63,4.94,4.13,0
T00011015,Model_C,4.61,4.37,4.11,4.45,0
T00011018,Model_C,4.19,3.8,4.35,4.03,0
T00011019,Model_C,3.92,4.08,4.31,3.96,0
T00011020,Model_C,3.69,4.8,4.43,4.43,0
T00011023,Model_C,3.77,3.59,4.78,3.71,1
T00011037,Model_C,3.44,3.85,4.47,3.92,0
T00011045,Model_C,3.52,3.78,4.5,3.98,0
T00011050,Model_C,3.71,4.15,4.37,3.98,0
T00011051,Model_C,4.12,5.0,4.47,4.6,0
T00011057,Model_C,4.05,3.85,4.32,4.38,0
T00011058,Model_C,3.61,3.67,4.91,4.1,0
T00011061,Model_C,4.39,4.39,3.75,4.21,0
T00011064,Model_C,4.44,3.92,5.0,4.47,0
T00011072,Model_C,3.57,3.68,4.9,3.91,0
T00011074,Model_C,3.56,3.66,4.55,4.24,0
T00011083,Model_C,3.85,3.87,5.0,4.14,0
T00011097,Model_C,4.31,3.76,5.0,4.56,0
T00011100,Model_C,3.87,4.55,3.38,4.14,0
T00011103,Model_C,2.79,4.14,4.71,4.11,0
T00011106,Model_C,3.31,3.74,4.17,3.79,0
T00011108,Model_C,4.44,4.05,4.81,4.52,0
T00011111,Model_C,3.64,3.03,4.69,3.77,0
T00011115,Model_C,3.99,3.41,4.46,4.03,0
T00011121,Model_C,3.43,3.65,4.65,3.73,0
T00011124,Model_C,3.33,3.81,3.99,3.62,0
T00011127,Model_C,3.55,3.59,4.28,3.86,0
T00011129,Model_C,4.08,4.3,4.75,4.5,1
T00011134,Model_C,3.37,3.68,5.0,4.11,0
T00011148,Model_C,3.66,3.55,4.43,3.7,1
T00011150,Model_C,3.84,4.33,4.55,4.3,0
T00011152,Model_C,3.22,3.26,4.35,3.58,0
T00011153,Model_C,4.26,4.23,4.75,4.27,0
T00011165,Model_C,3.08,2.92,4.48,3.38,0
T00011169,Model_C,2.68,3.5,4.87,3.52,0
T00011181,Model_C,2.83,4.02,4.27,3.47,0
T00011184,Model_C,4.16,4.47,4.84,4.0,0
T00011186,Model_C,4.06,3.27,4.38,3.91,0
T00011187,Model_C,3.6,3.05,3.98,3.48,0
T00011195,Model_C,4.46,3.92,4.45,4.33,0
T00011200,Model_C,4.19,3.69,4.94,4.09,0
T00011209,Model_C,4.01,4.41,3.92,4.07,0
T00011210,Model_C,3.61,3.76,4.83,3.99,0
T00011215,Model_C,4.3,3.8,4.79,4.52,0
T00011219,Model_C,4.04,4.36,4.54,4.06,0
T00011223,Model_C,3.2,3.67,3.84,3.34,0
T00011228,Model_C,4.15,3.78,5.0,4.3,0
T00011238,Model_C,4.4,4.55,4.9,4.47,0
T00011239,Model_C,4.14,3.23,5.0,4.16,0
T00011240,Model_C,3.46,3.58,4.56,3.83,0
T00011247,Model_C,3.79,3.3,5.0,4.09,0
T00011249,Model_C,4.91,3.82,4.42,4.41,0
T00011252,Model_C,4.17,3.79,5.0,4.51,0
T00011255,Model_C,4.36,2.95,5.0,4.0,0
T00011265,Model_C,3.23,3.23,4.45,3.5,0
T00011267,Model_C,3.91,3.49,3.98,3.85,0
T00011274,Model_C,3.7,4.05,5.0,4.39,0
T00011279,Model_C,4.48,3.87,4.65,4.41,0
T00011280,Model_C,3.81,3.53,4.31,4.05,0
T00011282,Model_C,4.38,3.68,4.86,4.32,0
T00011283,Model_C,3.65,3.47,4.45,3.67,0
T00011316,Model_C,4.09,4.24,3.93,4.01,0
T00011324,Model_C,3.75,3.21,3.63,3.48,0
T00011329,Model_C,3.93,4.08,4.46,4.2,0
T00011342,Model_C,4.29,4.47,4.83,4.56,0
T00011344,Model_C,3.88,3.35,5.0,3.89,0
T00011346,Model_C,4.17,3.74,4.85,4.4,0
T00011347,Model_C,3.88,3.05,4.71,3.91,0
T00011348,Model_C,3.87,4.21,4.36,4.01,0
T00011349,Model_C,3.57,3.8,4.89,3.99,0
T00011351,Model_C,3.28,3.26,5.0,3.42,0
T00011353,Model_C,4.06,3.4,4.09,3.75,0
T00011368,Model_C,3.5,4.09,4.31,4.15,0
T00011369,Model_C,3.3,4.02,4.37,3.97,0
T00011371,Model_C,3.53,3.89,4.53,4.17,0
T00011379,Model_C,3.83,3.71,5.0,4.03,0
T00011380,Model_C,5.0,3.77,4.73,4.52,0
T00011389,Model_C,4.01,3.85,4.18,4.02,0
T00011392,Model_C,3.86,3.64,3.86,4.01,0
T00011400,Model_C,4.7,3.62,4.71,4.26,0
T00011403,Model_C,4.35,3.8,3.76,3.95,0
T00011407,Model_C,5.0,3.75,4.22,4.65,0
T00011408,Model_C,3.51,3.04,4.38,3.43,0
T00011411,Model_C,3.39,4.41,4.27,4.27,0
T00011415,Model_C,3.95,3.91,3.95,4.01,0
T00011421,Model_C,3.96,3.18,4.12,3.49,0
T00011429,Model_C,3.52,4.11,4.02,3.7,0
T00011438,Model_C,3.93,3.9,4.08,3.92,0
T00011444,Model_C,4.04,3.97,4.86,4.45,0
T00011449,Model_C,3.57,3.85,4.74,4.17,0
T00011452,Model_C,4.7,3.37,4.83,4.15,0
T00011453,Model_C,4.48,3.44,4.97,4.41,0
T00011461,Model_C,3.68,3.35,4.52,3.52,0
T00011462,Model_C,4.45,3.34,3.98,4.34,0
T00011466,Model_C,4.01,3.67,5.0,4.04,0
T00011467,Model_C,4.44,3.15,3.98,3.83,0
T00011469,Model_C,4.03,4.04,4.48,3.97,0
T00011470,Model_C,4.27,3.28,4.97,3.89,0
T00011471,Model_C,3.17,4.25,4.34,3.65,0
T00011500,Model_C,4.4,4.29,4.51,4.37,0
T00011502,Model_C,4.2,3.39,4.85,3.95,0
T00011506,Model_C,3.96,3.52,4.62,3.71,0
T00011512,Model_C,3.03,3.88,5.0,4.0,0
T00011518,Model_C,3.59,4.33,4.05,4.03,0
T00011521,Model_C,4.06,3.15,4.64,3.85,0
T00011537,Model_C,4.73,3.83,4.09,4.31,0
T00011540,Model_C,3.53,3.94,4.47,4.1,0
T00011541,Model_C,4.39,3.86,4.29,4.43,0
T00011550,Model_C,3.89,3.48,4.06,3.72,0
T00011551,Model_C,3.12,4.09,4.41,3.76,0
T00011553,Model_C,3.44,3.74,4.38,3.79,0
T00011555,Model_C,3.68,3.12,4.22,3.75,0
T00011570,Model_C,3.97,3.98,3.98,4.11,0
T00011574,Model_C,4.2,3.33,4.62,4.16,0
T00011577,Model_C,4.06,3.01,4.58,3.65,0
T00011579,Model_C,2.97,3.66,4.28,3.46,0
T00011593,Model_C,4.24,4.02,4.39,4.57,0
T00011595,Model_C,4.69,4.38,4.26,4.32,0
T00011603,Model_C,3.79,3.5,3.94,3.82,0
T00011605,Model_C,4.24,3.7,3.83,3.84,0
T00011609,Model_C,4.1,3.14,4.42,3.93,1
T00011613,Model_C,3.63,4.05,3.97,4.04,0
T00011617,Model_C,4.23,3.92,5.0,4.41,0
T00011621,Model_C,3.81,3.57,4.5,4.16,0
T00011628,Model_C,4.05,4.0,3.89,3.88,0
T00011630,Model_C,3.14,4.2,5.0,4.07,0
T00011634,Model_C,3.94,3.85,4.13,4.04,0
T00011642,Model_C,4.16,3.61,3.42,3.52,0
T00011649,Model_C,4.29,3.68,3.81,3.95,0
T00011653,Model_C,5.0,4.39,4.66,4.57,0
T00011655,Model_C,4.78,4.05,3.79,4.31,0
T00011661,Model_C,4.63,3.6,3.75,4.06,0
T00011662,Model_C,4.81,3.98,4.74,4.59,0
T00011671,Model_C,3.99,3.99,4.52,4.15,0
T00011674,Model_C,4.4,3.0,3.64,3.76,0
T00011677,Model_C,2.84,3.44,3.55,3.48,0
T00011683,Model_C,3.5,4.05,3.43,3.6,0
T00011692,Model_C,3.17,3.45,4.69,3.48,0
T00011695,Model_C,3.86,3.5,4.48,4.09,0
T00011698,Model_C,2.94,3.52,4.98,3.46,0
T00011701,Model_C,2.85,4.43,4.94,3.81,0
T00011702,Model_C,4.16,3.73,3.78,3.71,0
T00011703,Model_C,4.73,4.04,3.81,4.11,0
T00011706,Model_C,3.88,3.69,4.65,3.78,0
T00011710,Model_C,4.0,3.37,5.0,4.49,0
T00011713,Model_C,4.6,3.38,4.66,3.89,0
T00011722,Model_C,4.14,4.25,4.26,4.17,0
T00011723,Model_C,4.43,3.9,4.44,4.17,0
T00011726,Model_C,4.13,4.04,4.91,4.13,0
T00011727,Model_C,4.26,3.56,5.0,4.36,0
T00011728,Model_C,4.12,3.55,4.57,3.97,0
T00011732,Model_C,4.19,4.22,5.0,4.05,0
T00011733,Model_C,3.86,4.15,5.0,4.18,0
T00011735,Model_C,4.33,3.5,4.6,3.98,0
T00011744,Model_C,4.05,3.95,3.74,3.75,0
T00011767,Model_C,3.88,3.83,4.0,3.76,0
T00011770,Model_C,4.38,4.51,4.6,4.25,0
T00011778,Model_C,4.97,4.23,4.89,4.69,0
T00011788,Model_C,3.8,3.78,4.43,4.08,0
T00011790,Model_C,3.56,3.16,4.71,3.96,0
T00011795,Model_C,3.76,4.42,4.27,4.08,0
T00011796,Model_C,4.24,3.16,3.86,3.75,0
T00011797,Model_C,3.92,4.29,4.29,4.5,0
T00011799,Model_C,3.74,3.52,4.08,3.61,0
T00011802,Model_C,3.46,4.5,5.0,3.89,0
T00011811,Model_C,3.55,3.8,4.55,3.85,0
T00011820,Model_C,3.65,2.62,4.72,3.34,0
T00011821,Model_C,3.35,3.84,4.65,3.78,0
T00011823,Model_C,4.26,2.95,4.43,3.85,0
T00011825,Model_C,3.61,3.84,4.52,3.8,0
T00011827,Model_C,4.07,3.66,4.79,3.97,0
T00011831,Model_C,4.29,5.0,5.0,4.87,0
T00011832,Model_C,3.33,3.3,4.0,3.55,0
T00011837,Model_C,3.8,4.51,5.0,4.24,0
T00011846,Model_C,4.5,3.45,5.0,4.18,0
T00011849,Model_C,4.59,4.29,4.93,4.69,0
T00011860,Model_C,3.58,3.8,5.0,4.15,0
T00011861,Model_C,4.12,2.97,4.41,3.87,0
T00011866,Model_C,4.11,4.4,5.0,4.59,0
T00011870,Model_C,4.47,4.07,4.42,4.12,0
T00011871,Model_C,4.66,3.72,4.57,4.37,0
T00011878,Model_C,4.36,4.03,4.17,4.2,0
T00011879,Model_C,4.36,4.0,5.0,4.1,0
T00011880,Model_C,4.12,3.75,4.31,4.15,0
T00011881,Model_C,4.43,2.55,5.0,4.03,0
T00011893,Model_C,4.65,3.78,4.81,4.1,0
T00011894,Model_C,4.38,3.22,4.44,4.21,0
T00011897,Model_C,4.0,4.22,4.59,4.38,0
T00011903,Model_C,3.86,4.77,4.2,4.45,0
T00011905,Model_C,4.26,3.85,3.68,4.15,0
T00011909,Model_C,3.03,3.01,4.22,3.36,0
T00011915,Model_C,3.41,3.73,4.74,3.93,0
T00011918,Model_C,4.1,3.88,3.83,3.88,0
T00011919,Model_C,5.0,3.05,4.27,4.16,0
T00011927,Model_C,4.1,4.03,4.39,4.08,1
T00011929,Model_C,3.54,3.27,4.87,3.72,0
T00011937,Model_C,3.47,4.12,4.34,3.84,0
T00011939,Model_C,3.61,3.7,4.33,3.86,0
T00011943,Model_C,3.86,3.34,4.11,3.5,0
T00011946,Model_C,4.08,3.91,5.0,3.96,0
T00011948,Model_C,3.52,3.71,5.0,3.94,0
T00011957,Model_C,4.49,4.08,3.91,4.25,0
T00011966,Model_C,4.06,3.51,4.22,3.76,0
T00011967,Model_C,5.0,4.73,5.0,4.94,0
T00011974,Model_C,3.91,4.03,3.41,4.14,0
T00011977,Model_C,4.01,3.55,3.85,3.58,0
T00011984,Model_C,4.1,3.95,3.82,3.99,0
T00011986,Model_C,4.11,3.72,4.0,4.0,0
T00011991,Model_C,3.77,3.66,4.5,3.96,0
T00011994,Model_C,3.8,4.1,4.45,4.19,0
T00012007,Model_C,4.05,4.25,4.86,4.38,0
T00012026,Model_C,3.93,4.28,3.99,4.29,0
T00012028,Model_C,3.77,3.01,4.61,3.74,0
T00012034,Model_C,4.31,2.84,4.14,3.65,0
T00012035,Model_C,3.63,3.59,4.26,3.64,0
T00012036,Model_C,4.23,4.62,3.49,4.1,0
T00012037,Model_C,3.42,4.03,4.1,3.86,0
T00012040,Model_C,3.22,3.95,4.65,3.5,0
T00012041,Model_C,4.72,4.64,4.68,4.72,0
T00012045,Model_C,4.25,4.45,4.82,4.16,0
T00012047,Model_C,2.82,4.12,4.34,3.7,0
T00012065,Model_C,3.84,4.45,5.0,4.57,0
T00012066,Model_C,4.14,3.31,5.0,4.22,0
T00012068,Model_C,2.7,3.07,4.26,3.22,0
T00012070,Model_C,3.98,3.53,4.3,3.91,0
T00012088,Model_C,3.01,3.72,4.87,3.93,0
T00012090,Model_C,3.85,3.64,4.52,4.15,0
T00012098,Model_C,3.93,3.68,4.94,4.17,0
T00012101,Model_C,3.59,3.74,4.38,4.0,0
T00012113,Model_C,3.8,4.02,4.91,4.02,0
T00012114,Model_C,4.23,4.12,4.4,4.24,0
T00012117,Model_C,3.8,4.47,4.83,4.33,0
T00012119,Model_C,3.47,3.96,4.13,3.82,0
T00012126,Model_C,4.11,2.77,5.0,3.97,0
T00012137,Model_C,3.81,3.9,4.07,3.72,0
T00012147,Model_C,4.31,3.55,4.29,4.08,0
T00012151,Model_C,3.27,4.22,3.53,3.7,0
T00012160,Model_C,4.85,4.68,4.31,4.38,0
T00012161,Model_C,3.74,3.91,4.05,3.83,1
T00012166,Model_C,3.17,3.69,4.39,3.62,0
T00012173,Model_C,3.78,4.08,4.39,4.05,0
T00012176,Model_C,3.14,4.1,4.42,3.48,0
T00012179,Model_C,4.2,3.05,4.27,4.15,0
T00012183,Model_C,3.91,2.99,5.0,4.03,0
T00012184,Model_C,3.27,3.69,4.66,3.87,0
T00012186,Model_C,3.51,3.65,4.96,3.69,0
T00012187,Model_C,3.56,4.48,4.85,4.31,0
T00012193,Model_C,3.61,4.67,3.99,4.21,0
T00012196,Model_C,3.9,4.39,4.27,4.19,0
T00012199,Model_C,3.31,3.91,4.59,4.0,0
T00012213,Model_C,3.04,4.76,4.41,3.93,0
T00012229,Model_C,4.16,3.67,5.0,3.95,0
T00012230,Model_C,4.19,3.33,5.0,4.28,0
T00012231,Model_C,4.32,3.64,4.41,3.98,0
T00012233,Model_C,4.59,3.8,4.95,4.1,1
T00012241,Model_C,3.78,3.04,4.44,3.72,0
T00012243,Model_C,4.12,3.33,4.94,4.07,0
T00012249,Model_C,4.43,3.36,4.77,4.2,0
T00012254,Model_C,3.64,3.75,4.08,3.76,0
T00012258,Model_C,3.81,3.47,4.83,3.79,0
T00012262,Model_C,2.99,3.87,4.94,3.68,0
T00012264,Model_C,4.64,4.09,4.1,4.29,0
T00012269,Model_C,3.13,4.49,5.0,4.04,0
T00012272,Model_C,4.26,3.6,4.69,4.34,0
T00012273,Model_C,3.17,2.97,4.28,3.37,0
T00012274,Model_C,3.47,4.56,4.47,4.04,0
T00012285,Model_C,4.24,3.78,4.07,4.12,0
T00012290,Model_C,4.09,4.19,4.51,3.99,0
T00012291,Model_C,3.88,4.09,4.96,4.33,0
T00012292,Model_C,4.45,4.39,3.68,3.96,0
T00012302,Model_C,3.52,4.01,3.96,3.66,0
T00012306,Model_C,3.64,3.84,3.94,3.81,0
T00012307,Model_C,4.87,4.1,4.49,4.54,0
T00012308,Model_C,3.49,3.9,4.4,4.04,0
T00012313,Model_C,4.2,3.99,5.0,4.63,0
T00012315,Model_C,3.73,3.51,4.16,4.1,0
T00012319,Model_C,3.74,3.09,4.01,3.98,1
T00012325,Model_C,3.62,3.75,5.0,4.31,0
T00012328,Model_C,3.77,3.85,4.96,4.2,0
T00012329,Model_C,3.98,3.51,4.31,4.02,1
T00012353,Model_C,3.55,4.17,4.93,4.2,0
T00012357,Model_C,4.48,4.25,4.38,4.53,0
T00012361,Model_C,3.85,3.74,4.83,4.19,0
T00012364,Model_C,3.21,3.75,4.47,3.51,0
T00012370,Model_C,3.26,3.98,4.07,3.63,0
T00012376,Model_C,4.02,3.87,4.4,4.15,0
T00012377,Model_C,4.0,3.82,4.81,4.14,0
T00012380,Model_C,3.69,3.84,3.65,3.7,0
T00012396,Model_C,4.02,3.78,4.39,4.24,0
T00012399,Model_C,3.76,3.23,4.54,3.77,1
T00012400,Model_C,4.28,4.21,5.0,4.33,0
T00012401,Model_C,4.49,3.3,4.86,4.31,0
T00012403,Model_C,4.99,4.5,4.35,4.64,0
T00012404,Model_C,3.84,4.4,3.79,4.04,0
T00012422,Model_C,3.63,3.76,4.06,3.95,0
T00012425,Model_C,3.48,4.39,4.33,4.21,0
T00012430,Model_C,3.31,4.02,4.39,3.73,1
T00012439,Model_C,4.19,4.54,4.34,4.5,0
T00012447,Model_C,3.98,3.27,4.84,3.76,0
T00012451,Model_C,4.33,4.82,4.95,4.91,0
T00012453,Model_C,3.17,3.63,3.61,3.32,0
T00012460,Model_C,3.6,4.45,4.98,4.48,0
T00012461,Model_C,4.3,4.23,4.47,4.47,0
T00012464,Model_C,3.27,4.19,4.98,3.93,0
T00012465,Model_C,3.71,4.18,4.23,4.16,0
T00012476,Model_C,3.27,3.92,4.42,3.79,0
T00012485,Model_C,3.26,3.73,4.7,3.87,0
T00012487,Model_C,4.23,3.87,4.84,4.23,1
T00012489,Model_C,4.57,3.76,3.5,3.86,0
T00012494,Model_C,3.39,4.27,4.62,4.27,0
T00012495,Model_C,3.59,3.69,4.63,3.73,0
T00012498,Model_C,3.92,3.76,4.97,4.08,0
T00012505,Model_C,3.94,4.83,3.94,4.19,0
T00012515,Model_C,4.16,3.42,5.0,4.31,0
T00012526,Model_C,3.65,3.72,3.82,3.78,0
T00012528,Model_C,3.8,4.54,4.54,4.4,0
T00012532,Model_C,2.74,3.3,5.0,3.52,0
T00012542,Model_C,3.74,3.7,3.43,3.75,0
T00012546,Model_C,3.32,4.22,4.49,3.79,0
T00012553,Model_C,4.16,3.92,4.27,4.17,0
T00012558,Model_C,3.8,3.48,4.59,4.1,1
T00012568,Model_C,4.42,3.68,4.58,4.31,0
T00012571,Model_C,3.36,4.72,4.8,4.07,0
T00012573,Model_C,4.61,3.66,4.62,4.32,0
T00012576,Model_C,3.9,4.22,4.07,4.0,0
T00012582,Model_C,4.99,3.34,4.59,4.54,0
T00012585,Model_C,3.59,2.72,4.9,3.71,0
T00012589,Model_C,3.92,4.69,4.54,4.53,1
T00012601,Model_C,4.53,4.24,4.27,4.4,0
T00012603,Model_C,4.5,3.59,4.62,4.37,0
T00012604,Model_C,3.78,3.92,4.33,3.9,0
T00012606,Model_C,3.83,3.97,4.38,4.19,0
T00012615,Model_C,3.91,3.2,5.0,4.05,0
T00012618,Model_C,3.33,3.83,4.27,3.94,0
T00012623,Model_C,3.57,4.58,5.0,4.05,0
T00012624,Model_C,3.51,3.01,4.1,3.35,0
T00012625,Model_C,3.52,4.06,3.52,3.66,0
T00012628,Model_C,4.93,4.08,4.29,4.29,1
T00012637,Model_C,3.38,4.17,4.89,3.82,0
T00012639,Model_C,3.64,3.29,4.78,3.71,0
T00012641,Model_C,3.21,3.45,4.59,3.89,0
T00012651,Model_C,3.37,3.77,4.89,4.22,0
T00012652,Model_C,3.75,4.42,5.0,4.01,0
T00012662,Model_C,3.85,3.71,4.46,4.1,0
T00012665,Model_C,3.71,3.78,5.0,4.29,0
T00012666,Model_C,4.16,3.58,4.28,3.95,0
T00012669,Model_C,3.64,3.37,3.61,3.77,0
T00012671,Model_C,3.82,3.21,4.75,3.97,0
T00012672,Model_C,4.21,3.78,4.54,4.11,0
T00012677,Model_C,3.82,3.59,4.05,3.84,0
T00012684,Model_C,3.45,3.7,4.31,3.39,0
T00012700,Model_C,3.91,3.31,5.0,3.82,0
T00012705,Model_C,4.29,3.36,4.24,3.9,0
T00012707,Model_C,3.18,4.38,3.85,3.57,0
T00012708,Model_C,3.59,4.2,5.0,4.45,0
T00012712,Model_C,3.92,3.55,4.75,3.98,0
T00012715,Model_C,4.69,4.23,4.57,4.36,0
T00012720,Model_C,3.66,3.26,5.0,3.98,1
T00012726,Model_C,3.95,3.53,4.07,3.92,0
T00012728,Model_C,3.93,3.64,4.29,4.1,0
T00012729,Model_C,4.0,4.14,5.0,4.5,0
T00012731,Model_C,3.79,3.76,4.03,3.91,0
T00012734,Model_C,4.17,2.97,4.85,3.84,0
T00012736,Model_C,4.33,4.2,4.43,4.34,0
T00012739,Model_C,3.94,4.18,4.9,4.26,0
T00012745,Model_C,3.92,4.58,4.42,4.45,0
T00012748,Model_C,3.48,4.12,4.04,3.85,0
T00012753,Model_C,4.16,3.93,3.96,4.02,0
T00012757,Model_C,3.32,3.66,4.85,3.7,0
T00012770,Model_C,4.72,3.99,5.0,4.6,0
T00012775,Model_C,4.46,3.6,4.23,4.23,0
T00012776,Model_C,3.14,3.06,4.72,3.64,1
T00012786,Model_C,3.79,3.7,4.19,3.73,0
T00012790,Model_C,4.19,3.55,3.91,3.93,0
T00012802,Model_C,3.41,3.74,4.96,3.95,0
T00012810,Model_C,3.7,3.36,4.5,3.81,0
T00012819,Model_C,4.14,3.62,4.46,3.89,0
T00012821,Model_C,3.12,4.48,3.95,3.95,1
T00012824,Model_C,3.86,4.16,4.74,4.28,0
T00012827,Model_C,2.98,3.25,4.78,3.38,0
T00012839,Model_C,3.7,4.63,4.49,4.11,0
T00012841,Model_C,3.6,3.29,5.0,3.92,0
T00012845,Model_C,4.19,3.89,4.61,4.55,0
T00012850,Model_C,3.76,3.15,4.52,3.46,0
T00012853,Model_C,3.91,4.3,4.85,4.6,0
T00012854,Model_C,3.73,3.3,4.57,3.68,0
T00012856,Model_C,4.31,3.15,4.41,3.9,0
T00012857,Model_C,3.33,4.3,4.71,4.01,0
T00012860,Model_C,3.87,3.01,4.57,3.77,0
T00012862,Model_C,3.88,2.82,4.09,3.43,0
T00012876,Model_C,3.54,3.9,4.11,3.73,0
T00012877,Model_C,3.06,3.92,3.89,3.6,0
T00012895,Model_C,4.16,3.6,3.8,3.95,0
T00012898,Model_C,3.73,3.28,4.97,3.79,0
T00012901,Model_C,3.6,3.62,4.44,4.11,0
T00012904,Model_C,3.71,3.97,3.49,4.08,0
T00012910,Model_C,3.6,2.92,4.59,3.43,0
T00012915,Model_C,5.0,3.61,4.51,4.61,0
T00012920,Model_C,3.32,2.86,4.15,3.25,0
T00012922,Model_C,3.75,2.91,4.59,3.87,0
T00012925,Model_C,4.21,3.3,5.0,4.08,0
T00012930,Model_C,3.47,3.59,4.67,4.02,0
T00012932,Model_C,2.85,3.24,4.56,3.45,0
T00012940,Model_C,3.83,3.59,3.38,3.43,0
T00012951,Model_C,4.13,2.9,4.2,3.56,0
T00012953,Model_C,3.29,4.3,4.98,4.06,0
T00012972,Model_C,4.59,3.16,4.85,3.92,0
T00012974,Model_C,4.25,3.89,4.66,4.41,1
T00012977,Model_C,3.85,4.48,4.17,4.21,0
T00012981,Model_C,3.77,3.82,4.52,4.24,0
T00012983,Model_C,3.3,3.86,3.63,3.63,0
T00012985,Model_C,3.6,3.8,3.86,3.96,0
T00012988,Model_C,3.57,3.65,4.13,3.74,0
T00013008,Model_C,3.68,3.34,4.04,3.56,0
T00013011,Model_C,4.45,3.4,4.9,4.12,0
T00013029,Model_C,4.05,2.98,3.6,3.4,0
T00013033,Model_C,4.29,2.97,4.61,4.0,0
T00013036,Model_C,3.9,4.52,4.01,4.19,0
T00013037,Model_C,4.01,3.7,4.46,4.09,0
T00013043,Model_C,3.46,4.36,4.55,3.98,0
T00013048,Model_C,4.53,3.3,5.0,4.57,0
T00013051,Model_C,3.25,2.7,4.77,3.53,0
T00013053,Model_C,3.81,3.48,5.0,4.12,0
T00013063,Model_C,3.62,3.97,4.23,3.94,0
T00013064,Model_C,3.92,3.8,3.83,3.84,1
T00013067,Model_C,4.89,4.04,5.0,4.83,0
T00013070,Model_C,3.65,3.41,5.0,3.86,0
T00013072,Model_C,4.01,3.65,4.54,3.98,0
T00013075,Model_C,3.31,3.35,4.49,3.48,0
T00013076,Model_C,4.28,3.3,4.13,3.86,0
T00013079,Model_C,3.71,3.4,3.96,3.49,0
T00013105,Model_C,3.66,3.63,5.0,4.03,0
T00013112,Model_C,4.09,4.04,4.33,4.02,0
T00013113,Model_C,3.49,3.59,4.26,3.71,0
T00013114,Model_C,4.04,3.56,4.33,3.59,0
T00013119,Model_C,3.27,3.54,4.94,3.64,0
T00013130,Model_C,4.2,4.1,4.05,4.16,0
T00013140,Model_C,3.65,3.67,4.43,4.0,0
T00013144,Model_C,3.79,3.75,4.81,4.14,1
T00013145,Model_C,4.63,3.86,4.27,4.26,0
T00013153,Model_C,3.6,4.07,4.44,4.28,0
T00013154,Model_C,3.96,4.09,4.87,4.64,0
T00013158,Model_C,4.71,2.92,4.67,4.41,0
T00013163,Model_C,3.25,3.31,4.3,3.39,0
T00013164,Model_C,3.81,3.84,3.48,3.58,1
T00013173,Model_C,3.72,3.8,5.0,4.2,0
T00013210,Model_C,3.51,3.37,4.03,3.54,0
T00013212,Model_C,3.91,3.32,4.08,3.8,0
T00013214,Model_C,3.62,3.12,4.1,3.43,0
T00013219,Model_C,3.9,4.32,4.25,4.39,0
T00013224,Model_C,3.58,3.82,5.0,4.2,0
T00013246,Model_C,3.96,3.57,4.77,4.14,0
T00013250,Model_C,4.43,2.89,4.38,3.85,0
T00013255,Model_C,3.53,3.89,4.92,4.57,0
T00013262,Model_C,2.25,3.39,4.66,3.42,0
T00013265,Model_C,3.95,3.96,4.34,4.17,0
T00013267,Model_C,3.16,4.18,4.52,3.73,0
T00013268,Model_C,3.51,3.45,4.42,3.41,0
T00013271,Model_C,3.27,4.28,5.0,4.03,0
T00013273,Model_C,3.01,4.05,5.0,3.87,0
T00013275,Model_C,4.35,3.41,5.0,4.57,0
T00013276,Model_C,3.68,4.22,4.44,3.87,0
T00013286,Model_C,4.42,4.49,4.63,4.42,0
T00013289,Model_C,3.8,3.29,2.93,3.12,0
T00013295,Model_C,4.05,4.57,3.88,4.37,0
T00013302,Model_C,3.3,4.09,4.4,4.18,0
T00013305,Model_C,4.33,3.46,4.16,3.78,0
T00013308,Model_C,4.1,3.76,5.0,4.15,0
T00013316,Model_C,3.76,3.12,4.1,3.65,0
T00013319,Model_C,3.88,3.71,3.92,3.74,0
T00013325,Model_C,3.18,3.06,4.16,3.57,1
T00013326,Model_C,3.81,3.99,4.61,3.99,0
T00013328,Model_C,4.34,3.78,4.01,3.88,0
T00013335,Model_C,3.95,4.0,4.66,4.02,0
T00013342,Model_C,3.19,4.04,4.02,3.68,0
T00013347,Model_C,3.34,3.77,4.87,3.68,0
T00013349,Model_C,2.63,3.66,4.61,3.82,0
T00013350,Model_C,4.1,3.24,4.45,3.99,0
T00013351,Model_C,4.7,4.12,4.98,4.66,0
T00013352,Model_C,3.86,3.25,5.0,4.22,0
T00013361,Model_C,3.01,4.27,4.73,3.85,0
T00013367,Model_C,4.34,3.09,4.68,4.2,0
T00013381,Model_C,4.7,3.57,4.84,4.52,0
T00013383,Model_C,4.47,4.35,4.32,4.54,0
T00013390,Model_C,4.61,4.38,5.0,4.6,0
T00013391,Model_C,4.38,3.1,4.24,3.8,0
T00013400,Model_C,4.16,3.07,4.01,4.1,0
T00013403,Model_C,4.47,3.85,3.99,3.98,0
T00013414,Model_C,3.33,2.98,4.2,3.38,0
T00013419,Model_C,3.27,3.63,4.01,3.66,0
T00013422,Model_C,3.82,3.93,4.6,4.23,0
T00013427,Model_C,4.61,3.53,4.77,4.03,0
T00013428,Model_C,4.16,3.93,4.67,4.21,0
T00013429,Model_C,3.59,4.07,4.32,4.2,0
T00013436,Model_C,4.21,4.03,4.2,4.26,0
T00013437,Model_C,4.42,3.77,4.6,4.3,0
T00013456,Model_C,3.62,4.8,4.27,4.0,0
T00013458,Model_C,3.69,3.53,4.36,3.62,0
T00013460,Model_C,4.17,3.23,4.69,3.78,0
T00013461,Model_C,3.69,4.64,4.92,4.32,0
T00013466,Model_C,3.78,4.09,4.32,4.24,0
T00013469,Model_C,3.45,4.3,4.77,3.97,0
T00013470,Model_C,3.65,3.58,4.79,3.99,0
T00013474,Model_C,4.19,3.81,4.8,4.3,0
T00013480,Model_C,4.26,5.0,4.89,4.66,0
T00013483,Model_C,2.8,4.0,4.41,3.6,0
T00013489,Model_C,4.67,4.9,5.0,5.0,0
T00013491,Model_C,3.8,3.47,3.63,3.65,0
T00013495,Model_C,4.59,4.3,4.58,4.49,0
T00013497,Model_C,3.52,3.5,3.99,3.68,0
T00013503,Model_C,4.07,3.82,4.14,3.96,0
T00013507,Model_C,4.16,3.93,4.72,4.08,0
T00013511,Model_C,3.52,4.8,4.75,4.28,0
T00013518,Model_C,3.27,4.1,4.47,3.7,0
T00013540,Model_C,3.92,3.78,4.92,4.11,0
T00013546,Model_C,4.3,3.8,4.77,4.39,0
T00013553,Model_C,3.36,3.31,4.56,3.97,1
T00013555,Model_C,3.39,3.87,4.73,3.96,0
T00013565,Model_C,4.47,3.76,4.04,3.97,0
T00013582,Model_C,3.79,3.95,4.16,4.0,0
T00013590,Model_C,4.34,4.45,4.69,4.55,1
T00013592,Model_C,4.48,4.47,4.27,4.16,0
T00013597,Model_C,4.05,3.25,4.74,3.96,0
T00013604,Model_C,3.77,4.81,4.42,4.31,0
T00013607,Model_C,4.28,3.41,5.0,4.08,0
T00013613,Model_C,4.02,3.66,4.12,3.99,0
T00013623,Model_C,3.81,4.02,4.89,4.24,0
T00013635,Model_C,3.79,3.64,4.75,3.86,0
T00013641,Model_C,3.46,3.75,4.42,3.57,0
T00013643,Model_C,3.37,4.31,4.97,3.9,0
T00013646,Model_C,4.25,4.07,5.0,4.55,0
T00013650,Model_C,4.16,4.97,5.0,4.59,0
T00013656,Model_C,2.89,3.87,3.9,3.47,0
T00013664,Model_C,3.82,3.74,4.7,3.88,0
T00013667,Model_C,4.07,3.36,4.68,4.01,0
T00013670,Model_C,3.79,3.79,4.14,3.88,0
T00013673,Model_C,3.91,3.61,4.37,3.81,0
T00013679,Model_C,3.65,3.44,4.08,3.71,0
T00013688,Model_C,3.96,3.6,4.28,4.06,0
T00013690,Model_C,3.39,3.55,5.0,3.84,0
T00013702,Model_C,3.45,3.97,4.87,4.22,0
T00013708,Model_C,4.53,3.46,5.0,4.01,0
T00013710,Model_C,4.3,3.71,4.46,4.28,0
T00013715,Model_C,3.85,4.39,3.95,4.24,0
T00013721,Model_C,3.82,3.98,4.45,3.85,0
T00013732,Model_C,4.5,4.56,4.13,4.34,0
T00013733,Model_C,3.58,4.39,4.13,4.05,0
T00013738,Model_C,3.68,3.55,4.78,3.99,0
T00013741,Model_C,3.54,4.32,4.26,4.12,0
T00013744,Model_C,3.03,3.49,5.0,3.71,0
T00013748,Model_C,3.94,3.96,4.86,3.95,1
T00013759,Model_C,3.66,3.16,3.81,3.5,0
T00013761,Model_C,3.95,3.86,4.4,4.05,0
T00013770,Model_C,3.86,4.05,3.15,3.97,0
T00013773,Model_C,4.31,4.74,4.0,4.51,1
T00013776,Model_C,3.65,3.11,5.0,4.15,0
T00013778,Model_C,3.85,4.3,5.0,4.07,0
T00013780,Model_C,3.97,4.51,4.29,4.0,0
T00013782,Model_C,4.29,4.29,4.46,4.41,0
T00013786,Model_C,4.25,3.47,5.0,4.0,0
T00013787,Model_C,3.37,3.52,4.07,3.93,0
T00013808,Model_C,2.87,3.29,4.03,3.64,0
T00013812,Model_C,3.81,3.77,4.64,3.97,0
T00013819,Model_C,4.38,3.94,4.44,4.27,0
T00013820,Model_C,3.18,3.47,4.65,3.48,0
T00013821,Model_C,4.19,3.72,4.07,3.85,0
T00013824,Model_C,4.1,3.76,4.19,3.89,0
T00013836,Model_C,4.33,3.45,4.34,3.97,0
T00013841,Model_C,4.87,3.67,5.0,4.32,0
T00013842,Model_C,4.1,4.12,4.22,4.11,0
T00013854,Model_C,4.55,4.16,4.57,4.29,0
T00013855,Model_C,3.73,3.61,5.0,4.28,0
T00013872,Model_C,4.3,4.03,4.38,4.21,0
T00013882,Model_C,4.06,3.95,4.34,4.21,0
T00013886,Model_C,4.09,3.14,4.73,3.95,0
T00013890,Model_C,4.48,3.79,4.35,3.98,0
T00013899,Model_C,3.6,4.0,4.33,4.32,0
T00013900,Model_C,4.35,3.9,5.0,4.57,0
T00013917,Model_C,3.54,3.36,3.62,3.58,0
T00013925,Model_C,4.48,3.12,4.39,3.57,0
T00013933,Model_C,3.82,3.87,4.02,3.86,0
T00013939,Model_C,3.79,3.33,5.0,3.98,0
T00013942,Model_C,3.94,3.11,4.35,3.58,0
T00013946,Model_C,3.92,3.28,4.4,4.01,0
T00013948,Model_C,4.51,3.88,4.66,4.19,0
T00013953,Model_C,4.36,3.81,4.01,3.97,0
T00013960,Model_C,4.26,4.06,4.98,4.6,0
T00013964,Model_C,3.91,3.62,4.62,4.13,0
T00013965,Model_C,3.26,3.92,3.56,3.53,0
T00013969,Model_C,3.71,4.18,4.04,3.9,0
T00013972,Model_C,3.62,4.13,4.4,3.77,0
T00013974,Model_C,4.09,3.75,5.0,4.02,0
T00013977,Model_C,4.21,4.18,4.38,4.02,0
T00013980,Model_C,3.51,4.15,4.54,3.87,0
T00013981,Model_C,3.96,3.9,4.75,4.25,0
T00013987,Model_C,4.01,4.55,4.26,4.3,0
T00013988,Model_C,4.19,3.49,4.64,4.18,0
T00013990,Model_C,3.75,4.72,3.95,4.36,0
T00013993,Model_C,4.21,3.62,4.7,4.19,0
T00013998,Model_C,4.25,4.58,4.16,4.22,0
T00014004,Model_C,3.95,3.68,4.47,3.97,0
T00014013,Model_C,4.56,3.57,4.12,3.98,0
T00014020,Model_C,3.54,4.11,4.46,3.74,0
T00014029,Model_C,3.94,3.49,5.0,3.94,0
T00014030,Model_C,3.36,3.69,5.0,3.71,0
T00014032,Model_C,4.85,3.81,4.19,4.07,0
T00014037,Model_C,3.75,3.69,3.98,3.64,0
T00014044,Model_C,3.18,3.62,4.4,3.62,0
T00014059,Model_C,3.98,3.62,5.0,3.99,0
T00014065,Model_C,3.23,3.69,4.4,3.57,0
T00014069,Model_C,3.65,4.53,4.65,4.63,0
T00014075,Model_C,3.72,4.03,4.13,4.22,0
T00014081,Model_C,4.53,3.63,4.5,4.36,0
T00014091,Model_C,4.28,3.39,4.03,3.82,0
T00014093,Model_C,4.34,3.06,4.56,4.16,0
T00014111,Model_C,3.65,3.8,4.01,3.61,0
T00014115,Model_C,4.38,3.79,4.2,4.31,0
T00014128,Model_C,3.93,3.58,5.0,4.39,0
T00014133,Model_C,4.07,3.3,4.9,3.97,0
T00014134,Model_C,3.96,5.0,4.53,4.56,0
T00014135,Model_C,3.57,3.57,4.57,3.72,0
T00014139,Model_C,3.88,2.56,3.92,3.29,0
T00014143,Model_C,3.33,4.35,4.08,3.89,0
T00014146,Model_C,3.4,3.93,3.75,3.53,0
T00014155,Model_C,3.93,3.28,4.98,4.05,0
T00014160,Model_C,3.65,3.07,4.13,3.46,0
T00014169,Model_C,3.53,3.78,4.67,3.95,0
T00014173,Model_C,5.0,4.4,5.0,4.65,0
T00014190,Model_C,3.34,3.61,3.59,3.5,0
T00014191,Model_C,4.21,3.48,3.68,3.94,0
T00014195,Model_C,4.34,3.4,5.0,4.3,0
T00014197,Model_C,4.35,4.15,4.84,4.52,0
T00014199,Model_C,3.98,4.03,4.19,4.16,0
T00014210,Model_C,3.45,4.15,3.91,3.7,0
T00014218,Model_C,4.04,4.48,4.03,4.21,0
T00014228,Model_C,3.39,3.52,4.31,3.93,0
T00014238,Model_C,4.14,3.58,5.0,4.41,0
T00014240,Model_C,3.44,3.53,3.8,3.61,0
T00014245,Model_C,3.76,3.63,5.0,4.15,0
T00014246,Model_C,4.11,3.72,4.43,3.94,0
T00014256,Model_C,3.58,3.72,5.0,3.69,1
T00014257,Model_C,3.89,3.54,4.05,3.74,0
T00014263,Model_C,3.87,4.16,4.55,3.96,0
T00014271,Model_C,2.92,3.05,4.4,3.3,0
T00014276,Model_C,3.18,4.24,3.9,3.99,0
T00014287,Model_C,3.92,3.77,3.54,3.89,0
T00014294,Model_C,3.81,3.38,4.81,3.82,0
T00014303,Model_C,3.99,3.84,4.24,4.13,0
T00014304,Model_C,4.06,4.24,3.83,3.88,0
T00014310,Model_C,3.75,4.04,4.87,4.0,0
T00014316,Model_C,4.07,4.16,4.14,4.17,0
T00014317,Model_C,4.4,4.2,4.21,4.46,0
T00014318,Model_C,3.36,3.84,4.49,3.97,0
T00014325,Model_C,4.63,4.53,4.02,4.26,0
T00014334,Model_C,3.68,3.01,4.84,3.62,0
T00014336,Model_C,3.99,4.28,4.9,4.16,0
T00014338,Model_C,4.02,4.65,4.16,4.48,0
T00014342,Model_C,4.31,3.39,4.41,3.88,0
T00014344,Model_C,3.79,4.08,5.0,4.3,0
T00014355,Model_C,3.27,3.53,3.47,3.3,0
T00014357,Model_C,3.74,3.44,4.88,3.62,0
T00014358,Model_C,4.56,4.07,5.0,4.66,0
T00014360,Model_C,3.86,4.49,4.35,4.24,1
T00014364,Model_C,3.7,3.47,5.0,4.13,0
T00014368,Model_C,5.0,3.2,4.55,4.14,0
T00014370,Model_C,4.14,3.78,5.0,4.37,0
T00014385,Model_C,4.02,3.59,5.0,4.06,0
T00014388,Model_C,4.06,4.12,4.4,4.05,0
T00014391,Model_C,3.99,4.05,4.99,4.47,0
T00014395,Model_C,3.9,3.07,4.99,4.09,0
T00014399,Model_C,3.89,3.63,4.0,3.78,0
T00014401,Model_C,4.09,4.13,4.26,4.37,0
T00014402,Model_C,4.07,3.66,4.75,4.14,0
T00014416,Model_C,3.39,3.93,3.68,3.67,0
T00014417,Model_C,3.85,3.83,4.85,4.18,0
T00014418,Model_C,3.83,4.1,4.33,4.25,0
T00014427,Model_C,3.39,3.61,3.93,3.82,0
T00014433,Model_C,2.91,3.19,4.09,3.09,0
T00014438,Model_C,4.16,3.94,4.19,4.17,0
T00014439,Model_C,3.92,3.29,4.08,3.83,0
T00014454,Model_C,3.34,3.27,4.27,3.43,0
T00014458,Model_C,3.68,3.4,3.97,3.61,0
T00014464,Model_C,4.53,4.19,4.91,4.67,0
T00014471,Model_C,4.35,3.7,4.56,4.05,0
T00014488,Model_C,3.35,4.12,3.64,3.62,0
T00014489,Model_C,3.97,3.4,4.03,3.76,0
T00014493,Model_C,3.88,3.46,4.94,4.19,0
T00014504,Model_C,4.62,3.68,4.63,4.05,0
T00014505,Model_C,4.29,2.72,4.49,3.34,1
T00014519,Model_C,3.37,4.09,4.69,3.99,0
T00014522,Model_C,4.05,3.29,5.0,4.11,0
T00014528,Model_C,3.46,3.87,5.0,3.78,0
T00014535,Model_C,3.82,2.72,4.66,3.6,0
T00014538,Model_C,3.47,3.75,3.71,3.72,0
T00014551,Model_C,3.54,4.38,3.87,3.79,0
T00014552,Model_C,3.49,3.88,4.22,3.8,1
T00014554,Model_C,3.96,4.88,4.46,4.58,0
T00014556,Model_C,3.72,3.02,4.88,3.78,0
T00014558,Model_C,3.55,3.81,4.51,3.78,0
T00014561,Model_C,3.7,3.44,4.28,3.55,0
T00014573,Model_C,3.78,4.35,4.7,4.14,0
T00014575,Model_C,3.28,3.45,4.37,3.59,1
T00014581,Model_C,4.48,3.19,4.36,3.88,0
T00014587,Model_C,3.97,3.19,4.23,3.6,0
T00014592,Model_C,3.68,3.82,4.47,3.77,0
T00014601,Model_C,3.59,4.17,4.64,4.12,0
T00014623,Model_C,4.72,3.75,4.79,4.45,0
T00014636,Model_C,4.06,3.72,4.36,3.94,0
T00014646,Model_C,4.58,3.84,3.92,4.17,0
T00014647,Model_C,3.14,3.55,3.66,3.52,1
T00014654,Model_C,3.81,3.77,5.0,4.1,0
T00014662,Model_C,4.07,3.64,3.95,3.85,0
T00014664,Model_C,4.34,4.58,5.0,4.63,0
T00014673,Model_C,4.47,4.28,4.8,4.31,0
T00014678,Model_C,4.53,3.24,3.88,3.64,0
T00014683,Model_C,3.82,3.42,3.67,3.72,0
T00014687,Model_C,3.42,3.46,4.68,3.93,0
T00014691,Model_C,3.39,3.64,5.0,4.15,0
T00014707,Model_C,3.25,4.26,4.45,3.85,0
T00014709,Model_C,4.43,3.89,4.81,4.2,0
T00014727,Model_C,4.01,4.2,4.55,4.32,0
T00014731,Model_C,4.58,3.48,4.97,4.8,0
T00014732,Model_C,4.1,3.64,4.57,4.24,1
T00014752,Model_C,3.67,3.85,3.79,3.62,0
T00014756,Model_C,3.59,3.71,4.69,4.09,0
T00014767,Model_C,3.79,3.29,4.12,3.77,0
T00014770,Model_C,3.63,5.0,4.62,4.32,0
T00014780,Model_C,3.88,3.39,4.46,3.88,0
T00014794,Model_C,4.58,4.24,4.43,4.33,0
T00014795,Model_C,3.39,3.65,4.93,3.61,0
T00014798,Model_C,4.38,3.5,4.22,3.77,0
T00014799,Model_C,3.65,4.16,4.05,3.78,0
T00014800,Model_C,4.25,4.02,4.21,3.99,0
T00014806,Model_C,4.35,4.45,4.87,4.35,0
T00014810,Model_C,3.65,3.98,4.37,3.72,0
T00014811,Model_C,3.54,3.98,3.95,3.82,0
T00014813,Model_C,3.96,4.05,4.28,3.93,0
T00014816,Model_C,4.17,3.9,4.24,4.44,0
T00014819,Model_C,4.66,4.13,4.86,4.32,0
T00014821,Model_C,2.93,4.47,4.2,3.65,0
T00014833,Model_C,3.54,3.86,4.34,3.67,0
T00014837,Model_C,3.96,4.36,4.21,4.11,0
T00014843,Model_C,3.74,3.16,4.61,3.53,0
T00014844,Model_C,3.6,3.95,4.83,3.83,0
T00014851,Model_C,3.68,3.02,4.37,3.73,0
T00014855,Model_C,3.42,3.95,4.75,4.02,0
T00014856,Model_C,3.96,3.55,4.27,4.07,0
T00014873,Model_C,4.12,3.51,4.21,4.31,0
T00014881,Model_C,4.4,3.3,4.35,4.09,0
T00014882,Model_C,4.06,3.84,4.76,4.3,0
T00014885,Model_C,4.06,4.1,4.74,4.25,0
T00014891,Model_C,3.46,4.52,4.91,4.18,0
T00014900,Model_C,4.16,3.8,3.92,3.83,0
T00014903,Model_C,3.92,2.84,5.0,3.88,0
T00014907,Model_C,4.31,4.3,5.0,4.61,0
T00014911,Model_C,3.97,3.53,4.17,3.66,0
T00014912,Model_C,3.73,3.95,4.58,3.93,0
T00014915,Model_C,3.86,4.44,3.97,4.13,0
T00014920,Model_C,3.56,3.7,5.0,4.31,0
T00014923,Model_C,4.56,4.94,4.95,5.0,0
T00014925,Model_C,3.92,4.52,5.0,4.27,0
T00014932,Model_C,3.88,2.89,4.53,3.9,0
T00014935,Model_C,3.79,3.27,4.43,3.8,0
T00014936,Model_C,4.29,3.47,4.36,4.0,0
T00014941,Model_C,4.14,3.92,3.68,4.06,0
T00014952,Model_C,3.5,4.52,4.61,4.07,0
T00014970,Model_C,4.05,3.86,4.21,4.03,0
T00014973,Model_C,3.97,3.57,3.4,3.52,0
T00014975,Model_C,4.32,3.31,3.91,4.0,0
T00014984,Model_C,4.28,4.44,4.64,4.57,0
T00014992,Model_C,3.35,3.5,5.0,3.82,0
T00015000,Model_C,3.81,4.02,4.6,3.89,0
T00015008,Model_C,4.81,4.48,5.0,4.99,0
T00015024,Model_C,4.28,3.62,4.35,4.27,0
T00015025,Model_C,4.01,3.99,4.65,4.12,0
T00015028,Model_C,4.27,3.44,4.62,4.07,1
T00015032,Model_C,4.6,3.97,4.76,4.58,0
T00015039,Model_C,4.05,3.9,4.64,3.89,0
T00015044,Model_C,3.2,3.67,4.56,3.63,0
T00015053,Model_C,3.48,3.71,4.27,3.82,0
T00015069,Model_C,3.83,3.58,4.35,3.73,0
T00015072,Model_C,4.54,3.81,4.18,4.35,0
T00015076,Model_C,3.68,4.0,5.0,4.23,0
T00015082,Model_C,3.17,3.68,5.0,3.53,0
T00015089,Model_C,4.22,3.65,4.78,4.55,0
T00015091,Model_C,3.54,3.96,4.77,3.94,0
T00015096,Model_C,3.75,4.51,4.72,4.45,0
T00015099,Model_C,4.74,3.84,4.21,4.43,0
T00015105,Model_C,4.16,3.15,4.23,3.95,0
T00015107,Model_C,3.16,3.88,4.57,4.0,0
T00015109,Model_C,2.86,4.11,4.02,3.69,0
T00015130,Model_C,5.0,3.9,4.87,4.51,0
T00015138,Model_C,4.76,4.24,4.17,4.55,0
T00015143,Model_C,4.81,3.37,3.85,4.19,0
T00015147,Model_C,3.82,4.22,4.63,4.6,0
T00015160,Model_C,3.58,3.26,4.97,3.59,0
T00015170,Model_C,3.67,4.1,4.39,4.08,0
T00015175,Model_C,3.58,3.56,4.6,4.1,0
T00015180,Model_C,3.86,3.93,4.36,3.78,0
T00015189,Model_C,4.12,4.18,4.56,4.17,0
T00015197,Model_C,3.36,3.38,4.71,3.7,0
T00015203,Model_C,3.6,3.91,4.59,4.09,0
T00015210,Model_C,3.14,3.5,4.97,3.96,0
T00015211,Model_C,4.19,3.18,4.56,3.89,0
T00015218,Model_C,3.47,3.79,4.97,3.95,0
T00015219,Model_C,3.61,3.48,4.15,3.51,0
T00015223,Model_C,3.71,4.63,4.62,4.15,0
T00015241,Model_C,3.45,4.21,4.61,4.13,0
T00015243,Model_C,2.87,3.58,4.91,3.57,0
T00015245,Model_C,2.59,3.42,4.94,3.5,0
T00015249,Model_C,4.49,3.68,4.72,4.24,0
T00015262,Model_C,3.31,3.84,5.0,3.79,0
T00015265,Model_C,3.91,4.77,4.35,4.43,0
T00015270,Model_C,4.21,4.15,3.36,4.08,0
T00015278,Model_C,3.89,2.58,4.23,3.51,0
T00015279,Model_C,3.38,4.09,3.48,3.81,0
T00015282,Model_C,3.73,3.08,3.96,3.45,0
T00015284,Model_C,3.61,4.17,4.08,4.15,0
T00015286,Model_C,4.08,4.47,4.6,4.55,0
T00015288,Model_C,4.83,3.48,4.02,4.47,0
T00015302,Model_C,3.4,3.15,5.0,4.1,0
T00015304,Model_C,4.74,4.67,4.69,4.69,0
T00015305,Model_C,3.71,3.81,4.42,3.9,0
T00015307,Model_C,4.14,3.75,4.02,3.88,0
T00015311,Model_C,4.25,3.94,4.43,4.29,0
T00015314,Model_C,3.55,3.26,3.9,3.77,0
T00015330,Model_C,4.12,4.39,4.35,4.14,0
T00015335,Model_C,3.6,3.76,4.35,4.07,0
T00015338,Model_C,3.39,4.57,3.62,3.94,0
T00015360,Model_C,4.28,4.03,5.0,4.32,0
T00015363,Model_C,4.68,3.12,5.0,4.29,0
T00015365,Model_C,3.45,4.3,4.42,4.04,0
T00015375,Model_C,3.77,3.6,4.89,4.31,1
T00015380,Model_C,2.52,3.64,4.78,3.39,0
T00015388,Model_C,4.09,3.65,3.54,3.85,0
T00015393,Model_C,3.49,4.05,4.24,3.89,0
T00015396,Model_C,4.7,4.06,5.0,4.47,1
T00015399,Model_C,3.74,4.16,4.47,4.07,0
T00015403,Model_C,4.75,3.23,3.9,4.05,0
T00015404,Model_C,2.25,3.65,3.72,3.2,0
T00015407,Model_C,4.5,3.94,4.09,4.17,0
T00015416,Model_C,4.21,3.74,4.03,4.07,1
T00015423,Model_C,3.85,4.17,4.69,4.14,0
T00015424,Model_C,4.84,4.09,3.82,4.54,0
T00015433,Model_C,3.8,3.66,4.63,4.05,0
T00015436,Model_C,3.36,4.01,4.55,3.98,0
T00015437,Model_C,4.13,3.78,4.78,4.52,0
T00015449,Model_C,3.37,3.85,4.17,3.81,0
T00015451,Model_C,2.7,3.16,4.67,3.46,1
T00015455,Model_C,4.46,4.56,5.0,4.71,0
T00015458,Model_C,3.35,4.11,4.0,3.76,0
T00015462,Model_C,3.84,4.03,4.95,4.18,0
T00015471,Model_C,4.33,4.06,4.19,4.15,0
T00015479,Model_C,3.22,3.51,4.67,3.74,0
T00015480,Model_C,3.4,3.61,4.63,3.75,0
T00015481,Model_C,5.0,4.46,4.96,4.87,0
T00015494,Model_C,3.16,3.93,5.0,3.85,0
T00015496,Model_C,4.25,3.69,4.87,3.92,0
T00015499,Model_C,3.72,4.45,4.88,4.54,0
T00015502,Model_C,4.72,4.84,4.05,4.51,0
T00015505,Model_C,3.84,3.36,4.59,3.91,0
T00015506,Model_C,4.04,3.93,3.66,3.8,0
T00015509,Model_C,3.69,4.12,5.0,4.08,0
T00015513,Model_C,4.43,4.17,4.23,4.29,0
T00015516,Model_C,4.19,4.46,3.5,4.23,0
T00015517,Model_C,3.28,3.21,4.65,3.79,0
T00015518,Model_C,4.7,4.42,4.93,4.53,0
T00015521,Model_C,3.79,3.74,4.69,3.89,0
T00015533,Model_C,4.19,3.99,4.0,4.28,0
T00015543,Model_C,3.58,3.28,4.85,3.88,0
T00015545,Model_C,3.05,4.02,4.62,3.55,0
T00015555,Model_C,4.65,2.76,4.39,3.89,0
T00015558,Model_C,4.47,4.18,5.0,4.34,0
T00015561,Model_C,3.16,3.95,4.46,3.77,1
T00015569,Model_C,4.34,4.05,3.93,4.2,0
T00015572,Model_C,3.02,3.1,4.35,3.44,0
T00015576,Model_C,4.28,3.08,5.0,4.32,0
T00015586,Model_C,3.74,4.17,4.63,3.93,0
T00015593,Model_C,4.6,3.42,4.3,3.82,0
T00015596,Model_C,4.82,4.57,4.59,4.7,0
T00015606,Model_C,3.67,3.73,4.12,3.7,0
T00015608,Model_C,3.84,3.84,4.59,3.95,0
T00015610,Model_C,4.09,3.74,4.19,4.16,0
T00015611,Model_C,3.59,3.13,4.19,3.55,0
T00015616,Model_C,3.23,4.57,5.0,4.26,0
T00015617,Model_C,3.52,4.48,5.0,4.02,0
T00015621,Model_C,4.06,3.82,4.12,4.15,0
T00015622,Model_C,4.09,3.67,4.16,4.12,0
T00015624,Model_C,3.26,4.39,4.65,4.08,0
T00015627,Model_C,3.2,3.99,5.0,4.01,0
T00015628,Model_C,3.87,3.49,5.0,3.79,0
T00015634,Model_C,3.97,3.72,5.0,4.06,0
T00015635,Model_C,4.1,3.25,4.68,3.91,0
T00015639,Model_C,4.13,4.05,5.0,4.26,0
T00015646,Model_C,4.8,3.8,4.13,4.3,0
T00015648,Model_C,3.95,3.65,3.96,3.73,0
T00015652,Model_C,4.05,3.97,4.04,3.99,0
T00015653,Model_C,3.69,3.0,3.61,3.54,0
T00015654,Model_C,3.52,3.45,5.0,4.03,0
T00015656,Model_C,4.22,3.29,5.0,4.2,0
T00015657,Model_C,3.3,3.99,4.35,3.96,0
T00015680,Model_C,4.58,3.78,4.9,4.51,0
T00015709,Model_C,4.38,3.81,3.68,4.09,0
T00015713,Model_C,3.48,4.66,4.7,4.4,0
T00015714,Model_C,4.23,2.65,4.39,3.54,0
T00015716,Model_C,3.98,3.47,4.13,3.64,0
T00015733,Model_C,3.27,3.37,4.22,3.49,0
T00015738,Model_C,3.67,3.79,3.46,3.75,0
T00015743,Model_C,4.18,4.17,4.46,4.46,0
T00015746,Model_C,4.58,3.72,4.05,4.16,0
T00015747,Model_C,4.11,3.44,4.46,3.99,0
T00015762,Model_C,3.39,4.37,4.34,4.13,0
T00015766,Model_C,3.63,3.84,4.81,3.76,0
T00015769,Model_C,4.32,3.63,5.0,4.43,0
T00015773,Model_C,3.93,4.18,4.46,4.02,0
T00015775,Model_C,3.61,3.88,4.43,3.73,0
T00015777,Model_C,3.75,4.41,4.35,4.4,0
T00015780,Model_C,4.51,3.72,4.07,4.41,0
T00015781,Model_C,4.84,3.58,3.8,4.02,0
T00015783,Model_C,4.47,3.98,4.97,4.39,0
T00015786,Model_C,3.51,3.99,5.0,3.99,0
T00015804,Model_C,4.43,3.12,4.46,3.72,0
T00015805,Model_C,4.12,3.88,4.3,4.35,0
T00015806,Model_C,3.26,4.41,3.94,3.74,0
T00015814,Model_C,4.33,3.18,3.62,3.73,0
T00015816,Model_C,3.7,4.08,4.53,3.87,0
T00015820,Model_C,4.34,4.09,4.71,4.29,0
T00015821,Model_C,4.39,3.61,4.41,4.06,0
T00015829,Model_C,3.51,3.3,4.95,3.9,0
T00015834,Model_C,4.19,3.9,4.32,4.19,0
T00015837,Model_C,3.22,3.7,4.14,3.71,0
T00015846,Model_C,3.65,4.63,4.18,4.24,0
T00015849,Model_C,3.87,3.71,4.3,3.86,0
T00015854,Model_C,3.99,3.88,4.31,4.12,0
T00015857,Model_C,3.44,4.26,4.28,4.2,0
T00015859,Model_C,3.35,3.68,3.69,3.66,0
T00015861,Model_C,4.12,4.55,5.0,4.41,0
T00015863,Model_C,4.32,4.2,4.07,4.49,0
T00015865,Model_C,4.17,3.67,4.38,4.12,0
T00015867,Model_C,4.12,3.58,3.59,3.73,0
T00015868,Model_C,4.31,3.94,4.83,4.43,0
T00015871,Model_C,4.13,4.9,5.0,4.65,0
T00015879,Model_C,3.97,3.3,4.97,3.82,0
T00015885,Model_C,3.13,4.03,3.72,3.47,1
T00015886,Model_C,3.97,3.29,4.17,3.5,0
T00015893,Model_C,2.86,3.54,3.5,2.96,0
T00015907,Model_C,3.8,3.62,4.75,4.07,0
T00015909,Model_C,4.05,3.42,4.09,3.93,0
T00015911,Model_C,4.83,2.99,3.88,3.89,0
T00015914,Model_C,3.19,3.98,4.71,3.87,0
T00015915,Model_C,4.21,2.84,4.1,3.66,1
T00015916,Model_C,4.1,4.04,3.89,3.98,0
T00015921,Model_C,3.56,3.67,4.62,4.05,0
T00015926,Model_C,3.64,4.39,4.51,4.07,0
T00015932,Model_C,4.36,3.59,3.78,3.67,0
T00015935,Model_C,3.41,2.96,3.89,3.5,0
T00015959,Model_C,3.46,3.36,4.23,3.67,0
T00015961,Model_C,4.48,2.46,4.34,3.63,0
T00015973,Model_C,3.82,4.24,4.84,4.07,0
T00015980,Model_C,4.52,3.9,4.31,4.18,0
T00015987,Model_C,3.31,3.47,4.26,3.74,0
T00015989,Model_C,3.36,4.35,4.19,4.09,0
T00015991,Model_C,3.47,4.27,3.89,3.86,0
T00015996,Model_C,4.13,3.0,4.04,3.67,0
T00016011,Model_C,4.6,3.54,4.56,3.91,0
T00016013,Model_C,3.71,3.76,5.0,4.11,0
T00016018,Model_C,4.1,5.0,4.37,4.67,0
T00016030,Model_C,3.93,4.18,4.92,4.43,0
T00016031,Model_C,3.95,4.31,3.88,4.07,0
T00016036,Model_C,4.1,4.17,3.84,3.85,0
T00016040,Model_C,3.48,3.48,3.42,3.29,0
T00016042,Model_C,3.51,4.2,4.98,4.09,0
T00016045,Model_C,3.4,3.97,4.47,4.08,0
T00016051,Model_C,4.54,3.16,4.49,4.12,0
T00016057,Model_C,3.99,3.87,4.97,4.28,0
T00016062,Model_C,3.49,3.61,4.89,3.89,0
T00016063,Model_C,4.3,3.69,3.55,4.11,0
T00016064,Model_C,3.44,3.88,4.96,3.86,1
T00016072,Model_C,3.37,3.51,4.39,3.54,0
T00016074,Model_C,3.21,3.47,3.87,3.61,0
T00016075,Model_C,4.25,3.86,4.27,4.2,0
T00016081,Model_C,4.58,3.59,3.99,3.96,0
T00016082,Model_C,4.36,4.96,4.4,4.53,0
T00016083,Model_C,4.51,4.18,4.7,4.54,0
T00016086,Model_C,4.13,3.34,4.13,3.84,0
T00016087,Model_C,4.42,4.28,5.0,4.53,0
T00016098,Model_C,4.66,4.08,4.59,4.43,0
T00016104,Model_C,2.87,3.75,3.93,3.61,0
T00016109,Model_C,3.34,3.4,4.76,3.81,0
T00016110,Model_C,4.03,3.31,3.65,4.09,0
T00016111,Model_C,3.34,4.62,4.2,3.98,0
T00016114,Model_C,3.57,4.07,4.66,4.07,0
T00016123,Model_C,3.68,3.55,4.09,3.76,0
T00016125,Model_C,4.38,3.77,4.15,3.79,0
T00016126,Model_C,4.78,4.43,4.77,4.7,0
T00016135,Model_C,3.89,4.02,4.37,4.1,1
T00016146,Model_C,3.52,3.5,4.2,3.91,0
T00016148,Model_C,4.35,3.76,4.78,4.3,0
T00016149,Model_C,4.41,5.0,4.61,4.8,0
T00016156,Model_C,3.83,3.72,4.8,4.49,0
T00016157,Model_C,4.44,3.4,5.0,4.36,0
T00016158,Model_C,4.35,3.21,4.09,3.83,0
T00016159,Model_C,4.0,3.26,4.45,3.66,1
T00016162,Model_C,4.16,3.77,4.42,4.1,0
T00016163,Model_C,3.08,2.74,4.95,3.6,0
T00016165,Model_C,4.26,3.51,4.2,3.99,0
T00016172,Model_C,3.56,3.86,3.86,3.43,0
T00016176,Model_C,3.84,3.64,4.62,4.25,0
T00016199,Model_C,4.05,3.55,4.55,3.91,0
T00016203,Model_C,3.92,3.14,3.89,4.12,0
T00016210,Model_C,2.95,3.17,3.97,3.09,0
T00016212,Model_C,2.83,3.63,4.78,3.34,0
T00016214,Model_C,4.18,3.33,4.32,3.87,0
T00016218,Model_C,3.19,3.7,3.41,3.59,0
T00016219,Model_C,3.71,3.95,4.72,4.43,0
T00016226,Model_C,3.3,4.04,4.95,3.89,0
T00016228,Model_C,3.69,2.85,2.95,3.22,0
T00016231,Model_C,3.97,4.05,3.65,3.72,0
T00016235,Model_C,3.62,4.6,4.99,4.3,0
T00016239,Model_C,4.78,3.93,3.45,4.41,0
T00016250,Model_C,3.69,3.53,4.2,4.0,0
T00016259,Model_C,3.68,3.08,4.02,3.56,0
T00016263,Model_C,4.8,3.77,4.43,4.64,0
T00016267,Model_C,3.58,3.52,5.0,3.8,0
T00016268,Model_C,4.26,4.01,3.76,3.98,0
T00016279,Model_C,3.86,4.97,4.38,4.11,0
T00016280,Model_C,3.37,4.03,3.68,3.47,0
T00016281,Model_C,3.75,4.25,4.99,3.9,0
T00016283,Model_C,3.15,4.37,5.0,4.13,0
T00016287,Model_C,4.51,4.25,4.02,4.32,0
T00016291,Model_C,4.02,4.3,5.0,4.24,0
T00016305,Model_C,4.52,3.84,4.84,4.46,0
T00016319,Model_C,4.73,3.73,4.84,4.47,0
T00016320,Model_C,4.49,4.0,5.0,4.51,0
T00016322,Model_C,3.66,4.78,5.0,4.43,0
T00016324,Model_C,4.2,4.16,5.0,4.36,0
T00016326,Model_C,4.01,3.65,4.14,3.76,0
T00016328,Model_C,4.45,4.02,5.0,4.44,0
T00016330,Model_C,2.9,3.28,4.22,3.24,0
T00016345,Model_C,3.82,3.06,5.0,3.65,0
T00016346,Model_C,3.73,3.09,4.18,3.52,0
T00016355,Model_C,3.27,3.03,4.73,3.72,0
T00016357,Model_C,3.57,3.52,3.98,3.5,0
T00016359,Model_C,3.77,3.57,4.88,4.11,0
T00016362,Model_C,4.07,3.33,3.83,3.68,0
T00016373,Model_C,4.17,3.24,4.92,3.82,0
T00016378,Model_C,4.02,3.68,4.33,4.11,0
T00016405,Model_C,3.79,3.49,4.67,4.12,0
T00016412,Model_C,4.0,3.87,5.0,4.28,0
T00016414,Model_C,3.81,4.26,5.0,4.3,0
T00016416,Model_C,4.06,4.1,4.6,4.23,0
T00016417,Model_C,4.29,3.77,3.89,3.79,0
T00016421,Model_C,3.81,3.21,4.12,3.76,0
T00016422,Model_C,4.26,3.63,4.16,3.91,0
T00016443,Model_C,3.53,4.06,4.61,4.09,0
T00016446,Model_C,4.4,3.9,4.35,4.05,0
T00016450,Model_C,4.5,4.21,4.16,4.24,0
T00016456,Model_C,4.06,3.89,4.75,4.31,0
T00016463,Model_C,4.28,3.05,4.59,3.86,0
T00016466,Model_C,4.08,4.89,4.34,4.46,0
T00016467,Model_C,4.74,3.92,4.71,4.42,0
T00016475,Model_C,4.81,4.29,4.79,4.27,0
T00016479,Model_C,4.05,3.01,5.0,3.71,0
T00016485,Model_C,4.8,3.87,5.0,4.59,0
T00016488,Model_C,2.95,4.29,4.19,4.05,0
T00016489,Model_C,4.1,4.09,4.29,3.74,0
T00016513,Model_C,3.99,3.98,4.32,4.08,0
T00016518,Model_C,3.83,3.62,4.14,3.73,0
T00016520,Model_C,3.45,3.67,4.79,3.97,0
T00016522,Model_C,4.07,3.33,4.73,3.83,0
T00016524,Model_C,4.4,3.98,4.7,4.4,0
T00016526,Model_C,4.74,3.78,4.02,3.98,0
T00016539,Model_C,3.92,3.81,4.13,3.65,0
T00016544,Model_C,3.07,2.68,4.0,2.96,0
T00016547,Model_C,3.29,3.78,4.95,4.08,0
T00016554,Model_C,4.27,4.23,3.64,3.73,0
T00016558,Model_C,3.88,3.34,4.79,3.75,0
T00016560,Model_C,3.77,4.26,4.46,4.17,0
T00016564,Model_C,3.93,3.16,5.0,3.97,0
T00016569,Model_C,3.77,3.67,4.01,3.68,0
T00016577,Model_C,3.74,4.3,4.74,4.12,0
T00016581,Model_C,3.79,2.85,4.39,3.69,0
T00016585,Model_C,4.04,4.29,3.86,4.33,0
T00016586,Model_C,3.38,4.05,5.0,4.13,0
T00016590,Model_C,3.67,4.0,4.98,4.02,0
T00016600,Model_C,3.67,3.98,4.6,4.05,0
T00016601,Model_C,3.69,3.51,4.06,3.86,0
T00016604,Model_C,3.86,3.5,4.88,4.05,0
T00016617,Model_C,4.0,3.55,4.24,3.98,0
T00016619,Model_C,4.0,3.2,4.86,4.0,0
T00016620,Model_C,4.12,3.97,4.5,4.12,0
T00016628,Model_C,4.01,3.63,4.42,4.12,0
T00016631,Model_C,4.48,3.17,4.44,3.76,0
T00016634,Model_C,4.08,3.15,4.76,3.95,0
T00016641,Model_C,4.85,4.1,4.4,4.38,0
T00016646,Model_C,2.73,3.49,4.27,3.42,0
T00016651,Model_C,3.62,3.13,4.18,3.29,0
T00016652,Model_C,3.09,4.01,4.17,3.88,0
T00016656,Model_C,4.15,3.57,4.96,3.84,0
T00016659,Model_C,4.6,4.19,4.54,4.42,0
T00016677,Model_C,4.61,4.38,4.59,4.53,0
T00016679,Model_C,3.57,3.42,4.64,3.83,0
T00016685,Model_C,3.87,3.98,4.56,4.05,0
T00016691,Model_C,2.8,3.54,4.38,3.27,0
T00016698,Model_C,3.4,4.56,4.67,4.01,0
T00016704,Model_C,4.02,4.06,4.27,4.05,0
T00016706,Model_C,4.01,3.49,4.43,4.08,0
T00016709,Model_C,3.24,3.45,4.51,3.49,0
T00016710,Model_C,3.62,3.95,5.0,4.01,0
T00016713,Model_C,4.25,3.8,4.38,3.98,1
T00016715,Model_C,4.63,3.6,4.06,3.9,0
T00016716,Model_C,4.58,3.52,4.22,4.46,0
T00016721,Model_C,3.63,5.0,4.63,4.23,0
T00016737,Model_C,4.24,4.06,4.33,4.07,0
T00016739,Model_C,3.89,4.47,4.25,4.16,0
T00016742,Model_C,3.79,4.08,4.62,4.04,0
T00016747,Model_C,3.64,3.87,4.47,3.96,0
T00016752,Model_C,4.48,3.96,4.3,4.33,0
T00016753,Model_C,3.35,4.04,3.69,3.8,0
T00016754,Model_C,3.57,4.72,4.11,4.14,0
T00016767,Model_C,4.35,3.07,5.0,3.87,0
T00016769,Model_C,4.59,3.53,4.93,4.53,0
T00016775,Model_C,3.67,4.22,4.11,3.89,0
T00016780,Model_C,4.02,3.38,4.39,3.97,0
T00016786,Model_C,3.28,3.91,5.0,3.96,0
T00016791,Model_C,3.9,3.78,4.54,4.15,0
T00016797,Model_C,3.39,3.8,4.74,3.98,0
T00016801,Model_C,4.53,3.23,4.25,4.05,0
T00016818,Model_C,3.92,3.21,4.05,3.73,0
T00016820,Model_C,4.47,3.75,4.65,4.47,0
T00016829,Model_C,4.28,4.64,4.71,4.51,0
T00016834,Model_C,3.81,3.54,4.26,3.31,0
T00016837,Model_C,3.4,4.73,4.48,4.2,0
T00016839,Model_C,3.76,4.32,3.74,3.82,0
T00016849,Model_C,3.2,3.06,4.42,3.18,0
T00016863,Model_C,3.89,5.0,5.0,4.48,0
T00016871,Model_C,3.64,3.49,4.55,3.88,0
T00016878,Model_C,3.32,5.0,4.4,4.49,0
T00016889,Model_C,3.67,3.74,4.54,4.03,1
T00016892,Model_C,4.49,3.6,4.62,4.44,0
T00016894,Model_C,3.85,4.43,3.67,3.86,0
T00016895,Model_C,3.64,3.69,5.0,4.13,0
T00016898,Model_C,5.0,3.66,4.14,4.43,0
T00016900,Model_C,3.69,2.93,3.95,3.59,0
T00016906,Model_C,3.92,3.56,4.85,3.87,0
T00016909,Model_C,3.63,3.68,4.38,3.76,0
T00016910,Model_C,4.26,4.41,4.52,4.51,0
T00016915,Model_C,3.67,3.44,4.32,3.73,0
T00016922,Model_C,3.57,4.47,4.19,3.86,0
T00016924,Model_C,3.77,3.44,4.56,3.99,0
T00016928,Model_C,4.45,3.57,3.5,3.91,0
T00016931,Model_C,3.81,4.97,5.0,4.57,0
T00016935,Model_C,4.34,4.07,4.63,4.51,0
T00016943,Model_C,3.72,3.06,4.11,3.6,0
T00016944,Model_C,3.17,3.5,4.87,3.71,0
T00016948,Model_C,4.1,3.39,4.22,4.02,0
T00016949,Model_C,3.23,3.64,4.36,3.82,0
T00016954,Model_C,3.41,5.0,4.09,4.33,0
T00016961,Model_C,3.73,4.72,4.34,4.17,0
T00016972,Model_C,3.67,4.84,4.86,4.5,0
T00016978,Model_C,3.44,3.37,3.63,3.64,0
T00016980,Model_C,4.38,3.95,4.38,4.37,0
T00016982,Model_C,4.07,3.96,4.38,3.62,0
T00016988,Model_C,3.89,4.09,4.41,3.97,0
T00016991,Model_C,3.9,3.18,4.38,3.89,0
T00016996,Model_C,3.07,3.94,4.64,3.75,0
T00016998,Model_C,3.39,3.44,4.07,3.79,0
T00017003,Model_C,4.06,3.72,4.32,3.93,0
T00017009,Model_C,3.48,3.97,4.21,3.71,0
T00017014,Model_C,3.76,3.77,4.24,4.12,0
T00017018,Model_C,3.5,2.68,4.14,3.01,0
T00017019,Model_C,3.86,3.67,4.2,3.82,0
T00017021,Model_C,3.3,3.2,5.0,3.6,0
T00017024,Model_C,3.58,4.43,4.35,4.37,0
T00017027,Model_C,3.32,3.9,4.74,3.78,0
T00017030,Model_C,4.25,4.79,3.78,4.21,0
T00017040,Model_C,2.77,3.28,4.45,3.3,0
T00017048,Model_C,3.77,3.21,3.91,3.63,0
T00017049,Model_C,4.68,3.54,4.85,4.56,0
T00017052,Model_C,3.67,3.76,3.72,4.02,0
T00017058,Model_C,3.85,3.24,4.2,3.64,0
T00017066,Model_C,4.1,3.81,4.23,4.3,0
T00017073,Model_C,4.01,3.58,4.83,4.25,0
T00017075,Model_C,3.2,4.08,4.33,3.8,0
T00017088,Model_C,4.61,3.24,4.18,4.0,0
T00017091,Model_C,4.11,3.47,3.92,3.74,0
T00017099,Model_C,3.67,3.46,4.18,3.62,0
T00017102,Model_C,4.37,3.85,5.0,4.4,0
T00017114,Model_C,3.83,3.74,5.0,3.9,0
T00017127,Model_C,3.71,4.66,4.48,4.25,0
T00017133,Model_C,3.97,3.75,4.38,3.97,0
T00017136,Model_C,4.49,3.87,4.77,4.07,0
T00017142,Model_C,3.82,3.34,4.26,3.94,0
T00017143,Model_C,3.82,3.37,4.41,3.81,0
T00017144,Model_C,3.34,3.5,4.82,3.5,0
T00017150,Model_C,3.77,3.54,4.76,4.16,0
T00017156,Model_C,3.55,4.26,4.92,4.15,0
T00017159,Model_C,3.47,3.75,3.99,4.08,0
T00017167,Model_C,3.78,4.26,4.38,4.07,0
T00017169,Model_C,4.22,3.62,4.24,4.16,0
T00017172,Model_C,3.61,3.34,3.62,3.63,0
T00017184,Model_C,3.92,3.72,4.47,4.08,0
T00017192,Model_C,2.59,3.79,4.27,3.36,0
T00017207,Model_C,3.52,3.52,4.81,3.83,1
T00017218,Model_C,4.16,3.9,4.48,4.23,0
T00017222,Model_C,3.81,4.46,3.61,3.99,0
T00017237,Model_C,3.49,3.69,5.0,4.13,0
T00017238,Model_C,3.49,3.68,5.0,4.22,1
T00017243,Model_C,3.96,3.35,4.91,3.92,0
T00017252,Model_C,4.1,3.78,4.95,4.19,0
T00017255,Model_C,4.35,4.77,4.36,4.21,0
T00017256,Model_C,4.09,3.98,4.48,4.17,0
T00017259,Model_C,3.3,4.53,5.0,4.2,0
T00017266,Model_C,3.71,3.31,4.52,3.85,0
T00017269,Model_C,4.61,3.47,4.13,4.0,0
T00017276,Model_C,3.8,3.64,4.34,3.86,0
T00017278,Model_C,4.05,3.23,3.77,3.78,0
T00017280,Model_C,4.4,4.46,3.97,4.28,0
T00017282,Model_C,3.36,4.01,4.74,3.95,0
T00017288,Model_C,4.05,3.92,4.0,3.95,0
T00017289,Model_C,3.94,4.08,4.91,4.55,0
T00017293,Model_C,3.44,3.82,5.0,4.16,0
T00017304,Model_C,3.71,3.89,3.54,3.74,1
T00017307,Model_C,3.79,3.18,3.76,3.65,0
T00017308,Model_C,2.83,3.93,4.01,3.59,0
T00017309,Model_C,3.58,2.67,4.69,3.7,0
T00017310,Model_C,3.96,4.65,4.67,4.51,0
T00017317,Model_C,3.78,4.43,4.08,3.73,0
T00017323,Model_C,4.25,3.48,5.0,3.96,0
T00017353,Model_C,3.48,4.26,5.0,4.21,0
T00017356,Model_C,4.13,3.91,4.43,4.17,0
T00017362,Model_C,3.36,4.14,4.51,3.93,0
T00017364,Model_C,3.48,3.35,4.28,3.57,0
T00017367,Model_C,4.18,3.22,4.62,3.78,0
T00017368,Model_C,4.8,3.57,4.16,4.04,0
T00017372,Model_C,4.02,4.67,3.87,4.19,0
T00017375,Model_C,3.05,3.7,4.69,3.7,0
T00017380,Model_C,4.19,3.51,3.91,3.84,0
T00017382,Model_C,3.74,4.53,4.57,4.15,0
T00017388,Model_C,4.37,3.91,4.04,4.07,0
T00017397,Model_C,3.06,3.2,3.46,3.17,0
T00017408,Model_C,4.16,3.95,4.75,4.35,0
T00017413,Model_C,3.14,3.64,4.39,3.6,0
T00017416,Model_C,4.67,3.83,3.82,4.2,0
T00017417,Model_C,4.55,2.64,4.99,4.01,0
T00017418,Model_C,3.85,3.56,4.22,3.89,0
T00017422,Model_C,3.57,4.29,3.59,3.88,0
T00017423,Model_C,3.38,4.86,4.53,4.34,0
T00017424,Model_C,3.98,4.57,4.07,4.09,0
T00017431,Model_C,5.0,3.63,4.1,4.47,0
T00017433,Model_C,3.87,4.29,3.2,3.73,0
T00017436,Model_C,3.34,2.93,4.26,3.34,0
T00017440,Model_C,4.25,3.84,4.02,3.74,0
T00017449,Model_C,4.14,3.61,3.38,3.65,0
T00017453,Model_C,3.91,3.49,4.64,4.02,0
T00017457,Model_C,3.09,4.11,4.58,3.63,0
T00017460,Model_C,3.96,4.13,4.99,4.32,0
T00017462,Model_C,3.44,3.8,5.0,4.02,0
T00017464,Model_C,4.33,3.08,4.62,3.8,0
T00017466,Model_C,2.88,4.14,5.0,3.9,0
T00017468,Model_C,4.26,4.37,4.38,4.24,0
T00017482,Model_C,3.61,4.4,4.8,4.07,1
T00017485,Model_C,3.6,4.02,4.47,3.87,0
T00017490,Model_C,4.16,3.58,4.62,4.08,0
T00017493,Model_C,3.58,4.11,5.0,4.29,1
T00017499,Model_C,4.65,4.09,3.93,4.26,0
T00017503,Model_C,3.42,3.58,5.0,4.15,0
T00017509,Model_C,3.65,3.66,4.5,3.72,0
T00017511,Model_C,3.6,3.9,4.54,3.6,0
T00017513,Model_C,3.74,3.6,4.96,4.0,0
T00017522,Model_C,3.97,3.72,4.52,3.82,1
T00017523,Model_C,3.28,2.83,3.97,3.3,0
T00017525,Model_C,3.67,3.68,4.57,4.06,0
T00017535,Model_C,3.98,4.18,5.0,4.32,0
T00017546,Model_C,4.74,3.58,3.33,4.03,0
T00017555,Model_C,3.92,3.83,3.93,4.03,0
T00017557,Model_C,3.24,4.63,3.93,4.05,1
T00017559,Model_C,3.45,3.58,4.03,3.75,0
T00017568,Model_C,3.14,3.1,5.0,3.85,0
T00017569,Model_C,4.61,4.58,4.65,4.42,0
T00017570,Model_C,3.41,3.38,4.74,3.67,0
T00017587,Model_C,3.94,3.38,5.0,4.17,0
T00017590,Model_C,4.44,4.26,4.03,4.42,0
T00017593,Model_C,4.4,3.17,4.97,4.14,0
T00017597,Model_C,3.93,4.47,3.37,3.95,0
T00017604,Model_C,3.58,3.84,4.29,3.9,0
T00017607,Model_C,3.88,4.78,4.07,4.23,0
T00017613,Model_C,4.5,4.68,4.56,4.49,0
T00017616,Model_C,4.47,3.97,4.15,4.44,0
T00017655,Model_C,4.44,4.77,5.0,4.64,0
T00017658,Model_C,3.78,3.57,4.1,3.74,0
T00017665,Model_C,3.8,4.86,4.7,4.58,0
T00017670,Model_C,4.11,3.25,4.47,3.81,0
T00017671,Model_C,3.58,3.01,4.46,3.82,0
T00017675,Model_C,4.33,3.83,4.46,4.05,0
T00017681,Model_C,4.27,3.75,4.34,4.24,0
T00017685,Model_C,4.43,3.31,4.47,4.23,0
T00017686,Model_C,3.99,3.48,3.62,3.79,0
T00017687,Model_C,4.46,3.92,4.4,4.3,0
T00017696,Model_C,4.15,3.32,4.2,3.92,0
T00017705,Model_C,4.61,3.26,4.91,4.43,0
T00017706,Model_C,3.79,4.45,4.75,4.02,0
T00017712,Model_C,3.88,4.1,4.51,4.11,0
T00017715,Model_C,3.17,3.1,3.69,3.47,0
T00017716,Model_C,3.4,3.78,5.0,4.11,0
T00017720,Model_C,3.86,4.14,3.32,3.59,0
T00017735,Model_C,3.69,2.99,3.86,3.55,0
T00017742,Model_C,3.7,3.58,3.86,3.86,0
T00017747,Model_C,3.71,2.74,4.72,3.59,0
T00017750,Model_C,2.95,4.06,4.72,3.77,0
T00017763,Model_C,3.07,3.57,3.72,3.66,0
T00017769,Model_C,5.0,4.0,4.4,4.63,0
T00017775,Model_C,3.26,4.4,4.94,4.13,0
T00017795,Model_C,3.75,3.97,3.77,3.87,0
T00017798,Model_C,3.67,3.39,4.05,3.6,0
T00017805,Model_C,3.3,3.56,4.83,4.01,0
T00017808,Model_C,3.85,3.98,2.82,3.79,0
T00017812,Model_C,4.32,3.18,5.0,3.92,0
T00017815,Model_C,3.47,4.23,4.13,4.13,0
T00017824,Model_C,3.74,3.43,3.93,3.71,0
T00017833,Model_C,3.41,3.08,4.01,3.42,0
T00017844,Model_C,4.83,3.83,4.74,4.51,0
T00017846,Model_C,3.55,4.35,4.72,4.02,0
T00017853,Model_C,4.14,3.6,4.8,4.37,0
T00017858,Model_C,4.29,3.64,4.25,4.09,0
T00017874,Model_C,5.0,3.94,4.52,4.47,0
T00017876,Model_C,3.77,4.22,4.12,3.93,0
T00017879,Model_C,3.49,3.54,5.0,3.91,0
T00017881,Model_C,4.21,3.99,3.1,3.76,0
T00017886,Model_C,3.7,3.35,4.52,3.39,0
T00017888,Model_C,3.78,4.7,4.18,3.95,0
T00017896,Model_C,4.28,3.98,4.84,4.18,0
T00017904,Model_C,3.24,3.75,4.34,3.73,0
T00017909,Model_C,4.56,3.17,4.87,4.14,0
T00017918,Model_C,4.64,4.24,4.31,4.31,0
T00017936,Model_C,3.39,4.54,4.25,4.07,0
T00017937,Model_C,3.19,3.77,4.56,3.76,1
T00017946,Model_C,3.65,3.47,4.53,3.94,0
T00017947,Model_C,3.66,4.55,5.0,4.16,0
T00017969,Model_C,3.81,3.68,4.58,4.07,0
T00017973,Model_C,3.46,4.33,4.82,3.98,0
T00017976,Model_C,3.62,4.74,4.06,3.78,0
T00017980,Model_C,3.35,4.31,4.45,3.86,1
T00017985,Model_C,3.75,3.88,5.0,4.25,0
T00017987,Model_C,3.38,3.52,4.3,3.75,0
T00017988,Model_C,3.54,3.64,3.82,3.69,0
T00017992,Model_C,4.09,3.65,4.01,3.68,0
T00017996,Model_C,3.63,3.04,3.66,3.53,0
T00017997,Model_C,3.72,3.34,3.6,3.86,0
T00017999,Model_C,3.84,3.64,4.47,3.86,0
T00018002,Model_C,3.15,3.63,4.45,3.87,0
T00018006,Model_C,4.03,4.0,3.82,4.01,0
T00018009,Model_C,3.36,3.74,4.25,3.7,0
T00018014,Model_C,3.64,4.3,4.62,4.03,0
T00018016,Model_C,3.68,3.73,4.63,4.12,0
T00018021,Model_C,3.68,3.36,5.0,3.81,0
T00018024,Model_C,4.04,3.88,3.97,4.01,0
T00018025,Model_C,4.11,4.43,3.76,4.08,0
T00018030,Model_C,4.03,4.52,4.41,4.1,0
T00018036,Model_C,4.59,4.05,4.12,4.47,0
T00018042,Model_C,3.61,4.02,4.34,3.89,0
T00018043,Model_C,3.92,3.35,3.98,3.76,0
T00018044,Model_C,4.37,2.58,4.48,3.59,0
T00018050,Model_C,3.62,3.4,4.05,3.27,0
T00018062,Model_C,3.49,3.83,4.57,3.84,0
T00018067,Model_C,3.73,4.37,4.7,4.27,1
T00018076,Model_C,3.55,3.47,5.0,3.76,0
T00018095,Model_C,4.74,3.41,5.0,4.4,0
T00018099,Model_C,4.78,4.41,4.67,4.47,0
T00018100,Model_C,3.99,2.7,4.12,3.67,0
T00018102,Model_C,4.2,3.72,4.16,4.21,0
T00018108,Model_C,4.27,3.49,4.59,4.13,1
T00018109,Model_C,4.54,3.64,3.69,4.06,0
T00018114,Model_C,4.36,3.84,4.21,4.28,0
T00018122,Model_C,3.7,3.77,4.33,4.14,0
T00018143,Model_C,4.2,4.03,4.27,4.26,0
T00018163,Model_C,3.35,2.94,3.99,3.48,0
T00018181,Model_C,3.79,3.23,4.1,3.73,0
T00018182,Model_C,3.13,4.15,3.13,3.4,0
T00018185,Model_C,4.11,3.55,4.89,4.45,0
T00018186,Model_C,4.55,3.6,4.73,4.35,0
T00018210,Model_C,3.59,3.72,3.68,3.71,1
T00018220,Model_C,4.32,4.07,4.46,4.34,0
T00018235,Model_C,3.9,4.31,3.58,3.66,0
T00018236,Model_C,3.54,2.94,4.25,3.55,0
T00018240,Model_C,2.77,3.34,5.0,3.75,0
T00018245,Model_C,4.0,4.55,4.46,4.17,1
T00018260,Model_C,3.57,3.69,4.1,3.72,0
T00018261,Model_C,3.76,3.6,4.71,4.07,0
T00018263,Model_C,4.12,3.87,4.91,3.86,0
T00018277,Model_C,4.16,3.42,4.47,4.08,0
T00018287,Model_C,4.94,3.14,4.57,4.35,0
T00018289,Model_C,3.28,3.97,4.87,4.06,0
T00018292,Model_C,3.7,3.41,4.21,3.93,0
T00018297,Model_C,3.27,3.77,5.0,3.97,0
T00018299,Model_C,4.15,3.69,4.63,4.25,0
T00018300,Model_C,4.58,3.74,4.81,4.07,0
T00018305,Model_C,5.0,4.8,3.95,4.56,0
T00018311,Model_C,3.23,3.91,4.68,4.04,0
T00018316,Model_C,3.69,3.41,4.33,3.9,0
T00018331,Model_C,3.82,3.99,4.68,4.25,0
T00018333,Model_C,4.07,3.69,4.38,4.27,0
T00018334,Model_C,3.92,3.98,5.0,4.38,0
T00018347,Model_C,3.42,4.61,5.0,4.3,0
T00018352,Model_C,3.97,4.43,3.88,4.08,0
T00018354,Model_C,3.98,3.68,4.79,3.88,0
T00018367,Model_C,4.08,4.51,4.15,4.14,0
T00018372,Model_C,3.84,3.38,4.67,3.66,0
T00018383,Model_C,3.82,3.01,4.3,3.78,0
T00018384,Model_C,3.8,3.32,4.53,3.73,0
T00018393,Model_C,3.25,4.24,4.96,4.21,0
T00018395,Model_C,3.94,3.5,4.75,3.8,0
T00018401,Model_C,4.52,3.36,4.79,4.23,0
T00018415,Model_C,3.67,4.1,5.0,4.5,0
T00018420,Model_C,3.08,3.21,4.45,3.4,0
T00018421,Model_C,4.03,4.4,4.75,4.47,0
T00018422,Model_C,3.58,4.1,4.22,3.84,0
T00018424,Model_C,3.59,3.42,3.93,3.54,0
T00018434,Model_C,4.34,4.61,4.58,4.6,0
T00018436,Model_C,3.78,2.95,3.95,3.58,0
T00018439,Model_C,4.01,3.52,5.0,4.02,0
T00018446,Model_C,3.79,4.17,4.78,4.49,0
T00018450,Model_C,5.0,3.68,4.93,4.58,0
T00018456,Model_C,3.62,4.1,4.39,3.99,0
T00018460,Model_C,4.84,3.07,3.95,3.9,0
T00018462,Model_C,3.97,3.72,3.52,4.07,0
T00018475,Model_C,4.53,3.15,4.26,3.86,0
T00018476,Model_C,4.65,3.0,4.02,3.71,0
T00018477,Model_C,3.33,4.38,4.86,4.27,0
T00018481,Model_C,4.59,4.06,4.02,4.34,0
T00018489,Model_C,3.51,3.15,4.66,3.72,0
T00018491,Model_C,4.88,2.79,4.13,3.88,0
T00018493,Model_C,4.79,3.66,5.0,4.74,0
T00018494,Model_C,3.25,4.07,4.51,3.88,0
T00018495,Model_C,3.86,3.47,3.97,3.98,0
T00018515,Model_C,3.75,3.66,4.21,3.91,0
T00018516,Model_C,3.82,4.04,5.0,4.35,0
T00018528,Model_C,4.78,2.81,4.4,3.94,0
T00018530,Model_C,3.92,4.46,5.0,4.59,0
T00018539,Model_C,4.27,3.59,4.55,3.87,0
T00018544,Model_C,4.03,4.03,4.34,4.03,0
T00018553,Model_C,3.82,4.21,4.32,4.05,0
T00018567,Model_C,3.39,3.59,4.31,3.72,0
T00018569,Model_C,4.11,3.47,5.0,3.85,0
T00018570,Model_C,3.95,4.24,3.45,3.87,0
T00018585,Model_C,4.15,4.44,4.93,4.45,1
T00018592,Model_C,3.07,3.88,4.78,3.81,0
T00018597,Model_C,3.68,4.87,4.52,4.06,0
T00018601,Model_C,3.54,4.19,3.91,3.81,0
T00018605,Model_C,4.29,3.76,4.46,4.1,0
T00018609,Model_C,3.57,3.38,4.68,4.01,0
T00018613,Model_C,3.94,3.89,4.13,4.0,0
T00018632,Model_C,3.81,4.16,3.57,4.0,0
T00018648,Model_C,4.31,3.84,5.0,4.48,0
T00018651,Model_C,4.36,3.8,4.99,4.51,0
T00018654,Model_C,4.05,3.82,3.89,3.67,1
T00018658,Model_C,3.95,3.03,5.0,4.13,0
T00018660,Model_C,3.55,3.61,4.08,3.69,0
T00018666,Model_C,3.7,4.87,4.29,4.53,0
T00018668,Model_C,3.39,2.6,4.52,3.67,0
T00018669,Model_C,3.06,4.0,4.29,4.05,0
T00018671,Model_C,3.09,3.64,5.0,3.97,0
T00018675,Model_C,4.76,3.5,4.25,3.98,0
T00018680,Model_C,4.34,3.52,4.13,3.8,0
T00018684,Model_C,3.63,4.13,4.97,3.99,0
T00018685,Model_C,3.77,4.57,4.4,3.97,0
T00018690,Model_C,3.08,3.78,5.0,3.89,0
T00018701,Model_C,4.79,3.57,4.4,4.0,0
T00018710,Model_C,3.51,4.59,4.39,4.38,0
T00018713,Model_C,3.79,3.11,4.37,3.88,0
T00018719,Model_C,3.02,3.16,4.92,3.73,0
T00018724,Model_C,4.07,4.06,4.98,4.5,0
T00018732,Model_C,3.45,3.0,4.0,3.5,0
T00018735,Model_C,3.49,3.51,4.59,3.86,0
T00018736,Model_C,3.21,3.91,3.92,3.4,0
T00018740,Model_C,4.17,3.58,4.7,4.36,0
T00018748,Model_C,4.25,3.64,4.86,4.32,0
T00018775,Model_C,2.86,4.13,4.69,3.28,0
T00018780,Model_C,4.56,4.25,5.0,4.89,0
T00018789,Model_C,3.84,4.24,4.79,4.14,0
T00018796,Model_C,3.45,4.04,4.48,4.19,0
T00018797,Model_C,3.68,2.83,4.12,3.6,0
T00018799,Model_C,3.32,4.27,4.12,3.89,1
T00018802,Model_C,2.94,2.98,4.92,3.45,0
T00018807,Model_C,3.85,4.58,5.0,4.58,0
T00018813,Model_C,3.37,3.59,4.49,3.93,0
T00018814,Model_C,3.4,3.42,5.0,3.76,0
T00018819,Model_C,4.18,3.74,4.3,4.15,0
T00018832,Model_C,3.71,3.5,4.49,3.66,0
T00018841,Model_C,3.78,3.11,4.49,4.02,0
T00018856,Model_C,5.0,4.41,4.72,4.77,0
T00018867,Model_C,3.31,3.61,3.78,3.87,0
T00018868,Model_C,3.45,3.64,4.1,3.42,0
T00018879,Model_C,3.82,3.9,4.17,3.96,0
T00018880,Model_C,4.38,3.26,4.7,4.15,0
T00018881,Model_C,3.96,3.47,4.77,4.27,0
T00018883,Model_C,2.71,4.82,4.65,4.08,0
T00018885,Model_C,3.72,3.67,3.69,3.71,0
T00018891,Model_C,3.64,4.44,4.91,4.29,0
T00018892,Model_C,3.63,3.04,4.73,3.75,0
T00018895,Model_C,3.32,2.67,4.39,3.5,0
T00018899,Model_C,4.04,3.81,4.2,3.87,0
T00018904,Model_C,2.98,3.26,3.78,3.02,0
T00018906,Model_C,3.6,3.92,4.43,4.04,1
T00018913,Model_C,3.85,5.0,4.21,4.33,0
T00018925,Model_C,3.62,3.47,4.24,3.64,0
T00018931,Model_C,4.1,3.16,4.48,3.57,1
T00018936,Model_C,4.38,3.11,5.0,4.04,0
T00018942,Model_C,4.31,4.0,3.66,4.08,0
T00018944,Model_C,3.03,3.9,4.0,3.82,0
T00018949,Model_C,3.81,3.16,5.0,4.04,1
T00018953,Model_C,4.45,3.17,4.64,4.12,0
T00018966,Model_C,3.51,4.04,3.91,3.93,0
T00018976,Model_C,2.58,4.03,3.53,3.39,0
T00018977,Model_C,3.48,3.42,3.66,3.39,0
T00018981,Model_C,3.46,3.93,4.86,3.92,0
T00018990,Model_C,4.36,4.16,4.64,4.56,0
T00019002,Model_C,4.52,3.47,4.13,4.15,0
T00019010,Model_C,3.95,4.51,5.0,4.42,0
T00019025,Model_C,4.17,4.31,5.0,4.4,1
T00019037,Model_C,3.46,4.28,5.0,4.38,0
T00019048,Model_C,4.58,4.36,4.44,4.32,0
T00019053,Model_C,3.38,4.66,3.62,3.9,0
T00019055,Model_C,3.62,4.48,4.23,4.28,0
T00019058,Model_C,3.69,4.25,5.0,4.22,0
T00019059,Model_C,3.69,3.12,4.25,3.54,0
T00019067,Model_C,2.74,3.02,4.35,3.35,0
T00019075,Model_C,3.91,3.94,4.42,4.05,0
T00019079,Model_C,4.01,3.34,5.0,3.94,0
T00019086,Model_C,4.37,3.72,4.72,3.84,0
T00019088,Model_C,3.79,3.25,4.54,3.99,0
T00019095,Model_C,3.7,3.64,4.01,3.91,0
T00019096,Model_C,4.65,3.35,4.37,3.92,0
T00019101,Model_C,3.84,3.76,4.03,3.92,0
T00019105,Model_C,4.99,3.39,5.0,4.69,0
T00019107,Model_C,3.44,4.06,4.23,3.93,0
T00019112,Model_C,4.55,3.75,4.29,3.98,0
T00019116,Model_C,3.91,4.29,4.52,4.55,0
T00019133,Model_C,4.19,3.51,3.87,4.15,0
T00019135,Model_C,3.6,3.59,4.66,3.7,0
T00019140,Model_C,3.39,3.74,4.53,3.79,0
T00019145,Model_C,3.4,3.69,4.93,3.78,1
T00019155,Model_C,4.57,3.43,4.32,3.97,0
T00019165,Model_C,4.03,3.99,4.28,4.14,0
T00019166,Model_C,4.05,3.36,4.88,4.12,0
T00019172,Model_C,4.35,3.8,4.91,4.47,0
T00019175,Model_C,2.62,4.83,3.47,3.59,0
T00019180,Model_C,4.31,3.83,4.06,4.1,0
T00019182,Model_C,3.45,3.9,4.04,3.82,0
T00019187,Model_C,3.39,3.58,4.71,3.62,1
T00019189,Model_C,3.86,4.1,4.06,3.93,0
T00019204,Model_C,4.49,3.81,5.0,4.61,0
T00019226,Model_C,4.47,3.15,3.45,3.76,0
T00019230,Model_C,4.15,3.89,4.52,4.19,0
T00019232,Model_C,4.38,3.69,3.57,3.68,0
T00019238,Model_C,3.98,3.41,4.34,4.2,0
T00019248,Model_C,3.94,4.66,4.87,4.23,0
T00019250,Model_C,4.07,3.52,3.35,3.76,0
T00019254,Model_C,4.29,3.91,4.35,4.12,1
T00019257,Model_C,3.12,3.58,4.6,4.02,0
T00019267,Model_C,4.39,4.47,3.98,4.17,0
T00019272,Model_C,3.4,4.07,4.24,3.95,0
T00019273,Model_C,4.15,3.41,4.12,3.53,0
T00019276,Model_C,4.01,3.74,4.69,3.94,0
T00019281,Model_C,4.18,3.45,4.49,3.91,0
T00019283,Model_C,4.02,3.11,4.29,4.03,0
T00019285,Model_C,3.74,3.8,3.74,3.78,0
T00019293,Model_C,4.56,4.61,2.72,4.08,0
T00019314,Model_C,4.9,4.28,4.54,4.54,0
T00019316,Model_C,4.19,4.0,4.66,4.36,0
T00019319,Model_C,4.13,4.85,4.74,4.47,0
T00019320,Model_C,3.65,3.9,3.87,3.62,0
T00019321,Model_C,3.67,3.88,4.53,3.9,0
T00019322,Model_C,4.06,3.3,4.8,4.26,0
T00019329,Model_C,3.63,3.65,4.31,3.61,0
T00019344,Model_C,4.2,3.81,4.47,4.12,0
T00019349,Model_C,4.51,4.41,4.63,4.4,0
T00019354,Model_C,3.27,4.16,4.2,3.59,0
T00019355,Model_C,4.26,3.92,4.66,4.28,0
T00019357,Model_C,4.4,3.89,4.2,4.3,0
T00019361,Model_C,3.37,3.39,4.16,3.25,1
T00019370,Model_C,4.17,3.51,3.82,3.77,0
T00019374,Model_C,3.13,3.56,4.59,3.73,0
T00019375,Model_C,3.42,4.47,5.0,4.26,0
T00019376,Model_C,4.24,3.68,3.84,3.99,0
T00019388,Model_C,4.27,3.9,4.71,4.33,0
T00019392,Model_C,3.96,4.41,4.36,4.26,0
T00019396,Model_C,2.97,3.61,4.29,3.64,0
T00019400,Model_C,4.14,3.37,4.23,4.03,0
T00019404,Model_C,3.54,3.15,4.85,3.84,0
T00019414,Model_C,3.85,3.51,3.97,3.92,0
T00019415,Model_C,3.63,3.04,4.04,3.65,0
T00019417,Model_C,4.34,3.69,3.99,3.96,0
T00019418,Model_C,3.62,3.44,4.35,3.77,0
T00019423,Model_C,3.99,3.8,4.28,3.99,0
T00019429,Model_C,3.53,4.49,4.63,4.35,0
T00019436,Model_C,5.0,3.41,5.0,4.4,0
T00019443,Model_C,4.0,3.4,4.84,3.96,0
T00019449,Model_C,2.88,4.71,4.64,4.01,0
T00019458,Model_C,4.44,4.03,4.49,4.3,0
T00019475,Model_C,3.99,4.05,4.04,3.89,0
T00019478,Model_C,3.7,4.16,4.49,4.12,0
T00019480,Model_C,3.63,4.13,4.23,4.15,0
T00019482,Model_C,3.09,2.94,4.8,3.81,0
T00019486,Model_C,4.23,4.17,4.56,4.42,0
T00019487,Model_C,3.82,3.46,4.86,4.11,0
T00019490,Model_C,4.12,3.49,4.54,3.85,0
T00019499,Model_C,3.49,2.81,4.07,3.46,0
T00019503,Model_C,3.48,3.23,4.38,3.63,0
T00019511,Model_C,3.72,3.6,5.0,4.01,0
T00019516,Model_C,4.37,3.82,4.22,4.05,0
T00019524,Model_C,4.93,2.98,4.37,3.99,0
T00019530,Model_C,4.14,3.26,4.62,3.92,0
T00019534,Model_C,3.79,3.63,4.69,3.84,0
T00019540,Model_C,4.74,3.5,4.95,4.28,0
T00019541,Model_C,3.42,4.18,3.92,3.73,0
T00019542,Model_C,5.0,3.76,4.65,4.44,0
T00019552,Model_C,4.0,3.31,4.2,3.83,0
T00019555,Model_C,3.26,4.18,4.48,3.87,0
T00019557,Model_C,3.27,3.79,4.18,3.41,0
T00019558,Model_C,3.45,4.44,5.0,4.18,0
T00019560,Model_C,4.21,3.07,4.66,3.76,0
T00019562,Model_C,3.68,4.09,4.24,4.08,0
T00019569,Model_C,4.62,3.74,4.29,4.11,0
T00019576,Model_C,3.77,3.37,4.33,3.87,0
T00019578,Model_C,4.3,4.23,4.67,4.46,0
T00019585,Model_C,4.06,3.85,4.9,4.57,0
T00019592,Model_C,3.98,4.27,3.81,4.26,0
T00019594,Model_C,3.73,4.41,4.92,4.26,0
T00019599,Model_C,3.77,3.83,4.39,4.06,0
T00019605,Model_C,3.65,3.46,4.69,3.67,0
T00019613,Model_C,3.31,3.1,4.54,3.49,0
T00019620,Model_C,4.04,3.52,3.44,3.89,0
T00019622,Model_C,3.54,4.36,4.09,4.12,0
T00019624,Model_C,3.83,3.35,4.39,3.51,0
T00019632,Model_C,4.53,3.15,4.64,4.22,0
T00019633,Model_C,3.5,3.52,4.58,3.87,0
T00019634,Model_C,3.8,3.81,4.12,3.52,0
T00019639,Model_C,4.26,3.78,4.78,4.29,0
T00019652,Model_C,4.48,3.71,4.3,4.09,0
T00019654,Model_C,3.92,2.71,3.96,3.43,0
T00019655,Model_C,4.52,2.33,4.6,3.74,0
T00019673,Model_C,4.05,3.86,4.47,3.9,0
T00019675,Model_C,4.55,3.89,4.17,3.68,0
T00019678,Model_C,3.21,3.33,4.18,3.78,0
T00019682,Model_C,4.79,3.63,4.53,4.34,0
T00019683,Model_C,4.32,4.16,4.58,4.46,0
T00019684,Model_C,4.15,3.77,5.0,4.18,0
T00019685,Model_C,4.29,3.81,5.0,4.49,0
T00019686,Model_C,4.18,3.76,4.8,4.37,0
T00019690,Model_C,3.72,4.01,5.0,4.17,1
T00019695,Model_C,3.95,3.47,4.05,3.72,0
T00019697,Model_C,3.43,3.87,3.88,3.91,0
T00019701,Model_C,3.78,3.84,3.56,3.82,0
T00019703,Model_C,3.42,3.16,4.28,3.55,0
T00019709,Model_C,4.23,2.23,5.0,3.78,0
T00019717,Model_C,4.38,3.83,4.53,4.29,0
T00019718,Model_C,3.5,3.57,5.0,4.02,0
T00019720,Model_C,3.56,3.94,5.0,4.23,0
T00019736,Model_C,3.78,3.86,4.48,3.97,0
T00019738,Model_C,3.75,3.84,4.67,4.06,0
T00019753,Model_C,2.59,2.81,5.0,3.5,0
T00019756,Model_C,4.43,3.65,3.65,3.8,0
T00019757,Model_C,4.21,3.58,5.0,4.4,0
T00019759,Model_C,4.09,3.63,4.97,4.14,0
T00019766,Model_C,3.53,2.79,4.5,3.46,0
T00019770,Model_C,3.82,3.07,4.29,3.53,0
T00019774,Model_C,3.99,4.3,4.35,3.83,1
T00019780,Model_C,3.82,3.72,4.3,3.82,0
T00019781,Model_C,3.55,2.63,5.0,3.7,0
T00019802,Model_C,3.55,3.09,5.0,3.8,0
T00019804,Model_C,2.77,3.86,4.52,3.62,0
T00019810,Model_C,4.65,3.37,4.85,4.4,0
T00019827,Model_C,2.86,3.9,3.87,2.96,0
T00019831,Model_C,3.33,3.97,4.17,3.96,0
T00019832,Model_C,4.49,3.79,4.65,4.15,0
T00019841,Model_C,3.86,3.48,4.41,3.67,0
T00019846,Model_C,4.12,3.45,5.0,4.08,0
T00019847,Model_C,4.81,3.77,4.21,4.44,0
T00019852,Model_C,3.81,4.59,4.17,4.01,0
T00019858,Model_C,4.15,4.15,4.4,4.15,0
T00019861,Model_C,3.33,3.8,4.92,3.79,0
T00019871,Model_C,3.15,3.0,5.0,3.39,0
T00019872,Model_C,4.38,3.18,5.0,4.2,0
T00019874,Model_C,3.0,4.96,3.44,3.8,0
T00019878,Model_C,4.58,5.0,4.06,4.29,0
T00019880,Model_C,4.0,4.28,4.47,4.4,0
T00019881,Model_C,4.22,4.33,5.0,4.46,0
T00019890,Model_C,4.41,3.47,4.74,4.15,0
T00019891,Model_C,4.26,4.14,4.23,4.04,0
T00019913,Model_C,3.67,3.42,5.0,3.91,0
T00019928,Model_C,4.27,3.36,4.46,3.84,0
T00019931,Model_C,4.34,4.85,4.3,4.5,0
T00019943,Model_C,3.91,3.62,4.77,4.15,0
T00019946,Model_C,3.48,4.51,4.73,4.31,0
T00019955,Model_C,3.21,2.82,4.91,3.58,0
T00019961,Model_C,4.12,3.88,5.0,4.27,0
T00019964,Model_C,3.57,4.25,3.99,3.76,0
T00019969,Model_C,4.13,4.0,4.47,4.09,0
T00019970,Model_C,4.03,4.33,4.81,4.11,1
T00019977,Model_C,4.26,3.39,4.36,3.89,0
T00019979,Model_C,3.69,3.67,4.98,3.65,0
T00019983,Model_C,3.52,3.79,5.0,3.98,0
T00019986,Model_C,3.4,4.36,4.05,3.72,0
T00019990,Model_C,3.64,4.07,3.73,3.55,0
T00019994,Model_C,3.62,3.64,4.27,3.79,0
T00020000,Model_C,3.98,3.79,3.86,3.85,0
T00020009,Model_C,3.91,4.22,4.46,3.97,0
T00020015,Model_C,4.32,3.69,4.43,4.38,0
T00020020,Model_C,3.81,3.56,5.0,4.2,0
T00020021,Model_C,3.56,3.06,4.64,3.66,0
T00020024,Model_C,4.41,3.62,4.07,3.83,0
T00020027,Model_C,3.43,4.09,4.75,3.89,0
T00020028,Model_C,3.63,3.75,4.07,3.76,0
T00020031,Model_C,3.72,3.39,4.73,3.72,0
T00020033,Model_C,3.2,3.48,4.26,3.87,1
T00020034,Model_C,3.9,4.03,4.0,3.87,1
T00020039,Model_C,4.19,3.92,4.85,4.36,0
T00020057,Model_C,4.24,2.67,4.48,3.76,0
T00020058,Model_C,3.58,3.79,3.97,3.63,0
T00020083,Model_C,3.96,3.57,5.0,4.01,0
T00020093,Model_C,4.74,4.38,4.32,4.24,0
T00020097,Model_C,3.4,3.91,4.29,3.95,0
T00020102,Model_C,4.08,2.82,4.57,3.63,0
T00020108,Model_C,4.67,3.75,3.66,4.15,0
T00020111,Model_C,4.14,3.61,5.0,4.17,0
T00020115,Model_C,3.96,4.8,4.1,3.98,0
T00020116,Model_C,4.11,2.9,5.0,4.01,0
T00020125,Model_C,4.66,4.04,5.0,4.63,0
T00020127,Model_C,4.11,3.51,5.0,4.3,0
T00020129,Model_C,3.25,3.45,4.67,3.85,0
T00020132,Model_C,4.47,3.27,4.07,3.81,0
T00020133,Model_C,2.92,4.16,4.43,3.69,0
T00020136,Model_C,3.98,3.25,4.56,3.96,0
T00020142,Model_C,4.1,4.06,4.03,4.26,0
T00020148,Model_C,4.11,3.81,3.36,3.75,0
T00020158,Model_C,3.71,3.41,4.26,3.98,0
T00020159,Model_C,4.05,3.93,5.0,4.33,0
T00020161,Model_C,4.19,2.95,4.64,3.98,0
T00020162,Model_C,3.94,3.22,5.0,4.15,0
T00020165,Model_C,4.58,4.67,4.48,4.45,0
T00020168,Model_C,3.81,4.23,3.87,4.06,0
T00020169,Model_C,3.29,3.67,3.94,3.61,0
T00020174,Model_C,4.1,3.87,4.12,3.98,0
T00020176,Model_C,3.92,4.05,3.49,3.45,0
T00020179,Model_C,4.95,4.16,4.92,4.48,0
T00020189,Model_C,3.83,3.67,4.06,4.02,0
T00020191,Model_C,4.23,3.91,3.98,4.16,0
T00020201,Model_C,4.05,4.41,4.98,4.53,0
T00020204,Model_C,2.47,3.77,5.0,3.82,0
T00020205,Model_C,4.33,3.65,4.3,4.15,0
T00020209,Model_C,3.76,3.79,4.23,4.14,0
T00020220,Model_C,3.68,4.64,3.75,4.13,0
T00020225,Model_C,4.89,4.22,4.95,4.73,0
T00020230,Model_C,3.22,3.25,4.64,3.67,0
T00020232,Model_C,3.76,4.19,5.0,4.42,0
T00020236,Model_C,3.08,3.99,4.06,3.73,0
T00020240,Model_C,3.89,3.76,2.87,3.58,1
T00020242,Model_C,3.9,4.36,4.54,4.43,0
T00020245,Model_C,3.18,3.85,4.26,3.79,0
T00020249,Model_C,3.59,3.62,4.42,3.7,0
T00020254,Model_C,3.02,4.12,4.93,3.7,0
T00020257,Model_C,3.68,4.03,5.0,4.18,0
T00020260,Model_C,3.85,3.23,4.46,3.87,0
T00020261,Model_C,3.94,3.12,4.85,3.85,0
T00020265,Model_C,3.51,4.52,4.64,4.25,0
T00020272,Model_C,3.73,3.46,3.66,3.63,0
T00020278,Model_C,4.18,2.79,4.35,4.1,0
T00020282,Model_C,2.82,3.83,3.81,3.31,0
T00020288,Model_C,4.6,3.47,4.34,4.36,0
T00020292,Model_C,3.37,3.66,3.82,3.53,0
T00020294,Model_C,3.82,3.35,4.67,3.99,0
T00020310,Model_C,3.71,4.12,4.41,4.04,0
T00020315,Model_C,3.38,3.67,4.18,3.78,0
T00020319,Model_C,3.3,4.64,4.25,3.89,0
T00020324,Model_C,3.16,3.78,4.89,4.01,0
T00020328,Model_C,3.35,3.01,4.73,3.79,0
T00020330,Model_C,4.11,3.9,5.0,4.07,0
T00020352,Model_C,3.36,3.54,4.95,3.71,0
T00020355,Model_C,3.91,4.01,4.53,4.3,0
T00020357,Model_C,3.76,3.62,4.5,3.63,0
T00020363,Model_C,3.77,4.33,4.9,4.24,0
T00020367,Model_C,4.67,3.51,4.78,4.16,0
T00020378,Model_C,3.84,4.57,4.06,4.23,0
T00020379,Model_C,4.34,3.49,4.68,4.14,0
T00020385,Model_C,4.01,3.99,4.09,3.69,0
T00020390,Model_C,3.65,3.38,4.24,3.75,0
T00020391,Model_C,3.83,4.1,4.31,4.01,0
T00020394,Model_C,3.64,3.26,4.69,3.91,0
T00020402,Model_C,4.78,3.24,4.18,4.03,0
T00020404,Model_C,3.85,4.17,4.52,4.28,0
T00020409,Model_C,3.72,4.21,5.0,4.04,0
T00020417,Model_C,4.47,4.21,5.0,4.34,0
T00020422,Model_C,4.64,3.97,3.85,4.16,0
T00020426,Model_C,3.28,4.15,5.0,4.0,0
T00020427,Model_C,4.02,3.93,3.85,3.68,0
T00020429,Model_C,3.75,3.24,4.88,4.02,0
T00020434,Model_C,3.83,3.89,4.02,4.07,0
T00020436,Model_C,4.85,3.98,4.59,4.4,1
T00020445,Model_C,4.33,3.49,5.0,3.98,0
T00020466,Model_C,3.19,3.22,4.66,3.71,0
T00020468,Model_C,3.75,4.56,4.77,4.15,0
T00020475,Model_C,4.32,2.82,4.01,3.89,0
T00020476,Model_C,3.91,3.62,4.77,3.89,0
T00020491,Model_C,4.0,4.92,5.0,4.69,0
T00020494,Model_C,4.35,3.63,4.08,3.85,0
T00020503,Model_C,3.6,3.55,5.0,4.32,0
T00020506,Model_C,3.72,4.0,5.0,4.56,0
T00020508,Model_C,4.01,3.95,4.39,4.12,0
T00020517,Model_C,3.87,3.99,4.89,4.49,0
T00020525,Model_C,3.94,2.94,4.36,3.64,0
T00020545,Model_C,4.16,3.99,3.82,3.89,0
T00020547,Model_C,3.44,3.67,3.41,3.66,0
T00020557,Model_C,3.78,3.03,3.89,3.18,0
T00020562,Model_C,4.22,3.28,4.36,4.11,0
T00020570,Model_C,4.6,4.68,3.84,4.22,0
T00020575,Model_C,3.3,4.65,4.81,4.25,0
T00020577,Model_C,4.06,3.99,5.0,4.35,1
T00020591,Model_C,4.27,3.98,4.54,4.3,0
T00020593,Model_C,3.66,4.79,4.63,4.04,0
T00020598,Model_C,4.31,3.05,3.93,3.8,0
T00020621,Model_C,3.62,4.41,3.69,3.81,1
T00020628,Model_C,4.35,4.2,4.2,4.17,0
T00020635,Model_C,3.89,4.48,4.52,4.25,0
T00020639,Model_C,4.38,3.69,4.12,4.2,0
T00020663,Model_C,4.08,3.83,4.28,3.92,0
T00020665,Model_C,4.47,4.37,4.59,4.76,0
T00020666,Model_C,3.39,4.37,4.14,3.83,0
T00020669,Model_C,4.18,3.61,4.27,3.86,0
T00020677,Model_C,3.82,4.32,4.31,4.22,0
T00020678,Model_C,4.22,3.91,3.92,4.14,0
T00020682,Model_C,3.68,4.18,4.43,4.04,0
T00020685,Model_C,4.26,4.38,5.0,4.83,0
T00020687,Model_C,3.64,4.36,4.69,4.15,0
T00020691,Model_C,3.98,4.33,5.0,4.1,0
T00020697,Model_C,4.17,3.72,4.06,4.06,0
T00020704,Model_C,3.16,3.03,4.16,3.37,0
T00020708,Model_C,3.4,3.88,4.08,3.7,0
T00020714,Model_C,3.89,2.82,4.92,4.02,0
T00020716,Model_C,4.21,3.54,3.75,3.78,0
T00020717,Model_C,4.1,4.27,3.25,4.01,0
T00020720,Model_C,3.84,4.15,4.2,4.33,0
T00020721,Model_C,4.26,3.2,4.98,4.11,0
T00020727,Model_C,3.1,3.99,4.27,3.69,0
T00020734,Model_C,3.19,4.36,4.05,3.88,0
T00020737,Model_C,4.11,3.99,5.0,4.64,0
T00020738,Model_C,4.63,3.96,4.53,4.54,0
T00020739,Model_C,3.59,3.6,4.53,3.59,0
T00020741,Model_C,4.39,3.89,4.88,4.14,0
T00020753,Model_C,4.97,3.21,4.11,4.35,0
T00020759,Model_C,3.95,4.72,5.0,4.69,0
T00020763,Model_C,3.77,3.99,4.06,4.11,0
T00020764,Model_C,4.01,3.73,3.87,4.11,0
T00020765,Model_C,3.43,3.34,4.57,3.48,0
T00020779,Model_C,4.45,3.51,4.25,4.0,0
T00020784,Model_C,3.28,4.16,3.89,3.83,0
T00020786,Model_C,4.28,3.81,4.64,4.18,0
T00020788,Model_C,3.5,4.24,4.81,3.91,0
T00020789,Model_C,4.63,3.64,4.6,4.01,0
T00020793,Model_C,3.8,4.62,4.54,4.27,0
T00020805,Model_C,4.32,3.43,4.14,4.14,0
T00020811,Model_C,3.81,3.79,4.33,4.08,0
T00020813,Model_C,3.01,3.48,5.0,3.76,0
T00020816,Model_C,4.13,4.1,4.51,4.38,0
T00020818,Model_C,3.85,3.98,4.72,4.12,0
T00020822,Model_C,3.86,4.06,4.43,4.11,0
T00020825,Model_C,3.49,3.12,4.6,3.71,0
T00020834,Model_C,4.02,3.97,4.2,3.93,0
T00020836,Model_C,3.96,4.01,4.44,4.22,0
T00020837,Model_C,3.94,4.27,4.21,3.96,0
T00020841,Model_C,4.03,3.97,3.9,3.84,0
T00020845,Model_C,4.04,3.64,5.0,4.21,0
T00020848,Model_C,3.99,4.25,4.64,4.42,0
T00020859,Model_C,2.97,3.03,4.01,3.34,0
T00020864,Model_C,3.34,2.89,4.88,3.47,0
T00020870,Model_C,4.09,3.05,4.46,3.79,0
T00020874,Model_C,4.2,3.6,4.89,4.2,0
T00020875,Model_C,4.21,3.73,4.77,4.25,0
T00020886,Model_C,3.95,4.25,4.8,4.19,0
T00020897,Model_C,3.62,3.54,4.2,3.66,0
T00020910,Model_C,3.11,3.98,4.39,3.95,0
T00020912,Model_C,3.83,3.84,4.58,4.25,0
T00020913,Model_C,4.61,4.4,4.49,4.69,0
T00020919,Model_C,3.55,4.71,5.0,4.27,0
T00020928,Model_C,3.52,3.95,4.31,4.14,0
T00020932,Model_C,4.14,4.27,3.4,3.99,0
T00020939,Model_C,3.97,4.65,4.97,4.48,0
T00020945,Model_C,3.46,3.93,4.2,4.13,0
T00020952,Model_C,4.1,4.19,5.0,4.5,0
T00020958,Model_C,3.64,4.26,4.23,3.89,0
T00020961,Model_C,4.34,4.28,4.73,4.29,0
T00020964,Model_C,3.54,2.66,4.83,3.51,0
T00020966,Model_C,3.61,3.86,5.0,4.06,0
T00020969,Model_C,4.4,3.45,4.16,3.97,0
T00020977,Model_C,4.13,3.66,3.97,4.27,0
T00020982,Model_C,4.42,4.54,4.55,4.41,0
T00020990,Model_C,3.12,4.24,4.36,3.57,0
T00020992,Model_C,3.25,4.88,4.69,4.11,0
T00020996,Model_C,3.57,4.15,4.36,4.19,0
T00021000,Model_C,4.01,3.46,5.0,4.06,0
T00021006,Model_C,3.95,3.49,4.59,4.06,0
T00021021,Model_C,4.58,3.87,5.0,4.6,0
T00021023,Model_C,3.77,4.06,5.0,4.13,0
T00021027,Model_C,3.85,3.41,4.77,4.05,0
T00021032,Model_C,4.33,3.98,4.29,4.23,0
T00021035,Model_C,4.24,3.04,4.64,3.83,0
T00021044,Model_C,4.36,2.83,4.42,4.07,0
T00021051,Model_C,3.28,4.51,4.88,4.22,0
T00021053,Model_C,4.56,3.49,4.26,3.92,0
T00021054,Model_C,4.3,3.78,4.62,4.11,0
T00021070,Model_C,3.22,3.98,3.89,3.84,0
T00021071,Model_C,3.73,3.96,4.34,4.17,1
T00021073,Model_C,4.02,3.19,4.74,3.98,0
T00021075,Model_C,4.03,4.27,4.13,4.21,0
T00021076,Model_C,3.23,3.78,4.59,3.81,0
T00021078,Model_C,4.24,3.46,4.38,4.33,0
T00021089,Model_C,4.12,3.66,4.61,4.15,0
T00021091,Model_C,4.81,3.9,4.38,4.57,0
T00021099,Model_C,3.78,3.07,4.35,3.77,0
T00021102,Model_C,2.87,3.87,4.44,3.43,0
T00021105,Model_C,3.89,3.99,4.5,4.12,0
T00021125,Model_C,4.14,3.6,4.42,3.84,0
T00021128,Model_C,4.91,3.74,3.71,4.04,0
T00021145,Model_C,3.39,3.71,4.07,3.72,0
T00021146,Model_C,3.93,3.74,5.0,4.39,0
T00021155,Model_C,4.02,3.68,4.43,4.17,0
T00021164,Model_C,4.4,3.52,4.8,4.19,0
T00021166,Model_C,3.46,4.36,4.39,4.2,0
T00021168,Model_C,4.56,3.2,4.01,3.95,0
T00021170,Model_C,4.01,4.03,4.87,4.25,0
T00021176,Model_C,4.04,3.73,5.0,4.23,0
T00021177,Model_C,4.74,3.55,4.13,4.29,0
T00021185,Model_C,3.75,3.92,4.8,4.06,0
T00021187,Model_C,3.81,4.41,4.04,4.24,1
T00021188,Model_C,4.12,3.65,3.95,3.99,0
T00021190,Model_C,3.63,2.96,4.34,3.48,0
T00021192,Model_C,3.43,3.75,4.22,3.81,0
T00021196,Model_C,3.67,4.39,5.0,4.43,0
T00021199,Model_C,4.83,4.01,4.69,4.59,0
T00021204,Model_C,3.86,3.37,4.03,3.45,0
T00021217,Model_C,4.19,4.67,4.48,4.58,0
T00021218,Model_C,3.71,3.86,4.73,4.04,0
T00021220,Model_C,3.27,3.77,4.86,3.88,0
T00021222,Model_C,3.75,3.99,3.86,3.77,0
T00021231,Model_C,4.18,3.89,3.88,4.05,0
T00021233,Model_C,4.74,4.08,4.87,4.42,0
T00021237,Model_C,3.82,3.81,4.53,4.04,0
T00021246,Model_C,3.91,4.17,4.63,4.46,0
T00021252,Model_C,3.64,4.44,3.85,3.71,0
T00021258,Model_C,3.35,3.64,4.78,4.06,0
T00021259,Model_C,4.63,4.59,5.0,4.9,0
T00021261,Model_C,3.02,3.64,5.0,3.7,0
T00021262,Model_C,4.59,3.75,5.0,4.71,0
T00021263,Model_C,4.29,4.45,5.0,4.64,0
T00021268,Model_C,3.15,3.61,4.64,3.87,0
T00021270,Model_C,3.15,2.54,4.58,3.3,0
T00021275,Model_C,3.96,3.18,4.08,3.72,0
T00021285,Model_C,4.33,3.97,4.26,4.03,0
T00021289,Model_C,4.62,3.12,3.84,3.88,1
T00021296,Model_C,2.97,3.05,4.4,3.29,0
T00021306,Model_C,4.07,3.33,4.71,3.81,0
T00021309,Model_C,3.62,4.31,4.83,4.09,0
T00021315,Model_C,4.32,3.74,3.82,4.09,0
T00021318,Model_C,3.68,4.04,3.6,3.83,0
T00021322,Model_C,3.4,3.31,4.65,3.8,0
T00021342,Model_C,2.87,3.48,4.42,3.46,0
T00021343,Model_C,4.07,3.4,4.43,3.99,0
T00021344,Model_C,4.03,3.31,3.96,3.69,0
T00021345,Model_C,3.93,3.84,4.47,4.15,0
T00021347,Model_C,4.0,3.55,4.26,3.61,0
T00021353,Model_C,4.69,3.84,4.3,4.28,0
T00021361,Model_C,4.18,4.38,4.12,4.51,0
T00021362,Model_C,2.95,3.63,5.0,3.75,0
T00021363,Model_C,3.5,3.49,3.97,3.35,0
T00021380,Model_C,3.14,3.41,4.22,3.64,0
T00021381,Model_C,5.0,4.25,4.56,4.56,0
T00021384,Model_C,3.88,3.55,4.94,4.05,0
T00021397,Model_C,3.46,3.49,5.0,3.8,0
T00021407,Model_C,3.28,3.7,4.21,3.84,0
T00021412,Model_C,3.4,3.85,4.83,4.05,0
T00021428,Model_C,4.83,5.0,4.3,4.78,0
T00021431,Model_C,4.06,4.04,4.73,4.09,0
T00021439,Model_C,3.64,4.66,4.16,4.06,0
T00021440,Model_C,4.22,3.43,4.67,3.81,0
T00021447,Model_C,4.15,3.68,4.82,4.32,0
T00021463,Model_C,3.95,4.11,3.91,3.95,0
T00021466,Model_C,2.99,3.94,4.17,3.48,0
T00021469,Model_C,3.73,3.24,4.09,3.48,0
T00021476,Model_C,3.53,3.61,4.48,4.02,0
T00021477,Model_C,3.43,3.84,4.04,3.65,0
T00021481,Model_C,3.97,3.25,4.39,3.96,0
T00021484,Model_C,3.73,3.96,4.87,4.14,1
T00021486,Model_C,3.75,3.97,4.18,3.88,0
T00021488,Model_C,4.95,4.17,3.76,4.0,1
T00021489,Model_C,3.41,3.74,3.99,3.51,0
T00021500,Model_C,3.91,4.11,4.21,4.15,0
T00021501,Model_C,3.95,3.67,4.08,3.79,0
T00021503,Model_C,3.69,3.89,4.47,3.75,0
T00021508,Model_C,3.58,3.6,4.96,4.16,0
