order_id,user_id,task_id,order_time,plan_type,amount,pay_status,pay_entrance
O0000001,U000001,T00000001,2026-05-12 03:39:42,hd_export,6.9,failed,popup
O0000002,U000005,T00000019,2026-06-28 01:50:55,credit_pack,29.0,failed,member_center
O0000003,U000007,T00000024,2026-06-02 13:13:39,monthly_member,39.0,failed,finish_page
O0000004,U000007,T00000027,2026-06-09 17:41:06,hd_export,6.9,failed,finish_page
O0000005,U000009,T00000033,2026-06-15 20:21:06,hd_export,6.9,failed,member_center
O0000006,U000009,T00000035,2026-06-26 00:08:32,hd_export,6.9,failed,popup
O0000007,U000010,T00000040,2026-06-13 16:42:04,monthly_member,39.0,failed,download_page
O0000008,U000011,T00000050,2026-06-11 14:11:56,monthly_member,39.0,failed,popup
O0000009,U000013,T00000056,2026-06-05 03:48:00,remove_watermark,9.9,failed,finish_page
O0000010,U000015,T00000073,2026-06-23 00:03:52,credit_pack,29.0,failed,download_page
O0000011,U000016,T00000079,2026-06-20 13:30:16,monthly_member,39.0,failed,download_page
O0000012,U000018,T00000089,2026-06-14 14:16:02,remove_watermark,9.9,failed,member_center
O0000013,U000019,T00000091,2026-06-11 14:46:40,hd_export,6.9,failed,finish_page
O0000014,U000019,T00000093,2026-06-19 18:06:13,monthly_member,39.0,success,popup
O0000015,U000029,T00000128,2026-06-20 00:43:41,hd_export,6.9,failed,popup
O0000016,U000030,T00000136,2026-06-15 09:36:41,hd_export,6.9,failed,member_center
O0000017,U000032,T00000145,2026-05-22 04:28:39,remove_watermark,9.9,success,download_page
O0000018,U000032,T00000147,2026-06-23 05:46:59,hd_export,6.9,failed,member_center
O0000019,U000044,T00000193,2026-06-29 07:39:47,hd_export,6.9,failed,download_page
O0000020,U000051,T00000223,2026-06-23 01:11:07,remove_watermark,9.9,failed,finish_page
O0000021,U000054,T00000236,2026-05-25 08:33:44,hd_export,6.9,failed,popup
O0000022,U000055,T00000242,2026-05-31 13:56:58,remove_watermark,9.9,failed,member_center
O0000023,U000060,T00000256,2026-06-23 06:07:53,remove_watermark,9.9,failed,popup
O0000024,U000064,T00000266,2026-06-10 02:36:13,hd_export,6.9,failed,finish_page
O0000025,U000065,T00000271,2026-06-18 10:40:33,hd_export,6.9,success,finish_page
O0000026,U000065,T00000272,2026-06-23 09:05:19,monthly_member,39.0,failed,download_page
O0000027,U000071,T00000302,2026-06-27 07:33:15,hd_export,6.9,failed,finish_page
O0000028,U000073,T00000310,2026-06-21 23:01:22,monthly_member,39.0,success,download_page
O0000029,U000074,T00000316,2026-06-20 14:55:12,remove_watermark,9.9,failed,finish_page
O0000030,U000075,T00000317,2026-06-22 13:09:34,monthly_member,39.0,failed,finish_page
O0000031,U000079,T00000335,2026-06-26 00:58:15,hd_export,6.9,success,finish_page
O0000032,U000080,T00000340,2026-06-17 13:20:29,monthly_member,39.0,success,download_page
O0000033,U000081,T00000348,2026-06-04 15:36:53,monthly_member,39.0,failed,download_page
O0000034,U000083,T00000353,2026-06-28 07:47:10,monthly_member,39.0,failed,download_page
O0000035,U000090,T00000381,2026-06-19 07:07:26,monthly_member,39.0,failed,download_page
O0000036,U000094,T00000395,2026-05-22 03:15:04,hd_export,6.9,success,popup
O0000037,U000094,T00000404,2026-06-20 12:17:54,credit_pack,29.0,failed,popup
O0000038,U000098,T00000415,2026-05-10 12:15:40,remove_watermark,9.9,failed,download_page
O0000039,U000098,T00000419,2026-06-02 00:34:53,remove_watermark,9.9,failed,member_center
O0000040,U000099,T00000424,2026-06-17 22:02:28,fast_generation,4.9,success,finish_page
O0000041,U000101,T00000435,2026-05-30 19:44:05,remove_watermark,9.9,success,finish_page
O0000042,U000104,T00000449,2026-06-29 10:19:15,hd_export,6.9,failed,member_center
O0000043,U000105,T00000450,2026-06-13 07:03:55,credit_pack,29.0,failed,finish_page
O0000044,U000111,T00000478,2026-06-28 05:17:51,remove_watermark,9.9,failed,download_page
O0000045,U000112,T00000479,2026-06-21 00:32:30,fast_generation,4.9,success,finish_page
O0000046,U000114,T00000483,2026-05-31 09:22:01,monthly_member,39.0,failed,finish_page
O0000047,U000115,T00000492,2026-06-12 07:50:26,hd_export,6.9,success,finish_page
O0000048,U000115,T00000493,2026-06-25 08:14:27,remove_watermark,9.9,success,member_center
O0000049,U000116,T00000501,2026-06-21 05:35:26,hd_export,6.9,failed,popup
O0000050,U000118,T00000504,2026-05-15 13:35:40,hd_export,6.9,failed,member_center
O0000051,U000120,T00000521,2026-06-07 19:02:55,fast_generation,4.9,failed,finish_page
O0000052,U000124,T00000532,2026-06-13 06:45:37,fast_generation,4.9,failed,download_page
O0000053,U000125,T00000537,2026-06-10 22:13:26,credit_pack,29.0,failed,finish_page
O0000054,U000128,T00000550,2026-05-19 21:28:44,remove_watermark,9.9,success,template_page
O0000055,U000128,T00000554,2026-05-27 04:40:02,fast_generation,4.9,failed,download_page
O0000056,U000130,T00000560,2026-06-19 00:56:17,remove_watermark,9.9,failed,popup
O0000057,U000130,T00000563,2026-06-25 11:55:31,remove_watermark,9.9,failed,finish_page
O0000058,U000131,T00000570,2026-06-18 08:00:53,hd_export,6.9,failed,member_center
O0000059,U000133,T00000576,2026-06-03 06:49:50,hd_export,6.9,success,finish_page
O0000060,U000134,T00000583,2026-06-23 23:24:10,credit_pack,29.0,failed,download_page
O0000061,U000137,T00000593,2026-06-20 22:58:25,hd_export,6.9,failed,finish_page
O0000062,U000137,T00000594,2026-06-22 04:44:04,hd_export,6.9,failed,member_center
O0000063,U000140,T00000607,2026-06-05 18:51:03,hd_export,6.9,failed,finish_page
O0000064,U000140,T00000610,2026-06-25 06:14:33,hd_export,6.9,success,finish_page
O0000065,U000146,T00000641,2026-06-17 18:41:10,remove_watermark,9.9,failed,finish_page
O0000066,U000149,T00000652,2026-06-28 01:02:04,hd_export,6.9,failed,popup
O0000067,U000150,T00000654,2026-06-23 04:24:01,monthly_member,39.0,success,download_page
O0000068,U000153,T00000663,2026-05-13 21:48:59,remove_watermark,9.9,failed,finish_page
O0000069,U000161,T00000706,2026-06-18 18:17:15,monthly_member,39.0,success,popup
O0000070,U000167,T00000736,2026-05-31 21:31:28,remove_watermark,9.9,failed,download_page
O0000071,U000169,T00000751,2026-06-09 13:03:01,monthly_member,39.0,failed,member_center
O0000072,U000171,T00000760,2026-06-24 15:36:43,monthly_member,39.0,failed,download_page
O0000073,U000172,T00000761,2026-06-16 06:59:55,remove_watermark,9.9,success,download_page
O0000074,U000175,T00000774,2026-05-20 14:56:08,monthly_member,39.0,failed,template_page
O0000075,U000175,T00000776,2026-05-24 11:29:37,fast_generation,4.9,success,finish_page
O0000076,U000180,T00000800,2026-06-18 02:17:21,credit_pack,29.0,success,member_center
O0000077,U000180,T00000801,2026-06-25 02:12:49,hd_export,6.9,success,template_page
O0000078,U000182,T00000803,2026-06-12 21:33:32,monthly_member,39.0,success,finish_page
O0000079,U000187,T00000826,2026-06-24 22:09:53,monthly_member,39.0,failed,finish_page
O0000080,U000189,T00000832,2026-06-05 12:02:42,remove_watermark,9.9,failed,finish_page
O0000081,U000190,T00000836,2026-06-20 06:09:11,hd_export,6.9,failed,popup
O0000082,U000191,T00000838,2026-06-12 18:31:07,remove_watermark,9.9,success,download_page
O0000083,U000195,T00000853,2026-05-20 00:29:46,remove_watermark,9.9,failed,finish_page
O0000084,U000195,T00000855,2026-05-24 03:13:10,hd_export,6.9,failed,finish_page
O0000085,U000200,T00000871,2026-05-29 21:37:14,credit_pack,29.0,success,finish_page
O0000086,U000200,T00000872,2026-06-12 19:49:35,monthly_member,39.0,failed,finish_page
O0000087,U000204,T00000889,2026-06-08 21:45:02,monthly_member,39.0,failed,template_page
O0000088,U000204,T00000892,2026-06-19 11:16:45,hd_export,6.9,success,finish_page
O0000089,U000205,T00000894,2026-06-11 21:10:39,monthly_member,39.0,failed,download_page
O0000090,U000213,T00000925,2026-06-21 00:10:51,monthly_member,39.0,success,template_page
O0000091,U000217,T00000942,2026-06-24 13:14:06,remove_watermark,9.9,failed,download_page
O0000092,U000218,T00000944,2026-06-01 08:40:50,monthly_member,39.0,failed,download_page
O0000093,U000221,T00000966,2026-06-13 16:30:58,credit_pack,29.0,failed,popup
O0000094,U000222,T00000971,2026-06-11 05:46:57,remove_watermark,9.9,success,finish_page
O0000095,U000225,T00000984,2026-06-27 22:11:23,hd_export,6.9,failed,finish_page
O0000096,U000230,T00001003,2026-05-30 23:23:05,hd_export,6.9,failed,member_center
O0000097,U000230,T00001005,2026-06-13 05:13:04,hd_export,6.9,failed,member_center
O0000098,U000231,T00001009,2026-06-13 05:48:20,monthly_member,39.0,success,finish_page
O0000099,U000234,T00001013,2026-06-25 06:10:15,remove_watermark,9.9,failed,finish_page
O0000100,U000235,T00001017,2026-06-19 12:47:48,hd_export,6.9,success,finish_page
O0000101,U000237,T00001024,2026-06-19 19:18:45,credit_pack,29.0,failed,popup
O0000102,U000239,T00001032,2026-06-06 12:32:43,fast_generation,4.9,failed,finish_page
O0000103,U000240,T00001035,2026-06-28 01:58:02,monthly_member,39.0,success,popup
O0000104,U000241,T00001040,2026-06-07 03:10:16,hd_export,6.9,failed,finish_page
O0000105,U000245,T00001055,2026-06-20 06:04:21,hd_export,6.9,failed,download_page
O0000106,U000247,T00001063,2026-05-31 06:53:55,remove_watermark,9.9,success,template_page
O0000107,U000248,T00001072,2026-06-20 07:30:16,monthly_member,39.0,success,finish_page
O0000108,U000251,T00001086,2026-06-16 01:29:24,fast_generation,4.9,success,template_page
O0000109,U000254,T00001095,2026-05-09 03:13:48,hd_export,6.9,failed,download_page
O0000110,U000254,T00001096,2026-05-10 19:51:45,hd_export,6.9,success,finish_page
O0000111,U000255,T00001106,2026-06-18 19:40:27,remove_watermark,9.9,failed,finish_page
O0000112,U000258,T00001117,2026-06-24 05:40:28,remove_watermark,9.9,success,member_center
O0000113,U000259,T00001121,2026-06-21 03:42:59,remove_watermark,9.9,failed,template_page
O0000114,U000259,T00001123,2026-06-25 19:25:31,remove_watermark,9.9,failed,member_center
O0000115,U000262,T00001132,2026-06-27 18:34:11,hd_export,6.9,success,member_center
O0000116,U000264,T00001140,2026-06-23 15:40:24,remove_watermark,9.9,failed,finish_page
O0000117,U000265,T00001146,2026-06-26 06:12:28,monthly_member,39.0,failed,popup
O0000118,U000266,T00001148,2026-06-29 20:16:49,remove_watermark,9.9,failed,download_page
O0000119,U000268,T00001151,2026-06-28 08:44:37,remove_watermark,9.9,success,finish_page
O0000120,U000270,T00001160,2026-06-04 00:25:04,credit_pack,29.0,failed,finish_page
O0000121,U000271,T00001163,2026-05-10 18:36:11,hd_export,6.9,failed,member_center
O0000122,U000275,T00001182,2026-06-02 08:05:38,hd_export,6.9,failed,download_page
O0000123,U000275,T00001183,2026-06-03 11:00:53,credit_pack,29.0,success,popup
O0000124,U000276,T00001187,2026-05-15 00:25:21,credit_pack,29.0,success,finish_page
O0000125,U000283,T00001226,2026-06-29 06:09:54,fast_generation,4.9,failed,member_center
O0000126,U000287,T00001238,2026-06-27 10:40:48,remove_watermark,9.9,failed,popup
O0000127,U000290,T00001249,2026-06-06 12:10:00,monthly_member,39.0,success,finish_page
O0000128,U000290,T00001252,2026-06-27 00:33:13,hd_export,6.9,success,download_page
O0000129,U000292,T00001262,2026-05-29 12:44:58,monthly_member,39.0,failed,finish_page
O0000130,U000297,T00001282,2026-05-27 19:12:19,remove_watermark,9.9,failed,finish_page
O0000131,U000298,T00001293,2026-05-28 22:50:22,monthly_member,39.0,failed,finish_page
O0000132,U000298,T00001294,2026-06-01 07:25:55,remove_watermark,9.9,failed,finish_page
O0000133,U000303,T00001316,2026-06-09 10:30:51,monthly_member,39.0,failed,popup
O0000134,U000304,T00001320,2026-06-29 08:18:53,hd_export,6.9,failed,popup
O0000135,U000304,T00001322,2026-06-29 13:18:30,credit_pack,29.0,failed,finish_page
O0000136,U000304,T00001323,2026-06-29 13:35:54,remove_watermark,9.9,failed,finish_page
O0000137,U000306,T00001331,2026-06-13 23:47:20,remove_watermark,9.9,success,popup
O0000138,U000309,T00001341,2026-06-17 08:01:09,remove_watermark,9.9,failed,finish_page
O0000139,U000309,T00001343,2026-06-28 23:27:11,remove_watermark,9.9,success,finish_page
O0000140,U000319,T00001370,2026-06-24 09:03:19,monthly_member,39.0,failed,finish_page
O0000141,U000320,T00001375,2026-06-15 00:02:00,fast_generation,4.9,failed,download_page
O0000142,U000321,T00001382,2026-06-28 06:06:30,monthly_member,39.0,failed,finish_page
O0000143,U000322,T00001383,2026-06-09 20:03:47,monthly_member,39.0,failed,finish_page
O0000144,U000323,T00001385,2026-06-28 13:23:54,monthly_member,39.0,failed,finish_page
O0000145,U000324,T00001388,2026-06-17 03:51:32,hd_export,6.9,success,finish_page
O0000146,U000324,T00001389,2026-06-21 03:57:46,fast_generation,4.9,failed,download_page
O0000147,U000325,T00001393,2026-06-03 08:59:41,credit_pack,29.0,failed,download_page
O0000148,U000326,T00001403,2026-06-28 22:26:59,monthly_member,39.0,success,template_page
O0000149,U000331,T00001421,2026-06-11 15:35:26,hd_export,6.9,success,template_page
O0000150,U000331,T00001424,2026-06-22 19:15:09,fast_generation,4.9,failed,finish_page
O0000151,U000340,T00001464,2026-06-18 13:13:19,remove_watermark,9.9,success,popup
O0000152,U000342,T00001473,2026-06-25 16:33:10,credit_pack,29.0,failed,finish_page
O0000153,U000345,T00001485,2026-06-04 14:25:23,credit_pack,29.0,failed,download_page
O0000154,U000345,T00001486,2026-06-09 02:44:57,remove_watermark,9.9,success,member_center
O0000155,U000349,T00001502,2026-05-10 09:09:16,credit_pack,29.0,failed,popup
O0000156,U000352,T00001516,2026-06-14 04:45:42,hd_export,6.9,failed,download_page
O0000157,U000352,T00001518,2026-06-19 16:58:57,monthly_member,39.0,failed,finish_page
O0000158,U000353,T00001521,2026-06-05 17:37:07,remove_watermark,9.9,failed,template_page
O0000159,U000353,T00001524,2026-06-19 10:15:18,remove_watermark,9.9,failed,finish_page
O0000160,U000354,T00001526,2026-06-07 02:20:50,monthly_member,39.0,success,template_page
O0000161,U000355,T00001529,2026-06-27 16:02:44,hd_export,6.9,failed,popup
O0000162,U000360,T00001546,2026-06-08 03:07:49,hd_export,6.9,failed,download_page
O0000163,U000361,T00001554,2026-06-08 03:53:49,fast_generation,4.9,failed,download_page
O0000164,U000366,T00001575,2026-05-23 02:37:36,fast_generation,4.9,success,download_page
O0000165,U000366,T00001578,2026-05-28 14:03:21,fast_generation,4.9,success,finish_page
O0000166,U000372,T00001606,2026-05-23 19:06:51,hd_export,6.9,failed,finish_page
O0000167,U000373,T00001615,2026-06-07 18:48:08,monthly_member,39.0,failed,finish_page
O0000168,U000373,T00001616,2026-06-12 09:55:07,credit_pack,29.0,failed,finish_page
O0000169,U000375,T00001622,2026-06-24 11:38:39,hd_export,6.9,failed,finish_page
O0000170,U000376,T00001630,2026-06-24 00:18:22,monthly_member,39.0,success,download_page
O0000171,U000378,T00001636,2026-06-22 05:17:11,hd_export,6.9,failed,popup
O0000172,U000379,T00001639,2026-06-21 02:17:55,credit_pack,29.0,failed,finish_page
O0000173,U000380,T00001643,2026-06-25 00:45:49,credit_pack,29.0,success,download_page
O0000174,U000384,T00001659,2026-06-25 11:36:33,hd_export,6.9,failed,popup
O0000175,U000385,T00001660,2026-06-25 08:27:22,hd_export,6.9,success,popup
O0000176,U000387,T00001671,2026-06-27 21:00:21,monthly_member,39.0,failed,download_page
O0000177,U000398,T00001717,2026-06-15 15:54:24,remove_watermark,9.9,success,finish_page
O0000178,U000406,T00001757,2026-05-29 05:20:22,remove_watermark,9.9,failed,download_page
O0000179,U000408,T00001763,2026-06-01 13:35:06,monthly_member,39.0,failed,template_page
O0000180,U000408,T00001768,2026-06-12 18:05:34,fast_generation,4.9,failed,template_page
O0000181,U000410,T00001777,2026-06-08 19:18:04,hd_export,6.9,failed,template_page
O0000182,U000414,T00001795,2026-06-23 05:34:52,remove_watermark,9.9,success,download_page
O0000183,U000415,T00001796,2026-06-21 01:41:29,hd_export,6.9,failed,popup
O0000184,U000416,T00001801,2026-06-16 07:46:23,fast_generation,4.9,failed,finish_page
O0000185,U000416,T00001802,2026-06-26 04:32:49,hd_export,6.9,failed,download_page
O0000186,U000421,T00001829,2026-05-28 15:42:06,hd_export,6.9,failed,finish_page
O0000187,U000423,T00001840,2026-06-19 20:51:23,credit_pack,29.0,success,member_center
O0000188,U000424,T00001843,2026-05-20 12:46:21,remove_watermark,9.9,failed,download_page
O0000189,U000426,T00001851,2026-06-28 14:52:58,credit_pack,29.0,failed,finish_page
O0000190,U000427,T00001859,2026-06-28 14:29:13,monthly_member,39.0,failed,member_center
O0000191,U000440,T00001919,2026-05-20 05:38:08,credit_pack,29.0,failed,popup
O0000192,U000442,T00001928,2026-06-08 17:16:09,hd_export,6.9,failed,download_page
O0000193,U000443,T00001933,2026-05-25 17:49:25,fast_generation,4.9,failed,download_page
O0000194,U000446,T00001943,2026-05-27 07:35:28,remove_watermark,9.9,success,finish_page
O0000195,U000447,T00001953,2026-06-13 06:29:38,remove_watermark,9.9,failed,download_page
O0000196,U000448,T00001962,2026-06-12 19:23:31,monthly_member,39.0,failed,template_page
O0000197,U000458,T00001991,2026-05-25 05:42:01,credit_pack,29.0,failed,finish_page
O0000198,U000458,T00001992,2026-06-01 10:35:16,remove_watermark,9.9,failed,popup
O0000199,U000461,T00002005,2026-05-31 04:46:13,remove_watermark,9.9,success,popup
O0000200,U000477,T00002057,2026-06-29 17:29:21,credit_pack,29.0,failed,download_page
O0000201,U000479,T00002069,2026-06-11 13:59:56,monthly_member,39.0,failed,member_center
O0000202,U000483,T00002099,2026-06-26 16:22:43,fast_generation,4.9,failed,download_page
O0000203,U000487,T00002114,2026-06-28 18:39:09,monthly_member,39.0,failed,popup
O0000204,U000489,T00002117,2026-05-08 19:16:19,fast_generation,4.9,failed,download_page
O0000205,U000489,T00002119,2026-05-15 04:12:16,fast_generation,4.9,failed,download_page
O0000206,U000489,T00002121,2026-06-15 13:25:21,credit_pack,29.0,success,download_page
O0000207,U000493,T00002140,2026-06-16 09:41:56,monthly_member,39.0,failed,popup
O0000208,U000495,T00002143,2026-06-24 05:42:05,remove_watermark,9.9,failed,template_page
O0000209,U000497,T00002151,2026-05-28 21:10:22,monthly_member,39.0,failed,popup
O0000210,U000508,T00002185,2026-06-23 12:00:53,remove_watermark,9.9,success,finish_page
O0000211,U000510,T00002193,2026-05-26 01:18:40,remove_watermark,9.9,failed,download_page
O0000212,U000511,T00002199,2026-05-29 17:51:38,hd_export,6.9,failed,finish_page
O0000213,U000512,T00002205,2026-06-21 02:33:55,monthly_member,39.0,failed,finish_page
O0000214,U000513,T00002209,2026-06-10 02:50:26,monthly_member,39.0,success,finish_page
O0000215,U000514,T00002216,2026-06-25 19:43:27,hd_export,6.9,success,download_page
O0000216,U000514,T00002218,2026-06-29 19:13:47,monthly_member,39.0,failed,finish_page
O0000217,U000515,T00002223,2026-06-17 09:45:00,remove_watermark,9.9,failed,popup
O0000218,U000519,T00002245,2026-06-28 11:19:09,remove_watermark,9.9,failed,member_center
O0000219,U000522,T00002251,2026-06-29 15:56:37,hd_export,6.9,failed,download_page
O0000220,U000526,T00002268,2026-06-12 01:06:20,monthly_member,39.0,success,popup
O0000221,U000529,T00002275,2026-06-22 19:15:50,remove_watermark,9.9,failed,finish_page
O0000222,U000538,T00002318,2026-06-27 07:15:11,hd_export,6.9,success,template_page
O0000223,U000539,T00002320,2026-06-15 17:26:42,hd_export,6.9,success,finish_page
O0000224,U000541,T00002327,2026-06-27 23:32:20,credit_pack,29.0,failed,finish_page
O0000225,U000541,T00002329,2026-06-29 03:36:37,fast_generation,4.9,failed,member_center
O0000226,U000543,T00002335,2026-06-28 11:44:53,hd_export,6.9,failed,finish_page
O0000227,U000546,T00002345,2026-06-21 03:21:13,fast_generation,4.9,failed,popup
O0000228,U000559,T00002384,2026-06-18 20:25:35,monthly_member,39.0,failed,download_page
O0000229,U000561,T00002390,2026-06-29 16:43:38,monthly_member,39.0,failed,popup
O0000230,U000562,T00002392,2026-06-13 04:57:20,remove_watermark,9.9,failed,download_page
O0000231,U000564,T00002398,2026-06-29 16:03:20,remove_watermark,9.9,failed,download_page
O0000232,U000567,T00002414,2026-06-20 04:50:59,remove_watermark,9.9,failed,member_center
O0000233,U000567,T00002415,2026-06-23 17:11:33,remove_watermark,9.9,failed,finish_page
O0000234,U000569,T00002428,2026-06-22 05:57:45,hd_export,6.9,success,download_page
O0000235,U000573,T00002437,2026-06-09 04:17:00,monthly_member,39.0,success,template_page
O0000236,U000573,T00002439,2026-06-24 13:33:59,monthly_member,39.0,success,template_page
O0000237,U000576,T00002453,2026-05-07 09:27:52,monthly_member,39.0,failed,template_page
O0000238,U000576,T00002454,2026-06-04 03:25:45,remove_watermark,9.9,failed,template_page
O0000239,U000576,T00002457,2026-06-28 23:59:25,hd_export,6.9,success,finish_page
O0000240,U000577,T00002466,2026-06-11 05:49:32,hd_export,6.9,success,finish_page
O0000241,U000584,T00002501,2026-06-15 23:46:12,hd_export,6.9,failed,finish_page
O0000242,U000586,T00002510,2026-06-25 18:21:43,remove_watermark,9.9,failed,download_page
O0000243,U000592,T00002539,2026-05-31 07:05:18,monthly_member,39.0,failed,finish_page
O0000244,U000592,T00002542,2026-06-25 21:12:18,credit_pack,29.0,success,finish_page
O0000245,U000592,T00002544,2026-06-29 07:26:52,hd_export,6.9,failed,download_page
O0000246,U000600,T00002573,2026-06-02 20:35:42,fast_generation,4.9,failed,member_center
O0000247,U000600,T00002575,2026-06-13 16:21:49,hd_export,6.9,success,finish_page
O0000248,U000601,T00002579,2026-06-17 11:54:06,credit_pack,29.0,failed,popup
O0000249,U000605,T00002584,2026-06-10 07:12:25,fast_generation,4.9,failed,finish_page
O0000250,U000608,T00002603,2026-06-24 16:43:05,monthly_member,39.0,failed,download_page
O0000251,U000614,T00002626,2026-06-28 10:25:53,hd_export,6.9,failed,popup
O0000252,U000615,T00002629,2026-06-25 20:36:29,credit_pack,29.0,failed,member_center
O0000253,U000616,T00002630,2026-05-26 19:13:35,hd_export,6.9,failed,popup
O0000254,U000618,T00002639,2026-06-28 04:11:34,hd_export,6.9,success,popup
O0000255,U000624,T00002666,2026-06-20 17:52:20,monthly_member,39.0,failed,popup
O0000256,U000630,T00002688,2026-06-07 17:39:26,monthly_member,39.0,failed,template_page
O0000257,U000630,T00002690,2026-06-20 06:11:37,monthly_member,39.0,failed,template_page
O0000258,U000638,T00002717,2026-06-29 01:13:58,monthly_member,39.0,failed,finish_page
O0000259,U000641,T00002726,2026-06-25 18:03:38,credit_pack,29.0,success,download_page
O0000260,U000642,T00002738,2026-06-29 23:30:35,fast_generation,4.9,failed,member_center
O0000261,U000643,T00002740,2026-05-16 00:39:57,hd_export,6.9,failed,finish_page
O0000262,U000645,T00002757,2026-06-15 14:43:54,monthly_member,39.0,success,finish_page
O0000263,U000647,T00002766,2026-06-22 01:35:28,hd_export,6.9,failed,download_page
O0000264,U000649,T00002773,2026-06-22 04:20:14,remove_watermark,9.9,failed,download_page
O0000265,U000655,T00002796,2026-06-13 05:12:29,monthly_member,39.0,failed,popup
O0000266,U000656,T00002802,2026-05-29 22:59:43,remove_watermark,9.9,success,popup
O0000267,U000662,T00002832,2026-06-19 21:40:18,hd_export,6.9,success,finish_page
O0000268,U000665,T00002850,2026-05-30 11:58:41,hd_export,6.9,success,popup
O0000269,U000665,T00002853,2026-06-13 19:03:04,remove_watermark,9.9,failed,popup
O0000270,U000666,T00002854,2026-06-14 20:42:20,remove_watermark,9.9,success,finish_page
O0000271,U000666,T00002857,2026-06-27 14:09:16,credit_pack,29.0,success,popup
O0000272,U000666,T00002858,2026-06-28 19:24:22,remove_watermark,9.9,failed,template_page
O0000273,U000672,T00002885,2026-05-30 02:47:26,credit_pack,29.0,success,download_page
O0000274,U000676,T00002897,2026-06-10 22:50:09,hd_export,6.9,success,finish_page
O0000275,U000682,T00002933,2026-06-24 03:15:50,remove_watermark,9.9,failed,download_page
O0000276,U000683,T00002939,2026-05-22 22:01:00,monthly_member,39.0,failed,member_center
O0000277,U000683,T00002941,2026-05-26 06:52:33,remove_watermark,9.9,failed,download_page
O0000278,U000687,T00002954,2026-06-02 13:10:10,hd_export,6.9,failed,download_page
O0000279,U000697,T00002995,2026-06-10 06:20:17,credit_pack,29.0,success,finish_page
O0000280,U000703,T00003026,2026-05-21 05:56:30,monthly_member,39.0,success,download_page
O0000281,U000706,T00003046,2026-06-13 11:02:05,hd_export,6.9,success,popup
O0000282,U000707,T00003051,2026-06-24 03:26:41,hd_export,6.9,failed,download_page
O0000283,U000710,T00003058,2026-06-16 23:01:35,fast_generation,4.9,success,finish_page
O0000284,U000712,T00003070,2026-06-21 02:03:54,remove_watermark,9.9,failed,finish_page
O0000285,U000713,T00003074,2026-06-06 15:28:20,remove_watermark,9.9,failed,popup
O0000286,U000713,T00003076,2026-06-13 22:22:03,remove_watermark,9.9,failed,member_center
O0000287,U000713,T00003079,2026-06-29 11:01:22,remove_watermark,9.9,failed,finish_page
O0000288,U000714,T00003084,2026-06-22 22:12:59,remove_watermark,9.9,failed,member_center
O0000289,U000721,T00003110,2026-06-27 17:54:19,hd_export,6.9,success,download_page
O0000290,U000722,T00003116,2026-06-19 13:12:59,credit_pack,29.0,success,member_center
O0000291,U000723,T00003120,2026-06-28 09:20:56,monthly_member,39.0,failed,finish_page
O0000292,U000726,T00003139,2026-05-08 04:33:22,credit_pack,29.0,failed,finish_page
O0000293,U000726,T00003140,2026-05-21 16:41:23,hd_export,6.9,failed,finish_page
O0000294,U000730,T00003158,2026-05-08 17:41:43,remove_watermark,9.9,failed,popup
O0000295,U000730,T00003161,2026-05-28 12:16:55,credit_pack,29.0,failed,member_center
O0000296,U000730,T00003163,2026-06-13 00:49:08,monthly_member,39.0,failed,download_page
O0000297,U000738,T00003193,2026-05-13 00:37:57,fast_generation,4.9,failed,download_page
O0000298,U000738,T00003194,2026-05-17 21:18:07,fast_generation,4.9,success,download_page
O0000299,U000738,T00003195,2026-05-22 11:49:40,monthly_member,39.0,success,finish_page
O0000300,U000738,T00003196,2026-06-05 07:43:01,monthly_member,39.0,failed,download_page
O0000301,U000741,T00003207,2026-05-18 01:27:21,credit_pack,29.0,failed,finish_page
O0000302,U000741,T00003209,2026-06-10 20:52:21,fast_generation,4.9,failed,member_center
O0000303,U000746,T00003236,2026-06-29 17:12:23,credit_pack,29.0,success,member_center
O0000304,U000749,T00003247,2026-05-07 22:43:03,remove_watermark,9.9,success,popup
O0000305,U000751,T00003261,2026-06-29 22:51:28,fast_generation,4.9,failed,download_page
O0000306,U000752,T00003262,2026-06-12 00:53:58,hd_export,6.9,failed,download_page
O0000307,U000752,T00003266,2026-06-20 13:51:58,monthly_member,39.0,failed,template_page
O0000308,U000752,T00003267,2026-06-24 02:17:40,fast_generation,4.9,failed,finish_page
O0000309,U000753,T00003271,2026-06-19 07:37:32,monthly_member,39.0,failed,member_center
O0000310,U000755,T00003279,2026-05-29 20:51:19,hd_export,6.9,success,finish_page
O0000311,U000757,T00003291,2026-06-22 09:04:48,credit_pack,29.0,success,finish_page
O0000312,U000763,T00003314,2026-06-26 12:29:13,fast_generation,4.9,success,finish_page
O0000313,U000766,T00003326,2026-05-18 07:24:44,monthly_member,39.0,failed,finish_page
O0000314,U000766,T00003328,2026-06-01 17:51:09,credit_pack,29.0,failed,download_page
O0000315,U000769,T00003345,2026-06-28 03:02:39,hd_export,6.9,failed,download_page
O0000316,U000772,T00003352,2026-06-02 21:25:12,monthly_member,39.0,success,popup
O0000317,U000774,T00003354,2026-06-29 20:47:18,remove_watermark,9.9,failed,finish_page
O0000318,U000776,T00003359,2026-06-15 00:23:20,remove_watermark,9.9,failed,popup
O0000319,U000783,T00003381,2026-06-16 08:43:39,hd_export,6.9,failed,member_center
O0000320,U000783,T00003382,2026-06-23 07:39:36,credit_pack,29.0,success,finish_page
O0000321,U000787,T00003401,2026-06-28 15:59:55,fast_generation,4.9,success,popup
O0000322,U000790,T00003413,2026-06-21 04:20:59,credit_pack,29.0,success,download_page
O0000323,U000791,T00003415,2026-06-02 04:28:59,remove_watermark,9.9,success,finish_page
O0000324,U000801,T00003454,2026-06-24 09:01:21,credit_pack,29.0,failed,download_page
O0000325,U000808,T00003492,2026-06-05 01:32:54,monthly_member,39.0,failed,download_page
O0000326,U000808,T00003494,2026-06-19 09:26:05,hd_export,6.9,failed,download_page
O0000327,U000824,T00003554,2026-05-30 08:21:33,hd_export,6.9,success,finish_page
O0000328,U000826,T00003562,2026-06-25 11:17:58,hd_export,6.9,success,member_center
O0000329,U000828,T00003566,2026-06-15 15:37:53,credit_pack,29.0,success,member_center
O0000330,U000835,T00003600,2026-06-19 14:40:11,fast_generation,4.9,failed,download_page
O0000331,U000837,T00003608,2026-05-18 00:55:16,fast_generation,4.9,failed,template_page
O0000332,U000842,T00003650,2026-06-20 10:08:49,credit_pack,29.0,failed,download_page
O0000333,U000847,T00003672,2026-06-11 13:46:59,remove_watermark,9.9,success,finish_page
O0000334,U000849,T00003681,2026-06-05 20:56:39,fast_generation,4.9,success,popup
O0000335,U000850,T00003689,2026-06-19 03:33:07,credit_pack,29.0,failed,finish_page
O0000336,U000859,T00003722,2026-05-22 19:30:54,credit_pack,29.0,success,download_page
O0000337,U000860,T00003732,2026-06-25 00:33:09,fast_generation,4.9,failed,download_page
O0000338,U000861,T00003736,2026-06-21 01:46:19,monthly_member,39.0,failed,finish_page
O0000339,U000865,T00003751,2026-05-14 04:15:33,fast_generation,4.9,success,popup
O0000340,U000867,T00003767,2026-06-13 16:31:51,hd_export,6.9,failed,popup
O0000341,U000880,T00003820,2026-06-25 15:40:28,monthly_member,39.0,failed,popup
O0000342,U000886,T00003844,2026-06-20 15:07:33,hd_export,6.9,failed,finish_page
O0000343,U000891,T00003875,2026-06-29 09:58:04,monthly_member,39.0,failed,download_page
O0000344,U000893,T00003884,2026-05-17 04:37:01,hd_export,6.9,failed,download_page
O0000345,U000894,T00003892,2026-06-07 05:13:17,remove_watermark,9.9,success,finish_page
O0000346,U000896,T00003909,2026-06-18 08:26:45,credit_pack,29.0,failed,finish_page
O0000347,U000900,T00003925,2026-06-25 18:58:21,hd_export,6.9,success,template_page
O0000348,U000905,T00003948,2026-06-26 04:15:48,hd_export,6.9,success,finish_page
O0000349,U000911,T00003962,2026-05-24 06:23:55,monthly_member,39.0,failed,popup
O0000350,U000911,T00003964,2026-06-11 01:37:34,monthly_member,39.0,success,finish_page
O0000351,U000917,T00003987,2026-06-29 02:43:45,remove_watermark,9.9,failed,popup
O0000352,U000917,T00003988,2026-06-29 20:01:53,remove_watermark,9.9,failed,finish_page
O0000353,U000920,T00004009,2026-06-23 17:04:17,fast_generation,4.9,success,popup
O0000354,U000922,T00004015,2026-06-18 13:17:28,fast_generation,4.9,failed,finish_page
O0000355,U000922,T00004016,2026-06-26 20:38:16,monthly_member,39.0,failed,finish_page
O0000356,U000924,T00004024,2026-05-30 13:12:47,remove_watermark,9.9,success,member_center
O0000357,U000927,T00004035,2026-05-21 13:53:19,monthly_member,39.0,failed,download_page
O0000358,U000928,T00004044,2026-06-27 07:23:06,credit_pack,29.0,failed,member_center
O0000359,U000930,T00004053,2026-05-19 10:33:50,hd_export,6.9,failed,finish_page
O0000360,U000930,T00004054,2026-05-20 15:36:53,hd_export,6.9,success,popup
O0000361,U000931,T00004063,2026-06-23 04:36:03,remove_watermark,9.9,failed,finish_page
O0000362,U000931,T00004066,2026-06-27 19:13:46,hd_export,6.9,failed,template_page
O0000363,U000935,T00004077,2026-06-02 03:07:56,remove_watermark,9.9,success,finish_page
O0000364,U000935,T00004078,2026-06-02 17:53:31,hd_export,6.9,success,finish_page
O0000365,U000937,T00004091,2026-06-26 02:31:31,fast_generation,4.9,failed,finish_page
O0000366,U000937,T00004092,2026-06-26 13:42:08,hd_export,6.9,success,finish_page
O0000367,U000939,T00004103,2026-06-08 21:13:58,monthly_member,39.0,success,download_page
O0000368,U000940,T00004106,2026-06-29 12:30:51,hd_export,6.9,success,download_page
O0000369,U000941,T00004112,2026-06-28 21:49:17,monthly_member,39.0,failed,member_center
O0000370,U000943,T00004122,2026-06-30 00:01:38,monthly_member,39.0,success,popup
O0000371,U000947,T00004132,2026-06-18 23:36:10,credit_pack,29.0,success,popup
O0000372,U000952,T00004144,2026-05-15 10:05:52,remove_watermark,9.9,failed,finish_page
O0000373,U000952,T00004145,2026-05-20 18:50:37,monthly_member,39.0,failed,template_page
O0000374,U000954,T00004156,2026-06-29 04:42:02,fast_generation,4.9,failed,member_center
O0000375,U000956,T00004167,2026-06-22 18:22:38,remove_watermark,9.9,failed,member_center
O0000376,U000957,T00004173,2026-06-13 05:06:17,monthly_member,39.0,success,popup
O0000377,U000957,T00004175,2026-06-27 19:21:33,fast_generation,4.9,failed,member_center
O0000378,U000959,T00004177,2026-05-22 18:34:48,remove_watermark,9.9,success,download_page
O0000379,U000960,T00004183,2026-06-09 13:08:46,remove_watermark,9.9,success,popup
O0000380,U000965,T00004203,2026-06-11 21:56:48,hd_export,6.9,failed,download_page
O0000381,U000965,T00004206,2026-06-25 04:08:22,fast_generation,4.9,failed,finish_page
O0000382,U000968,T00004220,2026-06-23 12:23:07,monthly_member,39.0,failed,template_page
O0000383,U000972,T00004238,2026-06-08 19:12:27,credit_pack,29.0,success,download_page
O0000384,U000972,T00004239,2026-06-09 17:13:00,credit_pack,29.0,failed,finish_page
O0000385,U000972,T00004241,2026-06-22 17:34:17,monthly_member,39.0,failed,finish_page
O0000386,U000973,T00004243,2026-06-28 11:30:17,credit_pack,29.0,failed,finish_page
O0000387,U000975,T00004248,2026-06-25 11:27:15,hd_export,6.9,failed,member_center
O0000388,U000978,T00004261,2026-05-25 18:01:32,hd_export,6.9,failed,finish_page
O0000389,U000979,T00004271,2026-05-24 21:52:14,remove_watermark,9.9,success,popup
O0000390,U000982,T00004285,2026-06-09 08:56:18,fast_generation,4.9,failed,popup
O0000391,U000985,T00004296,2026-06-17 04:51:53,hd_export,6.9,success,download_page
O0000392,U000987,T00004305,2026-06-02 08:29:37,remove_watermark,9.9,failed,popup
O0000393,U000988,T00004308,2026-05-26 12:04:57,monthly_member,39.0,success,finish_page
O0000394,U000990,T00004317,2026-06-22 03:46:15,remove_watermark,9.9,failed,download_page
O0000395,U000993,T00004330,2026-06-20 06:09:35,remove_watermark,9.9,failed,download_page
O0000396,U000994,T00004336,2026-06-14 05:40:48,hd_export,6.9,failed,template_page
O0000397,U000994,T00004338,2026-06-17 00:57:35,remove_watermark,9.9,failed,download_page
O0000398,U000994,T00004339,2026-06-18 15:01:40,hd_export,6.9,failed,member_center
O0000399,U000996,T00004345,2026-05-30 03:23:10,monthly_member,39.0,failed,download_page
O0000400,U000996,T00004346,2026-06-13 17:31:48,fast_generation,4.9,failed,download_page
O0000401,U000997,T00004349,2026-06-29 19:38:49,fast_generation,4.9,success,template_page
O0000402,U001000,T00004355,2026-06-07 00:36:42,credit_pack,29.0,success,finish_page
O0000403,U001000,T00004358,2026-06-09 07:59:34,fast_generation,4.9,success,download_page
O0000404,U001001,T00004362,2026-06-05 19:29:26,remove_watermark,9.9,failed,download_page
O0000405,U001008,T00004388,2026-06-29 10:39:32,remove_watermark,9.9,failed,download_page
O0000406,U001011,T00004393,2026-06-24 00:38:39,remove_watermark,9.9,failed,download_page
O0000407,U001012,T00004396,2026-06-14 19:58:18,hd_export,6.9,failed,finish_page
O0000408,U001014,T00004406,2026-05-14 16:58:52,hd_export,6.9,success,finish_page
O0000409,U001019,T00004430,2026-06-05 15:33:44,remove_watermark,9.9,success,finish_page
O0000410,U001024,T00004450,2026-06-13 19:32:32,fast_generation,4.9,failed,download_page
O0000411,U001025,T00004454,2026-05-19 18:57:42,hd_export,6.9,failed,download_page
O0000412,U001030,T00004479,2026-06-10 07:17:16,remove_watermark,9.9,failed,member_center
O0000413,U001031,T00004486,2026-05-23 14:50:49,fast_generation,4.9,failed,template_page
O0000414,U001031,T00004491,2026-06-27 23:19:02,monthly_member,39.0,success,download_page
O0000415,U001033,T00004507,2026-06-15 01:07:42,remove_watermark,9.9,failed,member_center
O0000416,U001033,T00004510,2026-06-24 15:00:44,fast_generation,4.9,success,finish_page
O0000417,U001033,T00004511,2026-06-28 17:08:17,remove_watermark,9.9,success,finish_page
O0000418,U001034,T00004516,2026-06-05 18:29:33,hd_export,6.9,failed,member_center
O0000419,U001034,T00004519,2026-06-21 10:27:07,remove_watermark,9.9,failed,finish_page
O0000420,U001039,T00004536,2026-06-28 22:46:22,monthly_member,39.0,failed,finish_page
O0000421,U001048,T00004569,2026-06-14 20:40:40,hd_export,6.9,failed,finish_page
O0000422,U001054,T00004591,2026-05-29 23:21:16,fast_generation,4.9,success,download_page
O0000423,U001054,T00004592,2026-06-03 03:05:10,fast_generation,4.9,failed,finish_page
O0000424,U001057,T00004603,2026-06-17 17:04:31,remove_watermark,9.9,success,member_center
O0000425,U001064,T00004640,2026-06-27 12:29:28,remove_watermark,9.9,failed,member_center
O0000426,U001066,T00004648,2026-05-05 14:27:01,hd_export,6.9,failed,download_page
O0000427,U001066,T00004658,2026-06-28 07:58:46,hd_export,6.9,success,popup
O0000428,U001066,T00004659,2026-06-29 19:01:02,hd_export,6.9,failed,download_page
O0000429,U001067,T00004663,2026-06-28 21:32:10,fast_generation,4.9,failed,finish_page
O0000430,U001074,T00004687,2026-06-14 11:41:17,monthly_member,39.0,failed,popup
O0000431,U001075,T00004691,2026-06-14 00:26:03,hd_export,6.9,success,popup
O0000432,U001076,T00004694,2026-06-17 04:51:04,fast_generation,4.9,success,download_page
O0000433,U001077,T00004700,2026-06-21 16:06:35,remove_watermark,9.9,failed,download_page
O0000434,U001077,T00004703,2026-06-28 09:09:13,hd_export,6.9,success,finish_page
O0000435,U001079,T00004708,2026-05-14 15:18:31,hd_export,6.9,failed,finish_page
O0000436,U001082,T00004725,2026-05-26 10:16:23,remove_watermark,9.9,success,finish_page
O0000437,U001082,T00004731,2026-06-26 01:11:13,credit_pack,29.0,failed,finish_page
O0000438,U001083,T00004736,2026-05-29 23:51:18,hd_export,6.9,failed,member_center
O0000439,U001085,T00004753,2026-06-06 09:42:46,monthly_member,39.0,success,download_page
O0000440,U001087,T00004757,2026-06-04 19:59:53,remove_watermark,9.9,failed,popup
O0000441,U001088,T00004762,2026-05-21 21:46:30,monthly_member,39.0,success,download_page
O0000442,U001088,T00004765,2026-06-02 10:05:14,monthly_member,39.0,failed,member_center
O0000443,U001089,T00004771,2026-06-08 01:49:44,remove_watermark,9.9,failed,finish_page
O0000444,U001092,T00004780,2026-05-18 08:15:26,remove_watermark,9.9,failed,finish_page
O0000445,U001098,T00004808,2026-05-26 04:54:36,credit_pack,29.0,success,member_center
O0000446,U001098,T00004810,2026-05-30 22:41:45,remove_watermark,9.9,failed,finish_page
O0000447,U001101,T00004830,2026-06-19 16:25:49,remove_watermark,9.9,failed,finish_page
O0000448,U001101,T00004831,2026-06-24 03:13:13,monthly_member,39.0,failed,finish_page
O0000449,U001102,T00004834,2026-06-11 09:31:25,monthly_member,39.0,success,download_page
O0000450,U001102,T00004836,2026-06-27 10:16:21,hd_export,6.9,failed,template_page
O0000451,U001106,T00004850,2026-05-25 10:11:30,remove_watermark,9.9,failed,popup
O0000452,U001109,T00004863,2026-06-17 22:57:04,hd_export,6.9,success,finish_page
O0000453,U001110,T00004869,2026-06-14 13:50:23,hd_export,6.9,failed,download_page
O0000454,U001115,T00004881,2026-06-17 17:41:42,monthly_member,39.0,failed,finish_page
O0000455,U001120,T00004906,2026-05-30 03:05:03,remove_watermark,9.9,success,popup
O0000456,U001120,T00004909,2026-06-26 20:43:24,monthly_member,39.0,failed,finish_page
O0000457,U001124,T00004933,2026-06-14 08:09:52,monthly_member,39.0,success,member_center
O0000458,U001124,T00004935,2026-06-25 10:56:42,monthly_member,39.0,success,download_page
O0000459,U001125,T00004945,2026-06-26 07:02:13,credit_pack,29.0,success,finish_page
O0000460,U001126,T00004947,2026-06-18 03:47:07,remove_watermark,9.9,failed,download_page
O0000461,U001131,T00004966,2026-06-20 19:29:36,hd_export,6.9,failed,download_page
O0000462,U001132,T00004972,2026-06-03 06:09:49,credit_pack,29.0,success,finish_page
O0000463,U001141,T00005010,2026-06-15 15:17:33,monthly_member,39.0,success,finish_page
O0000464,U001141,T00005011,2026-06-29 08:19:18,monthly_member,39.0,failed,member_center
O0000465,U001142,T00005014,2026-06-09 21:31:43,fast_generation,4.9,failed,finish_page
O0000466,U001143,T00005018,2026-06-27 20:06:09,fast_generation,4.9,failed,download_page
O0000467,U001144,T00005023,2026-06-20 22:10:47,remove_watermark,9.9,success,finish_page
O0000468,U001145,T00005030,2026-06-12 21:27:12,hd_export,6.9,failed,member_center
O0000469,U001146,T00005035,2026-06-07 03:48:52,remove_watermark,9.9,failed,member_center
O0000470,U001156,T00005079,2026-06-10 19:32:18,monthly_member,39.0,failed,popup
O0000471,U001157,T00005082,2026-06-05 22:16:34,monthly_member,39.0,success,finish_page
O0000472,U001158,T00005091,2026-06-04 05:57:48,fast_generation,4.9,failed,finish_page
O0000473,U001159,T00005093,2026-06-10 04:12:59,fast_generation,4.9,success,download_page
O0000474,U001159,T00005094,2026-06-14 06:15:45,credit_pack,29.0,failed,finish_page
O0000475,U001161,T00005104,2026-06-15 21:55:53,hd_export,6.9,failed,download_page
O0000476,U001164,T00005120,2026-06-01 10:58:02,remove_watermark,9.9,success,download_page
O0000477,U001166,T00005131,2026-05-20 06:29:07,hd_export,6.9,failed,template_page
O0000478,U001168,T00005142,2026-06-29 05:24:15,hd_export,6.9,failed,finish_page
O0000479,U001169,T00005146,2026-05-29 01:30:33,remove_watermark,9.9,failed,popup
O0000480,U001170,T00005153,2026-05-27 16:31:43,remove_watermark,9.9,success,popup
O0000481,U001172,T00005167,2026-06-09 15:15:45,fast_generation,4.9,success,finish_page
O0000482,U001176,T00005178,2026-05-25 15:10:08,monthly_member,39.0,failed,popup
O0000483,U001193,T00005243,2026-06-18 04:55:18,hd_export,6.9,failed,download_page
O0000484,U001195,T00005253,2026-05-18 12:45:48,fast_generation,4.9,success,download_page
O0000485,U001198,T00005260,2026-05-26 08:25:48,monthly_member,39.0,success,download_page
O0000486,U001198,T00005261,2026-06-13 20:00:39,hd_export,6.9,failed,member_center
O0000487,U001200,T00005272,2026-06-25 14:42:23,remove_watermark,9.9,failed,finish_page
O0000488,U001204,T00005278,2026-06-28 22:48:12,credit_pack,29.0,failed,popup
O0000489,U001209,T00005295,2026-06-10 02:05:19,monthly_member,39.0,success,finish_page
O0000490,U001211,T00005303,2026-06-04 07:22:14,credit_pack,29.0,success,download_page
O0000491,U001213,T00005316,2026-06-20 12:16:41,remove_watermark,9.9,failed,finish_page
O0000492,U001219,T00005347,2026-06-26 20:28:13,remove_watermark,9.9,failed,finish_page
O0000493,U001220,T00005351,2026-05-24 13:42:02,hd_export,6.9,failed,finish_page
O0000494,U001220,T00005355,2026-06-13 11:53:01,credit_pack,29.0,success,download_page
O0000495,U001220,T00005358,2026-06-29 22:46:07,remove_watermark,9.9,failed,download_page
O0000496,U001223,T00005368,2026-06-05 00:53:30,remove_watermark,9.9,failed,template_page
O0000497,U001225,T00005374,2026-06-19 17:26:54,remove_watermark,9.9,success,popup
O0000498,U001225,T00005376,2026-06-27 19:16:19,fast_generation,4.9,failed,finish_page
O0000499,U001230,T00005388,2026-06-07 02:20:28,hd_export,6.9,failed,template_page
O0000500,U001236,T00005406,2026-06-13 02:26:22,monthly_member,39.0,failed,finish_page
O0000501,U001237,T00005409,2026-05-26 21:29:31,hd_export,6.9,failed,finish_page
O0000502,U001237,T00005414,2026-06-21 09:29:32,hd_export,6.9,success,member_center
O0000503,U001237,T00005415,2026-06-26 10:43:27,hd_export,6.9,failed,finish_page
O0000504,U001238,T00005419,2026-06-16 15:06:23,monthly_member,39.0,failed,popup
O0000505,U001239,T00005420,2026-05-23 01:55:07,hd_export,6.9,failed,finish_page
O0000506,U001241,T00005432,2026-06-02 22:18:36,hd_export,6.9,failed,template_page
O0000507,U001246,T00005452,2026-06-26 06:30:44,credit_pack,29.0,failed,member_center
O0000508,U001247,T00005458,2026-06-18 08:00:53,hd_export,6.9,failed,finish_page
O0000509,U001250,T00005468,2026-06-21 15:31:47,credit_pack,29.0,failed,member_center
O0000510,U001250,T00005471,2026-06-27 01:56:16,remove_watermark,9.9,failed,download_page
O0000511,U001251,T00005473,2026-06-06 18:46:01,fast_generation,4.9,failed,finish_page
O0000512,U001258,T00005502,2026-06-24 19:20:27,hd_export,6.9,success,download_page
O0000513,U001262,T00005513,2026-05-30 22:36:56,monthly_member,39.0,failed,finish_page
O0000514,U001266,T00005528,2026-05-18 10:50:06,remove_watermark,9.9,failed,finish_page
O0000515,U001267,T00005536,2026-05-16 04:29:45,credit_pack,29.0,failed,popup
O0000516,U001272,T00005563,2026-06-18 05:31:11,hd_export,6.9,failed,member_center
O0000517,U001273,T00005568,2026-06-26 03:25:21,credit_pack,29.0,failed,popup
O0000518,U001275,T00005572,2026-06-05 20:10:57,credit_pack,29.0,failed,popup
O0000519,U001276,T00005577,2026-05-17 09:00:50,monthly_member,39.0,success,download_page
O0000520,U001277,T00005580,2026-06-18 19:14:12,remove_watermark,9.9,failed,download_page
O0000521,U001277,T00005581,2026-06-29 14:39:57,hd_export,6.9,success,finish_page
O0000522,U001280,T00005594,2026-06-18 14:51:26,credit_pack,29.0,failed,finish_page
O0000523,U001281,T00005599,2026-06-25 03:41:55,hd_export,6.9,failed,download_page
O0000524,U001281,T00005600,2026-06-29 01:01:22,remove_watermark,9.9,failed,finish_page
O0000525,U001285,T00005611,2026-05-23 14:40:10,fast_generation,4.9,failed,download_page
O0000526,U001286,T00005617,2026-06-26 08:13:39,fast_generation,4.9,failed,download_page
O0000527,U001287,T00005622,2026-06-16 23:17:34,monthly_member,39.0,failed,download_page
O0000528,U001296,T00005661,2026-06-25 10:58:52,hd_export,6.9,failed,finish_page
O0000529,U001301,T00005681,2026-06-04 18:37:41,monthly_member,39.0,failed,finish_page
O0000530,U001302,T00005685,2026-05-29 17:32:56,monthly_member,39.0,failed,finish_page
O0000531,U001303,T00005692,2026-06-25 14:07:50,fast_generation,4.9,failed,member_center
O0000532,U001309,T00005716,2026-06-09 19:08:50,remove_watermark,9.9,failed,download_page
O0000533,U001309,T00005717,2026-06-10 05:49:11,hd_export,6.9,success,download_page
O0000534,U001313,T00005738,2026-06-24 07:50:07,remove_watermark,9.9,failed,download_page
O0000535,U001320,T00005767,2026-05-31 12:52:30,hd_export,6.9,failed,finish_page
O0000536,U001322,T00005778,2026-06-12 05:17:47,credit_pack,29.0,failed,finish_page
O0000537,U001324,T00005790,2026-06-18 00:32:33,credit_pack,29.0,failed,popup
O0000538,U001324,T00005791,2026-06-23 17:28:24,hd_export,6.9,failed,member_center
O0000539,U001327,T00005806,2026-06-24 12:05:02,fast_generation,4.9,failed,popup
O0000540,U001329,T00005811,2026-06-28 12:04:37,credit_pack,29.0,failed,member_center
O0000541,U001330,T00005815,2026-06-13 18:00:28,monthly_member,39.0,success,template_page
O0000542,U001331,T00005824,2026-06-03 21:54:00,hd_export,6.9,success,finish_page
O0000543,U001331,T00005825,2026-06-11 17:22:55,remove_watermark,9.9,success,finish_page
O0000544,U001336,T00005842,2026-06-11 16:02:44,fast_generation,4.9,failed,finish_page
O0000545,U001336,T00005844,2026-06-23 00:43:28,hd_export,6.9,success,member_center
O0000546,U001344,T00005877,2026-06-15 05:15:58,hd_export,6.9,failed,finish_page
O0000547,U001345,T00005880,2026-06-23 13:24:14,fast_generation,4.9,failed,download_page
O0000548,U001346,T00005881,2026-06-16 07:06:28,credit_pack,29.0,success,download_page
O0000549,U001348,T00005891,2026-06-24 21:32:25,hd_export,6.9,failed,finish_page
O0000550,U001349,T00005896,2026-06-18 20:16:39,monthly_member,39.0,failed,finish_page
O0000551,U001352,T00005906,2026-05-21 08:05:22,remove_watermark,9.9,success,download_page
O0000552,U001354,T00005919,2026-05-15 00:43:18,hd_export,6.9,failed,download_page
O0000553,U001357,T00005930,2026-05-18 06:44:47,fast_generation,4.9,success,download_page
O0000554,U001358,T00005936,2026-06-25 02:15:16,remove_watermark,9.9,success,download_page
O0000555,U001361,T00005953,2026-05-07 04:36:52,monthly_member,39.0,failed,template_page
O0000556,U001362,T00005959,2026-05-21 05:09:09,monthly_member,39.0,success,finish_page
O0000557,U001365,T00005966,2026-06-29 15:52:11,remove_watermark,9.9,failed,popup
O0000558,U001371,T00005982,2026-05-29 18:16:22,hd_export,6.9,failed,finish_page
O0000559,U001372,T00005988,2026-06-26 02:34:02,remove_watermark,9.9,failed,download_page
O0000560,U001372,T00005990,2026-06-27 12:51:55,hd_export,6.9,failed,member_center
O0000561,U001375,T00005997,2026-06-25 10:23:55,monthly_member,39.0,failed,finish_page
O0000562,U001380,T00006020,2026-06-09 20:42:44,fast_generation,4.9,failed,finish_page
O0000563,U001384,T00006031,2026-06-21 17:49:20,monthly_member,39.0,failed,finish_page
O0000564,U001386,T00006040,2026-06-28 03:55:30,hd_export,6.9,failed,popup
O0000565,U001389,T00006054,2026-06-27 06:14:04,hd_export,6.9,success,finish_page
O0000566,U001391,T00006065,2026-06-27 07:52:29,monthly_member,39.0,success,member_center
O0000567,U001392,T00006068,2026-05-28 18:09:42,hd_export,6.9,success,popup
O0000568,U001396,T00006096,2026-06-22 14:02:16,hd_export,6.9,success,popup
O0000569,U001396,T00006100,2026-06-28 01:24:41,monthly_member,39.0,failed,finish_page
O0000570,U001397,T00006101,2026-06-29 19:47:28,remove_watermark,9.9,success,popup
O0000571,U001398,T00006105,2026-06-13 09:13:08,credit_pack,29.0,failed,template_page
O0000572,U001399,T00006112,2026-06-28 10:46:11,fast_generation,4.9,failed,finish_page
O0000573,U001402,T00006126,2026-06-23 16:54:03,hd_export,6.9,failed,member_center
O0000574,U001404,T00006137,2026-05-31 22:00:17,fast_generation,4.9,success,finish_page
O0000575,U001407,T00006152,2026-05-22 23:18:18,monthly_member,39.0,failed,member_center
O0000576,U001407,T00006153,2026-05-28 21:08:45,monthly_member,39.0,failed,finish_page
O0000577,U001415,T00006197,2026-06-27 02:08:38,fast_generation,4.9,failed,finish_page
O0000578,U001419,T00006208,2026-06-18 19:40:52,credit_pack,29.0,failed,download_page
O0000579,U001424,T00006228,2026-06-28 19:38:30,hd_export,6.9,success,download_page
O0000580,U001425,T00006230,2026-06-20 21:57:59,monthly_member,39.0,failed,finish_page
O0000581,U001430,T00006250,2026-06-16 14:59:39,credit_pack,29.0,failed,member_center
O0000582,U001431,T00006256,2026-05-30 06:01:46,monthly_member,39.0,success,finish_page
O0000583,U001431,T00006257,2026-06-01 05:58:34,hd_export,6.9,failed,finish_page
O0000584,U001448,T00006316,2026-06-28 12:07:53,credit_pack,29.0,success,popup
O0000585,U001449,T00006322,2026-06-27 04:32:40,monthly_member,39.0,failed,download_page
O0000586,U001452,T00006329,2026-05-21 02:20:59,fast_generation,4.9,failed,finish_page
O0000587,U001452,T00006331,2026-05-30 15:51:16,credit_pack,29.0,failed,member_center
O0000588,U001452,T00006334,2026-06-29 04:19:31,remove_watermark,9.9,failed,download_page
O0000589,U001457,T00006348,2026-06-21 03:07:02,remove_watermark,9.9,failed,popup
O0000590,U001458,T00006360,2026-06-29 02:59:27,hd_export,6.9,success,template_page
O0000591,U001459,T00006364,2026-06-19 02:54:05,fast_generation,4.9,failed,popup
O0000592,U001461,T00006374,2026-06-26 05:58:58,monthly_member,39.0,failed,download_page
O0000593,U001463,T00006377,2026-06-05 07:50:16,hd_export,6.9,failed,finish_page
O0000594,U001465,T00006386,2026-06-01 01:27:59,credit_pack,29.0,failed,popup
O0000595,U001468,T00006406,2026-06-22 20:59:23,monthly_member,39.0,success,member_center
O0000596,U001470,T00006411,2026-05-13 04:05:49,fast_generation,4.9,failed,finish_page
O0000597,U001472,T00006420,2026-05-06 20:59:34,credit_pack,29.0,failed,popup
O0000598,U001472,T00006424,2026-06-18 07:47:39,credit_pack,29.0,success,popup
O0000599,U001476,T00006440,2026-06-13 17:56:43,hd_export,6.9,success,download_page
O0000600,U001477,T00006443,2026-06-19 23:04:06,monthly_member,39.0,failed,popup
O0000601,U001477,T00006444,2026-06-24 05:26:40,fast_generation,4.9,success,finish_page
O0000602,U001478,T00006449,2026-06-18 23:21:55,remove_watermark,9.9,success,download_page
O0000603,U001481,T00006464,2026-05-30 05:52:39,fast_generation,4.9,failed,member_center
O0000604,U001484,T00006477,2026-06-29 08:56:54,hd_export,6.9,failed,download_page
O0000605,U001485,T00006478,2026-06-29 01:35:21,credit_pack,29.0,failed,finish_page
O0000606,U001493,T00006513,2026-06-28 16:49:20,credit_pack,29.0,failed,popup
O0000607,U001495,T00006523,2026-06-24 03:14:03,credit_pack,29.0,failed,popup
O0000608,U001497,T00006536,2026-06-28 19:55:45,remove_watermark,9.9,failed,finish_page
O0000609,U001500,T00006546,2026-05-04 15:38:39,fast_generation,4.9,failed,popup
O0000610,U001502,T00006560,2026-06-26 17:50:47,monthly_member,39.0,failed,finish_page
O0000611,U001502,T00006563,2026-06-29 01:55:37,fast_generation,4.9,success,popup
O0000612,U001505,T00006569,2026-06-04 11:39:03,fast_generation,4.9,success,member_center
O0000613,U001509,T00006591,2026-06-16 03:37:00,credit_pack,29.0,failed,popup
O0000614,U001512,T00006600,2026-06-12 10:59:53,hd_export,6.9,failed,finish_page
O0000615,U001514,T00006610,2026-06-09 09:39:53,hd_export,6.9,failed,popup
O0000616,U001515,T00006612,2026-06-07 11:57:12,remove_watermark,9.9,success,member_center
O0000617,U001515,T00006617,2026-06-28 10:12:53,hd_export,6.9,failed,download_page
O0000618,U001517,T00006627,2026-06-22 20:56:39,remove_watermark,9.9,success,popup
O0000619,U001522,T00006641,2026-06-10 08:54:17,remove_watermark,9.9,failed,finish_page
O0000620,U001522,T00006642,2026-06-12 04:06:47,remove_watermark,9.9,failed,member_center
O0000621,U001528,T00006663,2026-06-26 16:52:12,hd_export,6.9,success,finish_page
O0000622,U001532,T00006680,2026-05-23 14:02:12,fast_generation,4.9,success,member_center
O0000623,U001532,T00006682,2026-06-13 23:30:21,hd_export,6.9,success,member_center
O0000624,U001532,T00006685,2026-06-28 08:49:32,fast_generation,4.9,success,download_page
O0000625,U001534,T00006691,2026-05-21 04:38:57,credit_pack,29.0,failed,download_page
O0000626,U001534,T00006699,2026-06-21 10:39:39,credit_pack,29.0,failed,finish_page
O0000627,U001535,T00006702,2026-06-15 04:12:45,remove_watermark,9.9,success,download_page
O0000628,U001537,T00006710,2026-06-22 17:16:25,remove_watermark,9.9,success,download_page
O0000629,U001538,T00006717,2026-06-18 14:51:37,remove_watermark,9.9,failed,finish_page
O0000630,U001539,T00006723,2026-06-29 15:53:48,credit_pack,29.0,success,popup
O0000631,U001540,T00006726,2026-06-14 13:44:51,remove_watermark,9.9,failed,popup
O0000632,U001541,T00006729,2026-06-28 23:43:34,monthly_member,39.0,success,finish_page
O0000633,U001546,T00006745,2026-06-03 10:56:56,remove_watermark,9.9,failed,member_center
O0000634,U001546,T00006747,2026-06-28 04:09:29,remove_watermark,9.9,failed,finish_page
O0000635,U001552,T00006771,2026-06-07 16:15:12,remove_watermark,9.9,failed,finish_page
O0000636,U001553,T00006775,2026-06-08 14:53:47,remove_watermark,9.9,success,finish_page
O0000637,U001556,T00006795,2026-06-10 09:34:21,credit_pack,29.0,failed,finish_page
O0000638,U001557,T00006798,2026-06-19 02:14:51,fast_generation,4.9,failed,finish_page
O0000639,U001561,T00006823,2026-06-22 05:10:02,credit_pack,29.0,failed,popup
O0000640,U001562,T00006833,2026-06-25 19:14:47,monthly_member,39.0,failed,finish_page
O0000641,U001566,T00006845,2026-06-23 12:46:29,remove_watermark,9.9,failed,download_page
O0000642,U001567,T00006849,2026-05-21 03:35:50,monthly_member,39.0,failed,finish_page
O0000643,U001567,T00006850,2026-06-15 05:14:09,monthly_member,39.0,failed,finish_page
O0000644,U001570,T00006859,2026-06-05 08:44:56,remove_watermark,9.9,failed,finish_page
O0000645,U001571,T00006864,2026-06-17 15:59:02,hd_export,6.9,failed,finish_page
O0000646,U001571,T00006866,2026-06-28 15:12:06,fast_generation,4.9,failed,download_page
O0000647,U001575,T00006883,2026-06-26 16:21:56,monthly_member,39.0,failed,member_center
O0000648,U001576,T00006890,2026-06-24 15:54:19,fast_generation,4.9,success,download_page
O0000649,U001577,T00006892,2026-06-29 16:19:47,hd_export,6.9,failed,finish_page
O0000650,U001578,T00006894,2026-06-29 22:22:06,hd_export,6.9,success,finish_page
O0000651,U001581,T00006898,2026-06-06 09:14:55,credit_pack,29.0,failed,download_page
O0000652,U001581,T00006900,2026-06-22 04:03:50,monthly_member,39.0,success,template_page
O0000653,U001581,T00006901,2026-06-28 09:08:24,monthly_member,39.0,failed,popup
O0000654,U001582,T00006904,2026-06-11 01:54:05,remove_watermark,9.9,success,download_page
O0000655,U001587,T00006928,2026-06-19 20:18:09,monthly_member,39.0,failed,popup
O0000656,U001588,T00006933,2026-06-20 06:32:50,hd_export,6.9,failed,finish_page
O0000657,U001588,T00006936,2026-06-23 19:26:44,monthly_member,39.0,success,popup
O0000658,U001588,T00006937,2026-06-25 00:08:26,monthly_member,39.0,failed,template_page
O0000659,U001591,T00006944,2026-05-30 21:53:29,remove_watermark,9.9,failed,member_center
O0000660,U001599,T00006969,2026-06-09 20:16:29,monthly_member,39.0,failed,finish_page
O0000661,U001599,T00006971,2026-06-18 13:09:21,fast_generation,4.9,failed,member_center
O0000662,U001599,T00006973,2026-06-27 02:30:00,monthly_member,39.0,failed,download_page
O0000663,U001606,T00007002,2026-05-30 07:19:35,credit_pack,29.0,success,download_page
O0000664,U001606,T00007005,2026-06-28 06:04:02,monthly_member,39.0,success,finish_page
O0000665,U001611,T00007021,2026-06-11 19:57:59,credit_pack,29.0,failed,member_center
O0000666,U001621,T00007063,2026-05-14 06:14:49,remove_watermark,9.9,failed,member_center
O0000667,U001623,T00007083,2026-06-10 01:27:02,hd_export,6.9,failed,finish_page
O0000668,U001623,T00007084,2026-06-26 23:34:15,monthly_member,39.0,success,finish_page
O0000669,U001624,T00007089,2026-06-26 09:37:01,monthly_member,39.0,failed,download_page
O0000670,U001631,T00007110,2026-05-23 15:23:43,remove_watermark,9.9,success,finish_page
O0000671,U001632,T00007116,2026-06-20 09:45:52,hd_export,6.9,failed,template_page
O0000672,U001633,T00007119,2026-05-18 09:23:24,remove_watermark,9.9,failed,download_page
O0000673,U001633,T00007123,2026-06-12 20:26:40,remove_watermark,9.9,failed,download_page
O0000674,U001633,T00007128,2026-06-26 12:41:12,hd_export,6.9,failed,popup
O0000675,U001634,T00007130,2026-05-21 23:05:21,fast_generation,4.9,success,template_page
O0000676,U001635,T00007134,2026-06-19 20:54:25,fast_generation,4.9,failed,download_page
O0000677,U001640,T00007148,2026-06-16 14:11:20,fast_generation,4.9,failed,download_page
O0000678,U001645,T00007173,2026-06-19 03:20:32,monthly_member,39.0,failed,finish_page
O0000679,U001655,T00007201,2026-06-16 11:05:19,remove_watermark,9.9,failed,download_page
O0000680,U001662,T00007220,2026-06-14 12:25:11,remove_watermark,9.9,failed,download_page
O0000681,U001676,T00007270,2026-06-07 00:39:57,remove_watermark,9.9,success,finish_page
O0000682,U001678,T00007277,2026-05-29 14:59:33,monthly_member,39.0,failed,member_center
O0000683,U001678,T00007280,2026-06-14 21:59:48,remove_watermark,9.9,failed,finish_page
O0000684,U001681,T00007288,2026-06-05 09:45:20,fast_generation,4.9,failed,download_page
O0000685,U001684,T00007302,2026-06-28 12:30:38,fast_generation,4.9,failed,download_page
O0000686,U001686,T00007312,2026-05-27 04:27:14,monthly_member,39.0,success,finish_page
O0000687,U001687,T00007319,2026-06-25 18:54:18,fast_generation,4.9,success,finish_page
O0000688,U001690,T00007331,2026-06-10 09:40:42,credit_pack,29.0,failed,popup
O0000689,U001692,T00007338,2026-06-17 08:51:09,monthly_member,39.0,success,member_center
O0000690,U001693,T00007343,2026-06-27 13:44:58,remove_watermark,9.9,failed,member_center
O0000691,U001694,T00007347,2026-05-26 14:26:32,monthly_member,39.0,failed,member_center
O0000692,U001694,T00007350,2026-06-19 07:21:41,credit_pack,29.0,success,popup
O0000693,U001696,T00007355,2026-06-14 14:27:40,remove_watermark,9.9,success,popup
O0000694,U001696,T00007362,2026-06-22 02:36:06,remove_watermark,9.9,failed,finish_page
O0000695,U001699,T00007375,2026-06-15 12:47:09,monthly_member,39.0,failed,popup
O0000696,U001700,T00007377,2026-06-27 18:15:21,monthly_member,39.0,failed,finish_page
O0000697,U001703,T00007390,2026-06-12 02:55:33,hd_export,6.9,success,finish_page
O0000698,U001704,T00007400,2026-06-17 10:30:11,fast_generation,4.9,failed,popup
O0000699,U001706,T00007412,2026-05-16 05:15:11,remove_watermark,9.9,failed,finish_page
O0000700,U001706,T00007418,2026-06-28 15:02:53,credit_pack,29.0,failed,finish_page
O0000701,U001707,T00007420,2026-05-30 19:11:16,remove_watermark,9.9,failed,download_page
O0000702,U001709,T00007428,2026-05-25 07:55:56,credit_pack,29.0,failed,popup
O0000703,U001709,T00007432,2026-06-22 10:10:53,remove_watermark,9.9,failed,finish_page
O0000704,U001711,T00007437,2026-06-18 23:07:07,credit_pack,29.0,failed,finish_page
O0000705,U001716,T00007455,2026-06-26 17:13:25,remove_watermark,9.9,failed,download_page
O0000706,U001717,T00007458,2026-05-24 06:34:00,hd_export,6.9,failed,finish_page
O0000707,U001717,T00007463,2026-06-28 16:20:13,remove_watermark,9.9,success,finish_page
O0000708,U001719,T00007471,2026-06-15 03:11:48,hd_export,6.9,failed,finish_page
O0000709,U001725,T00007490,2026-06-29 17:07:44,monthly_member,39.0,failed,download_page
O0000710,U001734,T00007519,2026-05-19 05:57:41,credit_pack,29.0,failed,popup
O0000711,U001740,T00007552,2026-06-18 09:46:18,remove_watermark,9.9,failed,finish_page
O0000712,U001743,T00007564,2026-06-11 05:55:38,remove_watermark,9.9,success,download_page
O0000713,U001747,T00007587,2026-06-16 10:15:09,hd_export,6.9,success,download_page
O0000714,U001747,T00007588,2026-06-20 11:29:30,remove_watermark,9.9,failed,member_center
O0000715,U001749,T00007594,2026-06-19 14:57:43,remove_watermark,9.9,failed,download_page
O0000716,U001753,T00007603,2026-06-19 04:46:43,credit_pack,29.0,failed,template_page
O0000717,U001754,T00007605,2026-05-27 13:03:50,fast_generation,4.9,failed,download_page
O0000718,U001757,T00007614,2026-06-27 11:10:05,monthly_member,39.0,failed,member_center
O0000719,U001759,T00007624,2026-05-30 20:14:45,remove_watermark,9.9,failed,finish_page
O0000720,U001759,T00007627,2026-06-17 05:57:33,remove_watermark,9.9,failed,download_page
O0000721,U001759,T00007630,2026-06-25 10:22:26,remove_watermark,9.9,failed,finish_page
O0000722,U001760,T00007636,2026-05-18 18:50:58,remove_watermark,9.9,success,finish_page
O0000723,U001763,T00007658,2026-05-31 14:49:56,hd_export,6.9,failed,download_page
O0000724,U001764,T00007669,2026-06-16 03:31:59,hd_export,6.9,success,popup
O0000725,U001764,T00007670,2026-06-17 06:23:17,credit_pack,29.0,failed,popup
O0000726,U001766,T00007678,2026-06-05 04:54:15,remove_watermark,9.9,failed,download_page
O0000727,U001767,T00007684,2026-06-28 09:41:49,credit_pack,29.0,success,download_page
O0000728,U001768,T00007685,2026-06-24 08:25:52,remove_watermark,9.9,failed,template_page
O0000729,U001772,T00007701,2026-06-27 08:28:43,hd_export,6.9,failed,finish_page
O0000730,U001773,T00007705,2026-06-06 14:13:30,hd_export,6.9,failed,member_center
O0000731,U001774,T00007710,2026-06-22 12:02:41,remove_watermark,9.9,failed,download_page
O0000732,U001776,T00007720,2026-05-12 13:55:00,fast_generation,4.9,failed,finish_page
O0000733,U001782,T00007737,2026-05-16 10:40:06,monthly_member,39.0,failed,member_center
O0000734,U001782,T00007740,2026-06-19 09:00:18,fast_generation,4.9,success,finish_page
O0000735,U001783,T00007743,2026-05-19 22:37:16,credit_pack,29.0,failed,template_page
O0000736,U001789,T00007767,2026-05-30 00:59:43,monthly_member,39.0,success,download_page
O0000737,U001790,T00007772,2026-06-29 10:25:59,remove_watermark,9.9,success,finish_page
O0000738,U001791,T00007773,2026-06-07 04:22:03,monthly_member,39.0,failed,finish_page
O0000739,U001795,T00007786,2026-06-26 00:50:21,monthly_member,39.0,success,finish_page
O0000740,U001798,T00007796,2026-05-29 01:42:59,hd_export,6.9,failed,member_center
O0000741,U001800,T00007802,2026-06-25 13:00:30,hd_export,6.9,success,finish_page
O0000742,U001801,T00007810,2026-06-24 01:02:51,monthly_member,39.0,success,template_page
O0000743,U001812,T00007847,2026-06-20 08:06:11,hd_export,6.9,success,download_page
O0000744,U001813,T00007851,2026-06-24 01:41:38,remove_watermark,9.9,failed,download_page
O0000745,U001813,T00007852,2026-06-27 02:50:04,credit_pack,29.0,failed,popup
O0000746,U001816,T00007867,2026-06-09 11:10:19,remove_watermark,9.9,failed,finish_page
O0000747,U001817,T00007872,2026-06-28 07:51:18,credit_pack,29.0,failed,download_page
O0000748,U001818,T00007874,2026-05-23 21:04:26,monthly_member,39.0,success,finish_page
O0000749,U001822,T00007893,2026-06-21 18:24:37,hd_export,6.9,failed,finish_page
O0000750,U001823,T00007895,2026-06-27 23:24:16,remove_watermark,9.9,success,download_page
O0000751,U001825,T00007904,2026-06-26 00:58:06,monthly_member,39.0,success,download_page
O0000752,U001829,T00007921,2026-05-15 07:55:03,monthly_member,39.0,failed,download_page
O0000753,U001834,T00007941,2026-06-28 19:56:23,credit_pack,29.0,failed,finish_page
O0000754,U001835,T00007945,2026-06-26 17:01:13,monthly_member,39.0,failed,download_page
O0000755,U001835,T00007947,2026-06-29 11:17:40,fast_generation,4.9,failed,finish_page
O0000756,U001836,T00007950,2026-06-24 07:40:55,fast_generation,4.9,failed,download_page
O0000757,U001840,T00007972,2026-06-29 20:44:44,monthly_member,39.0,failed,finish_page
O0000758,U001841,T00007978,2026-06-19 19:50:13,fast_generation,4.9,failed,download_page
O0000759,U001843,T00007985,2026-06-23 17:36:28,fast_generation,4.9,success,finish_page
O0000760,U001845,T00007996,2026-06-18 06:34:17,remove_watermark,9.9,failed,finish_page
O0000761,U001846,T00007999,2026-05-28 20:54:47,credit_pack,29.0,failed,popup
O0000762,U001848,T00008016,2026-05-29 05:49:08,credit_pack,29.0,failed,finish_page
O0000763,U001852,T00008039,2026-06-15 08:04:02,remove_watermark,9.9,success,finish_page
O0000764,U001852,T00008040,2026-06-19 04:04:23,fast_generation,4.9,failed,popup
O0000765,U001852,T00008041,2026-06-22 08:04:38,hd_export,6.9,failed,member_center
O0000766,U001854,T00008047,2026-06-27 10:24:55,monthly_member,39.0,failed,finish_page
O0000767,U001856,T00008054,2026-06-27 20:22:18,credit_pack,29.0,failed,member_center
O0000768,U001863,T00008074,2026-06-06 14:31:53,fast_generation,4.9,failed,finish_page
O0000769,U001863,T00008077,2026-06-24 03:08:42,monthly_member,39.0,success,finish_page
O0000770,U001864,T00008081,2026-06-22 16:21:42,monthly_member,39.0,success,member_center
O0000771,U001867,T00008088,2026-06-26 10:37:36,remove_watermark,9.9,failed,finish_page
O0000772,U001872,T00008116,2026-06-28 15:10:22,hd_export,6.9,success,finish_page
O0000773,U001873,T00008118,2026-06-20 08:41:57,monthly_member,39.0,failed,finish_page
O0000774,U001877,T00008132,2026-05-28 21:04:42,monthly_member,39.0,failed,finish_page
O0000775,U001878,T00008138,2026-06-04 21:17:13,hd_export,6.9,failed,download_page
O0000776,U001878,T00008139,2026-06-08 04:47:23,credit_pack,29.0,failed,member_center
O0000777,U001887,T00008175,2026-06-25 04:12:59,hd_export,6.9,failed,finish_page
O0000778,U001891,T00008196,2026-06-23 04:58:36,remove_watermark,9.9,failed,popup
O0000779,U001892,T00008200,2026-06-11 11:10:55,fast_generation,4.9,failed,popup
O0000780,U001895,T00008209,2026-05-15 01:12:36,hd_export,6.9,success,member_center
O0000781,U001895,T00008210,2026-06-01 06:17:26,credit_pack,29.0,failed,finish_page
O0000782,U001898,T00008226,2026-06-02 06:04:01,remove_watermark,9.9,failed,finish_page
O0000783,U001899,T00008234,2026-06-24 12:32:28,credit_pack,29.0,success,finish_page
O0000784,U001905,T00008246,2026-06-14 12:54:23,remove_watermark,9.9,success,finish_page
O0000785,U001905,T00008247,2026-06-14 18:12:29,hd_export,6.9,success,finish_page
O0000786,U001905,T00008249,2026-06-20 23:35:45,credit_pack,29.0,failed,popup
O0000787,U001905,T00008250,2026-06-23 18:32:38,monthly_member,39.0,success,member_center
O0000788,U001910,T00008271,2026-06-15 00:24:03,remove_watermark,9.9,success,finish_page
O0000789,U001913,T00008278,2026-05-27 08:07:17,hd_export,6.9,failed,finish_page
O0000790,U001917,T00008292,2026-06-29 04:17:27,remove_watermark,9.9,failed,member_center
O0000791,U001921,T00008302,2026-06-10 11:16:30,monthly_member,39.0,success,finish_page
O0000792,U001924,T00008312,2026-06-09 08:07:12,hd_export,6.9,failed,finish_page
O0000793,U001927,T00008329,2026-06-19 10:34:38,hd_export,6.9,failed,finish_page
O0000794,U001931,T00008343,2026-05-23 09:12:32,monthly_member,39.0,failed,finish_page
O0000795,U001933,T00008353,2026-06-11 16:32:48,monthly_member,39.0,success,finish_page
O0000796,U001935,T00008356,2026-06-12 04:11:27,remove_watermark,9.9,failed,finish_page
O0000797,U001938,T00008370,2026-06-28 00:54:46,fast_generation,4.9,success,download_page
O0000798,U001941,T00008380,2026-06-17 10:06:09,hd_export,6.9,success,download_page
O0000799,U001944,T00008400,2026-05-24 08:58:20,hd_export,6.9,failed,finish_page
O0000800,U001945,T00008404,2026-06-22 23:14:39,monthly_member,39.0,failed,finish_page
O0000801,U001946,T00008405,2026-05-26 14:11:29,fast_generation,4.9,failed,finish_page
O0000802,U001956,T00008442,2026-05-28 07:52:34,remove_watermark,9.9,success,download_page
O0000803,U001957,T00008453,2026-06-17 06:15:26,hd_export,6.9,failed,finish_page
O0000804,U001960,T00008464,2026-06-24 00:29:42,hd_export,6.9,success,download_page
O0000805,U001962,T00008469,2026-06-16 22:44:48,hd_export,6.9,failed,finish_page
O0000806,U001964,T00008471,2026-05-09 21:22:57,fast_generation,4.9,success,finish_page
O0000807,U001968,T00008498,2026-06-01 01:14:53,hd_export,6.9,success,popup
O0000808,U001971,T00008509,2026-05-27 08:23:52,hd_export,6.9,failed,download_page
O0000809,U001972,T00008515,2026-06-21 17:54:01,hd_export,6.9,failed,popup
O0000810,U001974,T00008523,2026-06-02 11:33:07,remove_watermark,9.9,failed,popup
O0000811,U001974,T00008528,2026-06-29 10:33:16,credit_pack,29.0,failed,download_page
O0000812,U001977,T00008538,2026-06-24 15:05:44,monthly_member,39.0,success,template_page
O0000813,U001979,T00008546,2026-06-14 18:07:43,hd_export,6.9,failed,download_page
O0000814,U001979,T00008547,2026-06-20 11:13:39,fast_generation,4.9,failed,download_page
O0000815,U001982,T00008557,2026-06-28 14:13:55,credit_pack,29.0,failed,finish_page
O0000816,U001983,T00008558,2026-06-04 03:46:12,monthly_member,39.0,success,finish_page
O0000817,U001983,T00008566,2026-06-21 07:50:19,remove_watermark,9.9,failed,popup
O0000818,U001983,T00008568,2026-06-27 07:31:18,remove_watermark,9.9,success,download_page
O0000819,U001987,T00008581,2026-05-23 09:18:59,remove_watermark,9.9,failed,finish_page
O0000820,U001991,T00008600,2026-06-05 20:03:05,hd_export,6.9,failed,template_page
O0000821,U001991,T00008601,2026-06-28 19:04:19,hd_export,6.9,failed,finish_page
O0000822,U002004,T00008642,2026-06-26 11:42:59,remove_watermark,9.9,failed,download_page
O0000823,U002006,T00008653,2026-06-17 22:14:38,hd_export,6.9,success,member_center
O0000824,U002010,T00008671,2026-05-30 18:05:49,fast_generation,4.9,failed,download_page
O0000825,U002011,T00008679,2026-06-16 02:24:26,monthly_member,39.0,success,finish_page
O0000826,U002017,T00008699,2026-06-26 06:09:00,remove_watermark,9.9,success,template_page
O0000827,U002018,T00008702,2026-06-23 04:35:19,credit_pack,29.0,failed,popup
O0000828,U002021,T00008711,2026-05-27 09:25:14,credit_pack,29.0,success,finish_page
O0000829,U002023,T00008722,2026-06-10 16:47:36,credit_pack,29.0,success,finish_page
O0000830,U002026,T00008730,2026-06-13 18:32:37,monthly_member,39.0,failed,finish_page
O0000831,U002046,T00008809,2026-06-15 01:38:11,credit_pack,29.0,failed,finish_page
O0000832,U002048,T00008815,2026-06-13 13:39:24,hd_export,6.9,failed,download_page
O0000833,U002048,T00008818,2026-06-24 05:48:50,hd_export,6.9,success,finish_page
O0000834,U002051,T00008829,2026-06-16 14:20:29,fast_generation,4.9,failed,download_page
O0000835,U002053,T00008834,2026-06-21 14:09:03,fast_generation,4.9,failed,download_page
O0000836,U002054,T00008845,2026-06-16 04:00:04,hd_export,6.9,failed,member_center
O0000837,U002058,T00008868,2026-06-07 14:49:00,credit_pack,29.0,failed,finish_page
O0000838,U002058,T00008872,2026-06-25 03:49:30,hd_export,6.9,failed,finish_page
O0000839,U002060,T00008875,2026-05-23 19:24:19,monthly_member,39.0,failed,download_page
O0000840,U002060,T00008878,2026-06-21 19:57:09,credit_pack,29.0,failed,download_page
O0000841,U002061,T00008884,2026-06-27 15:14:19,remove_watermark,9.9,success,finish_page
O0000842,U002062,T00008888,2026-05-24 04:55:01,remove_watermark,9.9,success,download_page
O0000843,U002062,T00008892,2026-06-13 10:46:22,monthly_member,39.0,failed,template_page
O0000844,U002063,T00008894,2026-06-19 18:40:04,monthly_member,39.0,failed,member_center
O0000845,U002070,T00008913,2026-06-24 13:17:25,remove_watermark,9.9,success,download_page
O0000846,U002070,T00008914,2026-06-29 12:04:47,monthly_member,39.0,failed,finish_page
O0000847,U002071,T00008915,2026-06-22 16:28:50,hd_export,6.9,failed,popup
O0000848,U002073,T00008920,2026-05-29 14:05:49,credit_pack,29.0,success,finish_page
O0000849,U002077,T00008938,2026-06-19 13:16:22,remove_watermark,9.9,failed,popup
O0000850,U002080,T00008945,2026-06-23 07:01:42,remove_watermark,9.9,failed,popup
O0000851,U002081,T00008949,2026-06-16 09:47:35,hd_export,6.9,success,download_page
O0000852,U002082,T00008953,2026-06-06 03:56:32,hd_export,6.9,failed,finish_page
O0000853,U002086,T00008969,2026-05-24 03:23:44,remove_watermark,9.9,failed,template_page
O0000854,U002086,T00008971,2026-06-22 10:58:58,hd_export,6.9,success,template_page
O0000855,U002087,T00008975,2026-05-25 12:01:54,credit_pack,29.0,failed,finish_page
O0000856,U002087,T00008978,2026-06-13 06:31:47,remove_watermark,9.9,failed,download_page
O0000857,U002087,T00008979,2026-06-28 13:39:45,remove_watermark,9.9,failed,finish_page
O0000858,U002094,T00009012,2026-05-26 21:26:20,hd_export,6.9,failed,finish_page
O0000859,U002095,T00009017,2026-06-26 03:50:07,fast_generation,4.9,failed,finish_page
O0000860,U002096,T00009018,2026-05-29 12:25:00,monthly_member,39.0,failed,finish_page
O0000861,U002096,T00009020,2026-06-05 23:39:42,remove_watermark,9.9,failed,member_center
O0000862,U002104,T00009049,2026-05-30 05:22:13,fast_generation,4.9,success,popup
O0000863,U002107,T00009066,2026-06-20 15:52:35,credit_pack,29.0,failed,template_page
O0000864,U002108,T00009071,2026-06-10 11:52:11,credit_pack,29.0,success,finish_page
O0000865,U002109,T00009073,2026-05-10 09:24:54,remove_watermark,9.9,failed,finish_page
O0000866,U002112,T00009087,2026-06-27 21:03:01,remove_watermark,9.9,failed,finish_page
O0000867,U002113,T00009088,2026-06-05 14:18:37,fast_generation,4.9,success,download_page
O0000868,U002115,T00009098,2026-06-01 03:59:26,remove_watermark,9.9,failed,download_page
O0000869,U002117,T00009108,2026-06-21 05:51:02,hd_export,6.9,success,popup
O0000870,U002118,T00009115,2026-06-21 17:14:26,fast_generation,4.9,success,finish_page
O0000871,U002124,T00009141,2026-06-22 23:33:38,credit_pack,29.0,success,download_page
O0000872,U002128,T00009160,2026-06-22 14:58:54,credit_pack,29.0,success,popup
O0000873,U002133,T00009176,2026-05-22 22:59:22,remove_watermark,9.9,failed,finish_page
O0000874,U002138,T00009210,2026-06-24 10:22:08,hd_export,6.9,success,popup
O0000875,U002140,T00009215,2026-06-14 23:39:33,monthly_member,39.0,failed,member_center
O0000876,U002147,T00009239,2026-05-26 10:49:55,remove_watermark,9.9,failed,finish_page
O0000877,U002147,T00009242,2026-06-27 03:02:26,remove_watermark,9.9,failed,finish_page
O0000878,U002148,T00009248,2026-06-22 04:10:10,credit_pack,29.0,failed,finish_page
O0000879,U002151,T00009263,2026-06-10 21:47:47,monthly_member,39.0,success,finish_page
O0000880,U002156,T00009283,2026-05-24 15:08:33,remove_watermark,9.9,failed,template_page
O0000881,U002158,T00009294,2026-05-27 10:50:18,fast_generation,4.9,failed,template_page
O0000882,U002163,T00009308,2026-06-21 00:58:11,hd_export,6.9,success,finish_page
O0000883,U002163,T00009309,2026-06-26 21:06:58,credit_pack,29.0,failed,finish_page
O0000884,U002167,T00009317,2026-06-17 04:36:10,monthly_member,39.0,success,finish_page
O0000885,U002170,T00009327,2026-06-12 14:39:50,remove_watermark,9.9,success,download_page
O0000886,U002177,T00009364,2026-06-28 23:08:20,remove_watermark,9.9,failed,finish_page
O0000887,U002180,T00009373,2026-06-18 16:37:15,fast_generation,4.9,failed,finish_page
O0000888,U002182,T00009386,2026-05-07 04:51:08,remove_watermark,9.9,failed,download_page
O0000889,U002186,T00009405,2026-06-24 17:47:04,remove_watermark,9.9,failed,finish_page
O0000890,U002192,T00009430,2026-06-16 18:20:10,monthly_member,39.0,success,finish_page
O0000891,U002193,T00009431,2026-06-24 08:43:08,hd_export,6.9,failed,finish_page
O0000892,U002197,T00009449,2026-06-11 11:05:46,hd_export,6.9,success,download_page
O0000893,U002197,T00009451,2026-06-17 13:39:27,monthly_member,39.0,failed,finish_page
O0000894,U002199,T00009456,2026-06-13 10:30:01,remove_watermark,9.9,failed,finish_page
O0000895,U002206,T00009480,2026-06-04 11:53:38,remove_watermark,9.9,success,finish_page
O0000896,U002207,T00009484,2026-05-18 17:48:08,remove_watermark,9.9,success,member_center
O0000897,U002207,T00009485,2026-05-18 23:20:30,hd_export,6.9,failed,download_page
O0000898,U002207,T00009491,2026-06-21 03:37:52,monthly_member,39.0,failed,download_page
O0000899,U002211,T00009509,2026-06-28 08:48:42,hd_export,6.9,failed,finish_page
O0000900,U002219,T00009532,2026-05-05 00:57:03,remove_watermark,9.9,success,finish_page
O0000901,U002219,T00009534,2026-06-19 07:47:26,monthly_member,39.0,success,finish_page
O0000902,U002220,T00009541,2026-06-27 12:57:01,hd_export,6.9,success,member_center
O0000903,U002220,T00009543,2026-06-29 23:00:07,monthly_member,39.0,failed,download_page
O0000904,U002228,T00009569,2026-05-27 13:24:49,remove_watermark,9.9,failed,member_center
O0000905,U002230,T00009577,2026-06-16 01:01:01,remove_watermark,9.9,failed,finish_page
O0000906,U002233,T00009585,2026-06-18 17:43:19,fast_generation,4.9,failed,template_page
O0000907,U002234,T00009594,2026-06-18 23:44:21,fast_generation,4.9,success,download_page
O0000908,U002237,T00009604,2026-06-11 08:16:38,monthly_member,39.0,failed,finish_page
O0000909,U002238,T00009610,2026-06-23 09:16:04,hd_export,6.9,success,finish_page
O0000910,U002250,T00009658,2026-06-05 16:45:03,monthly_member,39.0,success,download_page
O0000911,U002252,T00009670,2026-06-15 15:18:35,remove_watermark,9.9,failed,download_page
O0000912,U002253,T00009676,2026-06-22 06:37:44,remove_watermark,9.9,failed,template_page
O0000913,U002253,T00009678,2026-06-26 15:33:49,fast_generation,4.9,success,popup
O0000914,U002256,T00009684,2026-05-16 20:12:47,monthly_member,39.0,failed,member_center
O0000915,U002256,T00009689,2026-06-17 05:08:20,monthly_member,39.0,failed,finish_page
O0000916,U002257,T00009700,2026-06-26 09:01:01,monthly_member,39.0,failed,template_page
O0000917,U002264,T00009723,2026-06-26 22:56:33,fast_generation,4.9,failed,finish_page
O0000918,U002274,T00009764,2026-06-21 05:18:51,monthly_member,39.0,success,download_page
O0000919,U002278,T00009780,2026-06-26 01:53:44,fast_generation,4.9,failed,finish_page
O0000920,U002281,T00009786,2026-06-24 13:20:06,hd_export,6.9,success,template_page
O0000921,U002285,T00009804,2026-05-19 00:11:55,monthly_member,39.0,failed,template_page
O0000922,U002287,T00009817,2026-06-26 03:52:45,monthly_member,39.0,failed,download_page
O0000923,U002292,T00009827,2026-06-21 02:59:57,credit_pack,29.0,failed,member_center
O0000924,U002300,T00009859,2026-06-20 20:54:55,hd_export,6.9,failed,template_page
O0000925,U002306,T00009888,2026-06-02 00:45:46,remove_watermark,9.9,failed,template_page
O0000926,U002309,T00009906,2026-06-08 19:01:08,remove_watermark,9.9,failed,finish_page
O0000927,U002310,T00009910,2026-06-04 06:27:30,monthly_member,39.0,success,finish_page
O0000928,U002316,T00009929,2026-05-24 06:39:30,hd_export,6.9,success,finish_page
O0000929,U002318,T00009935,2026-06-16 21:29:55,hd_export,6.9,failed,popup
O0000930,U002319,T00009938,2026-06-09 18:42:46,remove_watermark,9.9,failed,download_page
O0000931,U002319,T00009942,2026-06-23 17:55:13,credit_pack,29.0,failed,finish_page
O0000932,U002319,T00009943,2026-06-29 20:01:44,hd_export,6.9,failed,popup
O0000933,U002323,T00009966,2026-06-18 23:00:49,fast_generation,4.9,failed,finish_page
O0000934,U002325,T00009973,2026-05-29 18:34:03,monthly_member,39.0,success,finish_page
O0000935,U002325,T00009975,2026-06-09 14:05:45,remove_watermark,9.9,success,member_center
O0000936,U002327,T00009982,2026-06-01 17:09:34,monthly_member,39.0,failed,finish_page
O0000937,U002328,T00009984,2026-05-07 00:17:45,hd_export,6.9,success,finish_page
O0000938,U002328,T00009988,2026-06-25 04:13:51,remove_watermark,9.9,failed,popup
O0000939,U002330,T00009995,2026-05-23 20:16:17,remove_watermark,9.9,failed,popup
O0000940,U002335,T00010014,2026-06-22 06:33:02,monthly_member,39.0,failed,finish_page
O0000941,U002336,T00010016,2026-06-16 22:45:05,hd_export,6.9,failed,member_center
O0000942,U002338,T00010025,2026-06-04 02:42:59,credit_pack,29.0,failed,download_page
O0000943,U002341,T00010035,2026-05-28 17:59:21,remove_watermark,9.9,failed,download_page
O0000944,U002341,T00010037,2026-06-03 13:27:07,remove_watermark,9.9,failed,member_center
O0000945,U002344,T00010062,2026-06-10 19:02:03,hd_export,6.9,failed,finish_page
O0000946,U002345,T00010066,2026-05-06 20:31:18,remove_watermark,9.9,failed,member_center
O0000947,U002346,T00010074,2026-06-09 20:20:05,monthly_member,39.0,success,finish_page
O0000948,U002350,T00010089,2026-06-16 09:49:22,monthly_member,39.0,failed,download_page
O0000949,U002352,T00010097,2026-05-05 09:53:58,hd_export,6.9,failed,member_center
O0000950,U002352,T00010101,2026-05-31 08:37:17,credit_pack,29.0,failed,download_page
O0000951,U002352,T00010102,2026-06-05 02:32:00,fast_generation,4.9,failed,download_page
O0000952,U002354,T00010114,2026-06-22 12:46:04,hd_export,6.9,success,finish_page
O0000953,U002357,T00010121,2026-05-31 18:06:44,remove_watermark,9.9,failed,finish_page
O0000954,U002357,T00010124,2026-06-15 14:14:38,remove_watermark,9.9,failed,popup
O0000955,U002362,T00010139,2026-06-12 17:08:04,remove_watermark,9.9,failed,finish_page
O0000956,U002363,T00010149,2026-06-27 19:58:55,hd_export,6.9,failed,finish_page
O0000957,U002368,T00010167,2026-06-09 11:56:26,monthly_member,39.0,failed,finish_page
O0000958,U002368,T00010169,2026-06-14 22:21:05,hd_export,6.9,failed,member_center
O0000959,U002368,T00010173,2026-06-27 08:09:29,monthly_member,39.0,failed,finish_page
O0000960,U002370,T00010180,2026-05-11 16:28:09,monthly_member,39.0,failed,member_center
O0000961,U002374,T00010205,2026-06-03 11:27:41,monthly_member,39.0,failed,finish_page
O0000962,U002374,T00010208,2026-06-07 02:36:39,hd_export,6.9,success,popup
O0000963,U002375,T00010211,2026-06-01 10:58:57,remove_watermark,9.9,failed,download_page
O0000964,U002378,T00010235,2026-06-01 22:18:15,remove_watermark,9.9,failed,finish_page
O0000965,U002381,T00010242,2026-06-05 12:57:19,fast_generation,4.9,failed,download_page
O0000966,U002382,T00010247,2026-06-19 12:07:39,fast_generation,4.9,success,download_page
O0000967,U002384,T00010253,2026-06-26 19:47:34,credit_pack,29.0,failed,finish_page
O0000968,U002385,T00010256,2026-05-17 07:37:47,hd_export,6.9,failed,member_center
O0000969,U002385,T00010258,2026-05-19 19:28:36,remove_watermark,9.9,success,template_page
O0000970,U002387,T00010267,2026-06-11 00:08:54,remove_watermark,9.9,failed,member_center
O0000971,U002388,T00010279,2026-06-14 15:22:58,remove_watermark,9.9,failed,download_page
O0000972,U002389,T00010286,2026-06-20 08:13:46,hd_export,6.9,success,download_page
O0000973,U002394,T00010315,2026-06-24 00:59:54,hd_export,6.9,failed,download_page
O0000974,U002403,T00010361,2026-06-26 17:36:56,hd_export,6.9,failed,popup
O0000975,U002406,T00010372,2026-06-24 03:02:30,fast_generation,4.9,failed,member_center
O0000976,U002412,T00010393,2026-05-19 13:07:29,credit_pack,29.0,success,finish_page
O0000977,U002412,T00010394,2026-06-02 05:59:11,hd_export,6.9,failed,template_page
O0000978,U002417,T00010410,2026-06-08 14:46:38,remove_watermark,9.9,failed,finish_page
O0000979,U002418,T00010415,2026-05-20 01:02:06,credit_pack,29.0,failed,finish_page
O0000980,U002418,T00010417,2026-05-31 03:12:09,credit_pack,29.0,success,finish_page
O0000981,U002425,T00010440,2026-06-28 02:52:45,remove_watermark,9.9,failed,finish_page
O0000982,U002426,T00010443,2026-05-12 01:52:21,credit_pack,29.0,success,download_page
O0000983,U002430,T00010469,2026-06-29 17:35:41,hd_export,6.9,success,template_page
O0000984,U002434,T00010491,2026-06-28 20:16:45,fast_generation,4.9,success,finish_page
O0000985,U002436,T00010498,2026-06-29 17:41:26,monthly_member,39.0,failed,finish_page
O0000986,U002439,T00010506,2026-06-23 14:22:38,hd_export,6.9,success,popup
O0000987,U002441,T00010515,2026-05-24 06:10:53,hd_export,6.9,failed,member_center
O0000988,U002441,T00010518,2026-06-23 14:26:29,monthly_member,39.0,success,download_page
O0000989,U002444,T00010528,2026-06-23 21:50:11,hd_export,6.9,failed,popup
O0000990,U002446,T00010532,2026-06-09 09:00:48,remove_watermark,9.9,failed,finish_page
O0000991,U002449,T00010545,2026-06-14 22:34:27,hd_export,6.9,failed,finish_page
O0000992,U002449,T00010546,2026-06-19 02:44:35,remove_watermark,9.9,failed,popup
O0000993,U002450,T00010549,2026-06-13 16:46:36,monthly_member,39.0,success,download_page
O0000994,U002454,T00010566,2026-06-24 17:08:42,fast_generation,4.9,failed,download_page
O0000995,U002458,T00010578,2026-05-24 16:06:23,fast_generation,4.9,failed,finish_page
O0000996,U002459,T00010583,2026-06-01 03:12:04,hd_export,6.9,failed,member_center
O0000997,U002459,T00010585,2026-06-25 18:30:56,credit_pack,29.0,failed,download_page
O0000998,U002460,T00010587,2026-06-25 09:06:05,remove_watermark,9.9,failed,popup
O0000999,U002462,T00010597,2026-06-28 20:39:40,hd_export,6.9,failed,download_page
O0001000,U002464,T00010600,2026-05-26 03:38:00,hd_export,6.9,failed,template_page
O0001001,U002464,T00010601,2026-06-08 16:31:12,hd_export,6.9,failed,finish_page
O0001002,U002464,T00010603,2026-06-22 00:37:37,hd_export,6.9,success,finish_page
O0001003,U002468,T00010619,2026-06-23 12:19:15,credit_pack,29.0,failed,finish_page
O0001004,U002469,T00010621,2026-06-16 07:37:26,credit_pack,29.0,success,finish_page
O0001005,U002469,T00010622,2026-06-28 10:25:38,remove_watermark,9.9,failed,finish_page
O0001006,U002470,T00010623,2026-05-21 22:18:41,hd_export,6.9,success,popup
O0001007,U002470,T00010625,2026-05-26 19:51:47,monthly_member,39.0,failed,download_page
O0001008,U002470,T00010626,2026-05-27 19:34:05,hd_export,6.9,failed,finish_page
O0001009,U002470,T00010629,2026-06-03 14:49:16,monthly_member,39.0,failed,finish_page
O0001010,U002475,T00010648,2026-05-19 10:29:33,credit_pack,29.0,failed,template_page
O0001011,U002475,T00010654,2026-06-16 08:27:35,monthly_member,39.0,success,download_page
O0001012,U002480,T00010670,2026-05-30 13:14:40,credit_pack,29.0,failed,member_center
O0001013,U002488,T00010699,2026-05-22 13:30:37,hd_export,6.9,success,finish_page
O0001014,U002489,T00010707,2026-06-26 14:09:32,hd_export,6.9,failed,template_page
O0001015,U002494,T00010722,2026-06-07 14:47:04,remove_watermark,9.9,failed,download_page
O0001016,U002495,T00010728,2026-06-25 14:07:29,remove_watermark,9.9,failed,finish_page
O0001017,U002495,T00010729,2026-06-25 20:51:34,monthly_member,39.0,failed,download_page
O0001018,U002496,T00010732,2026-06-24 11:51:56,hd_export,6.9,failed,popup
O0001019,U002502,T00010756,2026-06-23 10:15:55,hd_export,6.9,failed,finish_page
O0001020,U002502,T00010760,2026-06-29 16:38:03,monthly_member,39.0,failed,member_center
O0001021,U002503,T00010761,2026-05-28 23:49:29,remove_watermark,9.9,failed,finish_page
O0001022,U002507,T00010775,2026-06-18 13:11:34,monthly_member,39.0,success,finish_page
O0001023,U002508,T00010784,2026-06-12 20:37:35,monthly_member,39.0,failed,finish_page
O0001024,U002513,T00010808,2026-05-11 16:23:03,remove_watermark,9.9,failed,download_page
O0001025,U002514,T00010812,2026-06-23 05:45:10,remove_watermark,9.9,failed,download_page
O0001026,U002517,T00010820,2026-06-09 14:59:06,hd_export,6.9,failed,finish_page
O0001027,U002519,T00010828,2026-06-25 13:57:30,hd_export,6.9,failed,finish_page
O0001028,U002521,T00010840,2026-06-13 11:48:17,credit_pack,29.0,failed,finish_page
O0001029,U002529,T00010874,2026-06-01 05:11:16,fast_generation,4.9,success,download_page
O0001030,U002530,T00010879,2026-06-27 08:40:11,monthly_member,39.0,failed,popup
O0001031,U002531,T00010883,2026-06-17 13:26:01,monthly_member,39.0,success,download_page
O0001032,U002532,T00010887,2026-06-04 18:12:19,fast_generation,4.9,failed,finish_page
O0001033,U002532,T00010890,2026-06-14 04:32:26,fast_generation,4.9,success,member_center
O0001034,U002533,T00010894,2026-06-23 06:32:13,hd_export,6.9,failed,download_page
O0001035,U002537,T00010904,2026-05-24 09:42:30,monthly_member,39.0,failed,member_center
O0001036,U002538,T00010910,2026-06-13 06:11:27,credit_pack,29.0,failed,popup
O0001037,U002541,T00010922,2026-06-15 00:44:04,credit_pack,29.0,success,download_page
O0001038,U002544,T00010930,2026-06-04 11:10:01,hd_export,6.9,success,download_page
O0001039,U002551,T00010968,2026-05-17 19:27:51,hd_export,6.9,failed,finish_page
O0001040,U002551,T00010972,2026-06-04 00:43:24,credit_pack,29.0,failed,template_page
O0001041,U002557,T00011012,2026-05-31 03:31:53,credit_pack,29.0,failed,finish_page
O0001042,U002559,T00011016,2026-06-25 09:45:57,remove_watermark,9.9,failed,finish_page
O0001043,U002560,T00011020,2026-05-08 07:06:33,remove_watermark,9.9,failed,popup
O0001044,U002566,T00011048,2026-06-09 09:23:51,credit_pack,29.0,failed,download_page
O0001045,U002567,T00011052,2026-05-24 23:35:40,monthly_member,39.0,failed,download_page
O0001046,U002567,T00011056,2026-06-24 03:17:56,hd_export,6.9,failed,finish_page
O0001047,U002570,T00011070,2026-06-06 09:56:00,hd_export,6.9,failed,finish_page
O0001048,U002572,T00011087,2026-06-20 02:41:10,hd_export,6.9,success,download_page
O0001049,U002576,T00011111,2026-06-28 21:31:48,credit_pack,29.0,failed,download_page
O0001050,U002586,T00011150,2026-06-07 22:41:48,hd_export,6.9,failed,download_page
O0001051,U002587,T00011156,2026-06-20 14:57:02,remove_watermark,9.9,failed,finish_page
O0001052,U002587,T00011157,2026-06-29 17:23:42,monthly_member,39.0,success,finish_page
O0001053,U002594,T00011187,2026-06-12 00:44:06,remove_watermark,9.9,failed,download_page
O0001054,U002596,T00011197,2026-05-29 08:45:23,fast_generation,4.9,failed,member_center
O0001055,U002602,T00011232,2026-06-23 03:07:15,monthly_member,39.0,failed,download_page
O0001056,U002607,T00011258,2026-05-07 19:03:59,remove_watermark,9.9,failed,finish_page
O0001057,U002613,T00011279,2026-05-19 01:20:18,remove_watermark,9.9,success,finish_page
O0001058,U002613,T00011281,2026-06-06 04:06:09,hd_export,6.9,failed,member_center
O0001059,U002614,T00011286,2026-06-29 12:12:07,hd_export,6.9,success,member_center
O0001060,U002622,T00011309,2026-06-23 05:37:49,fast_generation,4.9,failed,download_page
O0001061,U002630,T00011342,2026-05-29 13:33:24,monthly_member,39.0,success,member_center
O0001062,U002633,T00011358,2026-06-10 04:38:41,monthly_member,39.0,failed,finish_page
O0001063,U002638,T00011380,2026-06-26 05:53:32,hd_export,6.9,failed,member_center
O0001064,U002639,T00011385,2026-05-20 08:58:51,monthly_member,39.0,success,download_page
O0001065,U002643,T00011403,2026-05-17 16:45:17,credit_pack,29.0,failed,finish_page
O0001066,U002651,T00011423,2026-05-06 20:11:15,remove_watermark,9.9,success,finish_page
O0001067,U002652,T00011437,2026-06-20 22:36:24,monthly_member,39.0,failed,template_page
O0001068,U002653,T00011442,2026-06-18 22:56:03,remove_watermark,9.9,failed,download_page
O0001069,U002655,T00011452,2026-05-13 14:13:22,fast_generation,4.9,failed,finish_page
O0001070,U002657,T00011457,2026-06-14 21:01:25,hd_export,6.9,success,finish_page
O0001071,U002660,T00011469,2026-06-27 22:04:48,hd_export,6.9,failed,popup
O0001072,U002663,T00011483,2026-06-12 17:28:32,hd_export,6.9,failed,popup
O0001073,U002665,T00011490,2026-05-21 09:12:17,monthly_member,39.0,failed,popup
O0001074,U002672,T00011524,2026-06-20 20:24:42,remove_watermark,9.9,failed,download_page
O0001075,U002672,T00011526,2026-06-23 14:22:44,credit_pack,29.0,failed,download_page
O0001076,U002676,T00011545,2026-06-15 16:41:54,monthly_member,39.0,failed,popup
O0001077,U002679,T00011554,2026-06-22 12:19:41,monthly_member,39.0,success,download_page
O0001078,U002681,T00011562,2026-06-27 14:00:49,hd_export,6.9,failed,download_page
O0001079,U002682,T00011568,2026-06-27 12:32:32,monthly_member,39.0,success,finish_page
O0001080,U002683,T00011570,2026-05-18 03:22:23,credit_pack,29.0,failed,member_center
O0001081,U002683,T00011571,2026-05-23 05:36:52,remove_watermark,9.9,failed,download_page
O0001082,U002684,T00011579,2026-06-22 11:06:00,credit_pack,29.0,failed,download_page
O0001083,U002686,T00011583,2026-06-07 15:41:34,monthly_member,39.0,success,finish_page
O0001084,U002686,T00011585,2026-06-18 14:06:19,remove_watermark,9.9,success,finish_page
O0001085,U002686,T00011587,2026-06-28 06:09:57,fast_generation,4.9,success,finish_page
O0001086,U002689,T00011595,2026-05-31 22:27:48,credit_pack,29.0,failed,finish_page
O0001087,U002690,T00011602,2026-06-26 07:52:20,remove_watermark,9.9,failed,template_page
O0001088,U002692,T00011607,2026-06-05 05:18:53,hd_export,6.9,failed,download_page
O0001089,U002695,T00011619,2026-06-03 02:34:42,remove_watermark,9.9,success,download_page
O0001090,U002698,T00011628,2026-06-19 10:30:32,hd_export,6.9,success,finish_page
O0001091,U002699,T00011631,2026-05-17 11:18:49,monthly_member,39.0,failed,download_page
O0001092,U002699,T00011633,2026-06-02 12:50:35,hd_export,6.9,failed,member_center
O0001093,U002701,T00011641,2026-05-23 22:05:38,fast_generation,4.9,success,finish_page
O0001094,U002702,T00011646,2026-06-02 11:06:27,credit_pack,29.0,success,download_page
O0001095,U002705,T00011659,2026-06-18 15:45:46,hd_export,6.9,success,finish_page
O0001096,U002720,T00011715,2026-06-11 03:02:32,remove_watermark,9.9,failed,finish_page
O0001097,U002725,T00011735,2026-06-18 12:44:43,hd_export,6.9,failed,finish_page
O0001098,U002728,T00011743,2026-06-12 18:13:33,monthly_member,39.0,success,finish_page
O0001099,U002734,T00011760,2026-06-10 10:19:20,remove_watermark,9.9,failed,finish_page
O0001100,U002735,T00011765,2026-06-13 07:46:31,monthly_member,39.0,failed,finish_page
O0001101,U002735,T00011766,2026-06-18 12:43:02,remove_watermark,9.9,failed,download_page
O0001102,U002737,T00011779,2026-06-14 20:51:24,fast_generation,4.9,failed,template_page
O0001103,U002745,T00011815,2026-05-20 22:11:17,hd_export,6.9,failed,template_page
O0001104,U002746,T00011826,2026-06-16 09:51:05,monthly_member,39.0,failed,template_page
O0001105,U002752,T00011851,2026-06-14 00:20:52,credit_pack,29.0,success,finish_page
O0001106,U002755,T00011867,2026-06-07 20:07:17,monthly_member,39.0,success,download_page
O0001107,U002755,T00011868,2026-06-11 14:39:49,fast_generation,4.9,failed,download_page
O0001108,U002757,T00011875,2026-06-27 21:05:38,fast_generation,4.9,failed,template_page
O0001109,U002761,T00011888,2026-06-13 18:49:07,monthly_member,39.0,failed,finish_page
O0001110,U002762,T00011896,2026-06-04 20:33:15,remove_watermark,9.9,failed,finish_page
O0001111,U002762,T00011897,2026-06-17 09:03:52,monthly_member,39.0,failed,popup
O0001112,U002767,T00011917,2026-06-13 14:26:34,credit_pack,29.0,failed,finish_page
O0001113,U002769,T00011923,2026-06-16 02:56:39,monthly_member,39.0,failed,download_page
O0001114,U002771,T00011928,2026-06-04 14:32:31,remove_watermark,9.9,failed,download_page
O0001115,U002775,T00011938,2026-06-19 11:38:16,credit_pack,29.0,failed,download_page
O0001116,U002778,T00011946,2026-05-20 16:24:42,hd_export,6.9,success,template_page
O0001117,U002780,T00011964,2026-06-08 07:09:08,hd_export,6.9,success,download_page
O0001118,U002782,T00011970,2026-05-19 18:31:57,remove_watermark,9.9,failed,download_page
O0001119,U002783,T00011978,2026-06-11 08:30:42,hd_export,6.9,failed,popup
O0001120,U002788,T00012000,2026-06-16 18:08:23,hd_export,6.9,success,finish_page
O0001121,U002789,T00012006,2026-06-18 17:08:19,fast_generation,4.9,success,download_page
O0001122,U002790,T00012008,2026-06-02 07:19:26,monthly_member,39.0,failed,popup
O0001123,U002794,T00012028,2026-06-05 06:34:14,credit_pack,29.0,failed,finish_page
O0001124,U002797,T00012039,2026-06-28 21:41:08,credit_pack,29.0,success,member_center
O0001125,U002798,T00012043,2026-06-16 04:16:30,hd_export,6.9,success,member_center
O0001126,U002802,T00012059,2026-05-20 11:56:40,hd_export,6.9,failed,finish_page
O0001127,U002802,T00012061,2026-05-27 12:11:34,monthly_member,39.0,success,download_page
O0001128,U002806,T00012080,2026-06-28 04:44:47,fast_generation,4.9,success,finish_page
O0001129,U002809,T00012093,2026-06-22 06:05:44,credit_pack,29.0,failed,download_page
O0001130,U002817,T00012126,2026-06-04 03:49:08,monthly_member,39.0,success,finish_page
O0001131,U002819,T00012136,2026-06-02 10:00:27,monthly_member,39.0,failed,member_center
O0001132,U002825,T00012163,2026-06-19 23:54:44,monthly_member,39.0,failed,finish_page
O0001133,U002828,T00012177,2026-06-22 15:39:59,monthly_member,39.0,success,finish_page
O0001134,U002831,T00012188,2026-06-18 21:42:25,remove_watermark,9.9,failed,finish_page
O0001135,U002832,T00012191,2026-06-13 12:04:52,hd_export,6.9,failed,popup
O0001136,U002832,T00012192,2026-06-13 12:37:47,monthly_member,39.0,failed,popup
O0001137,U002835,T00012203,2026-05-28 13:48:21,remove_watermark,9.9,success,download_page
O0001138,U002838,T00012222,2026-06-29 02:53:35,credit_pack,29.0,failed,finish_page
O0001139,U002840,T00012228,2026-06-23 08:27:16,fast_generation,4.9,failed,finish_page
O0001140,U002840,T00012232,2026-06-29 18:12:16,fast_generation,4.9,failed,finish_page
O0001141,U002843,T00012237,2026-06-23 19:36:13,hd_export,6.9,success,finish_page
O0001142,U002845,T00012247,2026-06-23 17:02:47,hd_export,6.9,failed,download_page
O0001143,U002849,T00012261,2026-06-26 23:49:35,credit_pack,29.0,success,member_center
O0001144,U002849,T00012262,2026-06-27 03:02:02,hd_export,6.9,failed,download_page
O0001145,U002851,T00012272,2026-06-22 23:43:45,credit_pack,29.0,failed,popup
O0001146,U002855,T00012283,2026-06-10 06:38:16,remove_watermark,9.9,success,popup
O0001147,U002855,T00012288,2026-06-20 14:56:39,hd_export,6.9,success,finish_page
O0001148,U002858,T00012294,2026-06-29 10:10:58,remove_watermark,9.9,failed,popup
O0001149,U002859,T00012297,2026-06-25 19:11:10,hd_export,6.9,success,download_page
O0001150,U002860,T00012303,2026-06-25 22:06:47,hd_export,6.9,success,finish_page
O0001151,U002865,T00012320,2026-06-17 03:47:18,hd_export,6.9,success,member_center
O0001152,U002866,T00012324,2026-06-02 05:37:26,credit_pack,29.0,success,finish_page
O0001153,U002866,T00012326,2026-06-27 15:15:24,monthly_member,39.0,failed,finish_page
O0001154,U002868,T00012331,2026-06-29 19:21:27,remove_watermark,9.9,success,finish_page
O0001155,U002869,T00012332,2026-05-06 07:34:38,remove_watermark,9.9,success,member_center
O0001156,U002872,T00012341,2026-05-24 00:20:31,credit_pack,29.0,failed,download_page
O0001157,U002872,T00012342,2026-05-27 14:02:41,fast_generation,4.9,success,finish_page
O0001158,U002872,T00012343,2026-06-08 18:31:03,remove_watermark,9.9,success,finish_page
O0001159,U002872,T00012344,2026-06-13 08:29:51,credit_pack,29.0,failed,finish_page
O0001160,U002877,T00012366,2026-05-25 22:40:05,credit_pack,29.0,success,download_page
O0001161,U002894,T00012448,2026-06-26 10:52:22,fast_generation,4.9,failed,download_page
O0001162,U002896,T00012465,2026-06-03 08:19:52,fast_generation,4.9,success,popup
O0001163,U002899,T00012494,2026-06-21 03:38:46,monthly_member,39.0,failed,finish_page
O0001164,U002900,T00012496,2026-05-15 10:12:53,remove_watermark,9.9,failed,finish_page
O0001165,U002901,T00012503,2026-06-28 14:30:43,remove_watermark,9.9,success,download_page
O0001166,U002907,T00012524,2026-06-09 22:11:18,credit_pack,29.0,failed,download_page
O0001167,U002908,T00012528,2026-06-20 12:19:24,remove_watermark,9.9,failed,finish_page
O0001168,U002908,T00012530,2026-06-27 18:20:12,hd_export,6.9,success,finish_page
O0001169,U002914,T00012551,2026-05-20 03:58:01,remove_watermark,9.9,failed,popup
O0001170,U002915,T00012554,2026-06-06 03:47:39,fast_generation,4.9,failed,member_center
O0001171,U002918,T00012571,2026-06-21 07:24:38,hd_export,6.9,failed,template_page
O0001172,U002924,T00012592,2026-06-24 14:59:54,remove_watermark,9.9,failed,download_page
O0001173,U002928,T00012607,2026-05-15 08:38:08,remove_watermark,9.9,success,member_center
O0001174,U002928,T00012609,2026-05-22 04:47:19,remove_watermark,9.9,failed,member_center
O0001175,U002934,T00012642,2026-05-27 10:11:32,monthly_member,39.0,failed,download_page
O0001176,U002934,T00012644,2026-06-15 21:52:27,monthly_member,39.0,failed,finish_page
O0001177,U002934,T00012645,2026-06-22 17:09:54,hd_export,6.9,failed,finish_page
O0001178,U002935,T00012651,2026-06-22 06:08:18,fast_generation,4.9,success,finish_page
O0001179,U002938,T00012660,2026-06-18 22:41:04,credit_pack,29.0,success,member_center
O0001180,U002938,T00012661,2026-06-19 02:31:55,credit_pack,29.0,failed,member_center
O0001181,U002941,T00012675,2026-05-11 16:39:20,monthly_member,39.0,failed,finish_page
O0001182,U002946,T00012698,2026-06-29 06:10:30,monthly_member,39.0,failed,download_page
O0001183,U002947,T00012701,2026-05-19 21:56:05,hd_export,6.9,success,popup
O0001184,U002952,T00012721,2026-06-17 03:10:49,monthly_member,39.0,failed,finish_page
O0001185,U002952,T00012724,2026-06-28 14:40:25,fast_generation,4.9,success,template_page
O0001186,U002958,T00012736,2026-06-26 21:27:11,credit_pack,29.0,success,popup
O0001187,U002959,T00012739,2026-05-09 07:49:52,hd_export,6.9,failed,template_page
O0001188,U002959,T00012742,2026-05-25 02:19:10,hd_export,6.9,success,download_page
O0001189,U002960,T00012752,2026-05-23 14:14:04,credit_pack,29.0,failed,finish_page
O0001190,U002960,T00012757,2026-06-16 15:53:21,hd_export,6.9,failed,finish_page
O0001191,U002962,T00012769,2026-06-05 14:33:33,monthly_member,39.0,success,finish_page
O0001192,U002963,T00012775,2026-06-03 12:34:50,hd_export,6.9,success,download_page
O0001193,U002963,T00012779,2026-06-19 08:20:04,hd_export,6.9,failed,popup
O0001194,U002964,T00012784,2026-06-24 20:26:38,monthly_member,39.0,failed,finish_page
O0001195,U002968,T00012795,2026-05-24 18:52:05,monthly_member,39.0,success,finish_page
O0001196,U002968,T00012800,2026-06-20 18:45:19,fast_generation,4.9,failed,finish_page
O0001197,U002976,T00012833,2026-06-14 00:36:49,monthly_member,39.0,failed,member_center
O0001198,U002978,T00012843,2026-06-18 21:02:37,hd_export,6.9,failed,member_center
O0001199,U002979,T00012848,2026-06-19 19:55:14,credit_pack,29.0,failed,member_center
O0001200,U002983,T00012862,2026-06-09 15:33:34,hd_export,6.9,failed,member_center
O0001201,U002983,T00012865,2026-06-18 10:55:58,monthly_member,39.0,failed,download_page
O0001202,U002983,T00012869,2026-06-24 12:26:39,monthly_member,39.0,success,member_center
O0001203,U002984,T00012873,2026-06-08 07:17:24,hd_export,6.9,failed,finish_page
O0001204,U002986,T00012882,2026-06-21 02:42:51,hd_export,6.9,success,download_page
O0001205,U002993,T00012923,2026-06-19 10:15:05,hd_export,6.9,success,template_page
O0001206,U002994,T00012925,2026-06-17 12:24:31,hd_export,6.9,failed,popup
O0001207,U002994,T00012928,2026-06-23 01:47:12,fast_generation,4.9,success,finish_page
O0001208,U002997,T00012944,2026-06-27 01:47:49,hd_export,6.9,success,finish_page
O0001209,U002999,T00012956,2026-06-18 02:24:59,fast_generation,4.9,success,member_center
O0001210,U002999,T00012959,2026-06-28 11:21:17,credit_pack,29.0,success,finish_page
O0001211,U003003,T00012982,2026-06-26 03:07:23,remove_watermark,9.9,success,member_center
O0001212,U003005,T00012993,2026-06-04 02:28:13,remove_watermark,9.9,failed,popup
O0001213,U003005,T00012994,2026-06-08 05:29:55,monthly_member,39.0,failed,popup
O0001214,U003005,T00012998,2026-06-29 01:32:42,hd_export,6.9,failed,download_page
O0001215,U003012,T00013020,2026-05-28 04:42:25,hd_export,6.9,failed,popup
O0001216,U003014,T00013026,2026-06-29 13:52:44,monthly_member,39.0,success,finish_page
O0001217,U003019,T00013034,2026-05-28 09:06:59,credit_pack,29.0,success,download_page
O0001218,U003023,T00013041,2026-06-10 12:23:25,credit_pack,29.0,failed,finish_page
O0001219,U003027,T00013057,2026-06-16 17:00:45,monthly_member,39.0,failed,finish_page
O0001220,U003029,T00013070,2026-06-05 12:06:06,credit_pack,29.0,failed,download_page
O0001221,U003033,T00013090,2026-05-10 12:09:41,fast_generation,4.9,success,finish_page
O0001222,U003033,T00013091,2026-05-24 04:01:31,credit_pack,29.0,success,popup
O0001223,U003035,T00013096,2026-06-05 20:56:00,monthly_member,39.0,failed,popup
O0001224,U003036,T00013105,2026-06-29 12:43:13,hd_export,6.9,failed,finish_page
O0001225,U003042,T00013131,2026-06-20 10:02:36,fast_generation,4.9,failed,finish_page
O0001226,U003055,T00013182,2026-05-27 04:15:42,remove_watermark,9.9,failed,template_page
O0001227,U003056,T00013190,2026-06-23 13:23:40,hd_export,6.9,failed,finish_page
O0001228,U003061,T00013203,2026-05-27 18:58:16,hd_export,6.9,success,download_page
O0001229,U003062,T00013210,2026-06-12 18:54:42,remove_watermark,9.9,failed,finish_page
O0001230,U003062,T00013212,2026-06-19 18:26:08,hd_export,6.9,failed,download_page
O0001231,U003064,T00013225,2026-06-19 08:37:08,hd_export,6.9,failed,finish_page
O0001232,U003066,T00013233,2026-06-27 20:36:02,fast_generation,4.9,success,popup
O0001233,U003068,T00013236,2026-06-11 05:23:52,credit_pack,29.0,success,finish_page
O0001234,U003068,T00013237,2026-06-11 17:54:47,monthly_member,39.0,success,download_page
O0001235,U003071,T00013256,2026-06-27 16:18:13,monthly_member,39.0,failed,popup
O0001236,U003072,T00013257,2026-06-21 16:38:38,fast_generation,4.9,failed,popup
O0001237,U003074,T00013263,2026-06-03 05:06:28,credit_pack,29.0,failed,popup
O0001238,U003077,T00013276,2026-06-25 10:58:47,remove_watermark,9.9,failed,popup
O0001239,U003085,T00013302,2026-06-15 07:06:15,credit_pack,29.0,failed,template_page
O0001240,U003086,T00013306,2026-06-20 04:29:33,hd_export,6.9,failed,popup
O0001241,U003091,T00013323,2026-05-23 04:50:50,hd_export,6.9,failed,popup
O0001242,U003093,T00013334,2026-05-24 19:05:36,credit_pack,29.0,failed,member_center
O0001243,U003094,T00013342,2026-06-19 12:25:01,credit_pack,29.0,failed,member_center
O0001244,U003094,T00013343,2026-06-27 23:50:10,hd_export,6.9,failed,finish_page
O0001245,U003095,T00013349,2026-06-03 09:59:54,remove_watermark,9.9,failed,template_page
O0001246,U003096,T00013356,2026-06-28 14:54:25,monthly_member,39.0,failed,member_center
O0001247,U003097,T00013358,2026-06-01 01:41:38,credit_pack,29.0,success,popup
O0001248,U003097,T00013360,2026-06-22 12:25:25,monthly_member,39.0,failed,template_page
O0001249,U003098,T00013362,2026-06-08 08:07:06,credit_pack,29.0,failed,member_center
O0001250,U003101,T00013376,2026-05-28 09:45:49,credit_pack,29.0,success,download_page
O0001251,U003102,T00013379,2026-06-05 09:16:35,hd_export,6.9,failed,finish_page
O0001252,U003102,T00013381,2026-06-19 11:42:40,remove_watermark,9.9,success,download_page
O0001253,U003103,T00013382,2026-05-21 11:56:22,monthly_member,39.0,failed,template_page
O0001254,U003103,T00013385,2026-05-28 09:28:16,hd_export,6.9,failed,download_page
O0001255,U003103,T00013388,2026-06-15 22:48:23,remove_watermark,9.9,failed,popup
O0001256,U003105,T00013396,2026-05-21 08:58:44,monthly_member,39.0,failed,template_page
O0001257,U003105,T00013400,2026-05-30 10:14:32,hd_export,6.9,failed,download_page
O0001258,U003111,T00013431,2026-06-09 03:06:52,fast_generation,4.9,failed,template_page
O0001259,U003111,T00013433,2026-06-15 20:58:21,fast_generation,4.9,failed,popup
O0001260,U003112,T00013435,2026-05-11 22:24:39,monthly_member,39.0,failed,finish_page
O0001261,U003112,T00013440,2026-06-07 23:38:03,remove_watermark,9.9,failed,finish_page
O0001262,U003118,T00013468,2026-06-28 09:59:44,hd_export,6.9,failed,member_center
O0001263,U003121,T00013472,2026-06-12 06:45:11,hd_export,6.9,success,template_page
O0001264,U003124,T00013485,2026-06-21 15:23:39,hd_export,6.9,success,finish_page
O0001265,U003126,T00013487,2026-06-25 08:04:22,hd_export,6.9,failed,member_center
O0001266,U003127,T00013488,2026-06-08 08:49:43,remove_watermark,9.9,failed,finish_page
O0001267,U003129,T00013501,2026-06-11 21:52:12,remove_watermark,9.9,success,finish_page
O0001268,U003131,T00013513,2026-05-31 11:07:54,hd_export,6.9,success,template_page
O0001269,U003133,T00013521,2026-05-25 05:39:26,fast_generation,4.9,success,template_page
O0001270,U003136,T00013535,2026-06-28 01:11:14,hd_export,6.9,success,finish_page
O0001271,U003138,T00013540,2026-06-26 18:15:48,remove_watermark,9.9,success,popup
O0001272,U003138,T00013541,2026-06-27 16:23:01,remove_watermark,9.9,success,finish_page
O0001273,U003140,T00013552,2026-06-04 20:48:25,monthly_member,39.0,success,member_center
O0001274,U003145,T00013580,2026-06-03 07:08:06,monthly_member,39.0,success,finish_page
O0001275,U003146,T00013583,2026-06-26 17:07:55,remove_watermark,9.9,success,download_page
O0001276,U003150,T00013607,2026-06-03 14:19:39,credit_pack,29.0,success,popup
O0001277,U003152,T00013617,2026-06-19 23:29:43,fast_generation,4.9,failed,finish_page
O0001278,U003155,T00013625,2026-06-18 07:34:28,credit_pack,29.0,failed,download_page
O0001279,U003159,T00013643,2026-06-08 21:53:22,remove_watermark,9.9,failed,finish_page
O0001280,U003161,T00013647,2026-06-28 19:31:48,hd_export,6.9,failed,finish_page
O0001281,U003162,T00013654,2026-06-11 08:11:19,remove_watermark,9.9,failed,download_page
O0001282,U003163,T00013659,2026-05-23 08:28:37,monthly_member,39.0,failed,finish_page
O0001283,U003164,T00013668,2026-06-13 01:32:29,remove_watermark,9.9,success,download_page
O0001284,U003166,T00013675,2026-06-18 02:41:21,remove_watermark,9.9,failed,finish_page
O0001285,U003166,T00013676,2026-06-20 02:31:40,remove_watermark,9.9,failed,finish_page
O0001286,U003168,T00013684,2026-06-29 10:06:28,monthly_member,39.0,success,template_page
O0001287,U003171,T00013695,2026-06-21 13:03:42,remove_watermark,9.9,failed,finish_page
O0001288,U003176,T00013706,2026-05-31 08:45:59,fast_generation,4.9,success,download_page
O0001289,U003176,T00013707,2026-06-13 13:47:02,fast_generation,4.9,success,finish_page
O0001290,U003177,T00013715,2026-06-06 18:42:02,hd_export,6.9,failed,finish_page
O0001291,U003178,T00013721,2026-06-24 20:15:36,fast_generation,4.9,failed,finish_page
O0001292,U003182,T00013732,2026-05-29 03:27:51,remove_watermark,9.9,failed,finish_page
O0001293,U003186,T00013748,2026-06-24 14:11:40,remove_watermark,9.9,success,template_page
O0001294,U003187,T00013751,2026-06-13 04:57:32,monthly_member,39.0,success,download_page
O0001295,U003189,T00013759,2026-05-30 09:44:07,fast_generation,4.9,failed,template_page
O0001296,U003199,T00013794,2026-05-30 23:19:30,hd_export,6.9,failed,finish_page
O0001297,U003199,T00013795,2026-05-31 22:51:53,hd_export,6.9,success,popup
O0001298,U003202,T00013807,2026-06-16 18:32:19,monthly_member,39.0,failed,download_page
O0001299,U003209,T00013828,2026-06-11 20:35:42,remove_watermark,9.9,success,finish_page
O0001300,U003216,T00013855,2026-06-07 18:34:49,monthly_member,39.0,failed,finish_page
O0001301,U003221,T00013878,2026-06-17 11:24:17,hd_export,6.9,success,member_center
O0001302,U003222,T00013885,2026-06-07 07:29:12,hd_export,6.9,failed,finish_page
O0001303,U003222,T00013886,2026-06-09 09:53:31,remove_watermark,9.9,failed,finish_page
O0001304,U003224,T00013896,2026-06-27 13:02:39,monthly_member,39.0,failed,download_page
O0001305,U003226,T00013903,2026-05-11 07:15:42,credit_pack,29.0,failed,member_center
O0001306,U003228,T00013914,2026-05-24 20:36:34,fast_generation,4.9,failed,finish_page
O0001307,U003228,T00013916,2026-05-29 07:59:19,credit_pack,29.0,failed,download_page
O0001308,U003229,T00013920,2026-05-21 14:33:11,remove_watermark,9.9,success,member_center
O0001309,U003230,T00013927,2026-06-15 20:28:48,remove_watermark,9.9,success,finish_page
O0001310,U003235,T00013950,2026-06-28 19:54:33,credit_pack,29.0,success,member_center
O0001311,U003244,T00013986,2026-06-26 14:58:53,monthly_member,39.0,failed,popup
O0001312,U003244,T00013987,2026-06-28 04:20:32,monthly_member,39.0,success,finish_page
O0001313,U003246,T00013999,2026-06-29 10:44:26,hd_export,6.9,failed,template_page
O0001314,U003248,T00014004,2026-05-31 12:13:20,fast_generation,4.9,failed,member_center
O0001315,U003249,T00014008,2026-05-31 10:35:09,hd_export,6.9,success,finish_page
O0001316,U003253,T00014024,2026-06-26 21:14:55,hd_export,6.9,failed,popup
O0001317,U003254,T00014028,2026-05-03 13:03:09,hd_export,6.9,failed,finish_page
O0001318,U003254,T00014031,2026-06-03 10:40:54,remove_watermark,9.9,failed,finish_page
O0001319,U003258,T00014051,2026-06-21 19:35:13,remove_watermark,9.9,success,popup
O0001320,U003258,T00014052,2026-06-22 12:06:17,monthly_member,39.0,failed,download_page
O0001321,U003261,T00014064,2026-06-03 19:45:41,hd_export,6.9,failed,template_page
O0001322,U003264,T00014084,2026-06-27 14:44:00,credit_pack,29.0,success,popup
O0001323,U003266,T00014089,2026-06-28 02:08:02,credit_pack,29.0,failed,finish_page
O0001324,U003267,T00014093,2026-06-09 09:21:56,fast_generation,4.9,success,popup
O0001325,U003271,T00014110,2026-06-06 20:06:15,fast_generation,4.9,failed,finish_page
O0001326,U003272,T00014114,2026-06-27 15:47:23,credit_pack,29.0,failed,download_page
O0001327,U003279,T00014136,2026-05-18 14:53:35,hd_export,6.9,success,download_page
O0001328,U003283,T00014156,2026-05-04 07:21:39,monthly_member,39.0,failed,finish_page
O0001329,U003283,T00014160,2026-06-21 16:49:47,credit_pack,29.0,failed,template_page
O0001330,U003284,T00014164,2026-06-27 12:53:39,remove_watermark,9.9,failed,member_center
O0001331,U003286,T00014170,2026-06-01 02:39:15,monthly_member,39.0,failed,finish_page
O0001332,U003290,T00014196,2026-06-12 18:12:34,remove_watermark,9.9,success,finish_page
O0001333,U003292,T00014203,2026-06-04 04:17:14,hd_export,6.9,success,download_page
O0001334,U003295,T00014213,2026-06-29 12:15:10,credit_pack,29.0,failed,template_page
O0001335,U003296,T00014216,2026-06-11 17:42:37,credit_pack,29.0,failed,finish_page
O0001336,U003297,T00014217,2026-05-12 09:14:14,remove_watermark,9.9,failed,finish_page
O0001337,U003299,T00014228,2026-05-18 20:02:01,remove_watermark,9.9,failed,finish_page
O0001338,U003299,T00014233,2026-06-19 17:57:38,fast_generation,4.9,failed,finish_page
O0001339,U003303,T00014250,2026-06-06 12:53:35,hd_export,6.9,success,popup
O0001340,U003306,T00014271,2026-05-17 23:02:28,remove_watermark,9.9,success,member_center
O0001341,U003307,T00014279,2026-06-14 05:58:08,credit_pack,29.0,failed,download_page
O0001342,U003308,T00014282,2026-06-06 00:58:05,monthly_member,39.0,success,finish_page
O0001343,U003311,T00014295,2026-05-26 13:24:30,remove_watermark,9.9,success,download_page
O0001344,U003314,T00014315,2026-06-27 17:52:30,hd_export,6.9,failed,download_page
O0001345,U003315,T00014319,2026-06-10 05:41:00,hd_export,6.9,failed,finish_page
O0001346,U003316,T00014327,2026-06-24 16:17:48,credit_pack,29.0,success,popup
O0001347,U003317,T00014331,2026-06-27 07:51:46,fast_generation,4.9,failed,template_page
O0001348,U003321,T00014346,2026-06-19 23:49:34,monthly_member,39.0,failed,member_center
O0001349,U003324,T00014360,2026-06-14 11:16:35,monthly_member,39.0,success,download_page
O0001350,U003325,T00014366,2026-05-04 03:34:33,remove_watermark,9.9,success,member_center
O0001351,U003326,T00014375,2026-05-31 03:52:23,monthly_member,39.0,failed,member_center
O0001352,U003330,T00014390,2026-06-04 15:28:50,monthly_member,39.0,failed,finish_page
O0001353,U003330,T00014391,2026-06-24 12:01:36,hd_export,6.9,failed,popup
O0001354,U003333,T00014400,2026-05-07 18:01:05,fast_generation,4.9,success,finish_page
O0001355,U003334,T00014409,2026-05-26 05:41:30,hd_export,6.9,failed,template_page
O0001356,U003336,T00014418,2026-06-15 05:17:29,remove_watermark,9.9,success,download_page
O0001357,U003338,T00014426,2026-05-20 05:01:06,remove_watermark,9.9,failed,member_center
O0001358,U003339,T00014433,2026-06-20 05:41:31,monthly_member,39.0,failed,popup
O0001359,U003340,T00014437,2026-06-24 09:18:50,fast_generation,4.9,success,download_page
O0001360,U003345,T00014459,2026-06-22 06:17:47,fast_generation,4.9,success,member_center
O0001361,U003346,T00014462,2026-06-03 12:52:34,hd_export,6.9,failed,template_page
O0001362,U003346,T00014464,2026-06-17 06:17:05,hd_export,6.9,success,download_page
O0001363,U003350,T00014478,2026-05-28 15:18:30,fast_generation,4.9,success,finish_page
O0001364,U003356,T00014501,2026-06-23 12:07:47,hd_export,6.9,failed,download_page
O0001365,U003359,T00014513,2026-06-26 23:52:19,hd_export,6.9,failed,popup
O0001366,U003360,T00014519,2026-06-17 19:07:28,hd_export,6.9,success,download_page
O0001367,U003363,T00014533,2026-06-25 13:47:46,remove_watermark,9.9,failed,download_page
O0001368,U003364,T00014539,2026-06-17 11:36:48,remove_watermark,9.9,failed,download_page
O0001369,U003366,T00014545,2026-05-19 01:20:05,remove_watermark,9.9,failed,finish_page
O0001370,U003367,T00014551,2026-06-03 21:25:27,hd_export,6.9,failed,popup
O0001371,U003370,T00014562,2026-06-28 21:11:43,remove_watermark,9.9,success,popup
O0001372,U003371,T00014567,2026-05-18 11:58:07,credit_pack,29.0,failed,download_page
O0001373,U003374,T00014577,2026-06-17 10:37:49,hd_export,6.9,failed,template_page
O0001374,U003379,T00014604,2026-06-17 21:13:14,monthly_member,39.0,failed,finish_page
O0001375,U003382,T00014611,2026-06-27 09:18:18,monthly_member,39.0,failed,download_page
O0001376,U003388,T00014633,2026-05-26 21:47:13,remove_watermark,9.9,failed,popup
O0001377,U003389,T00014643,2026-06-23 00:44:17,hd_export,6.9,failed,download_page
O0001378,U003390,T00014645,2026-06-22 18:40:32,credit_pack,29.0,failed,finish_page
O0001379,U003391,T00014652,2026-06-19 02:05:01,hd_export,6.9,success,finish_page
O0001380,U003393,T00014663,2026-05-31 08:48:57,remove_watermark,9.9,failed,member_center
O0001381,U003394,T00014667,2026-06-22 23:58:39,monthly_member,39.0,success,member_center
O0001382,U003400,T00014682,2026-06-11 23:48:18,monthly_member,39.0,success,template_page
O0001383,U003400,T00014683,2026-06-22 01:52:16,credit_pack,29.0,failed,finish_page
O0001384,U003400,T00014685,2026-06-25 05:15:30,remove_watermark,9.9,failed,finish_page
O0001385,U003406,T00014717,2026-06-13 06:59:31,credit_pack,29.0,success,popup
O0001386,U003409,T00014736,2026-05-27 10:47:09,monthly_member,39.0,failed,template_page
O0001387,U003411,T00014746,2026-06-09 16:04:55,remove_watermark,9.9,success,finish_page
O0001388,U003412,T00014747,2026-06-23 05:24:02,credit_pack,29.0,failed,download_page
O0001389,U003412,T00014748,2026-06-24 15:59:32,credit_pack,29.0,failed,template_page
O0001390,U003419,T00014782,2026-05-25 03:59:04,remove_watermark,9.9,success,popup
O0001391,U003422,T00014801,2026-05-29 07:19:07,credit_pack,29.0,failed,popup
O0001392,U003423,T00014806,2026-05-24 22:41:53,credit_pack,29.0,failed,download_page
O0001393,U003427,T00014827,2026-06-13 07:05:45,hd_export,6.9,failed,finish_page
O0001394,U003429,T00014839,2026-06-20 22:59:36,hd_export,6.9,failed,member_center
O0001395,U003430,T00014844,2026-06-10 07:21:40,fast_generation,4.9,success,finish_page
O0001396,U003430,T00014845,2026-06-24 05:43:03,fast_generation,4.9,failed,finish_page
O0001397,U003432,T00014854,2026-06-23 04:33:30,fast_generation,4.9,failed,download_page
O0001398,U003441,T00014898,2026-05-28 14:59:50,remove_watermark,9.9,failed,download_page
O0001399,U003444,T00014917,2026-06-13 20:05:51,fast_generation,4.9,failed,member_center
O0001400,U003447,T00014927,2026-06-22 05:59:28,remove_watermark,9.9,failed,popup
O0001401,U003449,T00014935,2026-06-22 19:30:49,hd_export,6.9,success,download_page
O0001402,U003455,T00014965,2026-06-19 10:03:21,remove_watermark,9.9,success,download_page
O0001403,U003460,T00014985,2026-06-29 02:00:41,fast_generation,4.9,failed,member_center
O0001404,U003462,T00014988,2026-06-11 20:43:43,remove_watermark,9.9,failed,popup
O0001405,U003463,T00014995,2026-06-24 14:45:33,fast_generation,4.9,failed,finish_page
O0001406,U003468,T00015013,2026-06-19 10:23:40,remove_watermark,9.9,success,finish_page
O0001407,U003469,T00015015,2026-06-07 15:49:48,remove_watermark,9.9,failed,member_center
O0001408,U003469,T00015021,2026-06-15 07:24:13,hd_export,6.9,failed,download_page
O0001409,U003474,T00015050,2026-06-29 07:54:22,hd_export,6.9,failed,template_page
O0001410,U003476,T00015054,2026-06-24 03:43:19,credit_pack,29.0,failed,finish_page
O0001411,U003479,T00015062,2026-06-16 07:08:50,fast_generation,4.9,failed,member_center
O0001412,U003489,T00015110,2026-05-24 05:07:34,hd_export,6.9,failed,finish_page
O0001413,U003489,T00015112,2026-06-02 22:35:30,credit_pack,29.0,failed,download_page
O0001414,U003489,T00015116,2026-06-15 15:38:54,hd_export,6.9,failed,finish_page
O0001415,U003490,T00015118,2026-05-30 19:10:35,hd_export,6.9,failed,download_page
O0001416,U003490,T00015119,2026-06-04 02:12:58,remove_watermark,9.9,success,finish_page
O0001417,U003491,T00015126,2026-06-01 15:32:35,monthly_member,39.0,success,finish_page
O0001418,U003492,T00015129,2026-06-22 05:45:56,monthly_member,39.0,failed,template_page
O0001419,U003498,T00015159,2026-06-13 19:05:16,monthly_member,39.0,failed,download_page
O0001420,U003504,T00015182,2026-06-25 22:55:15,remove_watermark,9.9,success,finish_page
O0001421,U003510,T00015202,2026-06-02 11:58:44,fast_generation,4.9,success,popup
O0001422,U003511,T00015207,2026-06-08 03:22:13,monthly_member,39.0,success,download_page
O0001423,U003512,T00015219,2026-06-29 07:12:24,monthly_member,39.0,success,popup
O0001424,U003516,T00015247,2026-06-18 14:31:25,hd_export,6.9,success,member_center
O0001425,U003517,T00015254,2026-06-11 06:51:54,hd_export,6.9,failed,template_page
O0001426,U003517,T00015258,2026-06-27 22:13:24,hd_export,6.9,success,finish_page
O0001427,U003522,T00015277,2026-06-03 09:06:51,monthly_member,39.0,failed,finish_page
O0001428,U003523,T00015282,2026-05-16 22:45:08,credit_pack,29.0,failed,popup
O0001429,U003524,T00015283,2026-05-30 12:08:59,hd_export,6.9,failed,download_page
O0001430,U003525,T00015286,2026-05-24 05:52:52,fast_generation,4.9,failed,download_page
O0001431,U003529,T00015310,2026-06-16 21:34:50,credit_pack,29.0,failed,popup
O0001432,U003532,T00015327,2026-06-27 05:56:40,credit_pack,29.0,success,finish_page
O0001433,U003532,T00015328,2026-06-27 19:34:20,remove_watermark,9.9,success,finish_page
O0001434,U003534,T00015333,2026-06-29 18:55:59,hd_export,6.9,failed,finish_page
O0001435,U003538,T00015352,2026-05-07 18:18:12,hd_export,6.9,success,download_page
O0001436,U003543,T00015373,2026-06-11 16:23:25,remove_watermark,9.9,success,finish_page
O0001437,U003546,T00015384,2026-06-16 17:12:18,remove_watermark,9.9,failed,download_page
O0001438,U003548,T00015389,2026-05-18 20:47:02,remove_watermark,9.9,failed,member_center
O0001439,U003557,T00015436,2026-05-16 01:28:32,remove_watermark,9.9,success,finish_page
O0001440,U003559,T00015448,2026-06-08 00:14:30,fast_generation,4.9,failed,download_page
O0001441,U003561,T00015458,2026-05-15 09:18:42,fast_generation,4.9,failed,finish_page
O0001442,U003562,T00015464,2026-06-09 22:22:38,fast_generation,4.9,failed,download_page
O0001443,U003562,T00015465,2026-06-10 05:38:33,remove_watermark,9.9,failed,member_center
O0001444,U003562,T00015467,2026-06-24 05:36:42,remove_watermark,9.9,failed,template_page
O0001445,U003564,T00015478,2026-06-01 14:29:02,hd_export,6.9,failed,finish_page
O0001446,U003568,T00015498,2026-06-29 09:46:42,hd_export,6.9,success,member_center
O0001447,U003575,T00015521,2026-06-21 17:32:37,hd_export,6.9,failed,finish_page
O0001448,U003576,T00015523,2026-06-24 10:46:23,remove_watermark,9.9,failed,download_page
O0001449,U003577,T00015526,2026-06-19 02:26:59,remove_watermark,9.9,success,popup
O0001450,U003581,T00015542,2026-06-29 02:36:48,hd_export,6.9,failed,finish_page
O0001451,U003585,T00015557,2026-06-10 20:57:43,remove_watermark,9.9,success,member_center
O0001452,U003586,T00015564,2026-06-14 06:34:38,remove_watermark,9.9,failed,download_page
O0001453,U003588,T00015576,2026-06-19 13:31:15,hd_export,6.9,success,finish_page
O0001454,U003590,T00015580,2026-06-05 15:46:41,remove_watermark,9.9,success,member_center
O0001455,U003590,T00015581,2026-06-10 00:07:25,fast_generation,4.9,success,download_page
O0001456,U003595,T00015609,2026-06-27 21:37:04,credit_pack,29.0,success,finish_page
O0001457,U003596,T00015613,2026-06-24 06:56:50,remove_watermark,9.9,failed,finish_page
O0001458,U003599,T00015627,2026-06-23 08:00:42,monthly_member,39.0,failed,popup
O0001459,U003601,T00015631,2026-05-16 04:00:00,monthly_member,39.0,failed,finish_page
O0001460,U003601,T00015636,2026-06-23 02:44:57,hd_export,6.9,failed,popup
O0001461,U003602,T00015639,2026-05-29 08:48:31,monthly_member,39.0,success,popup
O0001462,U003602,T00015641,2026-06-20 09:48:31,hd_export,6.9,success,member_center
O0001463,U003606,T00015654,2026-06-13 20:22:20,hd_export,6.9,failed,download_page
O0001464,U003606,T00015658,2026-06-27 04:28:54,hd_export,6.9,failed,member_center
O0001465,U003607,T00015661,2026-06-15 17:50:40,monthly_member,39.0,success,finish_page
O0001466,U003611,T00015687,2026-06-21 21:56:40,hd_export,6.9,failed,popup
O0001467,U003614,T00015695,2026-06-09 19:23:59,credit_pack,29.0,failed,download_page
O0001468,U003614,T00015696,2026-06-15 18:11:41,remove_watermark,9.9,failed,finish_page
O0001469,U003615,T00015699,2026-06-08 03:59:43,hd_export,6.9,success,member_center
O0001470,U003621,T00015729,2026-06-21 06:11:20,hd_export,6.9,failed,download_page
O0001471,U003624,T00015736,2026-06-10 14:10:40,hd_export,6.9,success,member_center
O0001472,U003630,T00015758,2026-06-06 11:01:12,credit_pack,29.0,failed,finish_page
O0001473,U003632,T00015771,2026-06-02 05:26:49,hd_export,6.9,failed,finish_page
O0001474,U003633,T00015775,2026-05-27 03:39:37,credit_pack,29.0,success,finish_page
O0001475,U003633,T00015776,2026-06-04 01:43:08,fast_generation,4.9,failed,download_page
O0001476,U003636,T00015789,2026-06-25 23:28:54,monthly_member,39.0,success,member_center
O0001477,U003642,T00015823,2026-06-24 07:16:18,credit_pack,29.0,success,popup
O0001478,U003643,T00015828,2026-06-13 05:11:36,remove_watermark,9.9,failed,download_page
O0001479,U003645,T00015837,2026-06-24 07:13:19,hd_export,6.9,failed,download_page
O0001480,U003653,T00015878,2026-06-26 09:20:53,hd_export,6.9,failed,member_center
O0001481,U003658,T00015889,2026-06-11 10:14:40,hd_export,6.9,failed,finish_page
O0001482,U003658,T00015890,2026-06-20 06:12:38,monthly_member,39.0,failed,template_page
O0001483,U003661,T00015896,2026-06-12 03:45:52,monthly_member,39.0,success,finish_page
O0001484,U003662,T00015905,2026-06-16 00:55:37,remove_watermark,9.9,success,template_page
O0001485,U003662,T00015906,2026-06-18 13:33:20,fast_generation,4.9,failed,finish_page
O0001486,U003666,T00015921,2026-06-28 22:48:46,fast_generation,4.9,success,member_center
O0001487,U003670,T00015939,2026-06-01 18:17:33,monthly_member,39.0,failed,finish_page
O0001488,U003671,T00015945,2026-06-22 05:15:55,credit_pack,29.0,failed,member_center
O0001489,U003671,T00015946,2026-06-25 22:00:44,hd_export,6.9,failed,finish_page
O0001490,U003673,T00015955,2026-06-23 08:31:55,credit_pack,29.0,failed,download_page
O0001491,U003676,T00015965,2026-06-11 00:08:55,remove_watermark,9.9,success,finish_page
O0001492,U003677,T00015967,2026-05-03 00:33:18,hd_export,6.9,failed,popup
O0001493,U003677,T00015969,2026-05-24 18:21:18,hd_export,6.9,failed,finish_page
O0001494,U003680,T00015978,2026-05-29 11:23:48,remove_watermark,9.9,success,download_page
O0001495,U003680,T00015982,2026-06-23 18:15:13,fast_generation,4.9,success,finish_page
O0001496,U003683,T00015987,2026-06-24 16:16:23,hd_export,6.9,success,finish_page
O0001497,U003686,T00015997,2026-06-21 04:11:03,remove_watermark,9.9,failed,popup
O0001498,U003690,T00016006,2026-06-17 09:33:03,remove_watermark,9.9,success,finish_page
O0001499,U003692,T00016011,2026-06-13 03:12:15,remove_watermark,9.9,failed,popup
O0001500,U003694,T00016023,2026-06-24 07:57:42,remove_watermark,9.9,failed,finish_page
O0001501,U003695,T00016026,2026-05-27 01:44:03,monthly_member,39.0,success,finish_page
O0001502,U003698,T00016042,2026-06-13 03:54:34,hd_export,6.9,success,download_page
O0001503,U003698,T00016044,2026-06-22 14:06:33,monthly_member,39.0,success,download_page
O0001504,U003702,T00016053,2026-06-17 04:46:38,hd_export,6.9,failed,finish_page
O0001505,U003703,T00016059,2026-05-30 00:26:14,remove_watermark,9.9,failed,finish_page
O0001506,U003703,T00016064,2026-06-20 20:26:26,credit_pack,29.0,success,download_page
O0001507,U003704,T00016066,2026-06-11 21:36:08,fast_generation,4.9,failed,popup
O0001508,U003709,T00016087,2026-06-17 13:44:12,remove_watermark,9.9,success,download_page
O0001509,U003714,T00016106,2026-06-28 18:56:17,credit_pack,29.0,failed,finish_page
O0001510,U003716,T00016119,2026-06-14 01:39:59,credit_pack,29.0,success,finish_page
O0001511,U003718,T00016131,2026-06-27 14:50:06,remove_watermark,9.9,success,popup
O0001512,U003719,T00016140,2026-06-18 14:37:59,credit_pack,29.0,failed,finish_page
O0001513,U003720,T00016142,2026-06-28 22:43:00,hd_export,6.9,success,finish_page
O0001514,U003723,T00016154,2026-06-22 13:58:33,remove_watermark,9.9,failed,finish_page
O0001515,U003730,T00016181,2026-06-17 21:38:13,remove_watermark,9.9,failed,finish_page
O0001516,U003731,T00016184,2026-06-08 23:20:26,remove_watermark,9.9,failed,popup
O0001517,U003732,T00016194,2026-06-23 13:44:44,fast_generation,4.9,failed,member_center
O0001518,U003735,T00016199,2026-05-14 09:57:45,hd_export,6.9,success,member_center
O0001519,U003740,T00016228,2026-06-24 23:44:57,credit_pack,29.0,failed,popup
O0001520,U003742,T00016235,2026-05-08 19:04:07,fast_generation,4.9,success,finish_page
O0001521,U003744,T00016247,2026-06-27 15:16:43,fast_generation,4.9,success,popup
O0001522,U003745,T00016249,2026-05-19 08:07:17,remove_watermark,9.9,failed,finish_page
O0001523,U003752,T00016268,2026-06-28 06:48:09,hd_export,6.9,success,template_page
O0001524,U003754,T00016275,2026-05-24 05:28:26,monthly_member,39.0,failed,finish_page
O0001525,U003755,T00016281,2026-05-13 12:03:53,remove_watermark,9.9,success,member_center
O0001526,U003756,T00016288,2026-06-04 22:20:40,credit_pack,29.0,success,finish_page
O0001527,U003758,T00016301,2026-06-22 17:46:26,monthly_member,39.0,success,download_page
O0001528,U003766,T00016339,2026-06-23 13:12:59,credit_pack,29.0,failed,popup
O0001529,U003769,T00016346,2026-05-25 06:16:14,fast_generation,4.9,failed,popup
O0001530,U003772,T00016363,2026-06-20 05:48:42,credit_pack,29.0,failed,popup
O0001531,U003772,T00016365,2026-06-25 09:33:42,fast_generation,4.9,failed,popup
O0001532,U003774,T00016370,2026-05-26 09:34:41,monthly_member,39.0,failed,finish_page
O0001533,U003778,T00016386,2026-06-06 17:04:38,monthly_member,39.0,failed,member_center
O0001534,U003782,T00016401,2026-06-20 15:57:56,monthly_member,39.0,success,finish_page
O0001535,U003783,T00016408,2026-06-29 19:13:56,monthly_member,39.0,success,popup
O0001536,U003784,T00016412,2026-05-27 13:45:12,remove_watermark,9.9,failed,finish_page
O0001537,U003785,T00016417,2026-06-12 12:41:06,hd_export,6.9,failed,download_page
O0001538,U003787,T00016427,2026-06-21 13:30:59,hd_export,6.9,failed,download_page
O0001539,U003791,T00016442,2026-06-29 11:06:55,hd_export,6.9,success,popup
O0001540,U003797,T00016471,2026-06-29 12:48:54,remove_watermark,9.9,failed,template_page
O0001541,U003797,T00016472,2026-06-29 14:11:13,hd_export,6.9,success,download_page
O0001542,U003800,T00016480,2026-06-17 06:17:15,fast_generation,4.9,failed,popup
O0001543,U003801,T00016483,2026-06-28 11:59:10,hd_export,6.9,success,popup
O0001544,U003801,T00016484,2026-06-29 04:28:08,credit_pack,29.0,failed,finish_page
O0001545,U003804,T00016496,2026-06-21 23:10:45,monthly_member,39.0,failed,finish_page
O0001546,U003806,T00016504,2026-05-26 04:15:11,fast_generation,4.9,failed,download_page
O0001547,U003809,T00016517,2026-06-25 02:15:24,fast_generation,4.9,failed,download_page
O0001548,U003809,T00016518,2026-06-29 07:14:07,hd_export,6.9,failed,template_page
O0001549,U003810,T00016521,2026-06-23 11:48:58,hd_export,6.9,failed,download_page
O0001550,U003811,T00016532,2026-06-07 08:42:10,monthly_member,39.0,failed,download_page
O0001551,U003813,T00016540,2026-06-28 23:22:24,monthly_member,39.0,success,popup
O0001552,U003813,T00016541,2026-06-29 05:47:14,credit_pack,29.0,failed,popup
O0001553,U003817,T00016557,2026-06-20 01:29:53,credit_pack,29.0,success,template_page
O0001554,U003818,T00016560,2026-06-21 22:39:16,remove_watermark,9.9,failed,download_page
O0001555,U003829,T00016596,2026-06-03 03:03:18,remove_watermark,9.9,failed,download_page
O0001556,U003829,T00016601,2026-06-26 14:16:09,monthly_member,39.0,failed,popup
O0001557,U003830,T00016602,2026-05-10 15:37:00,monthly_member,39.0,failed,finish_page
O0001558,U003830,T00016610,2026-06-24 04:20:15,hd_export,6.9,failed,finish_page
O0001559,U003832,T00016615,2026-06-20 18:34:30,hd_export,6.9,success,download_page
O0001560,U003837,T00016632,2026-06-23 15:24:11,remove_watermark,9.9,success,popup
O0001561,U003839,T00016644,2026-06-02 16:11:02,monthly_member,39.0,success,template_page
O0001562,U003839,T00016645,2026-06-11 22:27:32,credit_pack,29.0,success,finish_page
O0001563,U003840,T00016651,2026-06-28 01:06:04,fast_generation,4.9,failed,download_page
O0001564,U003845,T00016682,2026-06-17 14:07:41,monthly_member,39.0,failed,finish_page
O0001565,U003848,T00016700,2026-05-30 16:23:49,hd_export,6.9,failed,member_center
O0001566,U003850,T00016711,2026-06-27 11:53:51,remove_watermark,9.9,success,finish_page
O0001567,U003853,T00016724,2026-05-21 23:37:08,credit_pack,29.0,failed,member_center
O0001568,U003853,T00016727,2026-06-07 11:37:25,monthly_member,39.0,failed,download_page
O0001569,U003855,T00016733,2026-06-01 22:18:01,remove_watermark,9.9,success,finish_page
O0001570,U003856,T00016743,2026-06-05 20:29:21,hd_export,6.9,failed,finish_page
O0001571,U003860,T00016761,2026-05-29 04:57:10,monthly_member,39.0,failed,download_page
O0001572,U003860,T00016765,2026-06-15 04:31:20,remove_watermark,9.9,success,download_page
O0001573,U003866,T00016785,2026-06-25 23:35:03,hd_export,6.9,failed,finish_page
O0001574,U003870,T00016799,2026-06-28 00:02:33,monthly_member,39.0,success,download_page
O0001575,U003870,T00016801,2026-06-28 06:37:28,credit_pack,29.0,success,download_page
O0001576,U003870,T00016803,2026-06-28 12:39:07,hd_export,6.9,failed,popup
O0001577,U003870,T00016804,2026-06-29 03:12:45,remove_watermark,9.9,success,finish_page
O0001578,U003874,T00016816,2026-06-17 01:20:49,credit_pack,29.0,success,finish_page
O0001579,U003875,T00016821,2026-06-14 01:24:24,remove_watermark,9.9,failed,finish_page
O0001580,U003887,T00016852,2026-05-15 14:31:42,credit_pack,29.0,failed,template_page
O0001581,U003887,T00016855,2026-05-29 11:54:42,hd_export,6.9,failed,finish_page
O0001582,U003887,T00016859,2026-06-06 02:52:38,hd_export,6.9,success,download_page
O0001583,U003887,T00016860,2026-06-12 21:41:03,hd_export,6.9,success,template_page
O0001584,U003889,T00016874,2026-06-20 05:02:53,hd_export,6.9,success,finish_page
O0001585,U003889,T00016875,2026-06-20 17:38:02,monthly_member,39.0,failed,download_page
O0001586,U003889,T00016877,2026-06-26 10:48:00,monthly_member,39.0,success,member_center
O0001587,U003889,T00016878,2026-06-29 13:42:04,remove_watermark,9.9,failed,finish_page
O0001588,U003893,T00016896,2026-06-28 20:58:30,remove_watermark,9.9,success,finish_page
O0001589,U003894,T00016898,2026-06-22 08:22:44,monthly_member,39.0,success,finish_page
O0001590,U003895,T00016901,2026-05-27 18:18:43,remove_watermark,9.9,failed,popup
O0001591,U003897,T00016911,2026-05-28 04:34:46,hd_export,6.9,failed,finish_page
O0001592,U003900,T00016925,2026-06-02 14:16:31,hd_export,6.9,failed,finish_page
O0001593,U003903,T00016937,2026-06-03 03:05:09,fast_generation,4.9,failed,template_page
O0001594,U003903,T00016939,2026-06-17 10:51:55,remove_watermark,9.9,success,finish_page
O0001595,U003904,T00016942,2026-05-28 05:50:04,remove_watermark,9.9,failed,finish_page
O0001596,U003905,T00016945,2026-05-22 20:13:54,monthly_member,39.0,success,finish_page
O0001597,U003906,T00016948,2026-06-01 12:56:10,hd_export,6.9,failed,download_page
O0001598,U003907,T00016951,2026-06-19 06:00:43,hd_export,6.9,failed,download_page
O0001599,U003908,T00016955,2026-06-06 10:46:16,remove_watermark,9.9,failed,download_page
O0001600,U003911,T00016978,2026-06-25 06:29:24,hd_export,6.9,failed,finish_page
O0001601,U003914,T00016991,2026-06-29 07:27:21,hd_export,6.9,failed,download_page
O0001602,U003917,T00017004,2026-06-25 21:41:29,remove_watermark,9.9,success,finish_page
O0001603,U003918,T00017005,2026-06-14 19:11:03,hd_export,6.9,failed,download_page
O0001604,U003919,T00017008,2026-06-19 00:10:51,fast_generation,4.9,success,download_page
O0001605,U003919,T00017010,2026-06-27 12:07:54,credit_pack,29.0,failed,finish_page
O0001606,U003920,T00017014,2026-06-22 02:50:21,credit_pack,29.0,failed,download_page
O0001607,U003920,T00017016,2026-06-28 22:46:31,hd_export,6.9,failed,popup
O0001608,U003922,T00017023,2026-06-10 16:13:51,remove_watermark,9.9,failed,download_page
O0001609,U003923,T00017027,2026-05-17 23:05:23,hd_export,6.9,failed,finish_page
O0001610,U003924,T00017031,2026-06-29 18:39:48,fast_generation,4.9,failed,finish_page
O0001611,U003925,T00017037,2026-06-22 12:36:48,monthly_member,39.0,failed,finish_page
O0001612,U003927,T00017047,2026-05-24 16:23:55,credit_pack,29.0,failed,template_page
O0001613,U003933,T00017067,2026-06-08 15:28:03,hd_export,6.9,failed,finish_page
O0001614,U003941,T00017090,2026-05-29 04:29:19,hd_export,6.9,failed,finish_page
O0001615,U003945,T00017112,2026-06-25 09:36:46,credit_pack,29.0,success,download_page
O0001616,U003946,T00017117,2026-06-22 02:12:24,remove_watermark,9.9,failed,finish_page
O0001617,U003947,T00017118,2026-06-08 15:50:06,credit_pack,29.0,failed,download_page
O0001618,U003954,T00017143,2026-05-28 23:44:38,monthly_member,39.0,failed,member_center
O0001619,U003955,T00017153,2026-06-22 17:56:19,credit_pack,29.0,failed,download_page
O0001620,U003957,T00017159,2026-05-27 15:18:44,hd_export,6.9,failed,download_page
O0001621,U003957,T00017164,2026-06-09 05:10:53,hd_export,6.9,success,finish_page
O0001622,U003959,T00017168,2026-06-04 13:15:36,fast_generation,4.9,failed,finish_page
O0001623,U003959,T00017172,2026-06-21 22:15:32,hd_export,6.9,failed,download_page
O0001624,U003960,T00017175,2026-05-14 22:15:31,hd_export,6.9,success,download_page
O0001625,U003965,T00017201,2026-06-17 20:21:45,hd_export,6.9,failed,finish_page
O0001626,U003966,T00017205,2026-06-21 05:38:09,monthly_member,39.0,failed,download_page
O0001627,U003969,T00017215,2026-06-29 22:58:24,credit_pack,29.0,failed,download_page
O0001628,U003970,T00017218,2026-06-28 05:35:45,hd_export,6.9,success,download_page
O0001629,U003974,T00017226,2026-05-10 01:41:57,hd_export,6.9,success,popup
O0001630,U003974,T00017231,2026-06-12 04:31:43,hd_export,6.9,failed,finish_page
O0001631,U003976,T00017235,2026-06-14 19:43:39,monthly_member,39.0,success,template_page
O0001632,U003977,T00017239,2026-06-25 00:53:29,remove_watermark,9.9,failed,member_center
O0001633,U003980,T00017250,2026-06-27 01:34:07,credit_pack,29.0,success,finish_page
O0001634,U003987,T00017278,2026-06-05 05:46:47,credit_pack,29.0,failed,finish_page
O0001635,U003991,T00017304,2026-06-27 18:24:02,hd_export,6.9,failed,popup
O0001636,U003995,T00017312,2026-06-14 13:22:58,remove_watermark,9.9,success,finish_page
O0001637,U003996,T00017315,2026-06-14 22:30:07,credit_pack,29.0,failed,finish_page
O0001638,U004001,T00017330,2026-05-26 09:57:05,remove_watermark,9.9,failed,finish_page
O0001639,U004002,T00017337,2026-06-19 15:33:31,remove_watermark,9.9,failed,download_page
O0001640,U004003,T00017346,2026-06-07 21:19:54,monthly_member,39.0,failed,download_page
O0001641,U004003,T00017347,2026-06-18 02:55:15,hd_export,6.9,failed,download_page
O0001642,U004004,T00017355,2026-06-05 05:44:29,credit_pack,29.0,failed,template_page
O0001643,U004010,T00017375,2026-06-13 23:02:57,hd_export,6.9,failed,download_page
O0001644,U004013,T00017390,2026-05-31 00:34:36,credit_pack,29.0,success,download_page
O0001645,U004018,T00017414,2026-06-21 06:31:32,credit_pack,29.0,failed,finish_page
O0001646,U004019,T00017420,2026-06-19 14:12:59,remove_watermark,9.9,failed,popup
O0001647,U004020,T00017422,2026-05-25 19:03:23,remove_watermark,9.9,failed,member_center
O0001648,U004024,T00017444,2026-06-25 09:58:24,monthly_member,39.0,success,member_center
O0001649,U004027,T00017451,2026-06-25 16:40:46,remove_watermark,9.9,failed,download_page
O0001650,U004028,T00017453,2026-05-02 22:08:01,remove_watermark,9.9,failed,finish_page
O0001651,U004030,T00017463,2026-06-16 09:35:03,monthly_member,39.0,failed,finish_page
O0001652,U004031,T00017466,2026-06-06 15:37:37,monthly_member,39.0,failed,finish_page
O0001653,U004031,T00017468,2026-06-12 23:06:27,monthly_member,39.0,failed,finish_page
O0001654,U004031,T00017471,2026-06-26 15:38:00,credit_pack,29.0,failed,popup
O0001655,U004036,T00017484,2026-06-26 01:08:36,remove_watermark,9.9,failed,popup
O0001656,U004041,T00017505,2026-06-05 01:48:57,hd_export,6.9,success,template_page
O0001657,U004041,T00017507,2026-06-24 00:49:39,credit_pack,29.0,failed,finish_page
O0001658,U004042,T00017508,2026-06-07 07:32:51,hd_export,6.9,failed,template_page
O0001659,U004043,T00017512,2026-06-26 03:35:21,remove_watermark,9.9,failed,popup
O0001660,U004043,T00017514,2026-06-29 03:00:31,fast_generation,4.9,failed,finish_page
O0001661,U004044,T00017515,2026-06-29 19:50:17,monthly_member,39.0,success,download_page
O0001662,U004047,T00017524,2026-06-07 10:31:05,remove_watermark,9.9,failed,finish_page
O0001663,U004053,T00017551,2026-06-25 01:03:23,fast_generation,4.9,failed,finish_page
O0001664,U004056,T00017569,2026-06-28 14:57:06,remove_watermark,9.9,failed,member_center
O0001665,U004059,T00017583,2026-05-15 05:03:25,monthly_member,39.0,success,finish_page
O0001666,U004059,T00017587,2026-06-05 04:15:21,monthly_member,39.0,success,finish_page
O0001667,U004060,T00017591,2026-05-29 00:54:47,hd_export,6.9,failed,finish_page
O0001668,U004067,T00017626,2026-06-05 06:40:40,fast_generation,4.9,failed,download_page
O0001669,U004068,T00017635,2026-06-26 13:59:39,fast_generation,4.9,failed,finish_page
O0001670,U004069,T00017639,2026-06-09 21:34:01,remove_watermark,9.9,failed,member_center
O0001671,U004069,T00017640,2026-06-18 04:09:56,credit_pack,29.0,failed,finish_page
O0001672,U004071,T00017651,2026-06-27 09:51:31,credit_pack,29.0,failed,download_page
O0001673,U004080,T00017679,2026-05-31 07:07:24,monthly_member,39.0,failed,finish_page
O0001674,U004080,T00017680,2026-06-01 04:43:38,monthly_member,39.0,failed,finish_page
O0001675,U004080,T00017681,2026-06-24 21:35:48,credit_pack,29.0,success,download_page
O0001676,U004081,T00017686,2026-06-14 14:16:02,remove_watermark,9.9,failed,download_page
O0001677,U004084,T00017696,2026-05-17 03:32:27,credit_pack,29.0,failed,popup
O0001678,U004089,T00017721,2026-06-10 10:24:22,hd_export,6.9,success,finish_page
O0001679,U004092,T00017733,2026-06-27 17:58:46,hd_export,6.9,failed,finish_page
O0001680,U004092,T00017737,2026-06-29 03:39:12,credit_pack,29.0,failed,download_page
O0001681,U004094,T00017749,2026-05-25 23:42:49,credit_pack,29.0,failed,popup
O0001682,U004094,T00017752,2026-06-11 17:43:16,hd_export,6.9,success,finish_page
O0001683,U004095,T00017755,2026-06-29 17:33:00,monthly_member,39.0,success,finish_page
O0001684,U004096,T00017757,2026-06-27 04:52:08,remove_watermark,9.9,failed,download_page
O0001685,U004101,T00017781,2026-06-27 07:01:06,hd_export,6.9,failed,popup
O0001686,U004104,T00017790,2026-05-22 23:08:29,remove_watermark,9.9,failed,download_page
O0001687,U004106,T00017798,2026-06-29 12:13:03,hd_export,6.9,failed,finish_page
O0001688,U004109,T00017806,2026-05-15 02:13:32,remove_watermark,9.9,success,member_center
O0001689,U004109,T00017807,2026-05-17 08:20:36,remove_watermark,9.9,failed,finish_page
O0001690,U004110,T00017820,2026-06-26 20:57:42,credit_pack,29.0,success,template_page
O0001691,U004112,T00017829,2026-06-20 07:31:48,remove_watermark,9.9,failed,download_page
O0001692,U004112,T00017830,2026-06-26 02:58:30,hd_export,6.9,failed,popup
O0001693,U004115,T00017841,2026-06-26 16:46:59,remove_watermark,9.9,failed,member_center
O0001694,U004119,T00017858,2026-05-22 09:25:16,hd_export,6.9,failed,template_page
O0001695,U004121,T00017871,2026-05-27 03:22:39,remove_watermark,9.9,failed,member_center
O0001696,U004121,T00017875,2026-06-20 16:31:32,credit_pack,29.0,success,member_center
O0001697,U004127,T00017892,2026-05-26 01:08:13,hd_export,6.9,failed,member_center
O0001698,U004128,T00017900,2026-06-25 19:37:27,hd_export,6.9,success,finish_page
O0001699,U004132,T00017915,2026-06-13 04:57:14,monthly_member,39.0,success,finish_page
O0001700,U004137,T00017947,2026-06-19 11:46:04,credit_pack,29.0,failed,finish_page
O0001701,U004137,T00017949,2026-06-23 20:17:46,hd_export,6.9,success,finish_page
O0001702,U004138,T00017952,2026-05-26 13:38:05,credit_pack,29.0,failed,download_page
O0001703,U004138,T00017954,2026-06-04 14:42:19,remove_watermark,9.9,failed,download_page
O0001704,U004138,T00017958,2026-06-29 05:05:51,remove_watermark,9.9,failed,template_page
O0001705,U004142,T00017973,2026-06-26 11:08:13,hd_export,6.9,success,finish_page
O0001706,U004143,T00017981,2026-06-03 18:35:21,hd_export,6.9,failed,member_center
O0001707,U004150,T00018012,2026-05-23 17:31:00,remove_watermark,9.9,failed,member_center
O0001708,U004150,T00018014,2026-06-04 19:56:41,hd_export,6.9,failed,template_page
O0001709,U004154,T00018034,2026-06-15 05:52:09,fast_generation,4.9,failed,member_center
O0001710,U004155,T00018040,2026-06-15 13:19:22,monthly_member,39.0,failed,download_page
O0001711,U004163,T00018064,2026-06-19 10:54:55,hd_export,6.9,failed,template_page
O0001712,U004176,T00018109,2026-06-29 01:47:06,monthly_member,39.0,success,finish_page
O0001713,U004177,T00018117,2026-06-22 05:15:14,remove_watermark,9.9,failed,template_page
O0001714,U004178,T00018119,2026-05-31 17:13:38,remove_watermark,9.9,success,download_page
O0001715,U004178,T00018121,2026-06-04 22:51:12,hd_export,6.9,success,download_page
O0001716,U004181,T00018141,2026-06-14 15:16:11,hd_export,6.9,success,member_center
O0001717,U004184,T00018155,2026-06-23 03:41:03,monthly_member,39.0,success,download_page
O0001718,U004184,T00018157,2026-06-29 20:15:06,credit_pack,29.0,success,template_page
O0001719,U004186,T00018161,2026-06-26 05:26:37,hd_export,6.9,success,popup
O0001720,U004189,T00018168,2026-06-19 08:34:44,hd_export,6.9,failed,finish_page
O0001721,U004192,T00018180,2026-06-06 12:59:27,remove_watermark,9.9,failed,download_page
O0001722,U004195,T00018184,2026-06-01 11:53:05,credit_pack,29.0,failed,finish_page
O0001723,U004195,T00018185,2026-06-06 18:28:00,hd_export,6.9,failed,finish_page
O0001724,U004195,T00018186,2026-06-12 11:42:07,credit_pack,29.0,success,popup
O0001725,U004195,T00018189,2026-06-29 22:34:53,hd_export,6.9,success,finish_page
O0001726,U004196,T00018191,2026-06-29 11:57:28,remove_watermark,9.9,success,finish_page
O0001727,U004197,T00018195,2026-06-06 07:58:47,hd_export,6.9,success,download_page
O0001728,U004202,T00018215,2026-06-20 22:58:59,monthly_member,39.0,success,finish_page
O0001729,U004204,T00018217,2026-06-21 13:57:53,monthly_member,39.0,failed,download_page
O0001730,U004205,T00018229,2026-06-08 17:43:25,hd_export,6.9,success,download_page
O0001731,U004209,T00018249,2026-06-27 01:26:04,remove_watermark,9.9,success,member_center
O0001732,U004210,T00018252,2026-06-26 23:18:33,remove_watermark,9.9,success,finish_page
O0001733,U004212,T00018259,2026-06-21 06:57:07,fast_generation,4.9,failed,finish_page
O0001734,U004213,T00018262,2026-05-31 14:41:17,hd_export,6.9,failed,download_page
O0001735,U004217,T00018283,2026-06-29 22:02:54,credit_pack,29.0,failed,finish_page
O0001736,U004218,T00018284,2026-05-29 10:36:05,remove_watermark,9.9,failed,finish_page
O0001737,U004222,T00018293,2026-06-22 10:17:41,hd_export,6.9,success,download_page
O0001738,U004227,T00018307,2026-06-06 03:37:25,hd_export,6.9,failed,finish_page
O0001739,U004231,T00018321,2026-06-25 15:48:18,hd_export,6.9,failed,finish_page
O0001740,U004235,T00018329,2026-06-17 08:00:19,fast_generation,4.9,failed,download_page
O0001741,U004236,T00018335,2026-06-26 09:39:24,hd_export,6.9,failed,finish_page
O0001742,U004239,T00018341,2026-05-24 07:49:25,monthly_member,39.0,failed,popup
O0001743,U004239,T00018343,2026-05-27 08:44:11,credit_pack,29.0,success,template_page
O0001744,U004249,T00018386,2026-05-23 07:23:18,hd_export,6.9,failed,download_page
O0001745,U004251,T00018401,2026-06-29 12:10:32,credit_pack,29.0,success,download_page
O0001746,U004253,T00018404,2026-05-23 23:09:22,hd_export,6.9,failed,finish_page
O0001747,U004256,T00018420,2026-06-18 08:38:27,credit_pack,29.0,failed,finish_page
O0001748,U004261,T00018438,2026-05-26 20:17:12,credit_pack,29.0,success,download_page
O0001749,U004262,T00018445,2026-06-16 08:43:42,fast_generation,4.9,success,finish_page
O0001750,U004265,T00018452,2026-05-16 15:17:18,hd_export,6.9,failed,popup
O0001751,U004265,T00018453,2026-05-17 06:27:27,monthly_member,39.0,success,member_center
O0001752,U004265,T00018458,2026-06-22 18:13:43,hd_export,6.9,failed,download_page
O0001753,U004266,T00018460,2026-05-20 10:15:17,remove_watermark,9.9,success,download_page
O0001754,U004266,T00018463,2026-06-23 16:59:29,monthly_member,39.0,failed,popup
O0001755,U004270,T00018477,2026-06-21 23:52:12,remove_watermark,9.9,failed,finish_page
O0001756,U004271,T00018481,2026-06-08 20:05:36,remove_watermark,9.9,failed,download_page
O0001757,U004271,T00018484,2026-06-24 22:58:36,remove_watermark,9.9,success,finish_page
O0001758,U004275,T00018500,2026-05-06 23:25:09,remove_watermark,9.9,failed,finish_page
O0001759,U004279,T00018521,2026-05-21 09:48:41,remove_watermark,9.9,failed,popup
O0001760,U004279,T00018523,2026-06-13 22:29:17,credit_pack,29.0,failed,download_page
O0001761,U004280,T00018525,2026-06-01 09:23:21,credit_pack,29.0,failed,finish_page
O0001762,U004284,T00018543,2026-06-17 00:09:11,remove_watermark,9.9,failed,template_page
O0001763,U004285,T00018553,2026-06-22 03:11:05,fast_generation,4.9,failed,download_page
O0001764,U004287,T00018557,2026-06-11 20:03:42,remove_watermark,9.9,failed,finish_page
O0001765,U004287,T00018562,2026-06-29 12:17:11,credit_pack,29.0,success,finish_page
O0001766,U004288,T00018563,2026-06-02 04:21:33,hd_export,6.9,success,template_page
O0001767,U004291,T00018574,2026-06-20 23:26:53,monthly_member,39.0,success,download_page
O0001768,U004292,T00018575,2026-06-28 10:16:47,credit_pack,29.0,failed,finish_page
O0001769,U004293,T00018576,2026-05-17 09:42:38,credit_pack,29.0,failed,template_page
O0001770,U004293,T00018578,2026-05-19 12:09:19,monthly_member,39.0,success,finish_page
O0001771,U004293,T00018580,2026-06-12 00:43:51,fast_generation,4.9,failed,member_center
O0001772,U004293,T00018581,2026-06-26 18:52:52,remove_watermark,9.9,failed,template_page
O0001773,U004295,T00018589,2026-06-14 22:38:07,hd_export,6.9,failed,finish_page
O0001774,U004305,T00018620,2026-06-08 10:24:34,monthly_member,39.0,failed,finish_page
O0001775,U004310,T00018638,2026-06-02 21:34:36,hd_export,6.9,success,member_center
O0001776,U004313,T00018657,2026-06-29 08:22:21,hd_export,6.9,success,finish_page
O0001777,U004315,T00018667,2026-06-09 08:42:51,credit_pack,29.0,failed,template_page
O0001778,U004321,T00018686,2026-06-04 07:47:54,remove_watermark,9.9,failed,download_page
O0001779,U004326,T00018709,2026-06-26 04:52:47,hd_export,6.9,failed,popup
O0001780,U004327,T00018713,2026-06-01 00:56:45,credit_pack,29.0,failed,finish_page
O0001781,U004335,T00018747,2026-06-18 22:21:19,monthly_member,39.0,failed,finish_page
O0001782,U004335,T00018748,2026-06-29 10:13:41,fast_generation,4.9,success,popup
O0001783,U004338,T00018756,2026-05-11 16:22:01,monthly_member,39.0,failed,member_center
O0001784,U004340,T00018762,2026-06-23 12:33:01,remove_watermark,9.9,failed,popup
O0001785,U004345,T00018790,2026-06-29 10:18:05,remove_watermark,9.9,failed,download_page
O0001786,U004346,T00018792,2026-06-25 15:41:48,remove_watermark,9.9,failed,popup
O0001787,U004348,T00018799,2026-06-13 22:45:56,hd_export,6.9,failed,download_page
O0001788,U004350,T00018806,2026-06-13 20:29:16,credit_pack,29.0,failed,finish_page
O0001789,U004360,T00018850,2026-06-10 21:17:41,credit_pack,29.0,failed,member_center
O0001790,U004360,T00018852,2026-06-19 08:04:59,remove_watermark,9.9,failed,popup
O0001791,U004362,T00018856,2026-06-21 19:35:19,monthly_member,39.0,failed,download_page
O0001792,U004363,T00018857,2026-05-14 04:23:59,credit_pack,29.0,success,popup
O0001793,U004366,T00018869,2026-06-25 21:40:55,remove_watermark,9.9,failed,finish_page
O0001794,U004375,T00018911,2026-05-24 02:01:18,fast_generation,4.9,success,member_center
O0001795,U004376,T00018915,2026-05-28 09:57:29,hd_export,6.9,failed,finish_page
O0001796,U004378,T00018922,2026-05-09 16:07:37,hd_export,6.9,failed,download_page
O0001797,U004378,T00018925,2026-06-13 04:33:29,monthly_member,39.0,failed,finish_page
O0001798,U004389,T00018975,2026-06-17 03:23:31,remove_watermark,9.9,success,member_center
O0001799,U004395,T00018989,2026-05-26 06:57:30,credit_pack,29.0,success,popup
O0001800,U004396,T00018999,2026-06-25 09:09:09,fast_generation,4.9,failed,finish_page
O0001801,U004397,T00019002,2026-06-01 08:36:12,fast_generation,4.9,failed,finish_page
O0001802,U004398,T00019006,2026-05-25 10:33:05,credit_pack,29.0,success,member_center
O0001803,U004398,T00019012,2026-06-25 09:42:38,hd_export,6.9,failed,finish_page
O0001804,U004398,T00019013,2026-06-27 04:37:30,hd_export,6.9,failed,finish_page
O0001805,U004399,T00019015,2026-06-11 01:20:47,credit_pack,29.0,success,member_center
O0001806,U004401,T00019028,2026-06-25 07:42:08,monthly_member,39.0,failed,popup
O0001807,U004403,T00019037,2026-05-28 00:23:04,hd_export,6.9,failed,member_center
O0001808,U004404,T00019046,2026-06-23 08:46:14,hd_export,6.9,success,popup
O0001809,U004406,T00019048,2026-05-13 04:29:59,hd_export,6.9,failed,download_page
O0001810,U004407,T00019054,2026-06-24 10:42:02,remove_watermark,9.9,success,finish_page
O0001811,U004408,T00019059,2026-06-28 20:40:56,monthly_member,39.0,failed,finish_page
O0001812,U004416,T00019079,2026-06-29 10:37:23,hd_export,6.9,failed,finish_page
O0001813,U004421,T00019089,2026-05-07 20:19:36,monthly_member,39.0,success,download_page
O0001814,U004421,T00019092,2026-05-31 23:17:13,hd_export,6.9,success,download_page
O0001815,U004424,T00019105,2026-06-08 11:22:33,hd_export,6.9,failed,finish_page
O0001816,U004425,T00019115,2026-05-21 08:11:34,remove_watermark,9.9,success,finish_page
O0001817,U004425,T00019118,2026-06-02 12:26:01,remove_watermark,9.9,failed,download_page
O0001818,U004433,T00019148,2026-06-16 09:05:22,monthly_member,39.0,failed,finish_page
O0001819,U004433,T00019149,2026-06-21 05:35:24,remove_watermark,9.9,failed,finish_page
O0001820,U004434,T00019151,2026-05-03 00:07:51,hd_export,6.9,failed,finish_page
O0001821,U004434,T00019155,2026-06-18 00:53:43,fast_generation,4.9,failed,download_page
O0001822,U004436,T00019159,2026-06-22 08:56:52,hd_export,6.9,success,download_page
O0001823,U004442,T00019188,2026-06-28 13:46:53,credit_pack,29.0,success,download_page
O0001824,U004448,T00019202,2026-05-22 22:58:06,hd_export,6.9,failed,finish_page
O0001825,U004448,T00019204,2026-06-03 09:10:31,remove_watermark,9.9,failed,popup
O0001826,U004448,T00019207,2026-06-25 12:12:40,fast_generation,4.9,failed,finish_page
O0001827,U004449,T00019210,2026-06-23 01:05:24,monthly_member,39.0,failed,popup
O0001828,U004453,T00019219,2026-06-10 20:17:07,fast_generation,4.9,success,download_page
O0001829,U004454,T00019223,2026-05-25 23:21:03,remove_watermark,9.9,success,download_page
O0001830,U004456,T00019233,2026-06-29 18:50:53,remove_watermark,9.9,failed,template_page
O0001831,U004460,T00019244,2026-05-17 11:12:29,hd_export,6.9,success,template_page
O0001832,U004460,T00019247,2026-05-28 05:39:34,fast_generation,4.9,failed,finish_page
O0001833,U004462,T00019260,2026-06-03 09:09:52,monthly_member,39.0,failed,download_page
O0001834,U004471,T00019290,2026-06-28 23:25:12,fast_generation,4.9,success,finish_page
O0001835,U004473,T00019297,2026-06-01 04:41:34,fast_generation,4.9,failed,download_page
O0001836,U004476,T00019308,2026-06-21 01:27:38,remove_watermark,9.9,failed,finish_page
O0001837,U004478,T00019315,2026-05-28 14:50:37,remove_watermark,9.9,failed,popup
O0001838,U004479,T00019318,2026-05-31 06:14:00,hd_export,6.9,failed,finish_page
O0001839,U004482,T00019329,2026-06-15 15:48:56,remove_watermark,9.9,failed,template_page
O0001840,U004485,T00019345,2026-06-29 17:47:58,monthly_member,39.0,success,download_page
O0001841,U004489,T00019361,2026-05-26 18:54:43,monthly_member,39.0,failed,template_page
O0001842,U004492,T00019382,2026-06-27 23:19:08,remove_watermark,9.9,failed,member_center
O0001843,U004495,T00019393,2026-05-28 16:57:03,fast_generation,4.9,failed,popup
O0001844,U004497,T00019403,2026-06-19 18:59:35,remove_watermark,9.9,success,finish_page
O0001845,U004501,T00019411,2026-06-10 21:41:06,hd_export,6.9,failed,member_center
O0001846,U004514,T00019450,2026-06-10 21:19:58,monthly_member,39.0,failed,member_center
O0001847,U004520,T00019472,2026-06-11 00:11:23,hd_export,6.9,success,member_center
O0001848,U004520,T00019474,2026-06-24 07:01:48,credit_pack,29.0,success,finish_page
O0001849,U004520,T00019475,2026-06-28 09:12:44,monthly_member,39.0,failed,finish_page
O0001850,U004523,T00019487,2026-06-20 21:55:58,remove_watermark,9.9,failed,finish_page
O0001851,U004525,T00019494,2026-05-16 06:15:11,credit_pack,29.0,success,member_center
O0001852,U004526,T00019502,2026-05-18 02:00:20,hd_export,6.9,failed,finish_page
O0001853,U004526,T00019503,2026-05-22 12:08:36,fast_generation,4.9,failed,finish_page
O0001854,U004529,T00019513,2026-06-17 23:20:57,credit_pack,29.0,failed,download_page
O0001855,U004532,T00019525,2026-06-10 14:53:55,hd_export,6.9,failed,finish_page
O0001856,U004533,T00019533,2026-06-27 14:53:20,monthly_member,39.0,failed,download_page
O0001857,U004543,T00019568,2026-06-22 07:02:55,credit_pack,29.0,success,finish_page
O0001858,U004549,T00019588,2026-05-24 14:32:11,fast_generation,4.9,failed,member_center
O0001859,U004549,T00019593,2026-06-29 01:30:50,fast_generation,4.9,failed,popup
O0001860,U004551,T00019597,2026-05-26 11:06:34,monthly_member,39.0,failed,download_page
O0001861,U004552,T00019601,2026-06-15 03:29:33,remove_watermark,9.9,success,finish_page
O0001862,U004553,T00019606,2026-06-09 11:25:19,hd_export,6.9,failed,finish_page
O0001863,U004558,T00019629,2026-06-15 20:25:47,remove_watermark,9.9,failed,download_page
O0001864,U004559,T00019633,2026-06-28 23:11:23,hd_export,6.9,failed,finish_page
O0001865,U004563,T00019645,2026-06-21 03:26:53,fast_generation,4.9,success,download_page
O0001866,U004564,T00019653,2026-06-28 21:58:59,fast_generation,4.9,success,popup
O0001867,U004575,T00019682,2026-06-05 22:15:48,monthly_member,39.0,success,member_center
O0001868,U004575,T00019683,2026-06-16 17:41:41,remove_watermark,9.9,failed,finish_page
O0001869,U004579,T00019690,2026-06-11 23:38:33,remove_watermark,9.9,failed,finish_page
O0001870,U004579,T00019692,2026-06-21 19:26:46,hd_export,6.9,success,popup
O0001871,U004580,T00019697,2026-06-09 14:50:36,remove_watermark,9.9,failed,popup
O0001872,U004585,T00019719,2026-06-05 07:25:55,remove_watermark,9.9,success,finish_page
O0001873,U004589,T00019729,2026-05-15 03:32:31,hd_export,6.9,failed,finish_page
O0001874,U004590,T00019740,2026-06-25 07:51:45,hd_export,6.9,failed,finish_page
O0001875,U004594,T00019763,2026-06-27 10:23:27,remove_watermark,9.9,success,finish_page
O0001876,U004595,T00019768,2026-06-10 08:57:09,monthly_member,39.0,success,finish_page
O0001877,U004599,T00019785,2026-06-29 14:29:34,monthly_member,39.0,success,finish_page
O0001878,U004600,T00019786,2026-06-29 02:06:36,remove_watermark,9.9,failed,download_page
O0001879,U004604,T00019797,2026-06-14 12:01:44,fast_generation,4.9,success,finish_page
O0001880,U004604,T00019798,2026-06-15 21:14:59,credit_pack,29.0,failed,finish_page
O0001881,U004605,T00019804,2026-05-14 17:14:13,remove_watermark,9.9,failed,finish_page
O0001882,U004605,T00019807,2026-05-29 05:54:38,fast_generation,4.9,failed,finish_page
O0001883,U004606,T00019814,2026-06-20 05:49:39,credit_pack,29.0,success,download_page
O0001884,U004610,T00019828,2026-06-27 20:25:12,hd_export,6.9,failed,finish_page
O0001885,U004613,T00019839,2026-06-26 02:16:58,hd_export,6.9,failed,finish_page
O0001886,U004613,T00019842,2026-06-28 10:57:04,hd_export,6.9,failed,finish_page
O0001887,U004618,T00019857,2026-05-30 11:26:37,hd_export,6.9,failed,finish_page
O0001888,U004618,T00019861,2026-06-19 21:58:51,hd_export,6.9,failed,finish_page
O0001889,U004623,T00019880,2026-05-14 21:46:44,fast_generation,4.9,failed,download_page
O0001890,U004623,T00019881,2026-05-30 02:10:36,monthly_member,39.0,success,download_page
O0001891,U004623,T00019886,2026-06-29 01:44:39,credit_pack,29.0,failed,finish_page
O0001892,U004625,T00019894,2026-05-19 12:29:52,monthly_member,39.0,failed,finish_page
O0001893,U004626,T00019905,2026-06-19 19:39:51,monthly_member,39.0,failed,member_center
O0001894,U004627,T00019908,2026-06-12 18:45:44,hd_export,6.9,failed,popup
O0001895,U004627,T00019910,2026-06-19 16:37:35,remove_watermark,9.9,failed,download_page
O0001896,U004629,T00019912,2026-06-21 20:15:49,fast_generation,4.9,failed,finish_page
O0001897,U004632,T00019918,2026-06-28 14:06:48,fast_generation,4.9,failed,finish_page
O0001898,U004635,T00019931,2026-06-27 22:12:57,monthly_member,39.0,success,template_page
O0001899,U004638,T00019936,2026-06-22 09:35:31,remove_watermark,9.9,failed,finish_page
O0001900,U004639,T00019944,2026-05-05 23:48:01,hd_export,6.9,success,template_page
O0001901,U004641,T00019960,2026-05-31 11:58:19,remove_watermark,9.9,failed,finish_page
O0001902,U004642,T00019974,2026-06-01 07:43:05,hd_export,6.9,success,finish_page
O0001903,U004642,T00019977,2026-06-28 19:05:15,remove_watermark,9.9,failed,download_page
O0001904,U004645,T00019984,2026-06-15 23:39:51,remove_watermark,9.9,success,member_center
O0001905,U004649,T00020000,2026-06-29 13:44:37,monthly_member,39.0,failed,download_page
O0001906,U004652,T00020012,2026-06-29 01:37:46,monthly_member,39.0,failed,member_center
O0001907,U004653,T00020015,2026-06-28 09:37:58,hd_export,6.9,failed,popup
O0001908,U004656,T00020027,2026-06-02 10:32:04,monthly_member,39.0,success,download_page
O0001909,U004664,T00020064,2026-06-23 19:49:17,fast_generation,4.9,failed,member_center
O0001910,U004666,T00020074,2026-06-25 18:43:09,remove_watermark,9.9,failed,finish_page
O0001911,U004670,T00020097,2026-06-24 00:37:02,monthly_member,39.0,failed,finish_page
O0001912,U004672,T00020102,2026-05-26 03:06:28,fast_generation,4.9,failed,finish_page
O0001913,U004673,T00020111,2026-06-26 18:34:39,remove_watermark,9.9,failed,finish_page
O0001914,U004673,T00020113,2026-06-27 11:47:26,hd_export,6.9,failed,finish_page
O0001915,U004674,T00020115,2026-06-21 23:28:04,hd_export,6.9,success,popup
O0001916,U004683,T00020145,2026-06-09 14:25:47,hd_export,6.9,failed,download_page
O0001917,U004685,T00020159,2026-06-28 14:26:02,monthly_member,39.0,success,popup
O0001918,U004686,T00020164,2026-06-17 06:12:07,monthly_member,39.0,failed,download_page
O0001919,U004688,T00020172,2026-06-23 11:38:12,remove_watermark,9.9,success,member_center
O0001920,U004690,T00020178,2026-06-23 08:25:46,monthly_member,39.0,failed,finish_page
O0001921,U004694,T00020191,2026-06-20 15:52:13,hd_export,6.9,failed,finish_page
O0001922,U004695,T00020194,2026-06-03 11:58:54,monthly_member,39.0,success,finish_page
O0001923,U004695,T00020196,2026-06-11 10:43:09,credit_pack,29.0,failed,finish_page
O0001924,U004698,T00020208,2026-06-14 15:21:49,credit_pack,29.0,failed,download_page
O0001925,U004703,T00020229,2026-06-19 06:30:21,credit_pack,29.0,failed,popup
O0001926,U004708,T00020248,2026-06-01 03:07:09,remove_watermark,9.9,success,download_page
O0001927,U004712,T00020264,2026-06-05 14:28:05,monthly_member,39.0,failed,download_page
O0001928,U004713,T00020273,2026-05-23 10:10:51,remove_watermark,9.9,failed,finish_page
O0001929,U004714,T00020279,2026-06-01 12:23:45,monthly_member,39.0,failed,download_page
O0001930,U004719,T00020309,2026-06-29 17:16:59,fast_generation,4.9,failed,finish_page
O0001931,U004723,T00020321,2026-06-16 23:17:02,credit_pack,29.0,failed,finish_page
O0001932,U004723,T00020324,2026-06-29 16:39:55,remove_watermark,9.9,failed,finish_page
O0001933,U004724,T00020330,2026-06-16 16:50:59,monthly_member,39.0,success,download_page
O0001934,U004737,T00020371,2026-06-23 02:40:23,monthly_member,39.0,failed,finish_page
O0001935,U004741,T00020385,2026-06-18 22:50:08,fast_generation,4.9,failed,member_center
O0001936,U004742,T00020387,2026-05-03 19:28:56,fast_generation,4.9,failed,popup
O0001937,U004744,T00020394,2026-05-29 00:19:52,credit_pack,29.0,failed,finish_page
O0001938,U004750,T00020413,2026-05-28 16:30:52,monthly_member,39.0,success,finish_page
O0001939,U004751,T00020418,2026-06-11 22:09:18,remove_watermark,9.9,failed,finish_page
O0001940,U004751,T00020422,2026-06-29 00:51:10,remove_watermark,9.9,failed,download_page
O0001941,U004753,T00020433,2026-06-23 22:02:57,monthly_member,39.0,failed,finish_page
O0001942,U004760,T00020462,2026-06-12 13:07:17,hd_export,6.9,success,popup
O0001943,U004761,T00020466,2026-06-19 15:58:17,fast_generation,4.9,failed,finish_page
O0001944,U004764,T00020479,2026-06-16 17:07:12,remove_watermark,9.9,failed,member_center
O0001945,U004764,T00020482,2026-06-27 14:28:44,remove_watermark,9.9,failed,popup
O0001946,U004766,T00020485,2026-06-23 20:44:45,credit_pack,29.0,success,finish_page
O0001947,U004774,T00020507,2026-05-11 14:03:24,remove_watermark,9.9,failed,template_page
O0001948,U004775,T00020516,2026-06-28 05:42:41,remove_watermark,9.9,success,finish_page
O0001949,U004776,T00020525,2026-06-17 19:51:53,fast_generation,4.9,failed,download_page
O0001950,U004781,T00020543,2026-06-14 17:35:20,hd_export,6.9,failed,download_page
O0001951,U004784,T00020549,2026-06-28 20:20:47,remove_watermark,9.9,failed,member_center
O0001952,U004784,T00020551,2026-06-29 07:59:25,fast_generation,4.9,success,finish_page
O0001953,U004786,T00020558,2026-05-23 20:11:03,monthly_member,39.0,failed,member_center
O0001954,U004794,T00020602,2026-05-16 20:35:28,remove_watermark,9.9,failed,member_center
O0001955,U004801,T00020624,2026-06-23 13:55:30,fast_generation,4.9,failed,finish_page
O0001956,U004802,T00020628,2026-06-09 02:51:25,monthly_member,39.0,failed,finish_page
O0001957,U004810,T00020660,2026-05-22 15:26:48,monthly_member,39.0,failed,download_page
O0001958,U004812,T00020673,2026-06-25 12:35:25,credit_pack,29.0,success,member_center
O0001959,U004815,T00020681,2026-05-24 03:57:10,hd_export,6.9,failed,download_page
O0001960,U004815,T00020684,2026-06-18 05:50:11,monthly_member,39.0,success,finish_page
O0001961,U004815,T00020685,2026-06-25 12:52:53,hd_export,6.9,failed,download_page
O0001962,U004816,T00020689,2026-06-09 09:32:50,monthly_member,39.0,failed,finish_page
O0001963,U004819,T00020702,2026-06-24 11:49:31,hd_export,6.9,success,download_page
O0001964,U004823,T00020712,2026-06-28 15:33:30,monthly_member,39.0,failed,finish_page
O0001965,U004825,T00020716,2026-05-13 07:33:23,fast_generation,4.9,failed,download_page
O0001966,U004825,T00020720,2026-06-13 17:50:59,remove_watermark,9.9,failed,member_center
O0001967,U004827,T00020730,2026-06-05 11:26:27,hd_export,6.9,failed,popup
O0001968,U004841,T00020782,2026-05-27 15:15:41,hd_export,6.9,failed,finish_page
O0001969,U004841,T00020786,2026-06-10 14:23:01,remove_watermark,9.9,failed,download_page
O0001970,U004842,T00020790,2026-06-10 10:29:11,monthly_member,39.0,failed,popup
O0001971,U004843,T00020794,2026-05-13 15:17:20,remove_watermark,9.9,failed,finish_page
O0001972,U004846,T00020811,2026-06-24 07:23:36,hd_export,6.9,failed,download_page
O0001973,U004853,T00020845,2026-06-27 02:36:37,remove_watermark,9.9,failed,finish_page
O0001974,U004861,T00020873,2026-06-01 09:00:51,monthly_member,39.0,success,finish_page
O0001975,U004862,T00020878,2026-05-19 18:22:57,credit_pack,29.0,failed,download_page
O0001976,U004866,T00020892,2026-06-23 08:11:53,hd_export,6.9,failed,finish_page
O0001977,U004869,T00020910,2026-06-03 22:34:27,remove_watermark,9.9,failed,popup
O0001978,U004870,T00020915,2026-06-20 14:45:38,hd_export,6.9,success,finish_page
O0001979,U004877,T00020950,2026-06-02 08:53:08,hd_export,6.9,failed,finish_page
O0001980,U004877,T00020951,2026-06-08 16:31:31,remove_watermark,9.9,failed,finish_page
O0001981,U004883,T00020972,2026-06-29 22:59:05,monthly_member,39.0,failed,finish_page
O0001982,U004884,T00020973,2026-06-27 20:15:32,monthly_member,39.0,failed,finish_page
O0001983,U004887,T00020993,2026-06-23 11:23:01,remove_watermark,9.9,failed,download_page
O0001984,U004887,T00020994,2026-06-24 00:05:37,remove_watermark,9.9,failed,popup
O0001985,U004891,T00021011,2026-06-23 10:35:37,fast_generation,4.9,failed,member_center
O0001986,U004892,T00021013,2026-05-02 09:50:37,hd_export,6.9,success,popup
O0001987,U004892,T00021014,2026-05-04 03:48:12,remove_watermark,9.9,failed,finish_page
O0001988,U004894,T00021028,2026-05-19 08:31:57,hd_export,6.9,failed,finish_page
O0001989,U004899,T00021058,2026-06-15 07:14:09,hd_export,6.9,failed,finish_page
O0001990,U004905,T00021083,2026-06-08 15:47:35,hd_export,6.9,failed,download_page
O0001991,U004906,T00021088,2026-06-14 05:55:54,monthly_member,39.0,success,finish_page
O0001992,U004907,T00021091,2026-06-04 05:54:50,remove_watermark,9.9,success,finish_page
O0001993,U004911,T00021099,2026-06-26 16:42:55,remove_watermark,9.9,success,popup
O0001994,U004912,T00021103,2026-06-03 13:39:51,remove_watermark,9.9,failed,finish_page
O0001995,U004913,T00021106,2026-06-13 09:28:43,remove_watermark,9.9,failed,member_center
O0001996,U004916,T00021122,2026-05-18 04:19:34,remove_watermark,9.9,success,popup
O0001997,U004918,T00021132,2026-06-22 05:46:02,monthly_member,39.0,success,finish_page
O0001998,U004919,T00021137,2026-05-25 10:06:27,credit_pack,29.0,failed,finish_page
O0001999,U004920,T00021142,2026-06-25 14:16:53,credit_pack,29.0,failed,member_center
O0002000,U004921,T00021145,2026-06-23 19:19:41,remove_watermark,9.9,failed,popup
O0002001,U004923,T00021159,2026-06-20 15:10:35,hd_export,6.9,success,finish_page
O0002002,U004924,T00021161,2026-05-31 16:56:14,remove_watermark,9.9,success,finish_page
O0002003,U004925,T00021166,2026-05-13 12:46:50,remove_watermark,9.9,failed,popup
O0002004,U004926,T00021172,2026-06-06 20:50:54,remove_watermark,9.9,success,finish_page
O0002005,U004929,T00021189,2026-06-16 23:09:51,credit_pack,29.0,failed,popup
O0002006,U004929,T00021190,2026-06-21 00:48:07,credit_pack,29.0,failed,template_page
O0002007,U004931,T00021202,2026-06-13 02:40:19,hd_export,6.9,failed,download_page
O0002008,U004942,T00021249,2026-05-12 07:47:42,fast_generation,4.9,failed,finish_page
O0002009,U004944,T00021264,2026-06-26 17:54:44,monthly_member,39.0,failed,member_center
O0002010,U004945,T00021268,2026-06-23 09:44:01,monthly_member,39.0,failed,finish_page
O0002011,U004948,T00021287,2026-06-27 15:26:59,monthly_member,39.0,failed,popup
O0002012,U004949,T00021288,2026-06-17 21:36:14,monthly_member,39.0,failed,download_page
O0002013,U004951,T00021295,2026-05-23 02:55:41,monthly_member,39.0,success,finish_page
O0002014,U004951,T00021297,2026-06-08 16:29:56,remove_watermark,9.9,failed,finish_page
O0002015,U004955,T00021309,2026-06-20 16:46:34,monthly_member,39.0,success,popup
O0002016,U004957,T00021320,2026-05-10 01:35:16,hd_export,6.9,failed,finish_page
O0002017,U004959,T00021335,2026-06-14 07:05:34,monthly_member,39.0,success,finish_page
O0002018,U004960,T00021339,2026-05-17 02:27:33,remove_watermark,9.9,failed,finish_page
O0002019,U004962,T00021346,2026-06-13 15:21:38,remove_watermark,9.9,failed,download_page
O0002020,U004963,T00021350,2026-05-28 10:12:14,remove_watermark,9.9,failed,finish_page
O0002021,U004963,T00021351,2026-05-29 02:01:50,fast_generation,4.9,success,template_page
O0002022,U004967,T00021369,2026-06-20 21:11:39,remove_watermark,9.9,failed,member_center
O0002023,U004971,T00021384,2026-06-24 07:45:20,monthly_member,39.0,success,finish_page
O0002024,U004983,T00021437,2026-06-05 09:05:20,fast_generation,4.9,failed,member_center
O0002025,U004985,T00021454,2026-06-10 11:28:43,credit_pack,29.0,success,finish_page
O0002026,U004992,T00021478,2026-06-25 23:54:58,remove_watermark,9.9,failed,download_page
O0002027,U004995,T00021487,2026-06-26 14:41:19,hd_export,6.9,failed,finish_page
O0002028,U004997,T00021492,2026-06-27 23:33:18,monthly_member,39.0,failed,popup
O0002029,U004998,T00021493,2026-05-25 03:04:49,monthly_member,39.0,failed,finish_page
