user_id,register_date,first_visit_date,channel,device,region,user_type,is_paid
U000001,2026-05-11 00:00:00,2026-05-11 00:00:00,referral,Web,一线城市,free,0
U000002,2026-06-24 00:00:00,2026-06-24 00:00:00,search_ads,iOS,二线城市,free,0
U000003,2026-06-17 00:00:00,2026-06-17 00:00:00,short_video_ads,Android,新一线城市,free,0
U000004,2026-05-08 00:00:00,2026-05-07 00:00:00,search_ads,iOS,二线城市,free,0
U000005,2026-05-17 00:00:00,2026-05-17 00:00:00,short_video_ads,iOS,新一线城市,free,0
U000006,2026-06-22 00:00:00,2026-06-22 00:00:00,organic,iOS,一线城市,free,0
U000007,2026-05-16 00:00:00,2026-05-16 00:00:00,app_store,iOS,二线城市,free,0
U000008,2026-05-11 00:00:00,2026-05-11 00:00:00,short_video_ads,Web,新一线城市,free,0
U000009,2026-06-10 00:00:00,2026-06-10 00:00:00,app_store,iOS,一线城市,free,0
U000010,2026-05-01 00:00:00,2026-05-01 00:00:00,organic,iOS,二线城市,free,0
U000011,2026-05-09 00:00:00,2026-05-09 00:00:00,app_store,Android,二线城市,free,0
U000012,2026-06-29 00:00:00,2026-06-29 00:00:00,short_video_ads,Android,二线城市,free,0
U000013,2026-05-17 00:00:00,2026-05-17 00:00:00,app_store,iOS,新一线城市,free,0
U000014,2026-06-20 00:00:00,2026-06-20 00:00:00,app_store,Web,新一线城市,free,0
U000015,2026-05-09 00:00:00,2026-05-09 00:00:00,app_store,Web,新一线城市,free,0
U000016,2026-05-25 00:00:00,2026-05-25 00:00:00,search_ads,iOS,海外,free,0
U000017,2026-06-24 00:00:00,2026-06-24 00:00:00,app_store,Android,新一线城市,free,0
U000018,2026-05-24 00:00:00,2026-05-24 00:00:00,short_video_ads,Android,海外,free,0
U000019,2026-05-15 00:00:00,2026-05-15 00:00:00,short_video_ads,Web,二线城市,payer,1
U000020,2026-06-23 00:00:00,2026-06-23 00:00:00,organic,Web,新一线城市,free,0
U000021,2026-06-07 00:00:00,2026-06-07 00:00:00,app_store,Web,二线城市,free,0
U000022,2026-05-31 00:00:00,2026-05-31 00:00:00,app_store,Web,一线城市,free,0
U000023,2026-06-06 00:00:00,2026-06-06 00:00:00,short_video_ads,Web,一线城市,free,0
U000024,2026-05-12 00:00:00,2026-05-12 00:00:00,app_store,Web,二线城市,free,0
U000025,2026-06-02 00:00:00,2026-06-02 00:00:00,app_store,Android,一线城市,free,0
U000026,2026-05-24 00:00:00,2026-05-24 00:00:00,short_video_ads,Android,海外,free,0
U000027,2026-05-11 00:00:00,2026-05-11 00:00:00,short_video_ads,Android,一线城市,free,0
U000028,2026-06-24 00:00:00,2026-06-24 00:00:00,organic,Android,一线城市,free,0
U000029,2026-05-02 00:00:00,2026-05-02 00:00:00,short_video_ads,Web,海外,free,0
U000030,2026-05-02 00:00:00,2026-05-02 00:00:00,organic,iOS,海外,free,0
U000031,2026-06-14 00:00:00,2026-06-14 00:00:00,referral,Web,新一线城市,free,0
U000032,2026-05-06 00:00:00,2026-05-06 00:00:00,short_video_ads,iOS,新一线城市,payer,1
U000033,2026-06-03 00:00:00,2026-06-03 00:00:00,referral,Web,二线城市,free,0
U000034,2026-06-17 00:00:00,2026-06-17 00:00:00,organic,iOS,一线城市,free,0
U000035,2026-05-10 00:00:00,2026-05-10 00:00:00,short_video_ads,iOS,二线城市,free,0
U000036,2026-06-02 00:00:00,2026-06-02 00:00:00,search_ads,Android,新一线城市,free,0
U000037,2026-05-08 00:00:00,2026-05-08 00:00:00,short_video_ads,Android,新一线城市,free,0
U000038,2026-05-06 00:00:00,2026-05-06 00:00:00,short_video_ads,Android,海外,free,0
U000039,2026-06-20 00:00:00,2026-06-20 00:00:00,referral,iOS,二线城市,free,0
U000040,2026-06-02 00:00:00,2026-06-02 00:00:00,short_video_ads,Web,二线城市,free,0
U000041,2026-06-01 00:00:00,2026-06-01 00:00:00,kol,Android,海外,free,0
U000042,2026-06-27 00:00:00,2026-06-27 00:00:00,search_ads,Web,一线城市,free,0
U000043,2026-05-26 00:00:00,2026-05-26 00:00:00,organic,Web,新一线城市,free,0
U000044,2026-05-30 00:00:00,2026-05-29 00:00:00,organic,Android,二线城市,free,0
U000045,2026-06-25 00:00:00,2026-06-25 00:00:00,organic,Web,一线城市,free,0
U000046,2026-06-12 00:00:00,2026-06-12 00:00:00,referral,Android,一线城市,free,0
U000047,2026-06-27 00:00:00,2026-06-27 00:00:00,kol,Android,二线城市,free,0
U000048,2026-06-26 00:00:00,2026-06-26 00:00:00,short_video_ads,Web,二线城市,free,0
U000049,2026-05-19 00:00:00,2026-05-19 00:00:00,app_store,Web,一线城市,free,0
U000050,2026-05-12 00:00:00,2026-05-12 00:00:00,short_video_ads,Android,新一线城市,free,0
U000051,2026-05-10 00:00:00,2026-05-08 00:00:00,referral,Android,一线城市,free,0
U000052,2026-06-03 00:00:00,2026-06-03 00:00:00,short_video_ads,iOS,新一线城市,free,0
U000053,2026-05-16 00:00:00,2026-05-16 00:00:00,referral,Android,二线城市,free,0
U000054,2026-05-17 00:00:00,2026-05-17 00:00:00,app_store,iOS,二线城市,free,0
U000055,2026-05-26 00:00:00,2026-05-26 00:00:00,short_video_ads,iOS,海外,free,0
U000056,2026-05-31 00:00:00,2026-05-31 00:00:00,search_ads,iOS,一线城市,free,0
U000057,2026-06-21 00:00:00,2026-06-21 00:00:00,search_ads,Android,一线城市,free,0
U000058,2026-05-02 00:00:00,2026-05-02 00:00:00,short_video_ads,Android,二线城市,free,0
U000059,2026-05-04 00:00:00,2026-05-04 00:00:00,app_store,Android,二线城市,free,0
U000060,2026-05-20 00:00:00,2026-05-20 00:00:00,kol,Web,新一线城市,free,0
U000061,2026-06-06 00:00:00,2026-06-06 00:00:00,short_video_ads,Web,一线城市,free,0
U000062,2026-06-25 00:00:00,2026-06-25 00:00:00,short_video_ads,Web,一线城市,free,0
U000063,2026-06-27 00:00:00,2026-06-27 00:00:00,referral,iOS,海外,free,0
U000064,2026-06-09 00:00:00,2026-06-09 00:00:00,organic,Android,一线城市,free,0
U000065,2026-06-07 00:00:00,2026-06-07 00:00:00,app_store,Web,一线城市,payer,1
U000066,2026-05-29 00:00:00,2026-05-29 00:00:00,organic,Web,二线城市,free,0
U000067,2026-06-17 00:00:00,2026-06-17 00:00:00,app_store,Android,新一线城市,free,0
U000068,2026-05-26 00:00:00,2026-05-26 00:00:00,referral,iOS,一线城市,free,0
U000069,2026-05-28 00:00:00,2026-05-27 00:00:00,short_video_ads,iOS,海外,free,0
U000070,2026-06-06 00:00:00,2026-06-04 00:00:00,search_ads,Web,一线城市,free,0
U000071,2026-06-20 00:00:00,2026-06-20 00:00:00,kol,iOS,海外,free,0
U000072,2026-05-27 00:00:00,2026-05-27 00:00:00,referral,Web,新一线城市,free,0
U000073,2026-06-18 00:00:00,2026-06-18 00:00:00,search_ads,Web,一线城市,payer,1
U000074,2026-05-29 00:00:00,2026-05-29 00:00:00,kol,Web,海外,free,0
U000075,2026-06-20 00:00:00,2026-06-20 00:00:00,referral,iOS,二线城市,free,0
U000076,2026-05-16 00:00:00,2026-05-15 00:00:00,app_store,iOS,二线城市,free,0
U000077,2026-06-25 00:00:00,2026-06-25 00:00:00,search_ads,Android,海外,free,0
U000078,2026-05-04 00:00:00,2026-05-04 00:00:00,app_store,Android,一线城市,free,0
U000079,2026-06-19 00:00:00,2026-06-19 00:00:00,organic,Android,新一线城市,payer,1
U000080,2026-05-25 00:00:00,2026-05-25 00:00:00,app_store,Web,一线城市,payer,1
U000081,2026-05-08 00:00:00,2026-05-08 00:00:00,app_store,iOS,二线城市,free,0
U000082,2026-06-13 00:00:00,2026-06-13 00:00:00,search_ads,iOS,一线城市,free,0
U000083,2026-06-27 00:00:00,2026-06-27 00:00:00,app_store,Web,新一线城市,free,0
U000084,2026-05-19 00:00:00,2026-05-19 00:00:00,short_video_ads,Android,新一线城市,free,0
U000085,2026-05-27 00:00:00,2026-05-27 00:00:00,organic,Web,海外,free,0
U000086,2026-06-23 00:00:00,2026-06-23 00:00:00,app_store,iOS,新一线城市,free,0
U000087,2026-06-02 00:00:00,2026-06-02 00:00:00,organic,Web,新一线城市,free,0
U000088,2026-06-24 00:00:00,2026-06-24 00:00:00,kol,iOS,二线城市,free,0
U000089,2026-06-25 00:00:00,2026-06-25 00:00:00,short_video_ads,Android,二线城市,free,0
U000090,2026-06-11 00:00:00,2026-06-11 00:00:00,search_ads,Android,新一线城市,free,0
U000091,2026-06-21 00:00:00,2026-06-21 00:00:00,kol,Android,新一线城市,free,0
U000092,2026-05-20 00:00:00,2026-05-20 00:00:00,organic,Web,一线城市,free,0
U000093,2026-06-26 00:00:00,2026-06-26 00:00:00,organic,iOS,一线城市,free,0
U000094,2026-05-01 00:00:00,2026-05-01 00:00:00,referral,Android,海外,payer,1
U000095,2026-06-03 00:00:00,2026-06-03 00:00:00,search_ads,Android,二线城市,free,0
U000096,2026-06-22 00:00:00,2026-06-22 00:00:00,search_ads,iOS,新一线城市,free,0
U000097,2026-06-06 00:00:00,2026-06-06 00:00:00,kol,Android,新一线城市,free,0
U000098,2026-05-04 00:00:00,2026-05-04 00:00:00,short_video_ads,Android,海外,free,0
U000099,2026-05-15 00:00:00,2026-05-15 00:00:00,organic,iOS,新一线城市,payer,1
U000100,2026-05-03 00:00:00,2026-05-03 00:00:00,search_ads,Android,海外,free,0
U000101,2026-05-06 00:00:00,2026-05-06 00:00:00,organic,Web,新一线城市,payer,1
U000102,2026-05-17 00:00:00,2026-05-17 00:00:00,kol,iOS,海外,free,0
U000103,2026-06-19 00:00:00,2026-06-19 00:00:00,app_store,iOS,二线城市,free,0
U000104,2026-06-06 00:00:00,2026-06-06 00:00:00,search_ads,iOS,新一线城市,free,0
U000105,2026-06-08 00:00:00,2026-06-08 00:00:00,app_store,Web,二线城市,free,0
U000106,2026-06-03 00:00:00,2026-06-03 00:00:00,app_store,Android,新一线城市,free,0
U000107,2026-06-15 00:00:00,2026-06-15 00:00:00,kol,iOS,新一线城市,free,0
U000108,2026-05-03 00:00:00,2026-05-03 00:00:00,short_video_ads,iOS,一线城市,free,0
U000109,2026-05-15 00:00:00,2026-05-14 00:00:00,short_video_ads,Android,新一线城市,free,0
U000110,2026-06-24 00:00:00,2026-06-24 00:00:00,kol,iOS,一线城市,free,0
U000111,2026-05-13 00:00:00,2026-05-13 00:00:00,short_video_ads,iOS,一线城市,free,0
U000112,2026-06-14 00:00:00,2026-06-14 00:00:00,organic,Android,新一线城市,payer,1
U000113,2026-06-20 00:00:00,2026-06-20 00:00:00,kol,Android,新一线城市,free,0
U000114,2026-05-31 00:00:00,2026-05-31 00:00:00,organic,Web,一线城市,free,0
U000115,2026-05-27 00:00:00,2026-05-27 00:00:00,search_ads,Web,一线城市,payer,1
U000116,2026-05-15 00:00:00,2026-05-15 00:00:00,app_store,Web,一线城市,free,0
U000117,2026-05-29 00:00:00,2026-05-29 00:00:00,short_video_ads,iOS,新一线城市,free,0
U000118,2026-05-10 00:00:00,2026-05-10 00:00:00,short_video_ads,Web,海外,free,0
U000119,2026-05-27 00:00:00,2026-05-27 00:00:00,organic,Android,一线城市,free,0
U000120,2026-05-20 00:00:00,2026-05-20 00:00:00,kol,Android,一线城市,free,0
U000121,2026-06-02 00:00:00,2026-06-02 00:00:00,app_store,Android,一线城市,free,0
U000122,2026-06-20 00:00:00,2026-06-20 00:00:00,kol,iOS,一线城市,free,0
U000123,2026-06-23 00:00:00,2026-06-23 00:00:00,app_store,Android,二线城市,free,0
U000124,2026-05-23 00:00:00,2026-05-23 00:00:00,referral,Web,新一线城市,free,0
U000125,2026-05-30 00:00:00,2026-05-30 00:00:00,organic,Android,二线城市,free,0
U000126,2026-05-07 00:00:00,2026-05-07 00:00:00,organic,iOS,新一线城市,free,0
U000127,2026-06-07 00:00:00,2026-06-07 00:00:00,kol,iOS,二线城市,free,0
U000128,2026-05-13 00:00:00,2026-05-13 00:00:00,kol,Web,二线城市,payer,1
U000129,2026-06-19 00:00:00,2026-06-19 00:00:00,organic,Android,一线城市,free,0
U000130,2026-06-06 00:00:00,2026-06-06 00:00:00,organic,Android,新一线城市,free,0
U000131,2026-05-04 00:00:00,2026-05-04 00:00:00,search_ads,Android,二线城市,free,0
U000132,2026-06-21 00:00:00,2026-06-21 00:00:00,kol,Web,新一线城市,free,0
U000133,2026-05-15 00:00:00,2026-05-15 00:00:00,short_video_ads,Android,一线城市,payer,1
U000134,2026-05-12 00:00:00,2026-05-12 00:00:00,referral,iOS,二线城市,free,0
U000135,2026-06-26 00:00:00,2026-06-26 00:00:00,app_store,iOS,海外,free,0
U000136,2026-05-26 00:00:00,2026-05-26 00:00:00,organic,iOS,二线城市,free,0
U000137,2026-06-18 00:00:00,2026-06-18 00:00:00,organic,Web,二线城市,free,0
U000138,2026-05-13 00:00:00,2026-05-13 00:00:00,kol,Web,二线城市,free,0
U000139,2026-06-01 00:00:00,2026-06-01 00:00:00,short_video_ads,Android,新一线城市,free,0
U000140,2026-06-03 00:00:00,2026-06-02 00:00:00,app_store,iOS,一线城市,payer,1
U000141,2026-05-28 00:00:00,2026-05-28 00:00:00,app_store,Android,一线城市,free,0
U000142,2026-05-14 00:00:00,2026-05-13 00:00:00,kol,Android,二线城市,free,0
U000143,2026-05-07 00:00:00,2026-05-07 00:00:00,app_store,Android,新一线城市,free,0
U000144,2026-05-03 00:00:00,2026-05-03 00:00:00,referral,Android,海外,free,0
U000145,2026-05-04 00:00:00,2026-05-03 00:00:00,search_ads,iOS,海外,free,0
U000146,2026-05-26 00:00:00,2026-05-26 00:00:00,kol,Android,二线城市,free,0
U000147,2026-06-17 00:00:00,2026-06-17 00:00:00,kol,Android,海外,free,0
U000148,2026-06-25 00:00:00,2026-06-25 00:00:00,short_video_ads,iOS,新一线城市,free,0
U000149,2026-06-06 00:00:00,2026-06-06 00:00:00,short_video_ads,iOS,二线城市,free,0
U000150,2026-05-10 00:00:00,2026-05-10 00:00:00,short_video_ads,iOS,海外,payer,1
U000151,2026-06-04 00:00:00,2026-06-04 00:00:00,app_store,Android,一线城市,free,0
U000152,2026-06-09 00:00:00,2026-06-09 00:00:00,search_ads,Android,海外,free,0
U000153,2026-05-08 00:00:00,2026-05-08 00:00:00,app_store,iOS,一线城市,free,0
U000154,2026-06-09 00:00:00,2026-06-09 00:00:00,referral,Web,海外,free,0
U000155,2026-05-27 00:00:00,2026-05-27 00:00:00,organic,Android,新一线城市,free,0
U000156,2026-05-20 00:00:00,2026-05-20 00:00:00,app_store,Android,一线城市,free,0
U000157,2026-05-01 00:00:00,2026-05-01 00:00:00,app_store,iOS,海外,free,0
U000158,2026-05-01 00:00:00,2026-05-01 00:00:00,kol,iOS,海外,free,0
U000159,2026-05-18 00:00:00,2026-05-18 00:00:00,app_store,Android,新一线城市,free,0
U000160,2026-05-23 00:00:00,2026-05-23 00:00:00,short_video_ads,Web,二线城市,free,0
U000161,2026-05-02 00:00:00,2026-05-02 00:00:00,short_video_ads,iOS,海外,payer,1
U000162,2026-05-07 00:00:00,2026-05-07 00:00:00,kol,iOS,二线城市,free,0
U000163,2026-06-29 00:00:00,2026-06-29 00:00:00,referral,Android,二线城市,free,0
U000164,2026-05-03 00:00:00,2026-05-03 00:00:00,short_video_ads,Web,一线城市,free,0
U000165,2026-05-31 00:00:00,2026-05-31 00:00:00,app_store,iOS,一线城市,free,0
U000166,2026-05-04 00:00:00,2026-05-04 00:00:00,organic,Android,新一线城市,free,0
U000167,2026-05-17 00:00:00,2026-05-17 00:00:00,app_store,Web,二线城市,free,0
U000168,2026-05-02 00:00:00,2026-05-02 00:00:00,short_video_ads,Android,一线城市,free,0
U000169,2026-06-05 00:00:00,2026-06-05 00:00:00,kol,Web,海外,free,0
U000170,2026-06-11 00:00:00,2026-06-11 00:00:00,kol,Web,一线城市,free,0
U000171,2026-05-29 00:00:00,2026-05-29 00:00:00,search_ads,iOS,一线城市,free,0
U000172,2026-06-12 00:00:00,2026-06-12 00:00:00,short_video_ads,iOS,一线城市,payer,1
U000173,2026-05-12 00:00:00,2026-05-12 00:00:00,short_video_ads,iOS,一线城市,free,0
U000174,2026-05-20 00:00:00,2026-05-20 00:00:00,organic,Android,新一线城市,free,0
U000175,2026-05-12 00:00:00,2026-05-12 00:00:00,app_store,Android,新一线城市,payer,1
U000176,2026-06-25 00:00:00,2026-06-25 00:00:00,organic,Android,新一线城市,free,0
U000177,2026-05-02 00:00:00,2026-05-02 00:00:00,search_ads,Android,一线城市,free,0
U000178,2026-06-04 00:00:00,2026-06-04 00:00:00,app_store,Android,新一线城市,free,0
U000179,2026-05-06 00:00:00,2026-05-06 00:00:00,referral,Web,一线城市,free,0
U000180,2026-06-03 00:00:00,2026-06-02 00:00:00,short_video_ads,Android,新一线城市,payer,1
U000181,2026-06-17 00:00:00,2026-06-17 00:00:00,short_video_ads,Android,海外,free,0
U000182,2026-06-11 00:00:00,2026-06-11 00:00:00,organic,iOS,新一线城市,payer,1
U000183,2026-06-27 00:00:00,2026-06-27 00:00:00,organic,iOS,一线城市,free,0
U000184,2026-05-30 00:00:00,2026-05-30 00:00:00,kol,Android,二线城市,free,0
U000185,2026-06-16 00:00:00,2026-06-16 00:00:00,referral,Android,二线城市,free,0
U000186,2026-05-25 00:00:00,2026-05-25 00:00:00,search_ads,Android,一线城市,free,0
U000187,2026-06-10 00:00:00,2026-06-10 00:00:00,short_video_ads,iOS,二线城市,free,0
U000188,2026-06-28 00:00:00,2026-06-28 00:00:00,short_video_ads,iOS,一线城市,free,0
U000189,2026-05-23 00:00:00,2026-05-23 00:00:00,kol,iOS,二线城市,free,0
U000190,2026-05-08 00:00:00,2026-05-08 00:00:00,organic,Android,一线城市,free,0
U000191,2026-06-12 00:00:00,2026-06-12 00:00:00,referral,iOS,海外,payer,1
U000192,2026-06-20 00:00:00,2026-06-20 00:00:00,short_video_ads,Android,一线城市,free,0
U000193,2026-06-06 00:00:00,2026-06-06 00:00:00,organic,iOS,一线城市,free,0
U000194,2026-06-12 00:00:00,2026-06-12 00:00:00,short_video_ads,iOS,二线城市,free,0
U000195,2026-05-12 00:00:00,2026-05-12 00:00:00,kol,iOS,一线城市,free,0
U000196,2026-06-05 00:00:00,2026-06-05 00:00:00,app_store,iOS,海外,free,0
U000197,2026-06-19 00:00:00,2026-06-19 00:00:00,search_ads,iOS,海外,free,0
U000198,2026-06-21 00:00:00,2026-06-21 00:00:00,organic,iOS,海外,free,0
U000199,2026-06-27 00:00:00,2026-06-26 00:00:00,short_video_ads,iOS,一线城市,free,0
U000200,2026-05-22 00:00:00,2026-05-22 00:00:00,short_video_ads,Web,二线城市,payer,1
U000201,2026-05-20 00:00:00,2026-05-20 00:00:00,organic,Android,二线城市,free,0
U000202,2026-05-30 00:00:00,2026-05-30 00:00:00,organic,iOS,一线城市,free,0
U000203,2026-06-04 00:00:00,2026-06-04 00:00:00,search_ads,iOS,新一线城市,free,0
U000204,2026-05-30 00:00:00,2026-05-30 00:00:00,app_store,Android,一线城市,payer,1
U000205,2026-06-06 00:00:00,2026-06-06 00:00:00,kol,Android,一线城市,free,0
U000206,2026-06-05 00:00:00,2026-06-05 00:00:00,referral,iOS,一线城市,free,0
U000207,2026-05-19 00:00:00,2026-05-19 00:00:00,search_ads,Android,一线城市,free,0
U000208,2026-05-07 00:00:00,2026-05-07 00:00:00,organic,Android,二线城市,free,0
U000209,2026-06-29 00:00:00,2026-06-27 00:00:00,organic,Web,一线城市,free,0
U000210,2026-05-29 00:00:00,2026-05-29 00:00:00,kol,Android,海外,free,0
U000211,2026-06-22 00:00:00,2026-06-22 00:00:00,app_store,Android,新一线城市,free,0
U000212,2026-06-12 00:00:00,2026-06-12 00:00:00,app_store,iOS,二线城市,free,0
U000213,2026-06-16 00:00:00,2026-06-16 00:00:00,organic,Android,二线城市,payer,1
U000214,2026-05-01 00:00:00,2026-05-01 00:00:00,kol,Android,二线城市,free,0
U000215,2026-05-15 00:00:00,2026-05-15 00:00:00,app_store,Android,一线城市,free,0
U000216,2026-05-01 00:00:00,2026-05-01 00:00:00,organic,iOS,一线城市,free,0
U000217,2026-06-24 00:00:00,2026-06-24 00:00:00,short_video_ads,Web,新一线城市,free,0
U000218,2026-05-20 00:00:00,2026-05-20 00:00:00,referral,Web,一线城市,free,0
U000219,2026-05-22 00:00:00,2026-05-22 00:00:00,referral,iOS,海外,free,0
U000220,2026-06-20 00:00:00,2026-06-20 00:00:00,referral,Android,一线城市,free,0
U000221,2026-05-11 00:00:00,2026-05-11 00:00:00,referral,Android,新一线城市,free,0
U000222,2026-05-27 00:00:00,2026-05-27 00:00:00,search_ads,Android,一线城市,payer,1
U000223,2026-05-03 00:00:00,2026-05-03 00:00:00,organic,iOS,二线城市,free,0
U000224,2026-06-14 00:00:00,2026-06-14 00:00:00,short_video_ads,Android,海外,free,0
U000225,2026-06-19 00:00:00,2026-06-19 00:00:00,app_store,iOS,二线城市,free,0
U000226,2026-05-21 00:00:00,2026-05-19 00:00:00,short_video_ads,iOS,新一线城市,free,0
U000227,2026-05-24 00:00:00,2026-05-24 00:00:00,referral,Android,一线城市,free,0
U000228,2026-05-08 00:00:00,2026-05-08 00:00:00,search_ads,Android,新一线城市,free,0
U000229,2026-06-14 00:00:00,2026-06-13 00:00:00,search_ads,Android,海外,free,0
U000230,2026-05-11 00:00:00,2026-05-11 00:00:00,organic,Web,一线城市,free,0
U000231,2026-06-03 00:00:00,2026-06-03 00:00:00,short_video_ads,iOS,二线城市,payer,1
U000232,2026-06-14 00:00:00,2026-06-14 00:00:00,organic,iOS,一线城市,free,0
U000233,2026-06-10 00:00:00,2026-06-10 00:00:00,organic,iOS,一线城市,free,0
U000234,2026-06-16 00:00:00,2026-06-16 00:00:00,search_ads,Android,海外,free,0
U000235,2026-05-31 00:00:00,2026-05-31 00:00:00,search_ads,iOS,新一线城市,payer,1
U000236,2026-06-24 00:00:00,2026-06-24 00:00:00,referral,iOS,海外,free,0
U000237,2026-06-14 00:00:00,2026-06-13 00:00:00,referral,Android,新一线城市,free,0
U000238,2026-06-28 00:00:00,2026-06-28 00:00:00,organic,iOS,新一线城市,free,0
U000239,2026-05-05 00:00:00,2026-05-05 00:00:00,organic,Android,新一线城市,free,0
U000240,2026-06-26 00:00:00,2026-06-26 00:00:00,search_ads,iOS,二线城市,payer,1
U000241,2026-05-13 00:00:00,2026-05-13 00:00:00,app_store,Android,一线城市,free,0
U000242,2026-05-03 00:00:00,2026-05-03 00:00:00,short_video_ads,iOS,新一线城市,free,0
U000243,2026-06-07 00:00:00,2026-06-06 00:00:00,short_video_ads,iOS,新一线城市,free,0
U000244,2026-05-09 00:00:00,2026-05-09 00:00:00,short_video_ads,Web,新一线城市,free,0
U000245,2026-05-26 00:00:00,2026-05-26 00:00:00,kol,Web,一线城市,free,0
U000246,2026-06-07 00:00:00,2026-06-07 00:00:00,organic,iOS,二线城市,free,0
U000247,2026-05-02 00:00:00,2026-05-02 00:00:00,app_store,iOS,一线城市,payer,1
U000248,2026-05-22 00:00:00,2026-05-22 00:00:00,referral,iOS,新一线城市,payer,1
U000249,2026-05-27 00:00:00,2026-05-27 00:00:00,kol,iOS,海外,free,0
U000250,2026-05-12 00:00:00,2026-05-12 00:00:00,organic,Android,新一线城市,free,0
U000251,2026-05-10 00:00:00,2026-05-10 00:00:00,kol,iOS,海外,payer,1
U000252,2026-05-18 00:00:00,2026-05-18 00:00:00,kol,Android,一线城市,free,0
U000253,2026-05-15 00:00:00,2026-05-14 00:00:00,kol,Android,海外,free,0
U000254,2026-05-05 00:00:00,2026-05-05 00:00:00,organic,Android,新一线城市,payer,1
U000255,2026-05-02 00:00:00,2026-05-02 00:00:00,app_store,Web,一线城市,free,0
U000256,2026-06-13 00:00:00,2026-06-13 00:00:00,short_video_ads,iOS,二线城市,free,0
U000257,2026-05-25 00:00:00,2026-05-25 00:00:00,organic,iOS,海外,free,0
U000258,2026-06-11 00:00:00,2026-06-11 00:00:00,organic,Web,新一线城市,payer,1
U000259,2026-06-03 00:00:00,2026-06-03 00:00:00,short_video_ads,Web,新一线城市,free,0
U000260,2026-05-09 00:00:00,2026-05-09 00:00:00,short_video_ads,Web,一线城市,free,0
U000261,2026-06-26 00:00:00,2026-06-26 00:00:00,short_video_ads,Android,一线城市,free,0
U000262,2026-06-23 00:00:00,2026-06-23 00:00:00,short_video_ads,Android,二线城市,payer,1
U000263,2026-05-07 00:00:00,2026-05-07 00:00:00,app_store,Android,新一线城市,free,0
U000264,2026-05-09 00:00:00,2026-05-09 00:00:00,short_video_ads,Android,一线城市,free,0
U000265,2026-06-13 00:00:00,2026-06-13 00:00:00,organic,Android,新一线城市,free,0
U000266,2026-06-14 00:00:00,2026-06-14 00:00:00,search_ads,Android,新一线城市,free,0
U000267,2026-05-17 00:00:00,2026-05-17 00:00:00,organic,Web,新一线城市,free,0
U000268,2026-06-13 00:00:00,2026-06-13 00:00:00,search_ads,Android,新一线城市,payer,1
U000269,2026-05-15 00:00:00,2026-05-15 00:00:00,kol,Android,二线城市,free,0
U000270,2026-05-22 00:00:00,2026-05-22 00:00:00,app_store,Web,新一线城市,free,0
U000271,2026-05-02 00:00:00,2026-05-02 00:00:00,kol,iOS,二线城市,free,0
U000272,2026-06-09 00:00:00,2026-06-09 00:00:00,app_store,iOS,二线城市,free,0
U000273,2026-05-13 00:00:00,2026-05-13 00:00:00,short_video_ads,Web,新一线城市,free,0
U000274,2026-05-17 00:00:00,2026-05-17 00:00:00,organic,Android,二线城市,free,0
U000275,2026-05-27 00:00:00,2026-05-27 00:00:00,search_ads,Android,新一线城市,payer,1
U000276,2026-05-04 00:00:00,2026-05-04 00:00:00,app_store,Android,新一线城市,payer,1
U000277,2026-06-10 00:00:00,2026-06-10 00:00:00,referral,iOS,二线城市,free,0
U000278,2026-06-19 00:00:00,2026-06-19 00:00:00,organic,iOS,一线城市,free,0
U000279,2026-06-13 00:00:00,2026-06-13 00:00:00,app_store,iOS,新一线城市,free,0
U000280,2026-06-28 00:00:00,2026-06-28 00:00:00,kol,Android,新一线城市,free,0
U000281,2026-05-02 00:00:00,2026-05-02 00:00:00,search_ads,iOS,一线城市,free,0
U000282,2026-05-15 00:00:00,2026-05-15 00:00:00,organic,Android,新一线城市,free,0
U000283,2026-06-28 00:00:00,2026-06-28 00:00:00,organic,Web,一线城市,free,0
U000284,2026-05-16 00:00:00,2026-05-16 00:00:00,short_video_ads,iOS,海外,free,0
U000285,2026-06-23 00:00:00,2026-06-23 00:00:00,referral,Web,新一线城市,free,0
U000286,2026-06-22 00:00:00,2026-06-22 00:00:00,kol,Android,新一线城市,free,0
U000287,2026-05-17 00:00:00,2026-05-17 00:00:00,organic,iOS,一线城市,free,0
U000288,2026-05-19 00:00:00,2026-05-19 00:00:00,organic,iOS,海外,free,0
U000289,2026-06-18 00:00:00,2026-06-18 00:00:00,organic,Android,一线城市,free,0
U000290,2026-05-31 00:00:00,2026-05-31 00:00:00,short_video_ads,Android,一线城市,payer,1
U000291,2026-06-11 00:00:00,2026-06-11 00:00:00,search_ads,Web,一线城市,free,0
U000292,2026-05-03 00:00:00,2026-05-03 00:00:00,organic,iOS,新一线城市,free,0
U000293,2026-05-22 00:00:00,2026-05-22 00:00:00,search_ads,Web,二线城市,free,0
U000294,2026-06-10 00:00:00,2026-06-10 00:00:00,kol,iOS,新一线城市,free,0
U000295,2026-06-20 00:00:00,2026-06-20 00:00:00,organic,Android,一线城市,free,0
U000296,2026-05-24 00:00:00,2026-05-24 00:00:00,organic,Android,海外,free,0
U000297,2026-05-26 00:00:00,2026-05-26 00:00:00,organic,Android,新一线城市,free,0
U000298,2026-05-24 00:00:00,2026-05-24 00:00:00,app_store,Web,新一线城市,free,0
U000299,2026-06-25 00:00:00,2026-06-25 00:00:00,organic,iOS,二线城市,free,0
U000300,2026-05-19 00:00:00,2026-05-19 00:00:00,search_ads,iOS,一线城市,free,0
U000301,2026-05-05 00:00:00,2026-05-05 00:00:00,kol,Android,二线城市,free,0
U000302,2026-05-03 00:00:00,2026-05-03 00:00:00,short_video_ads,Android,新一线城市,free,0
U000303,2026-06-02 00:00:00,2026-06-02 00:00:00,search_ads,Android,二线城市,free,0
U000304,2026-06-29 00:00:00,2026-06-29 00:00:00,referral,iOS,海外,free,0
U000305,2026-06-04 00:00:00,2026-06-04 00:00:00,referral,Android,二线城市,free,0
U000306,2026-06-12 00:00:00,2026-06-12 00:00:00,referral,iOS,二线城市,payer,1
U000307,2026-05-05 00:00:00,2026-05-05 00:00:00,short_video_ads,Android,二线城市,free,0
U000308,2026-06-27 00:00:00,2026-06-27 00:00:00,search_ads,Android,一线城市,free,0
U000309,2026-06-06 00:00:00,2026-06-06 00:00:00,kol,Android,新一线城市,payer,1
U000310,2026-05-01 00:00:00,2026-05-01 00:00:00,search_ads,Web,新一线城市,free,0
U000311,2026-06-16 00:00:00,2026-06-16 00:00:00,short_video_ads,Android,新一线城市,free,0
U000312,2026-05-14 00:00:00,2026-05-14 00:00:00,short_video_ads,Android,一线城市,free,0
U000313,2026-05-18 00:00:00,2026-05-18 00:00:00,organic,iOS,一线城市,free,0
U000314,2026-06-27 00:00:00,2026-06-27 00:00:00,short_video_ads,Web,新一线城市,free,0
U000315,2026-06-26 00:00:00,2026-06-26 00:00:00,app_store,Android,二线城市,free,0
U000316,2026-06-01 00:00:00,2026-06-01 00:00:00,kol,Web,新一线城市,free,0
U000317,2026-06-14 00:00:00,2026-06-12 00:00:00,short_video_ads,Android,海外,free,0
U000318,2026-06-14 00:00:00,2026-06-14 00:00:00,organic,iOS,一线城市,free,0
U000319,2026-06-22 00:00:00,2026-06-22 00:00:00,app_store,Web,二线城市,free,0
U000320,2026-05-26 00:00:00,2026-05-26 00:00:00,referral,Android,海外,free,0
U000321,2026-05-24 00:00:00,2026-05-24 00:00:00,short_video_ads,Web,二线城市,free,0
U000322,2026-05-24 00:00:00,2026-05-24 00:00:00,organic,Android,二线城市,free,0
U000323,2026-06-26 00:00:00,2026-06-26 00:00:00,short_video_ads,Android,新一线城市,free,0
U000324,2026-06-16 00:00:00,2026-06-16 00:00:00,app_store,Android,二线城市,payer,1
U000325,2026-05-15 00:00:00,2026-05-15 00:00:00,referral,Android,新一线城市,free,0
U000326,2026-05-27 00:00:00,2026-05-27 00:00:00,referral,iOS,海外,payer,1
U000327,2026-05-17 00:00:00,2026-05-17 00:00:00,app_store,Web,二线城市,free,0
U000328,2026-06-23 00:00:00,2026-06-23 00:00:00,organic,Android,二线城市,free,0
U000329,2026-05-14 00:00:00,2026-05-13 00:00:00,organic,Android,新一线城市,free,0
U000330,2026-05-12 00:00:00,2026-05-12 00:00:00,short_video_ads,iOS,二线城市,free,0
U000331,2026-06-05 00:00:00,2026-06-05 00:00:00,organic,Android,新一线城市,payer,1
U000332,2026-06-27 00:00:00,2026-06-27 00:00:00,short_video_ads,Android,二线城市,free,0
U000333,2026-06-14 00:00:00,2026-06-14 00:00:00,short_video_ads,Android,二线城市,free,0
U000334,2026-05-25 00:00:00,2026-05-25 00:00:00,search_ads,Web,二线城市,free,0
U000335,2026-05-23 00:00:00,2026-05-23 00:00:00,short_video_ads,Android,新一线城市,free,0
U000336,2026-06-05 00:00:00,2026-06-05 00:00:00,referral,Web,一线城市,free,0
U000337,2026-05-22 00:00:00,2026-05-22 00:00:00,referral,Web,新一线城市,free,0
U000338,2026-05-24 00:00:00,2026-05-24 00:00:00,search_ads,Web,一线城市,free,0
U000339,2026-05-26 00:00:00,2026-05-26 00:00:00,organic,iOS,一线城市,free,0
U000340,2026-06-15 00:00:00,2026-06-15 00:00:00,app_store,iOS,海外,payer,1
U000341,2026-05-15 00:00:00,2026-05-15 00:00:00,search_ads,Android,海外,free,0
U000342,2026-05-27 00:00:00,2026-05-27 00:00:00,app_store,Web,海外,free,0
U000343,2026-06-14 00:00:00,2026-06-12 00:00:00,short_video_ads,Android,新一线城市,free,0
U000344,2026-05-28 00:00:00,2026-05-28 00:00:00,search_ads,Android,新一线城市,free,0
U000345,2026-05-07 00:00:00,2026-05-07 00:00:00,organic,iOS,一线城市,payer,1
U000346,2026-06-24 00:00:00,2026-06-24 00:00:00,app_store,Web,新一线城市,free,0
U000347,2026-05-07 00:00:00,2026-05-07 00:00:00,kol,iOS,新一线城市,free,0
U000348,2026-05-16 00:00:00,2026-05-16 00:00:00,search_ads,Android,海外,free,0
U000349,2026-05-04 00:00:00,2026-05-04 00:00:00,organic,Web,新一线城市,free,0
U000350,2026-05-11 00:00:00,2026-05-11 00:00:00,short_video_ads,Web,一线城市,free,0
U000351,2026-05-01 00:00:00,2026-05-01 00:00:00,referral,iOS,新一线城市,free,0
U000352,2026-06-02 00:00:00,2026-06-02 00:00:00,referral,iOS,二线城市,free,0
U000353,2026-05-24 00:00:00,2026-05-24 00:00:00,search_ads,Web,海外,free,0
U000354,2026-05-24 00:00:00,2026-05-22 00:00:00,short_video_ads,Web,一线城市,payer,1
U000355,2026-06-27 00:00:00,2026-06-27 00:00:00,search_ads,iOS,海外,free,0
U000356,2026-06-05 00:00:00,2026-06-05 00:00:00,organic,iOS,海外,free,0
U000357,2026-06-26 00:00:00,2026-06-26 00:00:00,app_store,iOS,新一线城市,free,0
U000358,2026-05-08 00:00:00,2026-05-08 00:00:00,organic,iOS,新一线城市,free,0
U000359,2026-06-11 00:00:00,2026-06-11 00:00:00,organic,Web,二线城市,free,0
U000360,2026-05-27 00:00:00,2026-05-27 00:00:00,organic,iOS,二线城市,free,0
U000361,2026-05-05 00:00:00,2026-05-05 00:00:00,organic,Web,二线城市,free,0
U000362,2026-06-19 00:00:00,2026-06-19 00:00:00,app_store,Web,新一线城市,free,0
U000363,2026-06-27 00:00:00,2026-06-27 00:00:00,organic,iOS,新一线城市,free,0
U000364,2026-05-22 00:00:00,2026-05-22 00:00:00,app_store,Web,新一线城市,free,0
U000365,2026-06-20 00:00:00,2026-06-20 00:00:00,search_ads,iOS,新一线城市,free,0
U000366,2026-05-18 00:00:00,2026-05-18 00:00:00,organic,iOS,新一线城市,payer,1
U000367,2026-05-15 00:00:00,2026-05-15 00:00:00,organic,iOS,二线城市,free,0
U000368,2026-05-18 00:00:00,2026-05-18 00:00:00,app_store,Android,新一线城市,free,0
U000369,2026-06-01 00:00:00,2026-06-01 00:00:00,short_video_ads,Android,二线城市,free,0
U000370,2026-06-14 00:00:00,2026-06-14 00:00:00,app_store,Web,新一线城市,free,0
U000371,2026-05-09 00:00:00,2026-05-09 00:00:00,search_ads,Web,一线城市,free,0
U000372,2026-05-21 00:00:00,2026-05-21 00:00:00,referral,Web,一线城市,free,0
U000373,2026-05-14 00:00:00,2026-05-14 00:00:00,app_store,Android,新一线城市,free,0
U000374,2026-05-19 00:00:00,2026-05-17 00:00:00,organic,Web,二线城市,free,0
U000375,2026-06-04 00:00:00,2026-06-04 00:00:00,short_video_ads,Web,一线城市,free,0
U000376,2026-05-03 00:00:00,2026-05-03 00:00:00,short_video_ads,Android,二线城市,payer,1
U000377,2026-05-18 00:00:00,2026-05-18 00:00:00,short_video_ads,Android,一线城市,free,0
U000378,2026-05-16 00:00:00,2026-05-16 00:00:00,search_ads,iOS,新一线城市,free,0
U000379,2026-05-16 00:00:00,2026-05-16 00:00:00,referral,iOS,新一线城市,free,0
U000380,2026-06-13 00:00:00,2026-06-13 00:00:00,short_video_ads,Web,一线城市,payer,1
U000381,2026-06-17 00:00:00,2026-06-17 00:00:00,search_ads,iOS,海外,free,0
U000382,2026-06-20 00:00:00,2026-06-20 00:00:00,organic,iOS,二线城市,free,0
U000383,2026-06-12 00:00:00,2026-06-12 00:00:00,search_ads,iOS,新一线城市,free,0
U000384,2026-05-02 00:00:00,2026-05-02 00:00:00,kol,Web,一线城市,free,0
U000385,2026-06-21 00:00:00,2026-06-21 00:00:00,app_store,Android,新一线城市,payer,1
U000386,2026-06-23 00:00:00,2026-06-23 00:00:00,short_video_ads,Web,海外,free,0
U000387,2026-05-06 00:00:00,2026-05-06 00:00:00,organic,Android,二线城市,free,0
U000388,2026-05-19 00:00:00,2026-05-19 00:00:00,organic,iOS,一线城市,free,0
U000389,2026-05-07 00:00:00,2026-05-07 00:00:00,kol,iOS,新一线城市,free,0
U000390,2026-06-15 00:00:00,2026-06-14 00:00:00,kol,iOS,新一线城市,free,0
U000391,2026-06-28 00:00:00,2026-06-28 00:00:00,referral,Android,二线城市,free,0
U000392,2026-05-21 00:00:00,2026-05-20 00:00:00,app_store,Web,一线城市,free,0
U000393,2026-05-19 00:00:00,2026-05-19 00:00:00,short_video_ads,Web,二线城市,free,0
U000394,2026-05-31 00:00:00,2026-05-31 00:00:00,search_ads,Android,海外,free,0
U000395,2026-05-27 00:00:00,2026-05-26 00:00:00,organic,Android,一线城市,free,0
U000396,2026-06-11 00:00:00,2026-06-11 00:00:00,short_video_ads,Web,海外,free,0
U000397,2026-05-11 00:00:00,2026-05-11 00:00:00,kol,Android,一线城市,free,0
U000398,2026-05-03 00:00:00,2026-05-02 00:00:00,short_video_ads,Android,新一线城市,payer,1
U000399,2026-05-29 00:00:00,2026-05-29 00:00:00,short_video_ads,iOS,新一线城市,free,0
U000400,2026-05-09 00:00:00,2026-05-09 00:00:00,kol,Web,新一线城市,free,0
U000401,2026-06-22 00:00:00,2026-06-22 00:00:00,referral,iOS,海外,free,0
U000402,2026-05-13 00:00:00,2026-05-13 00:00:00,referral,iOS,一线城市,free,0
U000403,2026-05-04 00:00:00,2026-05-04 00:00:00,short_video_ads,Web,新一线城市,free,0
U000404,2026-05-13 00:00:00,2026-05-13 00:00:00,app_store,iOS,二线城市,free,0
U000405,2026-06-01 00:00:00,2026-06-01 00:00:00,search_ads,Android,新一线城市,free,0
U000406,2026-05-09 00:00:00,2026-05-09 00:00:00,app_store,Web,二线城市,free,0
U000407,2026-06-04 00:00:00,2026-06-04 00:00:00,organic,Android,新一线城市,free,0
U000408,2026-05-27 00:00:00,2026-05-26 00:00:00,organic,Android,新一线城市,free,0
U000409,2026-06-18 00:00:00,2026-06-18 00:00:00,app_store,Web,新一线城市,free,0
U000410,2026-05-24 00:00:00,2026-05-24 00:00:00,kol,Android,二线城市,free,0
U000411,2026-06-16 00:00:00,2026-06-16 00:00:00,organic,Web,一线城市,free,0
U000412,2026-05-01 00:00:00,2026-05-01 00:00:00,short_video_ads,Android,二线城市,free,0
U000413,2026-06-16 00:00:00,2026-06-15 00:00:00,search_ads,Web,二线城市,free,0
U000414,2026-06-20 00:00:00,2026-06-20 00:00:00,search_ads,Android,一线城市,payer,1
U000415,2026-06-20 00:00:00,2026-06-20 00:00:00,referral,Web,新一线城市,free,0
U000416,2026-05-30 00:00:00,2026-05-30 00:00:00,app_store,Android,一线城市,free,0
U000417,2026-06-06 00:00:00,2026-06-06 00:00:00,referral,Android,新一线城市,free,0
U000418,2026-06-04 00:00:00,2026-06-04 00:00:00,short_video_ads,iOS,新一线城市,free,0
U000419,2026-06-05 00:00:00,2026-06-05 00:00:00,app_store,Web,新一线城市,free,0
U000420,2026-05-02 00:00:00,2026-05-02 00:00:00,organic,iOS,新一线城市,free,0
U000421,2026-05-13 00:00:00,2026-05-13 00:00:00,referral,Android,二线城市,free,0
U000422,2026-05-25 00:00:00,2026-05-25 00:00:00,kol,iOS,一线城市,free,0
U000423,2026-06-09 00:00:00,2026-06-09 00:00:00,organic,Android,一线城市,payer,1
U000424,2026-05-09 00:00:00,2026-05-08 00:00:00,short_video_ads,Android,新一线城市,free,0
U000425,2026-06-10 00:00:00,2026-06-08 00:00:00,search_ads,Web,海外,free,0
U000426,2026-06-24 00:00:00,2026-06-24 00:00:00,referral,iOS,二线城市,free,0
U000427,2026-05-01 00:00:00,2026-05-01 00:00:00,short_video_ads,Android,一线城市,free,0
U000428,2026-06-17 00:00:00,2026-06-17 00:00:00,app_store,iOS,新一线城市,free,0
U000429,2026-06-09 00:00:00,2026-06-09 00:00:00,app_store,Android,新一线城市,free,0
U000430,2026-05-25 00:00:00,2026-05-25 00:00:00,referral,iOS,新一线城市,free,0
U000431,2026-06-13 00:00:00,2026-06-13 00:00:00,organic,Web,海外,free,0
U000432,2026-06-26 00:00:00,2026-06-26 00:00:00,organic,Android,新一线城市,free,0
U000433,2026-06-15 00:00:00,2026-06-15 00:00:00,referral,iOS,海外,free,0
U000434,2026-06-20 00:00:00,2026-06-20 00:00:00,kol,iOS,一线城市,free,0
U000435,2026-06-07 00:00:00,2026-06-07 00:00:00,organic,Android,新一线城市,free,0
U000436,2026-06-01 00:00:00,2026-06-01 00:00:00,app_store,Android,新一线城市,free,0
U000437,2026-06-12 00:00:00,2026-06-12 00:00:00,organic,iOS,新一线城市,free,0
U000438,2026-05-26 00:00:00,2026-05-26 00:00:00,search_ads,Android,新一线城市,free,0
U000439,2026-06-03 00:00:00,2026-06-03 00:00:00,short_video_ads,iOS,一线城市,free,0
U000440,2026-05-19 00:00:00,2026-05-19 00:00:00,referral,iOS,新一线城市,free,0
U000441,2026-05-23 00:00:00,2026-05-23 00:00:00,kol,iOS,海外,free,0
U000442,2026-05-22 00:00:00,2026-05-22 00:00:00,short_video_ads,iOS,一线城市,free,0
U000443,2026-05-13 00:00:00,2026-05-13 00:00:00,kol,Android,新一线城市,free,0
U000444,2026-06-22 00:00:00,2026-06-22 00:00:00,organic,Android,新一线城市,free,0
U000445,2026-06-29 00:00:00,2026-06-29 00:00:00,referral,Web,海外,free,0
U000446,2026-05-19 00:00:00,2026-05-19 00:00:00,short_video_ads,Android,新一线城市,payer,1
U000447,2026-06-11 00:00:00,2026-06-11 00:00:00,organic,Web,新一线城市,free,0
U000448,2026-05-28 00:00:00,2026-05-28 00:00:00,short_video_ads,iOS,一线城市,free,0
U000449,2026-05-02 00:00:00,2026-05-02 00:00:00,search_ads,Web,新一线城市,free,0
U000450,2026-05-05 00:00:00,2026-05-05 00:00:00,short_video_ads,Android,一线城市,free,0
U000451,2026-05-31 00:00:00,2026-05-31 00:00:00,short_video_ads,iOS,海外,free,0
U000452,2026-05-03 00:00:00,2026-05-03 00:00:00,short_video_ads,iOS,海外,free,0
U000453,2026-06-15 00:00:00,2026-06-15 00:00:00,app_store,iOS,新一线城市,free,0
U000454,2026-06-13 00:00:00,2026-06-12 00:00:00,short_video_ads,Android,海外,free,0
U000455,2026-06-26 00:00:00,2026-06-26 00:00:00,organic,Android,一线城市,free,0
U000456,2026-06-16 00:00:00,2026-06-16 00:00:00,app_store,iOS,新一线城市,free,0
U000457,2026-06-27 00:00:00,2026-06-27 00:00:00,short_video_ads,iOS,一线城市,free,0
U000458,2026-05-22 00:00:00,2026-05-22 00:00:00,referral,Android,一线城市,free,0
U000459,2026-05-11 00:00:00,2026-05-11 00:00:00,referral,Android,一线城市,free,0
U000460,2026-06-22 00:00:00,2026-06-22 00:00:00,search_ads,iOS,海外,free,0
U000461,2026-05-28 00:00:00,2026-05-28 00:00:00,short_video_ads,Android,新一线城市,payer,1
U000462,2026-06-15 00:00:00,2026-06-15 00:00:00,organic,iOS,一线城市,free,0
U000463,2026-06-17 00:00:00,2026-06-17 00:00:00,app_store,iOS,新一线城市,free,0
U000464,2026-06-29 00:00:00,2026-06-28 00:00:00,app_store,Web,一线城市,free,0
U000465,2026-05-22 00:00:00,2026-05-22 00:00:00,short_video_ads,Android,新一线城市,free,0
U000466,2026-06-09 00:00:00,2026-06-08 00:00:00,organic,Android,新一线城市,free,0
U000467,2026-06-14 00:00:00,2026-06-14 00:00:00,short_video_ads,Web,二线城市,free,0
U000468,2026-05-13 00:00:00,2026-05-13 00:00:00,search_ads,Web,海外,free,0
U000469,2026-06-18 00:00:00,2026-06-18 00:00:00,app_store,Android,一线城市,free,0
U000470,2026-06-07 00:00:00,2026-06-07 00:00:00,organic,Android,一线城市,free,0
U000471,2026-06-20 00:00:00,2026-06-20 00:00:00,app_store,Android,一线城市,free,0
U000472,2026-06-27 00:00:00,2026-06-27 00:00:00,referral,Web,新一线城市,free,0
U000473,2026-05-24 00:00:00,2026-05-24 00:00:00,app_store,Android,二线城市,free,0
U000474,2026-05-19 00:00:00,2026-05-19 00:00:00,organic,Android,海外,free,0
U000475,2026-05-11 00:00:00,2026-05-11 00:00:00,kol,Web,海外,free,0
U000476,2026-06-22 00:00:00,2026-06-22 00:00:00,search_ads,iOS,海外,free,0
U000477,2026-06-29 00:00:00,2026-06-28 00:00:00,kol,Android,一线城市,free,0
U000478,2026-05-30 00:00:00,2026-05-30 00:00:00,referral,Android,一线城市,free,0
U000479,2026-05-30 00:00:00,2026-05-30 00:00:00,organic,Android,一线城市,free,0
U000480,2026-06-16 00:00:00,2026-06-16 00:00:00,referral,Android,一线城市,free,0
U000481,2026-06-17 00:00:00,2026-06-17 00:00:00,kol,Web,二线城市,free,0
U000482,2026-06-09 00:00:00,2026-06-08 00:00:00,app_store,Android,海外,free,0
U000483,2026-05-13 00:00:00,2026-05-11 00:00:00,short_video_ads,iOS,一线城市,free,0
U000484,2026-05-29 00:00:00,2026-05-29 00:00:00,organic,iOS,二线城市,free,0
U000485,2026-06-07 00:00:00,2026-06-07 00:00:00,app_store,Web,海外,free,0
U000486,2026-05-22 00:00:00,2026-05-22 00:00:00,organic,iOS,二线城市,free,0
U000487,2026-06-17 00:00:00,2026-06-17 00:00:00,search_ads,iOS,二线城市,free,0
U000488,2026-06-25 00:00:00,2026-06-25 00:00:00,organic,Web,新一线城市,free,0
U000489,2026-05-01 00:00:00,2026-05-01 00:00:00,kol,iOS,新一线城市,payer,1
U000490,2026-06-08 00:00:00,2026-06-08 00:00:00,referral,Android,一线城市,free,0
U000491,2026-06-05 00:00:00,2026-06-05 00:00:00,app_store,Web,一线城市,free,0
U000492,2026-05-03 00:00:00,2026-05-03 00:00:00,kol,Web,一线城市,free,0
U000493,2026-06-08 00:00:00,2026-06-08 00:00:00,app_store,Web,二线城市,free,0
U000494,2026-05-23 00:00:00,2026-05-23 00:00:00,short_video_ads,Android,一线城市,free,0
U000495,2026-06-05 00:00:00,2026-06-05 00:00:00,referral,iOS,海外,free,0
U000496,2026-06-06 00:00:00,2026-06-06 00:00:00,organic,Web,新一线城市,free,0
U000497,2026-05-08 00:00:00,2026-05-08 00:00:00,referral,Web,二线城市,free,0
U000498,2026-06-20 00:00:00,2026-06-20 00:00:00,kol,Web,海外,free,0
U000499,2026-05-20 00:00:00,2026-05-20 00:00:00,app_store,iOS,一线城市,free,0
U000500,2026-05-05 00:00:00,2026-05-05 00:00:00,short_video_ads,Android,新一线城市,free,0
U000501,2026-06-03 00:00:00,2026-06-03 00:00:00,organic,Android,新一线城市,free,0
U000502,2026-05-14 00:00:00,2026-05-14 00:00:00,app_store,Android,新一线城市,free,0
U000503,2026-06-27 00:00:00,2026-06-27 00:00:00,kol,Web,新一线城市,free,0
U000504,2026-06-12 00:00:00,2026-06-12 00:00:00,kol,Web,海外,free,0
U000505,2026-06-18 00:00:00,2026-06-18 00:00:00,short_video_ads,Android,二线城市,free,0
U000506,2026-06-17 00:00:00,2026-06-17 00:00:00,app_store,Web,新一线城市,free,0
U000507,2026-06-18 00:00:00,2026-06-18 00:00:00,referral,Android,一线城市,free,0
U000508,2026-06-20 00:00:00,2026-06-20 00:00:00,organic,Web,一线城市,payer,1
U000509,2026-06-15 00:00:00,2026-06-15 00:00:00,short_video_ads,iOS,新一线城市,free,0
U000510,2026-05-24 00:00:00,2026-05-24 00:00:00,referral,iOS,二线城市,free,0
U000511,2026-05-12 00:00:00,2026-05-12 00:00:00,short_video_ads,Web,一线城市,free,0
U000512,2026-05-26 00:00:00,2026-05-26 00:00:00,search_ads,Web,二线城市,free,0
U000513,2026-06-07 00:00:00,2026-06-07 00:00:00,search_ads,Web,二线城市,payer,1
U000514,2026-06-12 00:00:00,2026-06-12 00:00:00,search_ads,Web,一线城市,payer,1
U000515,2026-05-30 00:00:00,2026-05-30 00:00:00,app_store,Android,海外,free,0
U000516,2026-06-03 00:00:00,2026-06-03 00:00:00,search_ads,iOS,一线城市,free,0
U000517,2026-05-14 00:00:00,2026-05-14 00:00:00,short_video_ads,Web,一线城市,free,0
U000518,2026-05-03 00:00:00,2026-05-03 00:00:00,organic,Web,一线城市,free,0
U000519,2026-06-27 00:00:00,2026-06-27 00:00:00,referral,Android,二线城市,free,0
U000520,2026-05-31 00:00:00,2026-05-31 00:00:00,short_video_ads,Android,海外,free,0
U000521,2026-06-29 00:00:00,2026-06-29 00:00:00,short_video_ads,Web,一线城市,free,0
U000522,2026-06-29 00:00:00,2026-06-29 00:00:00,organic,iOS,新一线城市,free,0
U000523,2026-06-10 00:00:00,2026-06-10 00:00:00,search_ads,iOS,一线城市,free,0
U000524,2026-05-23 00:00:00,2026-05-23 00:00:00,app_store,iOS,海外,free,0
U000525,2026-06-08 00:00:00,2026-06-08 00:00:00,short_video_ads,Android,海外,free,0
U000526,2026-05-29 00:00:00,2026-05-29 00:00:00,organic,iOS,二线城市,payer,1
U000527,2026-06-29 00:00:00,2026-06-29 00:00:00,short_video_ads,iOS,二线城市,free,0
U000528,2026-06-26 00:00:00,2026-06-26 00:00:00,short_video_ads,iOS,新一线城市,free,0
U000529,2026-06-22 00:00:00,2026-06-22 00:00:00,kol,Android,二线城市,free,0
U000530,2026-05-19 00:00:00,2026-05-18 00:00:00,organic,iOS,二线城市,free,0
U000531,2026-06-26 00:00:00,2026-06-26 00:00:00,app_store,Web,新一线城市,free,0
U000532,2026-06-19 00:00:00,2026-06-19 00:00:00,app_store,Android,海外,free,0
U000533,2026-06-02 00:00:00,2026-06-02 00:00:00,organic,iOS,一线城市,free,0
U000534,2026-06-12 00:00:00,2026-06-12 00:00:00,organic,iOS,新一线城市,free,0
U000535,2026-05-02 00:00:00,2026-05-02 00:00:00,search_ads,Web,新一线城市,free,0
U000536,2026-05-06 00:00:00,2026-05-06 00:00:00,short_video_ads,Android,新一线城市,free,0
U000537,2026-06-28 00:00:00,2026-06-28 00:00:00,organic,iOS,新一线城市,free,0
U000538,2026-06-17 00:00:00,2026-06-17 00:00:00,short_video_ads,Android,一线城市,payer,1
U000539,2026-05-25 00:00:00,2026-05-25 00:00:00,organic,Web,二线城市,payer,1
U000540,2026-06-19 00:00:00,2026-06-19 00:00:00,search_ads,Android,一线城市,free,0
U000541,2026-06-23 00:00:00,2026-06-23 00:00:00,organic,Android,新一线城市,free,0
U000542,2026-06-14 00:00:00,2026-06-14 00:00:00,organic,Android,海外,free,0
U000543,2026-06-26 00:00:00,2026-06-26 00:00:00,short_video_ads,Web,海外,free,0
U000544,2026-06-05 00:00:00,2026-06-05 00:00:00,app_store,iOS,一线城市,free,0
U000545,2026-05-19 00:00:00,2026-05-19 00:00:00,app_store,iOS,一线城市,free,0
U000546,2026-06-19 00:00:00,2026-06-19 00:00:00,referral,iOS,新一线城市,free,0
U000547,2026-06-08 00:00:00,2026-06-07 00:00:00,kol,Android,一线城市,free,0
U000548,2026-06-22 00:00:00,2026-06-22 00:00:00,app_store,Web,二线城市,free,0
U000549,2026-05-03 00:00:00,2026-05-03 00:00:00,kol,iOS,二线城市,free,0
U000550,2026-06-15 00:00:00,2026-06-15 00:00:00,organic,Web,新一线城市,free,0
U000551,2026-06-22 00:00:00,2026-06-22 00:00:00,app_store,iOS,新一线城市,free,0
U000552,2026-05-24 00:00:00,2026-05-24 00:00:00,referral,Web,海外,free,0
U000553,2026-05-09 00:00:00,2026-05-09 00:00:00,referral,Android,海外,free,0
U000554,2026-05-25 00:00:00,2026-05-25 00:00:00,kol,Web,二线城市,free,0
U000555,2026-06-20 00:00:00,2026-06-20 00:00:00,organic,iOS,新一线城市,free,0
U000556,2026-06-26 00:00:00,2026-06-26 00:00:00,referral,Web,新一线城市,free,0
U000557,2026-05-16 00:00:00,2026-05-16 00:00:00,organic,iOS,新一线城市,free,0
U000558,2026-06-08 00:00:00,2026-06-08 00:00:00,app_store,iOS,海外,free,0
U000559,2026-06-10 00:00:00,2026-06-10 00:00:00,short_video_ads,Android,一线城市,free,0
U000560,2026-05-12 00:00:00,2026-05-12 00:00:00,kol,iOS,一线城市,free,0
U000561,2026-06-28 00:00:00,2026-06-28 00:00:00,referral,iOS,一线城市,free,0
U000562,2026-06-06 00:00:00,2026-06-06 00:00:00,organic,Web,新一线城市,free,0
U000563,2026-06-20 00:00:00,2026-06-20 00:00:00,app_store,iOS,海外,free,0
U000564,2026-06-26 00:00:00,2026-06-26 00:00:00,short_video_ads,Web,一线城市,free,0
U000565,2026-05-07 00:00:00,2026-05-07 00:00:00,short_video_ads,iOS,二线城市,free,0
U000566,2026-05-06 00:00:00,2026-05-06 00:00:00,organic,Android,二线城市,free,0
U000567,2026-06-05 00:00:00,2026-06-05 00:00:00,organic,iOS,新一线城市,free,0
U000568,2026-05-05 00:00:00,2026-05-05 00:00:00,short_video_ads,iOS,新一线城市,free,0
U000569,2026-05-08 00:00:00,2026-05-08 00:00:00,referral,Android,二线城市,payer,1
U000570,2026-06-21 00:00:00,2026-06-21 00:00:00,short_video_ads,Android,新一线城市,free,0
U000571,2026-06-25 00:00:00,2026-06-25 00:00:00,short_video_ads,iOS,海外,free,0
U000572,2026-06-27 00:00:00,2026-06-27 00:00:00,app_store,iOS,一线城市,free,0
U000573,2026-05-24 00:00:00,2026-05-24 00:00:00,search_ads,iOS,海外,payer,1
U000574,2026-06-18 00:00:00,2026-06-18 00:00:00,app_store,iOS,海外,free,0
U000575,2026-05-07 00:00:00,2026-05-07 00:00:00,organic,Android,二线城市,free,0
U000576,2026-05-04 00:00:00,2026-05-04 00:00:00,kol,iOS,二线城市,payer,1
U000577,2026-05-22 00:00:00,2026-05-22 00:00:00,referral,Android,二线城市,payer,1
U000578,2026-06-15 00:00:00,2026-06-15 00:00:00,kol,Web,新一线城市,free,0
U000579,2026-05-12 00:00:00,2026-05-12 00:00:00,search_ads,Android,一线城市,free,0
U000580,2026-06-14 00:00:00,2026-06-14 00:00:00,referral,Android,一线城市,free,0
U000581,2026-06-08 00:00:00,2026-06-08 00:00:00,kol,Android,新一线城市,free,0
U000582,2026-05-14 00:00:00,2026-05-14 00:00:00,organic,Android,新一线城市,free,0
U000583,2026-06-29 00:00:00,2026-06-29 00:00:00,kol,iOS,海外,free,0
U000584,2026-05-08 00:00:00,2026-05-08 00:00:00,referral,Web,一线城市,free,0
U000585,2026-05-08 00:00:00,2026-05-08 00:00:00,search_ads,Android,新一线城市,free,0
U000586,2026-06-17 00:00:00,2026-06-17 00:00:00,organic,iOS,新一线城市,free,0
U000587,2026-05-14 00:00:00,2026-05-14 00:00:00,search_ads,Android,新一线城市,free,0
U000588,2026-05-31 00:00:00,2026-05-31 00:00:00,short_video_ads,Android,新一线城市,free,0
U000589,2026-06-19 00:00:00,2026-06-19 00:00:00,short_video_ads,iOS,二线城市,free,0
U000590,2026-05-14 00:00:00,2026-05-14 00:00:00,app_store,Android,一线城市,free,0
U000591,2026-05-13 00:00:00,2026-05-13 00:00:00,organic,iOS,海外,free,0
U000592,2026-05-13 00:00:00,2026-05-13 00:00:00,search_ads,Web,新一线城市,payer,1
U000593,2026-06-18 00:00:00,2026-06-18 00:00:00,short_video_ads,Web,二线城市,free,0
U000594,2026-05-14 00:00:00,2026-05-14 00:00:00,app_store,Web,一线城市,free,0
U000595,2026-06-03 00:00:00,2026-06-03 00:00:00,search_ads,Android,新一线城市,free,0
U000596,2026-06-05 00:00:00,2026-06-05 00:00:00,short_video_ads,Android,新一线城市,free,0
U000597,2026-06-22 00:00:00,2026-06-22 00:00:00,short_video_ads,iOS,一线城市,free,0
U000598,2026-06-06 00:00:00,2026-06-06 00:00:00,organic,iOS,二线城市,free,0
U000599,2026-05-14 00:00:00,2026-05-14 00:00:00,kol,Web,新一线城市,free,0
U000600,2026-06-02 00:00:00,2026-06-02 00:00:00,kol,iOS,新一线城市,payer,1
U000601,2026-06-05 00:00:00,2026-06-05 00:00:00,organic,Web,新一线城市,free,0
U000602,2026-06-28 00:00:00,2026-06-28 00:00:00,short_video_ads,Android,新一线城市,free,0
U000603,2026-06-29 00:00:00,2026-06-29 00:00:00,search_ads,iOS,一线城市,free,0
U000604,2026-06-18 00:00:00,2026-06-18 00:00:00,organic,Android,新一线城市,free,0
U000605,2026-06-08 00:00:00,2026-06-08 00:00:00,kol,Android,新一线城市,free,0
U000606,2026-05-15 00:00:00,2026-05-15 00:00:00,kol,iOS,二线城市,free,0
U000607,2026-06-10 00:00:00,2026-06-10 00:00:00,search_ads,iOS,新一线城市,free,0
U000608,2026-05-20 00:00:00,2026-05-20 00:00:00,short_video_ads,Web,海外,free,0
U000609,2026-05-29 00:00:00,2026-05-29 00:00:00,short_video_ads,Android,新一线城市,free,0
U000610,2026-05-12 00:00:00,2026-05-12 00:00:00,organic,Android,一线城市,free,0
U000611,2026-06-15 00:00:00,2026-06-15 00:00:00,organic,Web,新一线城市,free,0
U000612,2026-06-10 00:00:00,2026-06-10 00:00:00,search_ads,iOS,新一线城市,free,0
U000613,2026-06-05 00:00:00,2026-06-04 00:00:00,search_ads,Web,二线城市,free,0
U000614,2026-06-25 00:00:00,2026-06-25 00:00:00,organic,Android,一线城市,free,0
U000615,2026-05-27 00:00:00,2026-05-27 00:00:00,search_ads,Android,二线城市,free,0
U000616,2026-05-24 00:00:00,2026-05-24 00:00:00,referral,Android,新一线城市,free,0
U000617,2026-06-01 00:00:00,2026-06-01 00:00:00,organic,iOS,新一线城市,free,0
U000618,2026-06-22 00:00:00,2026-06-22 00:00:00,organic,Android,新一线城市,payer,1
U000619,2026-05-10 00:00:00,2026-05-10 00:00:00,referral,iOS,新一线城市,free,0
U000620,2026-06-19 00:00:00,2026-06-19 00:00:00,search_ads,Android,二线城市,free,0
U000621,2026-06-02 00:00:00,2026-06-02 00:00:00,short_video_ads,Android,海外,free,0
U000622,2026-05-20 00:00:00,2026-05-20 00:00:00,organic,Android,新一线城市,free,0
U000623,2026-05-04 00:00:00,2026-05-04 00:00:00,search_ads,iOS,新一线城市,free,0
U000624,2026-05-24 00:00:00,2026-05-24 00:00:00,kol,Web,海外,free,0
U000625,2026-05-09 00:00:00,2026-05-09 00:00:00,short_video_ads,Android,新一线城市,free,0
U000626,2026-06-17 00:00:00,2026-06-17 00:00:00,organic,iOS,一线城市,free,0
U000627,2026-05-01 00:00:00,2026-05-01 00:00:00,referral,iOS,一线城市,free,0
U000628,2026-06-04 00:00:00,2026-06-04 00:00:00,short_video_ads,Web,一线城市,free,0
U000629,2026-06-19 00:00:00,2026-06-19 00:00:00,search_ads,iOS,新一线城市,free,0
U000630,2026-05-03 00:00:00,2026-05-03 00:00:00,kol,iOS,二线城市,free,0
U000631,2026-05-21 00:00:00,2026-05-21 00:00:00,kol,iOS,一线城市,free,0
U000632,2026-06-23 00:00:00,2026-06-23 00:00:00,search_ads,Android,新一线城市,free,0
U000633,2026-06-23 00:00:00,2026-06-22 00:00:00,kol,iOS,新一线城市,free,0
U000634,2026-06-20 00:00:00,2026-06-20 00:00:00,short_video_ads,Android,二线城市,free,0
U000635,2026-06-02 00:00:00,2026-06-02 00:00:00,organic,Web,新一线城市,free,0
U000636,2026-05-06 00:00:00,2026-05-06 00:00:00,search_ads,iOS,一线城市,free,0
U000637,2026-05-22 00:00:00,2026-05-20 00:00:00,short_video_ads,Android,海外,free,0
U000638,2026-06-24 00:00:00,2026-06-24 00:00:00,short_video_ads,Android,一线城市,free,0
U000639,2026-05-18 00:00:00,2026-05-18 00:00:00,organic,Android,新一线城市,free,0
U000640,2026-06-28 00:00:00,2026-06-28 00:00:00,referral,iOS,海外,free,0
U000641,2026-06-03 00:00:00,2026-06-03 00:00:00,referral,Android,新一线城市,payer,1
U000642,2026-06-07 00:00:00,2026-06-07 00:00:00,organic,iOS,二线城市,free,0
U000643,2026-05-04 00:00:00,2026-05-04 00:00:00,search_ads,Android,海外,free,0
U000644,2026-05-19 00:00:00,2026-05-19 00:00:00,referral,Android,海外,free,0
U000645,2026-05-17 00:00:00,2026-05-17 00:00:00,app_store,Android,二线城市,payer,1
U000646,2026-06-10 00:00:00,2026-06-10 00:00:00,short_video_ads,Web,海外,free,0
U000647,2026-05-07 00:00:00,2026-05-07 00:00:00,search_ads,iOS,新一线城市,free,0
U000648,2026-06-21 00:00:00,2026-06-21 00:00:00,app_store,iOS,二线城市,free,0
U000649,2026-05-31 00:00:00,2026-05-31 00:00:00,app_store,Android,一线城市,free,0
U000650,2026-06-14 00:00:00,2026-06-14 00:00:00,search_ads,Web,新一线城市,free,0
U000651,2026-06-08 00:00:00,2026-06-08 00:00:00,kol,iOS,二线城市,free,0
U000652,2026-05-19 00:00:00,2026-05-17 00:00:00,kol,Web,二线城市,free,0
U000653,2026-06-23 00:00:00,2026-06-23 00:00:00,organic,Android,新一线城市,free,0
U000654,2026-05-09 00:00:00,2026-05-09 00:00:00,short_video_ads,iOS,二线城市,free,0
U000655,2026-05-29 00:00:00,2026-05-29 00:00:00,organic,Web,新一线城市,free,0
U000656,2026-05-18 00:00:00,2026-05-17 00:00:00,short_video_ads,Android,新一线城市,payer,1
U000657,2026-06-02 00:00:00,2026-06-02 00:00:00,kol,iOS,新一线城市,free,0
U000658,2026-06-06 00:00:00,2026-06-06 00:00:00,referral,iOS,一线城市,free,0
U000659,2026-06-19 00:00:00,2026-06-19 00:00:00,short_video_ads,iOS,新一线城市,free,0
U000660,2026-05-21 00:00:00,2026-05-21 00:00:00,search_ads,Web,新一线城市,free,0
U000661,2026-06-02 00:00:00,2026-06-02 00:00:00,referral,iOS,新一线城市,free,0
U000662,2026-05-15 00:00:00,2026-05-15 00:00:00,organic,Web,海外,payer,1
U000663,2026-05-02 00:00:00,2026-05-02 00:00:00,app_store,Web,海外,free,0
U000664,2026-05-28 00:00:00,2026-05-28 00:00:00,short_video_ads,iOS,一线城市,free,0
U000665,2026-05-03 00:00:00,2026-05-03 00:00:00,referral,Android,一线城市,payer,1
U000666,2026-06-05 00:00:00,2026-06-05 00:00:00,referral,iOS,新一线城市,payer,1
U000667,2026-06-26 00:00:00,2026-06-26 00:00:00,organic,Android,二线城市,free,0
U000668,2026-06-07 00:00:00,2026-06-07 00:00:00,referral,iOS,海外,free,0
U000669,2026-05-11 00:00:00,2026-05-11 00:00:00,app_store,iOS,二线城市,free,0
U000670,2026-06-10 00:00:00,2026-06-10 00:00:00,organic,Android,新一线城市,free,0
U000671,2026-06-01 00:00:00,2026-06-01 00:00:00,organic,Android,新一线城市,free,0
U000672,2026-05-08 00:00:00,2026-05-08 00:00:00,kol,iOS,一线城市,payer,1
U000673,2026-06-02 00:00:00,2026-06-02 00:00:00,organic,Android,新一线城市,free,0
U000674,2026-06-16 00:00:00,2026-06-16 00:00:00,short_video_ads,Web,新一线城市,free,0
U000675,2026-05-30 00:00:00,2026-05-30 00:00:00,kol,Android,二线城市,free,0
U000676,2026-06-08 00:00:00,2026-06-08 00:00:00,referral,Web,二线城市,payer,1
U000677,2026-06-25 00:00:00,2026-06-25 00:00:00,referral,iOS,二线城市,free,0
U000678,2026-06-28 00:00:00,2026-06-28 00:00:00,search_ads,Web,二线城市,free,0
U000679,2026-05-28 00:00:00,2026-05-28 00:00:00,kol,Android,一线城市,free,0
U000680,2026-05-12 00:00:00,2026-05-12 00:00:00,app_store,iOS,一线城市,free,0
U000681,2026-05-01 00:00:00,2026-05-01 00:00:00,search_ads,Android,海外,free,0
U000682,2026-06-22 00:00:00,2026-06-22 00:00:00,kol,iOS,一线城市,free,0
U000683,2026-05-01 00:00:00,2026-05-01 00:00:00,organic,iOS,一线城市,free,0
U000684,2026-05-30 00:00:00,2026-05-30 00:00:00,short_video_ads,iOS,一线城市,free,0
U000685,2026-06-07 00:00:00,2026-06-07 00:00:00,kol,Web,一线城市,free,0
U000686,2026-05-28 00:00:00,2026-05-28 00:00:00,kol,Web,一线城市,free,0
U000687,2026-05-25 00:00:00,2026-05-25 00:00:00,organic,iOS,海外,free,0
U000688,2026-06-15 00:00:00,2026-06-15 00:00:00,organic,Android,新一线城市,free,0
U000689,2026-05-15 00:00:00,2026-05-15 00:00:00,app_store,iOS,二线城市,free,0
U000690,2026-05-25 00:00:00,2026-05-25 00:00:00,organic,iOS,海外,free,0
U000691,2026-05-27 00:00:00,2026-05-25 00:00:00,referral,Android,二线城市,free,0
U000692,2026-05-17 00:00:00,2026-05-17 00:00:00,organic,Web,新一线城市,free,0
U000693,2026-06-25 00:00:00,2026-06-25 00:00:00,organic,Web,二线城市,free,0
U000694,2026-06-13 00:00:00,2026-06-13 00:00:00,short_video_ads,Android,二线城市,free,0
U000695,2026-05-05 00:00:00,2026-05-05 00:00:00,search_ads,Android,新一线城市,free,0
U000696,2026-06-10 00:00:00,2026-06-10 00:00:00,organic,Android,一线城市,free,0
U000697,2026-05-12 00:00:00,2026-05-12 00:00:00,referral,Android,一线城市,payer,1
U000698,2026-06-17 00:00:00,2026-06-17 00:00:00,short_video_ads,Android,新一线城市,free,0
U000699,2026-05-05 00:00:00,2026-05-05 00:00:00,referral,Android,新一线城市,free,0
U000700,2026-06-28 00:00:00,2026-06-28 00:00:00,referral,Web,新一线城市,free,0
U000701,2026-05-23 00:00:00,2026-05-23 00:00:00,referral,Android,海外,free,0
U000702,2026-05-22 00:00:00,2026-05-22 00:00:00,kol,iOS,一线城市,free,0
U000703,2026-05-13 00:00:00,2026-05-13 00:00:00,organic,Android,一线城市,payer,1
U000704,2026-06-19 00:00:00,2026-06-19 00:00:00,app_store,Android,一线城市,free,0
U000705,2026-05-07 00:00:00,2026-05-07 00:00:00,app_store,Android,海外,free,0
U000706,2026-06-08 00:00:00,2026-06-08 00:00:00,kol,Web,一线城市,payer,1
U000707,2026-06-14 00:00:00,2026-06-14 00:00:00,referral,Web,新一线城市,free,0
U000708,2026-06-20 00:00:00,2026-06-20 00:00:00,short_video_ads,Web,一线城市,free,0
U000709,2026-06-12 00:00:00,2026-06-12 00:00:00,search_ads,Web,新一线城市,free,0
U000710,2026-06-16 00:00:00,2026-06-16 00:00:00,short_video_ads,Android,一线城市,payer,1
U000711,2026-05-14 00:00:00,2026-05-14 00:00:00,kol,iOS,新一线城市,free,0
U000712,2026-05-01 00:00:00,2026-05-01 00:00:00,search_ads,Web,海外,free,0
U000713,2026-05-17 00:00:00,2026-05-17 00:00:00,organic,Web,新一线城市,free,0
U000714,2026-06-06 00:00:00,2026-06-06 00:00:00,short_video_ads,Android,一线城市,free,0
U000715,2026-06-22 00:00:00,2026-06-22 00:00:00,short_video_ads,Android,二线城市,free,0
U000716,2026-05-25 00:00:00,2026-05-25 00:00:00,app_store,Android,一线城市,free,0
U000717,2026-06-18 00:00:00,2026-06-18 00:00:00,short_video_ads,Android,海外,free,0
U000718,2026-05-23 00:00:00,2026-05-23 00:00:00,search_ads,iOS,海外,free,0
U000719,2026-05-01 00:00:00,2026-05-01 00:00:00,search_ads,Web,一线城市,free,0
U000720,2026-06-17 00:00:00,2026-06-17 00:00:00,app_store,Android,新一线城市,free,0
U000721,2026-05-31 00:00:00,2026-05-31 00:00:00,app_store,Web,一线城市,payer,1
U000722,2026-05-31 00:00:00,2026-05-30 00:00:00,short_video_ads,iOS,一线城市,payer,1
U000723,2026-06-19 00:00:00,2026-06-19 00:00:00,short_video_ads,Web,新一线城市,free,0
U000724,2026-05-19 00:00:00,2026-05-17 00:00:00,organic,iOS,一线城市,free,0
U000725,2026-05-07 00:00:00,2026-05-07 00:00:00,organic,Web,新一线城市,free,0
U000726,2026-05-01 00:00:00,2026-05-01 00:00:00,organic,iOS,新一线城市,free,0
U000727,2026-05-05 00:00:00,2026-05-05 00:00:00,kol,Android,新一线城市,free,0
U000728,2026-06-19 00:00:00,2026-06-19 00:00:00,referral,iOS,海外,free,0
U000729,2026-06-23 00:00:00,2026-06-23 00:00:00,organic,Web,新一线城市,free,0
U000730,2026-05-01 00:00:00,2026-05-01 00:00:00,search_ads,Web,一线城市,free,0
U000731,2026-05-20 00:00:00,2026-05-20 00:00:00,short_video_ads,Android,新一线城市,free,0
U000732,2026-06-22 00:00:00,2026-06-22 00:00:00,app_store,Android,一线城市,free,0
U000733,2026-06-20 00:00:00,2026-06-20 00:00:00,short_video_ads,Android,一线城市,free,0
U000734,2026-06-23 00:00:00,2026-06-23 00:00:00,organic,iOS,一线城市,free,0
U000735,2026-06-10 00:00:00,2026-06-10 00:00:00,organic,Android,一线城市,free,0
U000736,2026-05-23 00:00:00,2026-05-23 00:00:00,short_video_ads,Web,新一线城市,free,0
U000737,2026-05-08 00:00:00,2026-05-08 00:00:00,kol,Android,二线城市,free,0
U000738,2026-05-12 00:00:00,2026-05-12 00:00:00,short_video_ads,Web,一线城市,payer,1
U000739,2026-05-16 00:00:00,2026-05-16 00:00:00,organic,Web,新一线城市,free,0
U000740,2026-06-22 00:00:00,2026-06-22 00:00:00,app_store,Android,新一线城市,free,0
U000741,2026-05-04 00:00:00,2026-05-04 00:00:00,short_video_ads,Android,海外,free,0
U000742,2026-05-16 00:00:00,2026-05-16 00:00:00,search_ads,Web,二线城市,free,0
U000743,2026-05-07 00:00:00,2026-05-07 00:00:00,organic,Web,二线城市,free,0
U000744,2026-05-01 00:00:00,2026-05-01 00:00:00,organic,Web,海外,free,0
U000745,2026-05-18 00:00:00,2026-05-18 00:00:00,app_store,Web,新一线城市,free,0
U000746,2026-05-26 00:00:00,2026-05-26 00:00:00,search_ads,Web,二线城市,payer,1
U000747,2026-06-27 00:00:00,2026-06-27 00:00:00,search_ads,Android,二线城市,free,0
U000748,2026-05-25 00:00:00,2026-05-25 00:00:00,short_video_ads,Android,一线城市,free,0
U000749,2026-05-03 00:00:00,2026-05-03 00:00:00,organic,iOS,新一线城市,payer,1
U000750,2026-05-03 00:00:00,2026-05-03 00:00:00,search_ads,iOS,海外,free,0
U000751,2026-06-28 00:00:00,2026-06-28 00:00:00,short_video_ads,iOS,一线城市,free,0
U000752,2026-05-25 00:00:00,2026-05-25 00:00:00,app_store,Web,新一线城市,free,0
U000753,2026-06-10 00:00:00,2026-06-10 00:00:00,organic,Android,一线城市,free,0
U000754,2026-05-23 00:00:00,2026-05-22 00:00:00,app_store,Android,新一线城市,free,0
U000755,2026-05-29 00:00:00,2026-05-29 00:00:00,organic,iOS,新一线城市,payer,1
U000756,2026-05-19 00:00:00,2026-05-19 00:00:00,kol,iOS,海外,free,0
U000757,2026-05-29 00:00:00,2026-05-29 00:00:00,app_store,iOS,二线城市,payer,1
U000758,2026-05-16 00:00:00,2026-05-16 00:00:00,short_video_ads,Web,一线城市,free,0
U000759,2026-06-11 00:00:00,2026-06-11 00:00:00,app_store,Android,新一线城市,free,0
U000760,2026-06-29 00:00:00,2026-06-29 00:00:00,app_store,iOS,一线城市,free,0
U000761,2026-06-25 00:00:00,2026-06-25 00:00:00,referral,iOS,一线城市,free,0
U000762,2026-05-03 00:00:00,2026-05-03 00:00:00,short_video_ads,Android,二线城市,free,0
U000763,2026-06-26 00:00:00,2026-06-26 00:00:00,search_ads,Android,海外,payer,1
U000764,2026-06-16 00:00:00,2026-06-16 00:00:00,organic,Android,新一线城市,free,0
U000765,2026-05-14 00:00:00,2026-05-14 00:00:00,app_store,Android,二线城市,free,0
U000766,2026-05-02 00:00:00,2026-05-02 00:00:00,short_video_ads,Web,新一线城市,free,0
U000767,2026-06-16 00:00:00,2026-06-16 00:00:00,search_ads,Web,海外,free,0
U000768,2026-05-01 00:00:00,2026-05-01 00:00:00,organic,iOS,一线城市,free,0
U000769,2026-06-26 00:00:00,2026-06-26 00:00:00,short_video_ads,Android,新一线城市,free,0
U000770,2026-05-31 00:00:00,2026-05-31 00:00:00,search_ads,Android,一线城市,free,0
U000771,2026-05-05 00:00:00,2026-05-05 00:00:00,organic,Android,一线城市,free,0
U000772,2026-05-31 00:00:00,2026-05-30 00:00:00,organic,iOS,新一线城市,payer,1
U000773,2026-06-24 00:00:00,2026-06-24 00:00:00,short_video_ads,Android,新一线城市,free,0
U000774,2026-06-18 00:00:00,2026-06-18 00:00:00,organic,iOS,一线城市,free,0
U000775,2026-05-20 00:00:00,2026-05-20 00:00:00,app_store,Android,海外,free,0
U000776,2026-06-06 00:00:00,2026-06-06 00:00:00,organic,iOS,一线城市,free,0
U000777,2026-06-19 00:00:00,2026-06-19 00:00:00,app_store,iOS,一线城市,free,0
U000778,2026-05-27 00:00:00,2026-05-27 00:00:00,referral,Android,一线城市,free,0
U000779,2026-06-20 00:00:00,2026-06-20 00:00:00,short_video_ads,iOS,海外,free,0
U000780,2026-06-06 00:00:00,2026-06-05 00:00:00,search_ads,iOS,二线城市,free,0
U000781,2026-05-04 00:00:00,2026-05-04 00:00:00,organic,Web,二线城市,free,0
U000782,2026-06-26 00:00:00,2026-06-26 00:00:00,search_ads,Android,新一线城市,free,0
U000783,2026-06-13 00:00:00,2026-06-13 00:00:00,search_ads,Web,一线城市,payer,1
U000784,2026-06-29 00:00:00,2026-06-29 00:00:00,search_ads,Android,海外,free,0
U000785,2026-05-30 00:00:00,2026-05-30 00:00:00,organic,iOS,二线城市,free,0
U000786,2026-05-21 00:00:00,2026-05-21 00:00:00,search_ads,Android,海外,free,0
U000787,2026-06-07 00:00:00,2026-06-07 00:00:00,app_store,iOS,一线城市,payer,1
U000788,2026-06-14 00:00:00,2026-06-14 00:00:00,organic,iOS,二线城市,free,0
U000789,2026-06-01 00:00:00,2026-06-01 00:00:00,referral,Android,海外,free,0
U000790,2026-05-24 00:00:00,2026-05-24 00:00:00,referral,iOS,二线城市,payer,1
U000791,2026-05-21 00:00:00,2026-05-21 00:00:00,short_video_ads,iOS,新一线城市,payer,1
U000792,2026-06-09 00:00:00,2026-06-09 00:00:00,search_ads,iOS,二线城市,free,0
U000793,2026-05-25 00:00:00,2026-05-25 00:00:00,app_store,Android,新一线城市,free,0
U000794,2026-06-21 00:00:00,2026-06-21 00:00:00,search_ads,Web,二线城市,free,0
U000795,2026-05-31 00:00:00,2026-05-31 00:00:00,organic,Web,新一线城市,free,0
U000796,2026-06-12 00:00:00,2026-06-12 00:00:00,search_ads,Web,新一线城市,free,0
U000797,2026-06-22 00:00:00,2026-06-22 00:00:00,app_store,Android,一线城市,free,0
U000798,2026-06-28 00:00:00,2026-06-28 00:00:00,organic,Android,新一线城市,free,0
U000799,2026-05-05 00:00:00,2026-05-05 00:00:00,search_ads,iOS,新一线城市,free,0
U000800,2026-05-26 00:00:00,2026-05-26 00:00:00,search_ads,iOS,一线城市,free,0
U000801,2026-05-30 00:00:00,2026-05-30 00:00:00,referral,Android,新一线城市,free,0
U000802,2026-06-19 00:00:00,2026-06-19 00:00:00,app_store,Android,一线城市,free,0
U000803,2026-05-24 00:00:00,2026-05-24 00:00:00,organic,Android,新一线城市,free,0
U000804,2026-06-14 00:00:00,2026-06-14 00:00:00,short_video_ads,Web,海外,free,0
U000805,2026-05-13 00:00:00,2026-05-13 00:00:00,search_ads,Web,一线城市,free,0
U000806,2026-05-25 00:00:00,2026-05-25 00:00:00,organic,Android,二线城市,free,0
U000807,2026-05-25 00:00:00,2026-05-25 00:00:00,search_ads,iOS,海外,free,0
U000808,2026-05-02 00:00:00,2026-05-02 00:00:00,organic,iOS,新一线城市,free,0
U000809,2026-05-02 00:00:00,2026-05-02 00:00:00,organic,Android,一线城市,free,0
U000810,2026-05-11 00:00:00,2026-05-11 00:00:00,app_store,iOS,新一线城市,free,0
U000811,2026-06-07 00:00:00,2026-06-07 00:00:00,organic,Android,新一线城市,free,0
U000812,2026-06-09 00:00:00,2026-06-09 00:00:00,kol,Android,一线城市,free,0
U000813,2026-06-12 00:00:00,2026-06-12 00:00:00,search_ads,Web,新一线城市,free,0
U000814,2026-06-11 00:00:00,2026-06-11 00:00:00,short_video_ads,Android,新一线城市,free,0
U000815,2026-06-07 00:00:00,2026-06-07 00:00:00,referral,iOS,二线城市,free,0
U000816,2026-06-26 00:00:00,2026-06-26 00:00:00,search_ads,iOS,海外,free,0
U000817,2026-06-16 00:00:00,2026-06-16 00:00:00,search_ads,Android,二线城市,free,0
U000818,2026-05-02 00:00:00,2026-05-02 00:00:00,referral,Web,新一线城市,free,0
U000819,2026-05-26 00:00:00,2026-05-26 00:00:00,kol,Android,一线城市,free,0
U000820,2026-05-22 00:00:00,2026-05-22 00:00:00,kol,iOS,二线城市,free,0
U000821,2026-06-26 00:00:00,2026-06-26 00:00:00,app_store,Web,新一线城市,free,0
U000822,2026-05-26 00:00:00,2026-05-26 00:00:00,search_ads,Web,新一线城市,free,0
U000823,2026-06-06 00:00:00,2026-06-06 00:00:00,referral,Android,新一线城市,free,0
U000824,2026-05-19 00:00:00,2026-05-19 00:00:00,short_video_ads,Android,新一线城市,payer,1
U000825,2026-05-24 00:00:00,2026-05-24 00:00:00,app_store,iOS,一线城市,free,0
U000826,2026-05-22 00:00:00,2026-05-22 00:00:00,search_ads,iOS,海外,payer,1
U000827,2026-05-18 00:00:00,2026-05-18 00:00:00,search_ads,Web,海外,free,0
U000828,2026-05-27 00:00:00,2026-05-27 00:00:00,app_store,iOS,新一线城市,payer,1
U000829,2026-05-12 00:00:00,2026-05-12 00:00:00,organic,Android,一线城市,free,0
U000830,2026-05-12 00:00:00,2026-05-12 00:00:00,app_store,iOS,一线城市,free,0
U000831,2026-05-31 00:00:00,2026-05-31 00:00:00,app_store,Android,二线城市,free,0
U000832,2026-05-05 00:00:00,2026-05-05 00:00:00,organic,iOS,一线城市,free,0
U000833,2026-05-14 00:00:00,2026-05-14 00:00:00,app_store,iOS,海外,free,0
U000834,2026-05-13 00:00:00,2026-05-13 00:00:00,search_ads,Android,海外,free,0
U000835,2026-06-07 00:00:00,2026-06-07 00:00:00,organic,Android,二线城市,free,0
U000836,2026-06-18 00:00:00,2026-06-18 00:00:00,organic,Android,一线城市,free,0
U000837,2026-05-12 00:00:00,2026-05-12 00:00:00,app_store,Android,一线城市,free,0
U000838,2026-05-08 00:00:00,2026-05-08 00:00:00,app_store,Android,新一线城市,free,0
U000839,2026-05-12 00:00:00,2026-05-12 00:00:00,short_video_ads,iOS,海外,free,0
U000840,2026-05-09 00:00:00,2026-05-09 00:00:00,referral,Android,新一线城市,free,0
U000841,2026-06-09 00:00:00,2026-06-09 00:00:00,search_ads,Android,一线城市,free,0
U000842,2026-05-31 00:00:00,2026-05-31 00:00:00,kol,Web,海外,free,0
U000843,2026-06-12 00:00:00,2026-06-12 00:00:00,search_ads,Android,一线城市,free,0
U000844,2026-06-07 00:00:00,2026-06-07 00:00:00,organic,iOS,一线城市,free,0
U000845,2026-06-26 00:00:00,2026-06-26 00:00:00,short_video_ads,Android,一线城市,free,0
U000846,2026-06-07 00:00:00,2026-06-07 00:00:00,app_store,iOS,新一线城市,free,0
U000847,2026-05-13 00:00:00,2026-05-13 00:00:00,short_video_ads,Web,一线城市,payer,1
U000848,2026-05-30 00:00:00,2026-05-30 00:00:00,short_video_ads,iOS,二线城市,free,0
U000849,2026-05-26 00:00:00,2026-05-26 00:00:00,referral,Android,二线城市,payer,1
U000850,2026-05-17 00:00:00,2026-05-17 00:00:00,organic,iOS,一线城市,free,0
U000851,2026-06-25 00:00:00,2026-06-25 00:00:00,short_video_ads,Web,新一线城市,free,0
U000852,2026-05-21 00:00:00,2026-05-21 00:00:00,organic,Android,二线城市,free,0
U000853,2026-05-27 00:00:00,2026-05-27 00:00:00,app_store,Android,二线城市,free,0
U000854,2026-05-06 00:00:00,2026-05-06 00:00:00,short_video_ads,iOS,新一线城市,free,0
U000855,2026-05-21 00:00:00,2026-05-21 00:00:00,kol,Web,新一线城市,free,0
U000856,2026-06-23 00:00:00,2026-06-23 00:00:00,short_video_ads,Web,二线城市,free,0
U000857,2026-06-26 00:00:00,2026-06-26 00:00:00,short_video_ads,Web,新一线城市,free,0
U000858,2026-06-01 00:00:00,2026-06-01 00:00:00,app_store,iOS,二线城市,free,0
U000859,2026-05-20 00:00:00,2026-05-20 00:00:00,organic,iOS,新一线城市,payer,1
U000860,2026-05-29 00:00:00,2026-05-29 00:00:00,referral,iOS,海外,free,0
U000861,2026-06-10 00:00:00,2026-06-10 00:00:00,app_store,Android,新一线城市,free,0
U000862,2026-06-29 00:00:00,2026-06-29 00:00:00,app_store,Android,一线城市,free,0
U000863,2026-05-05 00:00:00,2026-05-05 00:00:00,organic,iOS,二线城市,free,0
U000864,2026-06-08 00:00:00,2026-06-08 00:00:00,organic,iOS,一线城市,free,0
U000865,2026-05-07 00:00:00,2026-05-07 00:00:00,short_video_ads,iOS,海外,payer,1
U000866,2026-06-07 00:00:00,2026-06-07 00:00:00,app_store,Web,海外,free,0
U000867,2026-05-18 00:00:00,2026-05-18 00:00:00,organic,Android,一线城市,free,0
U000868,2026-06-25 00:00:00,2026-06-25 00:00:00,search_ads,Android,一线城市,free,0
U000869,2026-06-19 00:00:00,2026-06-19 00:00:00,search_ads,Android,新一线城市,free,0
U000870,2026-06-01 00:00:00,2026-06-01 00:00:00,referral,iOS,新一线城市,free,0
U000871,2026-06-15 00:00:00,2026-06-15 00:00:00,short_video_ads,iOS,海外,free,0
U000872,2026-05-22 00:00:00,2026-05-22 00:00:00,short_video_ads,iOS,新一线城市,free,0
U000873,2026-05-07 00:00:00,2026-05-07 00:00:00,kol,Web,新一线城市,free,0
U000874,2026-06-03 00:00:00,2026-06-03 00:00:00,app_store,iOS,一线城市,free,0
U000875,2026-05-15 00:00:00,2026-05-15 00:00:00,app_store,Web,二线城市,free,0
U000876,2026-05-24 00:00:00,2026-05-24 00:00:00,kol,Android,海外,free,0
U000877,2026-05-21 00:00:00,2026-05-21 00:00:00,search_ads,Android,新一线城市,free,0
U000878,2026-06-09 00:00:00,2026-06-09 00:00:00,app_store,Web,二线城市,free,0
U000879,2026-05-05 00:00:00,2026-05-05 00:00:00,short_video_ads,Android,一线城市,free,0
U000880,2026-06-25 00:00:00,2026-06-25 00:00:00,app_store,Android,新一线城市,free,0
U000881,2026-05-10 00:00:00,2026-05-10 00:00:00,kol,Android,新一线城市,free,0
U000882,2026-06-17 00:00:00,2026-06-17 00:00:00,short_video_ads,iOS,新一线城市,free,0
U000883,2026-05-13 00:00:00,2026-05-13 00:00:00,kol,Android,新一线城市,free,0
U000884,2026-05-05 00:00:00,2026-05-05 00:00:00,referral,Web,一线城市,free,0
U000885,2026-05-03 00:00:00,2026-05-03 00:00:00,organic,Web,海外,free,0
U000886,2026-05-08 00:00:00,2026-05-08 00:00:00,short_video_ads,Android,一线城市,free,0
U000887,2026-06-20 00:00:00,2026-06-20 00:00:00,search_ads,iOS,新一线城市,free,0
U000888,2026-05-07 00:00:00,2026-05-07 00:00:00,organic,Android,新一线城市,free,0
U000889,2026-06-11 00:00:00,2026-06-11 00:00:00,referral,Android,二线城市,free,0
U000890,2026-05-05 00:00:00,2026-05-04 00:00:00,app_store,iOS,新一线城市,free,0
U000891,2026-06-09 00:00:00,2026-06-09 00:00:00,organic,Web,一线城市,free,0
U000892,2026-05-12 00:00:00,2026-05-12 00:00:00,organic,Web,新一线城市,free,0
U000893,2026-05-14 00:00:00,2026-05-14 00:00:00,organic,Android,二线城市,free,0
U000894,2026-06-06 00:00:00,2026-06-06 00:00:00,search_ads,Android,新一线城市,payer,1
U000895,2026-06-09 00:00:00,2026-06-09 00:00:00,referral,Android,一线城市,free,0
U000896,2026-05-20 00:00:00,2026-05-20 00:00:00,organic,Web,二线城市,free,0
U000897,2026-05-23 00:00:00,2026-05-23 00:00:00,organic,Web,一线城市,free,0
U000898,2026-06-16 00:00:00,2026-06-16 00:00:00,organic,iOS,新一线城市,free,0
U000899,2026-05-22 00:00:00,2026-05-22 00:00:00,app_store,iOS,二线城市,free,0
U000900,2026-06-03 00:00:00,2026-06-03 00:00:00,search_ads,Web,新一线城市,payer,1
U000901,2026-05-08 00:00:00,2026-05-08 00:00:00,organic,iOS,新一线城市,free,0
U000902,2026-05-18 00:00:00,2026-05-18 00:00:00,short_video_ads,iOS,海外,free,0
U000903,2026-05-19 00:00:00,2026-05-19 00:00:00,app_store,iOS,海外,free,0
U000904,2026-06-01 00:00:00,2026-06-01 00:00:00,app_store,Android,一线城市,free,0
U000905,2026-06-09 00:00:00,2026-06-09 00:00:00,short_video_ads,iOS,海外,payer,1
U000906,2026-05-30 00:00:00,2026-05-30 00:00:00,app_store,iOS,新一线城市,free,0
U000907,2026-05-24 00:00:00,2026-05-24 00:00:00,kol,Android,新一线城市,free,0
U000908,2026-06-06 00:00:00,2026-06-06 00:00:00,short_video_ads,Android,新一线城市,free,0
U000909,2026-06-17 00:00:00,2026-06-17 00:00:00,short_video_ads,Android,新一线城市,free,0
U000910,2026-06-17 00:00:00,2026-06-17 00:00:00,short_video_ads,iOS,新一线城市,free,0
U000911,2026-05-04 00:00:00,2026-05-04 00:00:00,short_video_ads,Android,一线城市,payer,1
U000912,2026-06-29 00:00:00,2026-06-29 00:00:00,kol,Android,二线城市,free,0
U000913,2026-06-16 00:00:00,2026-06-16 00:00:00,search_ads,iOS,二线城市,free,0
U000914,2026-06-20 00:00:00,2026-06-20 00:00:00,search_ads,iOS,一线城市,free,0
U000915,2026-06-17 00:00:00,2026-06-17 00:00:00,referral,iOS,二线城市,free,0
U000916,2026-05-22 00:00:00,2026-05-21 00:00:00,organic,Web,一线城市,free,0
U000917,2026-06-27 00:00:00,2026-06-27 00:00:00,referral,Android,一线城市,free,0
U000918,2026-05-14 00:00:00,2026-05-14 00:00:00,search_ads,Android,二线城市,free,0
U000919,2026-05-14 00:00:00,2026-05-14 00:00:00,app_store,iOS,新一线城市,free,0
U000920,2026-05-26 00:00:00,2026-05-26 00:00:00,app_store,Android,海外,payer,1
U000921,2026-06-16 00:00:00,2026-06-16 00:00:00,referral,iOS,一线城市,free,0
U000922,2026-05-30 00:00:00,2026-05-30 00:00:00,short_video_ads,Android,一线城市,free,0
U000923,2026-06-17 00:00:00,2026-06-17 00:00:00,kol,Android,新一线城市,free,0
U000924,2026-05-22 00:00:00,2026-05-22 00:00:00,organic,Android,一线城市,payer,1
U000925,2026-05-16 00:00:00,2026-05-16 00:00:00,organic,Android,二线城市,free,0
U000926,2026-05-18 00:00:00,2026-05-18 00:00:00,short_video_ads,Web,二线城市,free,0
U000927,2026-05-19 00:00:00,2026-05-19 00:00:00,organic,Web,新一线城市,free,0
U000928,2026-06-18 00:00:00,2026-06-18 00:00:00,kol,iOS,二线城市,free,0
U000929,2026-05-04 00:00:00,2026-05-04 00:00:00,short_video_ads,Android,一线城市,free,0
U000930,2026-05-13 00:00:00,2026-05-13 00:00:00,referral,Android,二线城市,payer,1
U000931,2026-06-21 00:00:00,2026-06-21 00:00:00,referral,iOS,一线城市,free,0
U000932,2026-05-25 00:00:00,2026-05-25 00:00:00,kol,Android,新一线城市,free,0
U000933,2026-05-31 00:00:00,2026-05-31 00:00:00,app_store,Android,一线城市,free,0
U000934,2026-05-01 00:00:00,2026-05-01 00:00:00,app_store,Web,海外,free,0
U000935,2026-05-29 00:00:00,2026-05-29 00:00:00,short_video_ads,iOS,二线城市,payer,1
U000936,2026-06-28 00:00:00,2026-06-28 00:00:00,organic,Android,新一线城市,free,0
U000937,2026-05-25 00:00:00,2026-05-25 00:00:00,referral,iOS,新一线城市,payer,1
U000938,2026-05-23 00:00:00,2026-05-23 00:00:00,kol,iOS,一线城市,free,0
U000939,2026-05-16 00:00:00,2026-05-16 00:00:00,kol,iOS,一线城市,payer,1
U000940,2026-06-29 00:00:00,2026-06-29 00:00:00,short_video_ads,Android,海外,payer,1
U000941,2026-06-10 00:00:00,2026-06-10 00:00:00,kol,iOS,新一线城市,free,0
U000942,2026-05-14 00:00:00,2026-05-14 00:00:00,kol,Android,一线城市,free,0
U000943,2026-06-29 00:00:00,2026-06-27 00:00:00,kol,iOS,一线城市,payer,1
U000944,2026-06-04 00:00:00,2026-06-04 00:00:00,app_store,Web,新一线城市,free,0
U000945,2026-05-21 00:00:00,2026-05-21 00:00:00,organic,Android,一线城市,free,0
U000946,2026-05-21 00:00:00,2026-05-21 00:00:00,organic,iOS,海外,free,0
U000947,2026-06-18 00:00:00,2026-06-18 00:00:00,kol,Android,一线城市,payer,1
U000948,2026-06-24 00:00:00,2026-06-24 00:00:00,search_ads,Android,一线城市,free,0
U000949,2026-06-25 00:00:00,2026-06-25 00:00:00,kol,iOS,新一线城市,free,0
U000950,2026-06-12 00:00:00,2026-06-12 00:00:00,organic,Android,海外,free,0
U000951,2026-05-08 00:00:00,2026-05-08 00:00:00,app_store,Android,新一线城市,free,0
U000952,2026-05-12 00:00:00,2026-05-12 00:00:00,referral,Android,一线城市,free,0
U000953,2026-06-10 00:00:00,2026-06-10 00:00:00,app_store,Android,一线城市,free,0
U000954,2026-06-05 00:00:00,2026-06-05 00:00:00,app_store,Android,一线城市,free,0
U000955,2026-05-27 00:00:00,2026-05-27 00:00:00,organic,Android,新一线城市,free,0
U000956,2026-06-12 00:00:00,2026-06-12 00:00:00,organic,iOS,新一线城市,free,0
U000957,2026-05-08 00:00:00,2026-05-07 00:00:00,kol,iOS,一线城市,payer,1
U000958,2026-06-18 00:00:00,2026-06-18 00:00:00,short_video_ads,Android,二线城市,free,0
U000959,2026-05-14 00:00:00,2026-05-14 00:00:00,search_ads,iOS,新一线城市,payer,1
U000960,2026-06-04 00:00:00,2026-06-04 00:00:00,organic,iOS,二线城市,payer,1
U000961,2026-05-09 00:00:00,2026-05-09 00:00:00,organic,Web,二线城市,free,0
U000962,2026-06-25 00:00:00,2026-06-25 00:00:00,organic,Web,二线城市,free,0
U000963,2026-06-04 00:00:00,2026-06-04 00:00:00,organic,Web,一线城市,free,0
U000964,2026-06-09 00:00:00,2026-06-09 00:00:00,short_video_ads,Web,海外,free,0
U000965,2026-06-05 00:00:00,2026-06-05 00:00:00,organic,iOS,一线城市,free,0
U000966,2026-06-19 00:00:00,2026-06-19 00:00:00,search_ads,Android,二线城市,free,0
U000967,2026-05-02 00:00:00,2026-05-02 00:00:00,app_store,iOS,海外,free,0
U000968,2026-06-20 00:00:00,2026-06-20 00:00:00,app_store,Web,新一线城市,free,0
U000969,2026-05-23 00:00:00,2026-05-23 00:00:00,kol,iOS,二线城市,free,0
U000970,2026-06-19 00:00:00,2026-06-19 00:00:00,short_video_ads,iOS,一线城市,free,0
U000971,2026-05-03 00:00:00,2026-05-03 00:00:00,organic,Android,新一线城市,free,0
U000972,2026-05-06 00:00:00,2026-05-06 00:00:00,referral,Web,新一线城市,payer,1
U000973,2026-06-18 00:00:00,2026-06-18 00:00:00,referral,Android,一线城市,free,0
U000974,2026-06-15 00:00:00,2026-06-15 00:00:00,app_store,Web,新一线城市,free,0
U000975,2026-05-28 00:00:00,2026-05-28 00:00:00,organic,Android,二线城市,free,0
U000976,2026-06-18 00:00:00,2026-06-18 00:00:00,app_store,iOS,一线城市,free,0
U000977,2026-06-06 00:00:00,2026-06-06 00:00:00,app_store,Android,二线城市,free,0
U000978,2026-05-13 00:00:00,2026-05-12 00:00:00,short_video_ads,Android,一线城市,free,0
U000979,2026-05-06 00:00:00,2026-05-05 00:00:00,app_store,iOS,一线城市,payer,1
U000980,2026-06-04 00:00:00,2026-06-04 00:00:00,referral,Android,新一线城市,free,0
U000981,2026-06-10 00:00:00,2026-06-10 00:00:00,organic,Android,新一线城市,free,0
U000982,2026-05-29 00:00:00,2026-05-29 00:00:00,short_video_ads,iOS,海外,free,0
U000983,2026-06-18 00:00:00,2026-06-18 00:00:00,organic,iOS,二线城市,free,0
U000984,2026-06-05 00:00:00,2026-06-05 00:00:00,short_video_ads,Web,二线城市,free,0
U000985,2026-05-15 00:00:00,2026-05-15 00:00:00,organic,iOS,海外,payer,1
U000986,2026-06-03 00:00:00,2026-06-03 00:00:00,short_video_ads,Web,一线城市,free,0
U000987,2026-05-17 00:00:00,2026-05-17 00:00:00,organic,Android,二线城市,free,0
U000988,2026-05-06 00:00:00,2026-05-06 00:00:00,organic,iOS,新一线城市,payer,1
U000989,2026-06-10 00:00:00,2026-06-10 00:00:00,short_video_ads,iOS,海外,free,0
U000990,2026-05-07 00:00:00,2026-05-07 00:00:00,app_store,iOS,新一线城市,free,0
U000991,2026-06-03 00:00:00,2026-06-03 00:00:00,app_store,Android,海外,free,0
U000992,2026-06-14 00:00:00,2026-06-14 00:00:00,organic,Android,新一线城市,free,0
U000993,2026-06-13 00:00:00,2026-06-13 00:00:00,search_ads,Web,一线城市,free,0
U000994,2026-05-04 00:00:00,2026-05-04 00:00:00,organic,Android,一线城市,free,0
U000995,2026-06-16 00:00:00,2026-06-16 00:00:00,organic,iOS,一线城市,free,0
U000996,2026-05-27 00:00:00,2026-05-27 00:00:00,kol,iOS,海外,free,0
U000997,2026-05-16 00:00:00,2026-05-16 00:00:00,organic,Android,海外,payer,1
U000998,2026-06-18 00:00:00,2026-06-18 00:00:00,short_video_ads,iOS,二线城市,free,0
U000999,2026-05-21 00:00:00,2026-05-21 00:00:00,short_video_ads,Android,新一线城市,free,0
U001000,2026-06-02 00:00:00,2026-06-02 00:00:00,app_store,Web,海外,payer,1
U001001,2026-05-15 00:00:00,2026-05-15 00:00:00,app_store,Android,二线城市,free,0
U001002,2026-06-02 00:00:00,2026-06-02 00:00:00,app_store,Android,新一线城市,free,0
U001003,2026-06-11 00:00:00,2026-06-11 00:00:00,search_ads,Web,海外,free,0
U001004,2026-05-31 00:00:00,2026-05-29 00:00:00,search_ads,iOS,新一线城市,free,0
U001005,2026-06-13 00:00:00,2026-06-13 00:00:00,kol,Android,海外,free,0
U001006,2026-06-16 00:00:00,2026-06-16 00:00:00,search_ads,iOS,二线城市,free,0
U001007,2026-06-13 00:00:00,2026-06-13 00:00:00,search_ads,Web,二线城市,free,0
U001008,2026-06-23 00:00:00,2026-06-23 00:00:00,app_store,Android,二线城市,free,0
U001009,2026-06-03 00:00:00,2026-06-03 00:00:00,app_store,iOS,一线城市,free,0
U001010,2026-05-29 00:00:00,2026-05-29 00:00:00,organic,Android,二线城市,free,0
U001011,2026-06-19 00:00:00,2026-06-19 00:00:00,kol,iOS,一线城市,free,0
U001012,2026-05-17 00:00:00,2026-05-17 00:00:00,organic,iOS,新一线城市,free,0
U001013,2026-05-22 00:00:00,2026-05-22 00:00:00,organic,Android,新一线城市,free,0
U001014,2026-05-10 00:00:00,2026-05-10 00:00:00,kol,iOS,二线城市,payer,1
U001015,2026-05-02 00:00:00,2026-05-02 00:00:00,app_store,iOS,一线城市,free,0
U001016,2026-06-07 00:00:00,2026-06-07 00:00:00,kol,iOS,新一线城市,free,0
U001017,2026-06-25 00:00:00,2026-06-25 00:00:00,short_video_ads,Web,一线城市,free,0
U001018,2026-06-04 00:00:00,2026-06-04 00:00:00,kol,iOS,一线城市,free,0
U001019,2026-05-04 00:00:00,2026-05-04 00:00:00,organic,Android,新一线城市,payer,1
U001020,2026-05-17 00:00:00,2026-05-17 00:00:00,app_store,iOS,二线城市,free,0
U001021,2026-05-30 00:00:00,2026-05-30 00:00:00,short_video_ads,Android,新一线城市,free,0
U001022,2026-06-19 00:00:00,2026-06-19 00:00:00,organic,Android,新一线城市,free,0
U001023,2026-06-27 00:00:00,2026-06-27 00:00:00,kol,Android,新一线城市,free,0
U001024,2026-05-27 00:00:00,2026-05-27 00:00:00,organic,iOS,新一线城市,free,0
U001025,2026-05-02 00:00:00,2026-05-02 00:00:00,kol,Android,海外,free,0
U001026,2026-06-15 00:00:00,2026-06-15 00:00:00,organic,iOS,新一线城市,free,0
U001027,2026-05-17 00:00:00,2026-05-17 00:00:00,organic,iOS,二线城市,free,0
U001028,2026-06-15 00:00:00,2026-06-15 00:00:00,organic,Android,一线城市,free,0
U001029,2026-05-15 00:00:00,2026-05-15 00:00:00,app_store,iOS,一线城市,free,0
U001030,2026-05-27 00:00:00,2026-05-27 00:00:00,app_store,Android,一线城市,free,0
U001031,2026-05-09 00:00:00,2026-05-09 00:00:00,kol,Web,一线城市,payer,1
U001032,2026-05-27 00:00:00,2026-05-27 00:00:00,kol,iOS,新一线城市,free,0
U001033,2026-05-18 00:00:00,2026-05-18 00:00:00,organic,Android,海外,payer,1
U001034,2026-05-22 00:00:00,2026-05-22 00:00:00,organic,iOS,新一线城市,free,0
U001035,2026-06-15 00:00:00,2026-06-15 00:00:00,short_video_ads,Android,海外,free,0
U001036,2026-05-25 00:00:00,2026-05-25 00:00:00,short_video_ads,Android,一线城市,free,0
U001037,2026-05-27 00:00:00,2026-05-27 00:00:00,search_ads,Web,二线城市,free,0
U001038,2026-06-21 00:00:00,2026-06-21 00:00:00,search_ads,iOS,一线城市,free,0
U001039,2026-06-03 00:00:00,2026-06-03 00:00:00,app_store,Web,一线城市,free,0
U001040,2026-05-09 00:00:00,2026-05-09 00:00:00,app_store,Android,二线城市,free,0
U001041,2026-06-06 00:00:00,2026-06-06 00:00:00,short_video_ads,iOS,一线城市,free,0
U001042,2026-06-05 00:00:00,2026-06-05 00:00:00,app_store,Android,新一线城市,free,0
U001043,2026-05-08 00:00:00,2026-05-08 00:00:00,short_video_ads,iOS,新一线城市,free,0
U001044,2026-06-05 00:00:00,2026-06-05 00:00:00,short_video_ads,Android,一线城市,free,0
U001045,2026-05-25 00:00:00,2026-05-25 00:00:00,referral,Android,一线城市,free,0
U001046,2026-05-01 00:00:00,2026-05-01 00:00:00,short_video_ads,Android,海外,free,0
U001047,2026-05-17 00:00:00,2026-05-17 00:00:00,search_ads,iOS,一线城市,free,0
U001048,2026-05-04 00:00:00,2026-05-03 00:00:00,organic,Web,新一线城市,free,0
U001049,2026-05-08 00:00:00,2026-05-07 00:00:00,app_store,iOS,新一线城市,free,0
U001050,2026-05-13 00:00:00,2026-05-13 00:00:00,short_video_ads,Android,二线城市,free,0
U001051,2026-06-12 00:00:00,2026-06-12 00:00:00,organic,Android,一线城市,free,0
U001052,2026-06-05 00:00:00,2026-06-05 00:00:00,organic,iOS,一线城市,free,0
U001053,2026-05-23 00:00:00,2026-05-23 00:00:00,organic,Android,一线城市,free,0
U001054,2026-05-04 00:00:00,2026-05-04 00:00:00,app_store,iOS,二线城市,payer,1
U001055,2026-06-01 00:00:00,2026-05-31 00:00:00,referral,Web,新一线城市,free,0
U001056,2026-05-18 00:00:00,2026-05-18 00:00:00,search_ads,Android,一线城市,free,0
U001057,2026-06-02 00:00:00,2026-06-02 00:00:00,organic,Web,海外,payer,1
U001058,2026-05-04 00:00:00,2026-05-04 00:00:00,app_store,Web,新一线城市,free,0
U001059,2026-05-24 00:00:00,2026-05-24 00:00:00,short_video_ads,Web,新一线城市,free,0
U001060,2026-05-04 00:00:00,2026-05-04 00:00:00,search_ads,iOS,新一线城市,free,0
U001061,2026-05-06 00:00:00,2026-05-06 00:00:00,app_store,iOS,二线城市,free,0
U001062,2026-06-09 00:00:00,2026-06-09 00:00:00,organic,iOS,新一线城市,free,0
U001063,2026-05-19 00:00:00,2026-05-19 00:00:00,app_store,iOS,二线城市,free,0
U001064,2026-05-04 00:00:00,2026-05-04 00:00:00,app_store,Android,二线城市,free,0
U001065,2026-05-29 00:00:00,2026-05-29 00:00:00,referral,Web,新一线城市,free,0
U001066,2026-05-03 00:00:00,2026-05-03 00:00:00,app_store,iOS,新一线城市,payer,1
U001067,2026-05-10 00:00:00,2026-05-10 00:00:00,search_ads,iOS,二线城市,free,0
U001068,2026-06-05 00:00:00,2026-06-05 00:00:00,organic,Android,一线城市,free,0
U001069,2026-06-21 00:00:00,2026-06-21 00:00:00,referral,iOS,新一线城市,free,0
U001070,2026-06-15 00:00:00,2026-06-15 00:00:00,organic,Android,二线城市,free,0
U001071,2026-05-23 00:00:00,2026-05-23 00:00:00,referral,Android,新一线城市,free,0
U001072,2026-06-25 00:00:00,2026-06-25 00:00:00,kol,Web,一线城市,free,0
U001073,2026-06-02 00:00:00,2026-06-02 00:00:00,short_video_ads,Android,一线城市,free,0
U001074,2026-05-14 00:00:00,2026-05-14 00:00:00,short_video_ads,iOS,海外,free,0
U001075,2026-05-18 00:00:00,2026-05-18 00:00:00,search_ads,Android,二线城市,payer,1
U001076,2026-06-10 00:00:00,2026-06-10 00:00:00,organic,Android,新一线城市,payer,1
U001077,2026-06-15 00:00:00,2026-06-15 00:00:00,search_ads,Android,海外,payer,1
U001078,2026-05-25 00:00:00,2026-05-25 00:00:00,referral,iOS,二线城市,free,0
U001079,2026-05-10 00:00:00,2026-05-10 00:00:00,app_store,iOS,海外,free,0
U001080,2026-06-14 00:00:00,2026-06-14 00:00:00,short_video_ads,iOS,新一线城市,free,0
U001081,2026-05-25 00:00:00,2026-05-25 00:00:00,app_store,Web,新一线城市,free,0
U001082,2026-05-23 00:00:00,2026-05-23 00:00:00,organic,Android,一线城市,payer,1
U001083,2026-05-18 00:00:00,2026-05-18 00:00:00,referral,Web,二线城市,free,0
U001084,2026-05-15 00:00:00,2026-05-15 00:00:00,app_store,Web,一线城市,free,0
U001085,2026-05-26 00:00:00,2026-05-26 00:00:00,kol,Web,二线城市,payer,1
U001086,2026-06-27 00:00:00,2026-06-27 00:00:00,kol,Android,新一线城市,free,0
U001087,2026-05-25 00:00:00,2026-05-25 00:00:00,organic,Web,一线城市,free,0
U001088,2026-05-01 00:00:00,2026-05-01 00:00:00,search_ads,iOS,新一线城市,payer,1
U001089,2026-06-06 00:00:00,2026-06-06 00:00:00,kol,Android,二线城市,free,0
U001090,2026-05-13 00:00:00,2026-05-13 00:00:00,kol,Android,海外,free,0
U001091,2026-06-16 00:00:00,2026-06-16 00:00:00,short_video_ads,Android,一线城市,free,0
U001092,2026-05-12 00:00:00,2026-05-12 00:00:00,search_ads,iOS,一线城市,free,0
U001093,2026-05-06 00:00:00,2026-05-04 00:00:00,kol,Web,新一线城市,free,0
U001094,2026-06-04 00:00:00,2026-06-03 00:00:00,search_ads,Android,一线城市,free,0
U001095,2026-05-07 00:00:00,2026-05-07 00:00:00,search_ads,iOS,新一线城市,free,0
U001096,2026-06-06 00:00:00,2026-06-05 00:00:00,app_store,Android,新一线城市,free,0
U001097,2026-05-11 00:00:00,2026-05-11 00:00:00,short_video_ads,Android,二线城市,free,0
U001098,2026-05-06 00:00:00,2026-05-05 00:00:00,organic,Web,一线城市,payer,1
U001099,2026-05-27 00:00:00,2026-05-27 00:00:00,search_ads,Web,海外,free,0
U001100,2026-05-09 00:00:00,2026-05-09 00:00:00,short_video_ads,Android,新一线城市,free,0
U001101,2026-06-09 00:00:00,2026-06-09 00:00:00,app_store,Android,二线城市,free,0
U001102,2026-05-29 00:00:00,2026-05-29 00:00:00,organic,iOS,新一线城市,payer,1
U001103,2026-06-28 00:00:00,2026-06-28 00:00:00,search_ads,iOS,一线城市,free,0
U001104,2026-05-08 00:00:00,2026-05-08 00:00:00,referral,iOS,新一线城市,free,0
U001105,2026-05-30 00:00:00,2026-05-30 00:00:00,organic,Android,一线城市,free,0
U001106,2026-05-03 00:00:00,2026-05-02 00:00:00,organic,Web,新一线城市,free,0
U001107,2026-06-17 00:00:00,2026-06-17 00:00:00,organic,iOS,一线城市,free,0
U001108,2026-06-25 00:00:00,2026-06-25 00:00:00,app_store,Web,海外,free,0
U001109,2026-06-05 00:00:00,2026-06-05 00:00:00,organic,iOS,二线城市,payer,1
U001110,2026-06-02 00:00:00,2026-06-02 00:00:00,organic,Android,海外,free,0
U001111,2026-06-18 00:00:00,2026-06-18 00:00:00,kol,iOS,新一线城市,free,0
U001112,2026-05-30 00:00:00,2026-05-30 00:00:00,short_video_ads,Web,海外,free,0
U001113,2026-06-11 00:00:00,2026-06-11 00:00:00,search_ads,Web,新一线城市,free,0
U001114,2026-06-16 00:00:00,2026-06-16 00:00:00,search_ads,Android,新一线城市,free,0
U001115,2026-05-16 00:00:00,2026-05-16 00:00:00,app_store,iOS,新一线城市,free,0
U001116,2026-05-12 00:00:00,2026-05-12 00:00:00,referral,Android,新一线城市,free,0
U001117,2026-05-17 00:00:00,2026-05-17 00:00:00,kol,iOS,二线城市,free,0
U001118,2026-06-25 00:00:00,2026-06-25 00:00:00,kol,Android,二线城市,free,0
U001119,2026-05-08 00:00:00,2026-05-08 00:00:00,search_ads,Android,二线城市,free,0
U001120,2026-05-22 00:00:00,2026-05-22 00:00:00,organic,Web,新一线城市,payer,1
U001121,2026-05-30 00:00:00,2026-05-30 00:00:00,app_store,iOS,一线城市,free,0
U001122,2026-05-19 00:00:00,2026-05-19 00:00:00,referral,Web,二线城市,free,0
U001123,2026-06-26 00:00:00,2026-06-26 00:00:00,search_ads,Web,新一线城市,free,0
U001124,2026-05-31 00:00:00,2026-05-31 00:00:00,app_store,iOS,二线城市,payer,1
U001125,2026-05-05 00:00:00,2026-05-05 00:00:00,referral,Android,一线城市,payer,1
U001126,2026-05-24 00:00:00,2026-05-24 00:00:00,short_video_ads,iOS,海外,free,0
U001127,2026-05-13 00:00:00,2026-05-13 00:00:00,kol,iOS,新一线城市,free,0
U001128,2026-06-11 00:00:00,2026-06-11 00:00:00,organic,iOS,二线城市,free,0
U001129,2026-06-13 00:00:00,2026-06-13 00:00:00,short_video_ads,Web,新一线城市,free,0
U001130,2026-06-25 00:00:00,2026-06-25 00:00:00,app_store,Web,新一线城市,free,0
U001131,2026-06-20 00:00:00,2026-06-20 00:00:00,organic,Web,二线城市,free,0
U001132,2026-05-09 00:00:00,2026-05-09 00:00:00,app_store,iOS,海外,payer,1
U001133,2026-06-26 00:00:00,2026-06-26 00:00:00,search_ads,iOS,新一线城市,free,0
U001134,2026-05-09 00:00:00,2026-05-09 00:00:00,kol,Android,二线城市,free,0
U001135,2026-05-28 00:00:00,2026-05-28 00:00:00,referral,Web,海外,free,0
U001136,2026-06-29 00:00:00,2026-06-29 00:00:00,organic,iOS,二线城市,free,0
U001137,2026-06-27 00:00:00,2026-06-27 00:00:00,app_store,Web,一线城市,free,0
U001138,2026-05-24 00:00:00,2026-05-24 00:00:00,search_ads,iOS,二线城市,free,0
U001139,2026-06-10 00:00:00,2026-06-10 00:00:00,search_ads,Android,二线城市,free,0
U001140,2026-06-23 00:00:00,2026-06-23 00:00:00,organic,iOS,海外,free,0
U001141,2026-05-19 00:00:00,2026-05-19 00:00:00,short_video_ads,Web,二线城市,payer,1
U001142,2026-05-20 00:00:00,2026-05-20 00:00:00,kol,Android,海外,free,0
U001143,2026-06-27 00:00:00,2026-06-26 00:00:00,organic,Android,新一线城市,free,0
U001144,2026-06-05 00:00:00,2026-06-05 00:00:00,app_store,Web,一线城市,payer,1
U001145,2026-05-05 00:00:00,2026-05-04 00:00:00,organic,Web,新一线城市,free,0
U001146,2026-05-07 00:00:00,2026-05-07 00:00:00,short_video_ads,Web,一线城市,free,0
U001147,2026-05-29 00:00:00,2026-05-29 00:00:00,search_ads,iOS,一线城市,free,0
U001148,2026-05-31 00:00:00,2026-05-31 00:00:00,short_video_ads,Android,二线城市,free,0
U001149,2026-05-03 00:00:00,2026-05-03 00:00:00,app_store,Web,新一线城市,free,0
U001150,2026-06-08 00:00:00,2026-06-08 00:00:00,search_ads,iOS,一线城市,free,0
U001151,2026-06-16 00:00:00,2026-06-14 00:00:00,kol,iOS,新一线城市,free,0
U001152,2026-05-15 00:00:00,2026-05-15 00:00:00,referral,Android,二线城市,free,0
U001153,2026-05-01 00:00:00,2026-05-01 00:00:00,referral,iOS,新一线城市,free,0
U001154,2026-05-13 00:00:00,2026-05-13 00:00:00,search_ads,Web,一线城市,free,0
U001155,2026-05-05 00:00:00,2026-05-05 00:00:00,kol,Android,二线城市,free,0
U001156,2026-05-12 00:00:00,2026-05-12 00:00:00,app_store,iOS,一线城市,free,0
U001157,2026-05-14 00:00:00,2026-05-14 00:00:00,organic,Web,新一线城市,payer,1
U001158,2026-05-01 00:00:00,2026-04-30 00:00:00,organic,iOS,新一线城市,free,0
U001159,2026-06-03 00:00:00,2026-06-03 00:00:00,organic,iOS,一线城市,payer,1
U001160,2026-05-01 00:00:00,2026-05-01 00:00:00,referral,Android,二线城市,free,0
U001161,2026-05-21 00:00:00,2026-05-21 00:00:00,short_video_ads,Web,新一线城市,free,0
U001162,2026-05-10 00:00:00,2026-05-10 00:00:00,organic,Android,新一线城市,free,0
U001163,2026-06-11 00:00:00,2026-06-11 00:00:00,organic,Android,新一线城市,free,0
U001164,2026-05-16 00:00:00,2026-05-16 00:00:00,short_video_ads,Android,海外,payer,1
U001165,2026-06-06 00:00:00,2026-06-06 00:00:00,app_store,iOS,新一线城市,free,0
U001166,2026-05-19 00:00:00,2026-05-19 00:00:00,search_ads,Android,二线城市,free,0
U001167,2026-06-22 00:00:00,2026-06-22 00:00:00,app_store,Web,一线城市,free,0
U001168,2026-06-21 00:00:00,2026-06-20 00:00:00,organic,iOS,二线城市,free,0
U001169,2026-05-04 00:00:00,2026-05-04 00:00:00,referral,iOS,一线城市,free,0
U001170,2026-05-12 00:00:00,2026-05-12 00:00:00,referral,Web,二线城市,payer,1
U001171,2026-06-23 00:00:00,2026-06-23 00:00:00,search_ads,Android,新一线城市,free,0
U001172,2026-06-02 00:00:00,2026-06-02 00:00:00,referral,iOS,新一线城市,payer,1
U001173,2026-05-29 00:00:00,2026-05-29 00:00:00,short_video_ads,Android,一线城市,free,0
U001174,2026-06-09 00:00:00,2026-06-09 00:00:00,app_store,Android,海外,free,0
U001175,2026-06-29 00:00:00,2026-06-29 00:00:00,app_store,iOS,一线城市,free,0
U001176,2026-05-24 00:00:00,2026-05-24 00:00:00,organic,Android,二线城市,free,0
U001177,2026-05-24 00:00:00,2026-05-24 00:00:00,short_video_ads,Android,二线城市,free,0
U001178,2026-06-06 00:00:00,2026-06-06 00:00:00,search_ads,Android,海外,free,0
U001179,2026-05-07 00:00:00,2026-05-07 00:00:00,app_store,iOS,二线城市,free,0
U001180,2026-06-11 00:00:00,2026-06-11 00:00:00,app_store,Web,一线城市,free,0
U001181,2026-06-01 00:00:00,2026-05-31 00:00:00,organic,iOS,一线城市,free,0
U001182,2026-05-15 00:00:00,2026-05-15 00:00:00,referral,Android,一线城市,free,0
U001183,2026-06-22 00:00:00,2026-06-22 00:00:00,organic,Web,海外,free,0
U001184,2026-06-07 00:00:00,2026-06-06 00:00:00,search_ads,Android,一线城市,free,0
U001185,2026-06-18 00:00:00,2026-06-18 00:00:00,short_video_ads,Web,新一线城市,free,0
U001186,2026-05-01 00:00:00,2026-05-01 00:00:00,short_video_ads,Web,一线城市,free,0
U001187,2026-05-20 00:00:00,2026-05-20 00:00:00,short_video_ads,Android,一线城市,free,0
U001188,2026-06-07 00:00:00,2026-06-07 00:00:00,kol,iOS,一线城市,free,0
U001189,2026-06-29 00:00:00,2026-06-28 00:00:00,short_video_ads,Web,一线城市,free,0
U001190,2026-05-23 00:00:00,2026-05-23 00:00:00,app_store,Web,二线城市,free,0
U001191,2026-06-21 00:00:00,2026-06-20 00:00:00,referral,iOS,一线城市,free,0
U001192,2026-06-19 00:00:00,2026-06-19 00:00:00,short_video_ads,Android,新一线城市,free,0
U001193,2026-06-07 00:00:00,2026-06-07 00:00:00,kol,iOS,一线城市,free,0
U001194,2026-06-23 00:00:00,2026-06-23 00:00:00,organic,iOS,一线城市,free,0
U001195,2026-05-01 00:00:00,2026-05-01 00:00:00,short_video_ads,Web,新一线城市,payer,1
U001196,2026-06-09 00:00:00,2026-06-09 00:00:00,kol,Android,海外,free,0
U001197,2026-05-31 00:00:00,2026-05-31 00:00:00,app_store,Android,一线城市,free,0
U001198,2026-05-16 00:00:00,2026-05-16 00:00:00,search_ads,Android,一线城市,payer,1
U001199,2026-06-29 00:00:00,2026-06-29 00:00:00,kol,Web,海外,free,0
U001200,2026-05-09 00:00:00,2026-05-09 00:00:00,search_ads,iOS,新一线城市,free,0
U001201,2026-06-18 00:00:00,2026-06-18 00:00:00,referral,iOS,新一线城市,free,0
U001202,2026-06-19 00:00:00,2026-06-19 00:00:00,short_video_ads,Web,一线城市,free,0
U001203,2026-06-22 00:00:00,2026-06-22 00:00:00,short_video_ads,iOS,新一线城市,free,0
U001204,2026-06-27 00:00:00,2026-06-27 00:00:00,organic,iOS,海外,free,0
U001205,2026-06-23 00:00:00,2026-06-23 00:00:00,organic,iOS,二线城市,free,0
U001206,2026-06-18 00:00:00,2026-06-16 00:00:00,organic,iOS,新一线城市,free,0
U001207,2026-05-01 00:00:00,2026-05-01 00:00:00,organic,Android,一线城市,free,0
U001208,2026-05-18 00:00:00,2026-05-18 00:00:00,app_store,iOS,二线城市,free,0
U001209,2026-05-28 00:00:00,2026-05-28 00:00:00,search_ads,Android,新一线城市,payer,1
U001210,2026-05-26 00:00:00,2026-05-26 00:00:00,referral,iOS,新一线城市,free,0
U001211,2026-06-01 00:00:00,2026-06-01 00:00:00,kol,Android,一线城市,payer,1
U001212,2026-06-09 00:00:00,2026-06-09 00:00:00,kol,iOS,二线城市,free,0
U001213,2026-06-03 00:00:00,2026-06-03 00:00:00,app_store,Android,海外,free,0
U001214,2026-05-02 00:00:00,2026-05-01 00:00:00,referral,Android,一线城市,free,0
U001215,2026-05-29 00:00:00,2026-05-29 00:00:00,organic,Android,一线城市,free,0
U001216,2026-06-03 00:00:00,2026-06-03 00:00:00,organic,Android,新一线城市,free,0
U001217,2026-06-03 00:00:00,2026-06-03 00:00:00,app_store,iOS,新一线城市,free,0
U001218,2026-06-09 00:00:00,2026-06-09 00:00:00,search_ads,iOS,一线城市,free,0
U001219,2026-05-24 00:00:00,2026-05-24 00:00:00,organic,iOS,二线城市,free,0
U001220,2026-05-02 00:00:00,2026-05-02 00:00:00,organic,Android,新一线城市,payer,1
U001221,2026-05-23 00:00:00,2026-05-23 00:00:00,kol,iOS,海外,free,0
U001222,2026-05-06 00:00:00,2026-05-06 00:00:00,short_video_ads,Android,一线城市,free,0
U001223,2026-05-22 00:00:00,2026-05-22 00:00:00,organic,Android,一线城市,free,0
U001224,2026-05-29 00:00:00,2026-05-29 00:00:00,short_video_ads,iOS,新一线城市,free,0
U001225,2026-06-06 00:00:00,2026-06-06 00:00:00,organic,iOS,二线城市,payer,1
U001226,2026-05-22 00:00:00,2026-05-22 00:00:00,short_video_ads,iOS,一线城市,free,0
U001227,2026-06-12 00:00:00,2026-06-12 00:00:00,referral,iOS,一线城市,free,0
U001228,2026-05-29 00:00:00,2026-05-29 00:00:00,short_video_ads,iOS,新一线城市,free,0
U001229,2026-05-06 00:00:00,2026-05-06 00:00:00,search_ads,iOS,二线城市,free,0
U001230,2026-05-31 00:00:00,2026-05-31 00:00:00,organic,Android,二线城市,free,0
U001231,2026-05-25 00:00:00,2026-05-25 00:00:00,kol,iOS,二线城市,free,0
U001232,2026-06-22 00:00:00,2026-06-22 00:00:00,kol,Android,海外,free,0
U001233,2026-06-09 00:00:00,2026-06-09 00:00:00,kol,Web,海外,free,0
U001234,2026-05-31 00:00:00,2026-05-31 00:00:00,referral,iOS,二线城市,free,0
U001235,2026-05-06 00:00:00,2026-05-06 00:00:00,short_video_ads,iOS,二线城市,free,0
U001236,2026-05-23 00:00:00,2026-05-23 00:00:00,kol,iOS,二线城市,free,0
U001237,2026-05-23 00:00:00,2026-05-23 00:00:00,app_store,iOS,二线城市,payer,1
U001238,2026-05-04 00:00:00,2026-05-04 00:00:00,search_ads,Web,新一线城市,free,0
U001239,2026-05-01 00:00:00,2026-05-01 00:00:00,kol,Android,海外,free,0
U001240,2026-06-15 00:00:00,2026-06-15 00:00:00,organic,Android,海外,free,0
U001241,2026-05-24 00:00:00,2026-05-24 00:00:00,app_store,Android,新一线城市,free,0
U001242,2026-05-26 00:00:00,2026-05-26 00:00:00,search_ads,Web,新一线城市,free,0
U001243,2026-06-13 00:00:00,2026-06-13 00:00:00,search_ads,Android,二线城市,free,0
U001244,2026-06-02 00:00:00,2026-06-02 00:00:00,organic,Android,新一线城市,free,0
U001245,2026-06-29 00:00:00,2026-06-29 00:00:00,search_ads,iOS,二线城市,free,0
U001246,2026-05-19 00:00:00,2026-05-19 00:00:00,organic,iOS,二线城市,free,0
U001247,2026-06-12 00:00:00,2026-06-12 00:00:00,short_video_ads,Android,一线城市,free,0
U001248,2026-05-25 00:00:00,2026-05-25 00:00:00,search_ads,Web,二线城市,free,0
U001249,2026-05-24 00:00:00,2026-05-24 00:00:00,organic,Web,新一线城市,free,0
U001250,2026-06-15 00:00:00,2026-06-15 00:00:00,short_video_ads,Android,一线城市,free,0
U001251,2026-06-01 00:00:00,2026-06-01 00:00:00,organic,iOS,海外,free,0
U001252,2026-05-02 00:00:00,2026-05-02 00:00:00,kol,Android,二线城市,free,0
U001253,2026-05-12 00:00:00,2026-05-12 00:00:00,search_ads,Android,二线城市,free,0
U001254,2026-06-19 00:00:00,2026-06-19 00:00:00,kol,Web,二线城市,free,0
U001255,2026-06-24 00:00:00,2026-06-24 00:00:00,organic,Android,二线城市,free,0
U001256,2026-06-02 00:00:00,2026-06-02 00:00:00,referral,iOS,新一线城市,free,0
U001257,2026-06-20 00:00:00,2026-06-19 00:00:00,search_ads,Android,二线城市,free,0
U001258,2026-06-20 00:00:00,2026-06-20 00:00:00,referral,Android,二线城市,payer,1
U001259,2026-06-25 00:00:00,2026-06-25 00:00:00,referral,Android,新一线城市,free,0
U001260,2026-06-22 00:00:00,2026-06-22 00:00:00,search_ads,Web,新一线城市,free,0
U001261,2026-06-11 00:00:00,2026-06-11 00:00:00,app_store,Android,一线城市,free,0
U001262,2026-05-08 00:00:00,2026-05-08 00:00:00,kol,iOS,新一线城市,free,0
U001263,2026-05-08 00:00:00,2026-05-08 00:00:00,organic,iOS,二线城市,free,0
U001264,2026-05-18 00:00:00,2026-05-18 00:00:00,organic,Web,新一线城市,free,0
U001265,2026-06-06 00:00:00,2026-06-06 00:00:00,app_store,Android,一线城市,free,0
U001266,2026-05-11 00:00:00,2026-05-11 00:00:00,kol,iOS,二线城市,free,0
U001267,2026-05-13 00:00:00,2026-05-13 00:00:00,short_video_ads,Android,新一线城市,free,0
U001268,2026-05-13 00:00:00,2026-05-13 00:00:00,short_video_ads,Web,二线城市,free,0
U001269,2026-05-07 00:00:00,2026-05-07 00:00:00,organic,iOS,海外,free,0
U001270,2026-06-27 00:00:00,2026-06-27 00:00:00,kol,iOS,海外,free,0
U001271,2026-06-06 00:00:00,2026-06-06 00:00:00,organic,Android,新一线城市,free,0
U001272,2026-05-23 00:00:00,2026-05-23 00:00:00,app_store,iOS,一线城市,free,0
U001273,2026-05-22 00:00:00,2026-05-22 00:00:00,search_ads,Web,新一线城市,free,0
U001274,2026-05-12 00:00:00,2026-05-12 00:00:00,kol,Android,一线城市,free,0
U001275,2026-05-06 00:00:00,2026-05-05 00:00:00,organic,Android,新一线城市,free,0
U001276,2026-05-09 00:00:00,2026-05-09 00:00:00,short_video_ads,Web,二线城市,payer,1
U001277,2026-06-17 00:00:00,2026-06-17 00:00:00,short_video_ads,iOS,一线城市,payer,1
U001278,2026-06-13 00:00:00,2026-06-13 00:00:00,short_video_ads,Android,新一线城市,free,0
U001279,2026-05-11 00:00:00,2026-05-11 00:00:00,app_store,Web,一线城市,free,0
U001280,2026-06-05 00:00:00,2026-06-05 00:00:00,organic,Web,新一线城市,free,0
U001281,2026-06-07 00:00:00,2026-06-07 00:00:00,organic,Android,海外,free,0
U001282,2026-05-31 00:00:00,2026-05-31 00:00:00,referral,Android,海外,free,0
U001283,2026-05-20 00:00:00,2026-05-20 00:00:00,organic,Web,海外,free,0
U001284,2026-06-19 00:00:00,2026-06-17 00:00:00,short_video_ads,Android,二线城市,free,0
U001285,2026-05-13 00:00:00,2026-05-13 00:00:00,short_video_ads,Android,二线城市,free,0
U001286,2026-06-24 00:00:00,2026-06-24 00:00:00,search_ads,iOS,二线城市,free,0
U001287,2026-06-08 00:00:00,2026-06-08 00:00:00,app_store,Android,一线城市,free,0
U001288,2026-06-23 00:00:00,2026-06-23 00:00:00,short_video_ads,Android,二线城市,free,0
U001289,2026-05-17 00:00:00,2026-05-17 00:00:00,short_video_ads,iOS,新一线城市,free,0
U001290,2026-05-11 00:00:00,2026-05-11 00:00:00,short_video_ads,iOS,海外,free,0
U001291,2026-06-13 00:00:00,2026-06-13 00:00:00,app_store,Android,新一线城市,free,0
U001292,2026-06-16 00:00:00,2026-06-16 00:00:00,short_video_ads,Android,新一线城市,free,0
U001293,2026-05-19 00:00:00,2026-05-19 00:00:00,referral,iOS,新一线城市,free,0
U001294,2026-05-22 00:00:00,2026-05-22 00:00:00,short_video_ads,iOS,新一线城市,free,0
U001295,2026-05-15 00:00:00,2026-05-15 00:00:00,app_store,Android,新一线城市,free,0
U001296,2026-06-16 00:00:00,2026-06-16 00:00:00,referral,iOS,新一线城市,free,0
U001297,2026-05-21 00:00:00,2026-05-21 00:00:00,kol,iOS,新一线城市,free,0
U001298,2026-06-12 00:00:00,2026-06-10 00:00:00,search_ads,Web,新一线城市,free,0
U001299,2026-05-31 00:00:00,2026-05-31 00:00:00,organic,iOS,二线城市,free,0
U001300,2026-05-06 00:00:00,2026-05-06 00:00:00,short_video_ads,Android,二线城市,free,0
U001301,2026-05-19 00:00:00,2026-05-19 00:00:00,kol,Web,一线城市,free,0
U001302,2026-05-26 00:00:00,2026-05-26 00:00:00,short_video_ads,iOS,一线城市,free,0
U001303,2026-06-07 00:00:00,2026-06-07 00:00:00,app_store,Android,海外,free,0
U001304,2026-06-11 00:00:00,2026-06-11 00:00:00,short_video_ads,iOS,二线城市,free,0
U001305,2026-05-17 00:00:00,2026-05-17 00:00:00,organic,Web,一线城市,free,0
U001306,2026-06-07 00:00:00,2026-06-07 00:00:00,search_ads,Android,一线城市,free,0
U001307,2026-05-22 00:00:00,2026-05-22 00:00:00,organic,iOS,二线城市,free,0
U001308,2026-05-29 00:00:00,2026-05-29 00:00:00,kol,Android,一线城市,free,0
U001309,2026-06-08 00:00:00,2026-06-08 00:00:00,kol,iOS,一线城市,payer,1
U001310,2026-05-28 00:00:00,2026-05-28 00:00:00,short_video_ads,Android,新一线城市,free,0
U001311,2026-05-06 00:00:00,2026-05-06 00:00:00,app_store,iOS,二线城市,free,0
U001312,2026-05-23 00:00:00,2026-05-23 00:00:00,short_video_ads,Android,二线城市,free,0
U001313,2026-05-07 00:00:00,2026-05-07 00:00:00,kol,Web,二线城市,free,0
U001314,2026-05-03 00:00:00,2026-05-03 00:00:00,search_ads,iOS,一线城市,free,0
U001315,2026-06-04 00:00:00,2026-06-04 00:00:00,kol,iOS,一线城市,free,0
U001316,2026-06-03 00:00:00,2026-06-03 00:00:00,app_store,iOS,一线城市,free,0
U001317,2026-05-25 00:00:00,2026-05-25 00:00:00,organic,Web,一线城市,free,0
U001318,2026-05-15 00:00:00,2026-05-15 00:00:00,short_video_ads,Android,一线城市,free,0
U001319,2026-06-23 00:00:00,2026-06-23 00:00:00,organic,Web,新一线城市,free,0
U001320,2026-05-02 00:00:00,2026-05-02 00:00:00,referral,Web,二线城市,free,0
U001321,2026-05-07 00:00:00,2026-05-07 00:00:00,referral,Android,海外,free,0
U001322,2026-06-04 00:00:00,2026-06-04 00:00:00,organic,iOS,一线城市,free,0
U001323,2026-06-28 00:00:00,2026-06-28 00:00:00,kol,iOS,一线城市,free,0
U001324,2026-05-11 00:00:00,2026-05-11 00:00:00,organic,Web,二线城市,free,0
U001325,2026-05-11 00:00:00,2026-05-11 00:00:00,search_ads,Web,海外,free,0
U001326,2026-06-01 00:00:00,2026-06-01 00:00:00,organic,Android,海外,free,0
U001327,2026-06-24 00:00:00,2026-06-23 00:00:00,kol,Web,海外,free,0
U001328,2026-05-28 00:00:00,2026-05-28 00:00:00,kol,Web,二线城市,free,0
U001329,2026-06-19 00:00:00,2026-06-19 00:00:00,search_ads,Web,新一线城市,free,0
U001330,2026-05-15 00:00:00,2026-05-15 00:00:00,organic,iOS,新一线城市,payer,1
U001331,2026-05-05 00:00:00,2026-05-05 00:00:00,app_store,iOS,海外,payer,1
U001332,2026-05-15 00:00:00,2026-05-15 00:00:00,organic,iOS,海外,free,0
U001333,2026-06-04 00:00:00,2026-06-04 00:00:00,short_video_ads,Web,一线城市,free,0
U001334,2026-05-12 00:00:00,2026-05-12 00:00:00,short_video_ads,iOS,二线城市,free,0
U001335,2026-06-23 00:00:00,2026-06-21 00:00:00,short_video_ads,iOS,二线城市,free,0
U001336,2026-06-10 00:00:00,2026-06-10 00:00:00,organic,Web,二线城市,payer,1
U001337,2026-05-12 00:00:00,2026-05-12 00:00:00,short_video_ads,Web,一线城市,free,0
U001338,2026-06-07 00:00:00,2026-06-07 00:00:00,app_store,iOS,新一线城市,free,0
U001339,2026-05-07 00:00:00,2026-05-07 00:00:00,kol,Web,新一线城市,free,0
U001340,2026-06-02 00:00:00,2026-06-02 00:00:00,search_ads,iOS,一线城市,free,0
U001341,2026-06-26 00:00:00,2026-06-26 00:00:00,organic,Web,一线城市,free,0
U001342,2026-05-20 00:00:00,2026-05-20 00:00:00,short_video_ads,Web,一线城市,free,0
U001343,2026-06-24 00:00:00,2026-06-24 00:00:00,app_store,iOS,一线城市,free,0
U001344,2026-06-02 00:00:00,2026-06-02 00:00:00,referral,Android,二线城市,free,0
U001345,2026-06-09 00:00:00,2026-06-08 00:00:00,referral,iOS,新一线城市,free,0
U001346,2026-06-14 00:00:00,2026-06-14 00:00:00,short_video_ads,iOS,新一线城市,payer,1
U001347,2026-05-14 00:00:00,2026-05-14 00:00:00,organic,Web,一线城市,free,0
U001348,2026-06-22 00:00:00,2026-06-20 00:00:00,referral,Android,二线城市,free,0
U001349,2026-05-09 00:00:00,2026-05-09 00:00:00,search_ads,iOS,海外,free,0
U001350,2026-05-31 00:00:00,2026-05-31 00:00:00,short_video_ads,iOS,新一线城市,free,0
U001351,2026-06-17 00:00:00,2026-06-17 00:00:00,kol,Android,二线城市,free,0
U001352,2026-05-19 00:00:00,2026-05-19 00:00:00,organic,iOS,一线城市,payer,1
U001353,2026-05-15 00:00:00,2026-05-15 00:00:00,organic,iOS,二线城市,free,0
U001354,2026-05-13 00:00:00,2026-05-13 00:00:00,app_store,Android,二线城市,free,0
U001355,2026-06-29 00:00:00,2026-06-29 00:00:00,app_store,iOS,二线城市,free,0
U001356,2026-05-29 00:00:00,2026-05-29 00:00:00,short_video_ads,iOS,海外,free,0
U001357,2026-05-05 00:00:00,2026-05-05 00:00:00,app_store,iOS,新一线城市,payer,1
U001358,2026-06-19 00:00:00,2026-06-19 00:00:00,organic,iOS,二线城市,payer,1
U001359,2026-05-21 00:00:00,2026-05-21 00:00:00,app_store,iOS,一线城市,free,0
U001360,2026-05-28 00:00:00,2026-05-28 00:00:00,app_store,iOS,新一线城市,free,0
U001361,2026-05-04 00:00:00,2026-05-04 00:00:00,kol,iOS,二线城市,free,0
U001362,2026-05-03 00:00:00,2026-05-03 00:00:00,organic,iOS,新一线城市,payer,1
U001363,2026-06-28 00:00:00,2026-06-28 00:00:00,app_store,iOS,二线城市,free,0
U001364,2026-06-14 00:00:00,2026-06-14 00:00:00,kol,iOS,海外,free,0
U001365,2026-05-02 00:00:00,2026-05-02 00:00:00,app_store,Web,一线城市,free,0
U001366,2026-06-19 00:00:00,2026-06-18 00:00:00,short_video_ads,Web,一线城市,free,0
U001367,2026-05-16 00:00:00,2026-05-16 00:00:00,app_store,Android,二线城市,free,0
U001368,2026-05-09 00:00:00,2026-05-09 00:00:00,kol,Web,海外,free,0
U001369,2026-05-18 00:00:00,2026-05-18 00:00:00,organic,Android,二线城市,free,0
U001370,2026-06-28 00:00:00,2026-06-28 00:00:00,search_ads,Web,二线城市,free,0
U001371,2026-05-14 00:00:00,2026-05-14 00:00:00,organic,Web,新一线城市,free,0
U001372,2026-06-21 00:00:00,2026-06-21 00:00:00,organic,iOS,一线城市,free,0
U001373,2026-05-29 00:00:00,2026-05-29 00:00:00,app_store,Android,新一线城市,free,0
U001374,2026-05-24 00:00:00,2026-05-24 00:00:00,search_ads,iOS,一线城市,free,0
U001375,2026-05-15 00:00:00,2026-05-15 00:00:00,short_video_ads,Android,二线城市,free,0
U001376,2026-06-10 00:00:00,2026-06-10 00:00:00,organic,iOS,二线城市,free,0
U001377,2026-06-10 00:00:00,2026-06-10 00:00:00,app_store,Web,新一线城市,free,0
U001378,2026-06-01 00:00:00,2026-06-01 00:00:00,app_store,iOS,海外,free,0
U001379,2026-06-23 00:00:00,2026-06-22 00:00:00,referral,Web,一线城市,free,0
U001380,2026-05-22 00:00:00,2026-05-22 00:00:00,referral,iOS,一线城市,free,0
U001381,2026-06-25 00:00:00,2026-06-25 00:00:00,short_video_ads,Web,海外,free,0
U001382,2026-05-24 00:00:00,2026-05-23 00:00:00,referral,Web,二线城市,free,0
U001383,2026-06-27 00:00:00,2026-06-27 00:00:00,referral,iOS,海外,free,0
U001384,2026-06-16 00:00:00,2026-06-16 00:00:00,referral,Android,一线城市,free,0
U001385,2026-05-13 00:00:00,2026-05-13 00:00:00,short_video_ads,Web,海外,free,0
U001386,2026-06-21 00:00:00,2026-06-21 00:00:00,short_video_ads,Android,海外,free,0
U001387,2026-06-08 00:00:00,2026-06-08 00:00:00,short_video_ads,iOS,一线城市,free,0
U001388,2026-05-26 00:00:00,2026-05-26 00:00:00,referral,Web,一线城市,free,0
U001389,2026-06-05 00:00:00,2026-06-05 00:00:00,short_video_ads,Web,新一线城市,payer,1
U001390,2026-05-12 00:00:00,2026-05-12 00:00:00,organic,Android,新一线城市,free,0
U001391,2026-06-26 00:00:00,2026-06-26 00:00:00,referral,iOS,二线城市,payer,1
U001392,2026-05-27 00:00:00,2026-05-27 00:00:00,referral,iOS,新一线城市,payer,1
U001393,2026-06-16 00:00:00,2026-06-16 00:00:00,short_video_ads,Android,新一线城市,free,0
U001394,2026-05-17 00:00:00,2026-05-17 00:00:00,kol,Web,二线城市,free,0
U001395,2026-06-22 00:00:00,2026-06-22 00:00:00,search_ads,iOS,新一线城市,free,0
U001396,2026-05-12 00:00:00,2026-05-12 00:00:00,short_video_ads,Android,二线城市,payer,1
U001397,2026-06-29 00:00:00,2026-06-29 00:00:00,kol,iOS,二线城市,payer,1
U001398,2026-05-13 00:00:00,2026-05-13 00:00:00,short_video_ads,iOS,新一线城市,free,0
U001399,2026-05-25 00:00:00,2026-05-25 00:00:00,organic,iOS,二线城市,free,0
U001400,2026-06-15 00:00:00,2026-06-15 00:00:00,search_ads,Web,新一线城市,free,0
U001401,2026-06-21 00:00:00,2026-06-21 00:00:00,short_video_ads,Android,海外,free,0
U001402,2026-06-16 00:00:00,2026-06-15 00:00:00,app_store,iOS,海外,free,0
U001403,2026-05-06 00:00:00,2026-05-06 00:00:00,app_store,iOS,新一线城市,free,0
U001404,2026-05-23 00:00:00,2026-05-23 00:00:00,app_store,Android,一线城市,payer,1
U001405,2026-05-06 00:00:00,2026-05-06 00:00:00,short_video_ads,Android,新一线城市,free,0
U001406,2026-06-04 00:00:00,2026-06-04 00:00:00,app_store,Android,二线城市,free,0
U001407,2026-05-20 00:00:00,2026-05-20 00:00:00,app_store,Web,新一线城市,free,0
U001408,2026-06-04 00:00:00,2026-06-04 00:00:00,app_store,Android,海外,free,0
U001409,2026-05-01 00:00:00,2026-04-29 00:00:00,referral,Android,二线城市,free,0
U001410,2026-06-03 00:00:00,2026-06-03 00:00:00,search_ads,Web,一线城市,free,0
U001411,2026-06-12 00:00:00,2026-06-12 00:00:00,search_ads,iOS,二线城市,free,0
U001412,2026-05-17 00:00:00,2026-05-17 00:00:00,referral,Android,新一线城市,free,0
U001413,2026-06-12 00:00:00,2026-06-12 00:00:00,organic,iOS,新一线城市,free,0
U001414,2026-06-25 00:00:00,2026-06-25 00:00:00,short_video_ads,Android,新一线城市,free,0
U001415,2026-05-16 00:00:00,2026-05-16 00:00:00,organic,Web,海外,free,0
U001416,2026-06-25 00:00:00,2026-06-24 00:00:00,referral,Web,一线城市,free,0
U001417,2026-06-26 00:00:00,2026-06-26 00:00:00,short_video_ads,iOS,一线城市,free,0
U001418,2026-06-10 00:00:00,2026-06-10 00:00:00,organic,Android,二线城市,free,0
U001419,2026-05-21 00:00:00,2026-05-21 00:00:00,search_ads,iOS,新一线城市,free,0
U001420,2026-05-11 00:00:00,2026-05-11 00:00:00,app_store,iOS,一线城市,free,0
U001421,2026-06-03 00:00:00,2026-06-03 00:00:00,app_store,iOS,一线城市,free,0
U001422,2026-06-17 00:00:00,2026-06-17 00:00:00,search_ads,Web,新一线城市,free,0
U001423,2026-06-10 00:00:00,2026-06-09 00:00:00,organic,iOS,二线城市,free,0
U001424,2026-06-01 00:00:00,2026-06-01 00:00:00,kol,Android,新一线城市,payer,1
U001425,2026-06-13 00:00:00,2026-06-13 00:00:00,organic,Android,二线城市,free,0
U001426,2026-06-24 00:00:00,2026-06-24 00:00:00,referral,Web,新一线城市,free,0
U001427,2026-06-15 00:00:00,2026-06-15 00:00:00,referral,iOS,一线城市,free,0
U001428,2026-06-14 00:00:00,2026-06-14 00:00:00,referral,Android,二线城市,free,0
U001429,2026-06-09 00:00:00,2026-06-09 00:00:00,search_ads,iOS,海外,free,0
U001430,2026-06-07 00:00:00,2026-06-07 00:00:00,referral,iOS,新一线城市,free,0
U001431,2026-05-19 00:00:00,2026-05-19 00:00:00,kol,Web,海外,payer,1
U001432,2026-05-17 00:00:00,2026-05-17 00:00:00,kol,Android,一线城市,free,0
U001433,2026-06-24 00:00:00,2026-06-24 00:00:00,short_video_ads,Web,海外,free,0
U001434,2026-06-19 00:00:00,2026-06-19 00:00:00,kol,Android,新一线城市,free,0
U001435,2026-05-26 00:00:00,2026-05-26 00:00:00,short_video_ads,iOS,一线城市,free,0
U001436,2026-06-29 00:00:00,2026-06-29 00:00:00,short_video_ads,Android,二线城市,free,0
U001437,2026-06-02 00:00:00,2026-06-02 00:00:00,short_video_ads,iOS,海外,free,0
U001438,2026-06-07 00:00:00,2026-06-07 00:00:00,short_video_ads,Android,二线城市,free,0
U001439,2026-06-20 00:00:00,2026-06-20 00:00:00,short_video_ads,Android,二线城市,free,0
U001440,2026-05-11 00:00:00,2026-05-11 00:00:00,search_ads,Web,二线城市,free,0
U001441,2026-06-06 00:00:00,2026-06-05 00:00:00,organic,iOS,新一线城市,free,0
U001442,2026-06-29 00:00:00,2026-06-29 00:00:00,app_store,Web,二线城市,free,0
U001443,2026-05-08 00:00:00,2026-05-08 00:00:00,search_ads,iOS,新一线城市,free,0
U001444,2026-06-19 00:00:00,2026-06-19 00:00:00,app_store,iOS,二线城市,free,0
U001445,2026-06-26 00:00:00,2026-06-24 00:00:00,organic,Android,二线城市,free,0
U001446,2026-06-11 00:00:00,2026-06-11 00:00:00,kol,Android,新一线城市,free,0
U001447,2026-05-08 00:00:00,2026-05-08 00:00:00,app_store,iOS,一线城市,free,0
U001448,2026-06-04 00:00:00,2026-06-04 00:00:00,organic,Android,一线城市,payer,1
U001449,2026-05-07 00:00:00,2026-05-07 00:00:00,referral,Android,一线城市,free,0
U001450,2026-05-05 00:00:00,2026-05-05 00:00:00,search_ads,Android,新一线城市,free,0
U001451,2026-06-26 00:00:00,2026-06-26 00:00:00,kol,Android,二线城市,free,0
U001452,2026-05-15 00:00:00,2026-05-15 00:00:00,organic,Android,一线城市,free,0
U001453,2026-06-15 00:00:00,2026-06-15 00:00:00,kol,Android,二线城市,free,0
U001454,2026-06-17 00:00:00,2026-06-17 00:00:00,referral,iOS,一线城市,free,0
U001455,2026-05-09 00:00:00,2026-05-09 00:00:00,app_store,Web,新一线城市,free,0
U001456,2026-06-25 00:00:00,2026-06-25 00:00:00,organic,Android,一线城市,free,0
U001457,2026-06-16 00:00:00,2026-06-16 00:00:00,referral,iOS,新一线城市,free,0
U001458,2026-05-25 00:00:00,2026-05-25 00:00:00,organic,Android,一线城市,payer,1
U001459,2026-06-02 00:00:00,2026-06-02 00:00:00,organic,Android,一线城市,free,0
U001460,2026-06-14 00:00:00,2026-06-14 00:00:00,organic,Android,一线城市,free,0
U001461,2026-05-25 00:00:00,2026-05-25 00:00:00,organic,iOS,一线城市,free,0
U001462,2026-06-12 00:00:00,2026-06-12 00:00:00,organic,Android,新一线城市,free,0
U001463,2026-05-03 00:00:00,2026-05-03 00:00:00,search_ads,iOS,新一线城市,free,0
U001464,2026-05-20 00:00:00,2026-05-20 00:00:00,short_video_ads,Android,一线城市,free,0
U001465,2026-05-17 00:00:00,2026-05-17 00:00:00,referral,Web,海外,free,0
U001466,2026-05-03 00:00:00,2026-05-01 00:00:00,app_store,iOS,一线城市,free,0
U001467,2026-06-20 00:00:00,2026-06-20 00:00:00,search_ads,iOS,新一线城市,free,0
U001468,2026-05-27 00:00:00,2026-05-27 00:00:00,short_video_ads,Android,一线城市,payer,1
U001469,2026-06-15 00:00:00,2026-06-15 00:00:00,kol,Android,新一线城市,free,0
U001470,2026-05-11 00:00:00,2026-05-11 00:00:00,organic,Web,新一线城市,free,0
U001471,2026-05-10 00:00:00,2026-05-10 00:00:00,short_video_ads,Android,一线城市,free,0
U001472,2026-05-01 00:00:00,2026-05-01 00:00:00,organic,Web,海外,payer,1
U001473,2026-06-20 00:00:00,2026-06-20 00:00:00,short_video_ads,iOS,二线城市,free,0
U001474,2026-05-29 00:00:00,2026-05-29 00:00:00,organic,Web,一线城市,free,0
U001475,2026-06-20 00:00:00,2026-06-20 00:00:00,referral,iOS,新一线城市,free,0
U001476,2026-05-18 00:00:00,2026-05-18 00:00:00,organic,Web,二线城市,payer,1
U001477,2026-06-16 00:00:00,2026-06-16 00:00:00,short_video_ads,Android,二线城市,payer,1
U001478,2026-06-14 00:00:00,2026-06-14 00:00:00,organic,iOS,新一线城市,payer,1
U001479,2026-05-03 00:00:00,2026-05-03 00:00:00,short_video_ads,Web,一线城市,free,0
U001480,2026-05-10 00:00:00,2026-05-10 00:00:00,short_video_ads,Android,新一线城市,free,0
U001481,2026-05-14 00:00:00,2026-05-14 00:00:00,referral,iOS,一线城市,free,0
U001482,2026-06-29 00:00:00,2026-06-28 00:00:00,short_video_ads,Android,一线城市,free,0
U001483,2026-06-28 00:00:00,2026-06-28 00:00:00,search_ads,iOS,二线城市,free,0
U001484,2026-05-25 00:00:00,2026-05-25 00:00:00,search_ads,iOS,海外,free,0
U001485,2026-06-01 00:00:00,2026-06-01 00:00:00,organic,Android,二线城市,free,0
U001486,2026-05-12 00:00:00,2026-05-12 00:00:00,organic,Android,二线城市,free,0
U001487,2026-05-07 00:00:00,2026-05-07 00:00:00,short_video_ads,Android,海外,free,0
U001488,2026-06-12 00:00:00,2026-06-12 00:00:00,short_video_ads,iOS,海外,free,0
U001489,2026-06-19 00:00:00,2026-06-19 00:00:00,organic,iOS,海外,free,0
U001490,2026-06-22 00:00:00,2026-06-21 00:00:00,app_store,Android,新一线城市,free,0
U001491,2026-06-15 00:00:00,2026-06-15 00:00:00,organic,Android,二线城市,free,0
U001492,2026-05-18 00:00:00,2026-05-18 00:00:00,search_ads,Web,新一线城市,free,0
U001493,2026-05-24 00:00:00,2026-05-24 00:00:00,app_store,iOS,新一线城市,free,0
U001494,2026-06-23 00:00:00,2026-06-23 00:00:00,app_store,Android,新一线城市,free,0
U001495,2026-05-26 00:00:00,2026-05-25 00:00:00,app_store,iOS,二线城市,free,0
U001496,2026-05-01 00:00:00,2026-05-01 00:00:00,short_video_ads,iOS,一线城市,free,0
U001497,2026-06-13 00:00:00,2026-06-13 00:00:00,app_store,Web,一线城市,free,0
U001498,2026-05-27 00:00:00,2026-05-27 00:00:00,search_ads,Web,一线城市,free,0
U001499,2026-06-06 00:00:00,2026-06-06 00:00:00,short_video_ads,Android,海外,free,0
U001500,2026-05-03 00:00:00,2026-05-03 00:00:00,organic,iOS,海外,free,0
U001501,2026-06-10 00:00:00,2026-06-10 00:00:00,short_video_ads,Android,新一线城市,free,0
U001502,2026-06-10 00:00:00,2026-06-10 00:00:00,organic,iOS,一线城市,payer,1
U001503,2026-06-08 00:00:00,2026-06-08 00:00:00,short_video_ads,Android,新一线城市,free,0
U001504,2026-06-25 00:00:00,2026-06-25 00:00:00,app_store,Web,海外,free,0
U001505,2026-05-19 00:00:00,2026-05-19 00:00:00,search_ads,iOS,一线城市,payer,1
U001506,2026-05-18 00:00:00,2026-05-18 00:00:00,kol,Web,新一线城市,free,0
U001507,2026-06-15 00:00:00,2026-06-15 00:00:00,app_store,Android,新一线城市,free,0
U001508,2026-06-28 00:00:00,2026-06-28 00:00:00,organic,Android,二线城市,free,0
U001509,2026-05-08 00:00:00,2026-05-08 00:00:00,kol,Web,海外,free,0
U001510,2026-06-25 00:00:00,2026-06-25 00:00:00,referral,Android,新一线城市,free,0
U001511,2026-06-23 00:00:00,2026-06-23 00:00:00,app_store,Android,新一线城市,free,0
U001512,2026-05-09 00:00:00,2026-05-09 00:00:00,referral,iOS,一线城市,free,0
U001513,2026-06-06 00:00:00,2026-06-06 00:00:00,short_video_ads,Android,海外,free,0
U001514,2026-05-15 00:00:00,2026-05-15 00:00:00,app_store,Android,新一线城市,free,0
U001515,2026-06-04 00:00:00,2026-06-04 00:00:00,app_store,iOS,海外,payer,1
U001516,2026-05-02 00:00:00,2026-05-02 00:00:00,short_video_ads,iOS,一线城市,free,0
U001517,2026-06-13 00:00:00,2026-06-12 00:00:00,organic,iOS,新一线城市,payer,1
U001518,2026-06-29 00:00:00,2026-06-29 00:00:00,search_ads,Android,二线城市,free,0
U001519,2026-05-26 00:00:00,2026-05-26 00:00:00,kol,Android,新一线城市,free,0
U001520,2026-06-13 00:00:00,2026-06-13 00:00:00,app_store,Android,新一线城市,free,0
U001521,2026-06-26 00:00:00,2026-06-26 00:00:00,search_ads,Android,二线城市,free,0
U001522,2026-05-22 00:00:00,2026-05-22 00:00:00,search_ads,Web,新一线城市,free,0
U001523,2026-06-07 00:00:00,2026-06-07 00:00:00,organic,Web,二线城市,free,0
U001524,2026-05-18 00:00:00,2026-05-18 00:00:00,organic,iOS,海外,free,0
U001525,2026-05-28 00:00:00,2026-05-28 00:00:00,organic,Web,新一线城市,free,0
U001526,2026-05-28 00:00:00,2026-05-28 00:00:00,short_video_ads,iOS,新一线城市,free,0
U001527,2026-05-10 00:00:00,2026-05-10 00:00:00,short_video_ads,Android,一线城市,free,0
U001528,2026-06-21 00:00:00,2026-06-21 00:00:00,organic,Web,一线城市,payer,1
U001529,2026-06-19 00:00:00,2026-06-19 00:00:00,referral,Android,一线城市,free,0
U001530,2026-06-11 00:00:00,2026-06-11 00:00:00,search_ads,Web,二线城市,free,0
U001531,2026-06-22 00:00:00,2026-06-22 00:00:00,short_video_ads,iOS,二线城市,free,0
U001532,2026-05-09 00:00:00,2026-05-09 00:00:00,organic,Android,一线城市,payer,1
U001533,2026-06-20 00:00:00,2026-06-20 00:00:00,organic,Android,新一线城市,free,0
U001534,2026-05-17 00:00:00,2026-05-16 00:00:00,referral,Android,二线城市,free,0
U001535,2026-06-10 00:00:00,2026-06-10 00:00:00,organic,iOS,一线城市,payer,1
U001536,2026-06-20 00:00:00,2026-06-19 00:00:00,kol,iOS,一线城市,free,0
U001537,2026-06-18 00:00:00,2026-06-18 00:00:00,referral,iOS,二线城市,payer,1
U001538,2026-05-15 00:00:00,2026-05-15 00:00:00,referral,iOS,二线城市,free,0
U001539,2026-05-23 00:00:00,2026-05-22 00:00:00,kol,Android,新一线城市,payer,1
U001540,2026-05-28 00:00:00,2026-05-28 00:00:00,app_store,Web,二线城市,free,0
U001541,2026-06-22 00:00:00,2026-06-22 00:00:00,app_store,Android,新一线城市,payer,1
U001542,2026-05-16 00:00:00,2026-05-16 00:00:00,short_video_ads,iOS,二线城市,free,0
U001543,2026-06-26 00:00:00,2026-06-26 00:00:00,app_store,Android,一线城市,free,0
U001544,2026-05-21 00:00:00,2026-05-21 00:00:00,app_store,Android,一线城市,free,0
U001545,2026-05-05 00:00:00,2026-05-05 00:00:00,app_store,Android,二线城市,free,0
U001546,2026-05-30 00:00:00,2026-05-30 00:00:00,app_store,Android,二线城市,free,0
U001547,2026-05-18 00:00:00,2026-05-18 00:00:00,kol,iOS,一线城市,free,0
U001548,2026-05-25 00:00:00,2026-05-25 00:00:00,kol,iOS,新一线城市,free,0
U001549,2026-05-28 00:00:00,2026-05-28 00:00:00,app_store,iOS,一线城市,free,0
U001550,2026-06-17 00:00:00,2026-06-17 00:00:00,app_store,iOS,一线城市,free,0
U001551,2026-05-10 00:00:00,2026-05-09 00:00:00,organic,iOS,海外,free,0
U001552,2026-05-28 00:00:00,2026-05-28 00:00:00,organic,Web,一线城市,free,0
U001553,2026-06-03 00:00:00,2026-06-03 00:00:00,organic,iOS,新一线城市,payer,1
U001554,2026-06-08 00:00:00,2026-06-08 00:00:00,short_video_ads,Android,海外,free,0
U001555,2026-05-03 00:00:00,2026-05-03 00:00:00,organic,Web,一线城市,free,0
U001556,2026-05-26 00:00:00,2026-05-26 00:00:00,short_video_ads,Android,一线城市,free,0
U001557,2026-06-15 00:00:00,2026-06-15 00:00:00,search_ads,Android,一线城市,free,0
U001558,2026-05-25 00:00:00,2026-05-25 00:00:00,kol,Android,新一线城市,free,0
U001559,2026-05-25 00:00:00,2026-05-25 00:00:00,referral,iOS,新一线城市,free,0
U001560,2026-05-19 00:00:00,2026-05-19 00:00:00,organic,Android,一线城市,free,0
U001561,2026-05-01 00:00:00,2026-05-01 00:00:00,app_store,Android,二线城市,free,0
U001562,2026-05-11 00:00:00,2026-05-11 00:00:00,organic,Web,新一线城市,free,0
U001563,2026-05-30 00:00:00,2026-05-30 00:00:00,app_store,Web,一线城市,free,0
U001564,2026-06-19 00:00:00,2026-06-19 00:00:00,kol,iOS,一线城市,free,0
U001565,2026-06-10 00:00:00,2026-06-10 00:00:00,organic,Web,一线城市,free,0
U001566,2026-06-20 00:00:00,2026-06-20 00:00:00,organic,iOS,一线城市,free,0
U001567,2026-05-04 00:00:00,2026-05-04 00:00:00,short_video_ads,Web,一线城市,free,0
U001568,2026-05-14 00:00:00,2026-05-14 00:00:00,short_video_ads,Android,新一线城市,free,0
U001569,2026-06-04 00:00:00,2026-06-03 00:00:00,short_video_ads,Android,一线城市,free,0
U001570,2026-05-30 00:00:00,2026-05-30 00:00:00,kol,Android,一线城市,free,0
U001571,2026-06-05 00:00:00,2026-06-05 00:00:00,organic,iOS,二线城市,free,0
U001572,2026-06-02 00:00:00,2026-06-02 00:00:00,app_store,Web,一线城市,free,0
U001573,2026-06-04 00:00:00,2026-06-04 00:00:00,short_video_ads,Android,二线城市,free,0
U001574,2026-06-18 00:00:00,2026-06-17 00:00:00,organic,Web,二线城市,free,0
U001575,2026-05-19 00:00:00,2026-05-19 00:00:00,kol,Android,海外,free,0
U001576,2026-05-22 00:00:00,2026-05-22 00:00:00,app_store,iOS,海外,payer,1
U001577,2026-06-27 00:00:00,2026-06-26 00:00:00,short_video_ads,iOS,一线城市,free,0
U001578,2026-06-28 00:00:00,2026-06-28 00:00:00,organic,iOS,海外,payer,1
U001579,2026-06-26 00:00:00,2026-06-26 00:00:00,search_ads,iOS,一线城市,free,0
U001580,2026-05-27 00:00:00,2026-05-27 00:00:00,organic,Web,二线城市,free,0
U001581,2026-06-06 00:00:00,2026-06-06 00:00:00,organic,Android,二线城市,payer,1
U001582,2026-05-18 00:00:00,2026-05-18 00:00:00,organic,Android,新一线城市,payer,1
U001583,2026-05-03 00:00:00,2026-05-02 00:00:00,organic,Android,二线城市,free,0
U001584,2026-05-05 00:00:00,2026-05-05 00:00:00,short_video_ads,Android,一线城市,free,0
U001585,2026-05-27 00:00:00,2026-05-27 00:00:00,short_video_ads,Android,新一线城市,free,0
U001586,2026-06-14 00:00:00,2026-06-14 00:00:00,app_store,iOS,一线城市,free,0
U001587,2026-05-02 00:00:00,2026-05-02 00:00:00,organic,Web,海外,free,0
U001588,2026-06-06 00:00:00,2026-06-06 00:00:00,search_ads,iOS,新一线城市,payer,1
U001589,2026-06-29 00:00:00,2026-06-29 00:00:00,short_video_ads,iOS,海外,free,0
U001590,2026-05-18 00:00:00,2026-05-17 00:00:00,search_ads,Android,一线城市,free,0
U001591,2026-05-26 00:00:00,2026-05-26 00:00:00,app_store,iOS,新一线城市,free,0
U001592,2026-06-15 00:00:00,2026-06-15 00:00:00,kol,Web,一线城市,free,0
U001593,2026-05-24 00:00:00,2026-05-24 00:00:00,short_video_ads,iOS,新一线城市,free,0
U001594,2026-05-15 00:00:00,2026-05-15 00:00:00,referral,Android,新一线城市,free,0
U001595,2026-06-24 00:00:00,2026-06-24 00:00:00,short_video_ads,iOS,一线城市,free,0
U001596,2026-06-28 00:00:00,2026-06-28 00:00:00,short_video_ads,Web,新一线城市,free,0
U001597,2026-06-04 00:00:00,2026-06-04 00:00:00,organic,Android,新一线城市,free,0
U001598,2026-06-10 00:00:00,2026-06-09 00:00:00,short_video_ads,iOS,新一线城市,free,0
U001599,2026-05-19 00:00:00,2026-05-19 00:00:00,referral,Web,海外,free,0
U001600,2026-05-23 00:00:00,2026-05-22 00:00:00,short_video_ads,Android,一线城市,free,0
U001601,2026-05-31 00:00:00,2026-05-31 00:00:00,organic,Android,二线城市,free,0
U001602,2026-06-21 00:00:00,2026-06-21 00:00:00,search_ads,iOS,海外,free,0
U001603,2026-05-27 00:00:00,2026-05-27 00:00:00,kol,Android,新一线城市,free,0
U001604,2026-05-08 00:00:00,2026-05-08 00:00:00,organic,iOS,一线城市,free,0
U001605,2026-06-27 00:00:00,2026-06-27 00:00:00,short_video_ads,iOS,新一线城市,free,0
U001606,2026-05-07 00:00:00,2026-05-07 00:00:00,organic,Android,二线城市,payer,1
U001607,2026-06-13 00:00:00,2026-06-13 00:00:00,organic,Android,海外,free,0
U001608,2026-06-18 00:00:00,2026-06-18 00:00:00,kol,Web,二线城市,free,0
U001609,2026-06-28 00:00:00,2026-06-28 00:00:00,kol,iOS,新一线城市,free,0
U001610,2026-05-13 00:00:00,2026-05-13 00:00:00,app_store,Android,新一线城市,free,0
U001611,2026-06-10 00:00:00,2026-06-10 00:00:00,organic,Android,一线城市,free,0
U001612,2026-06-11 00:00:00,2026-06-11 00:00:00,organic,Android,新一线城市,free,0
U001613,2026-06-19 00:00:00,2026-06-19 00:00:00,kol,Android,二线城市,free,0
U001614,2026-05-21 00:00:00,2026-05-20 00:00:00,organic,iOS,海外,free,0
U001615,2026-05-29 00:00:00,2026-05-29 00:00:00,short_video_ads,Android,海外,free,0
U001616,2026-06-10 00:00:00,2026-06-10 00:00:00,referral,Web,二线城市,free,0
U001617,2026-06-22 00:00:00,2026-06-22 00:00:00,short_video_ads,iOS,新一线城市,free,0
U001618,2026-05-26 00:00:00,2026-05-26 00:00:00,search_ads,Android,海外,free,0
U001619,2026-06-16 00:00:00,2026-06-16 00:00:00,referral,Android,一线城市,free,0
U001620,2026-05-18 00:00:00,2026-05-18 00:00:00,app_store,Web,海外,free,0
U001621,2026-05-04 00:00:00,2026-05-04 00:00:00,app_store,Android,新一线城市,free,0
U001622,2026-05-19 00:00:00,2026-05-19 00:00:00,organic,Android,新一线城市,free,0
U001623,2026-05-08 00:00:00,2026-05-08 00:00:00,app_store,iOS,一线城市,payer,1
U001624,2026-06-18 00:00:00,2026-06-18 00:00:00,referral,Android,新一线城市,free,0
U001625,2026-05-19 00:00:00,2026-05-19 00:00:00,organic,Android,一线城市,free,0
U001626,2026-06-16 00:00:00,2026-06-16 00:00:00,kol,iOS,新一线城市,free,0
U001627,2026-06-08 00:00:00,2026-06-08 00:00:00,short_video_ads,Android,二线城市,free,0
U001628,2026-06-23 00:00:00,2026-06-23 00:00:00,referral,Web,一线城市,free,0
U001629,2026-06-24 00:00:00,2026-06-24 00:00:00,referral,Web,新一线城市,free,0
U001630,2026-06-17 00:00:00,2026-06-17 00:00:00,search_ads,iOS,新一线城市,free,0
U001631,2026-05-20 00:00:00,2026-05-20 00:00:00,search_ads,Web,一线城市,payer,1
U001632,2026-05-02 00:00:00,2026-04-30 00:00:00,organic,Android,新一线城市,free,0
U001633,2026-05-17 00:00:00,2026-05-17 00:00:00,organic,iOS,一线城市,free,0
U001634,2026-05-09 00:00:00,2026-05-08 00:00:00,organic,iOS,一线城市,payer,1
U001635,2026-06-08 00:00:00,2026-06-08 00:00:00,organic,iOS,新一线城市,free,0
U001636,2026-06-17 00:00:00,2026-06-17 00:00:00,app_store,Android,一线城市,free,0
U001637,2026-06-12 00:00:00,2026-06-12 00:00:00,kol,iOS,一线城市,free,0
U001638,2026-06-11 00:00:00,2026-06-11 00:00:00,short_video_ads,Web,新一线城市,free,0
U001639,2026-06-02 00:00:00,2026-06-02 00:00:00,organic,Android,新一线城市,free,0
U001640,2026-06-15 00:00:00,2026-06-15 00:00:00,organic,Android,新一线城市,free,0
U001641,2026-06-25 00:00:00,2026-06-25 00:00:00,short_video_ads,iOS,一线城市,free,0
U001642,2026-05-06 00:00:00,2026-05-06 00:00:00,referral,Android,一线城市,free,0
U001643,2026-05-07 00:00:00,2026-05-07 00:00:00,short_video_ads,Android,新一线城市,free,0
U001644,2026-06-07 00:00:00,2026-06-07 00:00:00,app_store,iOS,二线城市,free,0
U001645,2026-06-17 00:00:00,2026-06-17 00:00:00,app_store,Web,海外,free,0
U001646,2026-06-23 00:00:00,2026-06-23 00:00:00,kol,Android,海外,free,0
U001647,2026-06-23 00:00:00,2026-06-23 00:00:00,short_video_ads,Android,二线城市,free,0
U001648,2026-06-01 00:00:00,2026-06-01 00:00:00,short_video_ads,iOS,海外,free,0
U001649,2026-06-28 00:00:00,2026-06-28 00:00:00,organic,Web,一线城市,free,0
U001650,2026-05-22 00:00:00,2026-05-22 00:00:00,organic,Android,新一线城市,free,0
U001651,2026-06-07 00:00:00,2026-06-07 00:00:00,organic,Web,二线城市,free,0
U001652,2026-06-03 00:00:00,2026-06-03 00:00:00,app_store,Android,新一线城市,free,0
U001653,2026-05-04 00:00:00,2026-05-04 00:00:00,organic,iOS,新一线城市,free,0
U001654,2026-06-28 00:00:00,2026-06-28 00:00:00,organic,iOS,新一线城市,free,0
U001655,2026-05-24 00:00:00,2026-05-24 00:00:00,search_ads,iOS,新一线城市,free,0
U001656,2026-06-15 00:00:00,2026-06-15 00:00:00,search_ads,iOS,二线城市,free,0
U001657,2026-05-29 00:00:00,2026-05-28 00:00:00,referral,iOS,二线城市,free,0
U001658,2026-06-16 00:00:00,2026-06-16 00:00:00,search_ads,Web,一线城市,free,0
U001659,2026-06-17 00:00:00,2026-06-17 00:00:00,short_video_ads,iOS,一线城市,free,0
U001660,2026-06-29 00:00:00,2026-06-29 00:00:00,referral,iOS,新一线城市,free,0
U001661,2026-05-31 00:00:00,2026-05-31 00:00:00,referral,Android,海外,free,0
U001662,2026-05-26 00:00:00,2026-05-26 00:00:00,referral,Web,一线城市,free,0
U001663,2026-06-23 00:00:00,2026-06-23 00:00:00,short_video_ads,iOS,二线城市,free,0
U001664,2026-05-16 00:00:00,2026-05-15 00:00:00,kol,iOS,新一线城市,free,0
U001665,2026-05-04 00:00:00,2026-05-04 00:00:00,referral,Android,二线城市,free,0
U001666,2026-05-27 00:00:00,2026-05-27 00:00:00,organic,Android,新一线城市,free,0
U001667,2026-06-25 00:00:00,2026-06-25 00:00:00,referral,Android,海外,free,0
U001668,2026-06-05 00:00:00,2026-06-05 00:00:00,organic,Web,新一线城市,free,0
U001669,2026-05-26 00:00:00,2026-05-26 00:00:00,kol,iOS,新一线城市,free,0
U001670,2026-05-18 00:00:00,2026-05-18 00:00:00,app_store,Android,新一线城市,free,0
U001671,2026-05-30 00:00:00,2026-05-30 00:00:00,short_video_ads,Android,二线城市,free,0
U001672,2026-06-12 00:00:00,2026-06-12 00:00:00,organic,Web,新一线城市,free,0
U001673,2026-06-22 00:00:00,2026-06-22 00:00:00,short_video_ads,Android,一线城市,free,0
U001674,2026-05-14 00:00:00,2026-05-14 00:00:00,organic,Android,一线城市,free,0
U001675,2026-06-16 00:00:00,2026-06-16 00:00:00,search_ads,iOS,二线城市,free,0
U001676,2026-05-15 00:00:00,2026-05-15 00:00:00,organic,Web,一线城市,payer,1
U001677,2026-06-09 00:00:00,2026-06-09 00:00:00,search_ads,iOS,新一线城市,free,0
U001678,2026-05-01 00:00:00,2026-05-01 00:00:00,short_video_ads,Web,二线城市,free,0
U001679,2026-05-03 00:00:00,2026-05-03 00:00:00,short_video_ads,Android,新一线城市,free,0
U001680,2026-06-29 00:00:00,2026-06-27 00:00:00,referral,iOS,一线城市,free,0
U001681,2026-05-25 00:00:00,2026-05-25 00:00:00,organic,Android,海外,free,0
U001682,2026-06-13 00:00:00,2026-06-13 00:00:00,short_video_ads,iOS,二线城市,free,0
U001683,2026-05-20 00:00:00,2026-05-20 00:00:00,referral,Web,一线城市,free,0
U001684,2026-06-21 00:00:00,2026-06-21 00:00:00,short_video_ads,Web,新一线城市,free,0
U001685,2026-05-05 00:00:00,2026-05-05 00:00:00,referral,Web,海外,free,0
U001686,2026-05-23 00:00:00,2026-05-23 00:00:00,referral,iOS,一线城市,payer,1
U001687,2026-06-14 00:00:00,2026-06-14 00:00:00,organic,iOS,一线城市,payer,1
U001688,2026-05-08 00:00:00,2026-05-08 00:00:00,organic,iOS,一线城市,free,0
U001689,2026-06-06 00:00:00,2026-06-06 00:00:00,search_ads,Web,一线城市,free,0
U001690,2026-05-26 00:00:00,2026-05-26 00:00:00,app_store,iOS,二线城市,free,0
U001691,2026-05-14 00:00:00,2026-05-14 00:00:00,search_ads,Android,一线城市,free,0
U001692,2026-06-10 00:00:00,2026-06-10 00:00:00,kol,Web,新一线城市,payer,1
U001693,2026-06-24 00:00:00,2026-06-24 00:00:00,referral,Android,一线城市,free,0
U001694,2026-05-20 00:00:00,2026-05-20 00:00:00,app_store,Android,新一线城市,payer,1
U001695,2026-06-11 00:00:00,2026-06-11 00:00:00,short_video_ads,Web,一线城市,free,0
U001696,2026-06-14 00:00:00,2026-06-14 00:00:00,organic,Web,新一线城市,payer,1
U001697,2026-06-05 00:00:00,2026-06-05 00:00:00,organic,iOS,二线城市,free,0
U001698,2026-06-29 00:00:00,2026-06-29 00:00:00,organic,Android,新一线城市,free,0
U001699,2026-05-27 00:00:00,2026-05-27 00:00:00,kol,Web,海外,free,0
U001700,2026-06-24 00:00:00,2026-06-24 00:00:00,app_store,Android,新一线城市,free,0
U001701,2026-06-09 00:00:00,2026-06-08 00:00:00,referral,Android,新一线城市,free,0
U001702,2026-05-04 00:00:00,2026-05-04 00:00:00,short_video_ads,Android,新一线城市,free,0
U001703,2026-05-27 00:00:00,2026-05-27 00:00:00,app_store,iOS,海外,payer,1
U001704,2026-05-13 00:00:00,2026-05-13 00:00:00,organic,Android,二线城市,free,0
U001705,2026-05-17 00:00:00,2026-05-17 00:00:00,app_store,Android,二线城市,free,0
U001706,2026-05-01 00:00:00,2026-05-01 00:00:00,app_store,Android,新一线城市,free,0
U001707,2026-05-07 00:00:00,2026-05-07 00:00:00,short_video_ads,iOS,一线城市,free,0
U001708,2026-05-01 00:00:00,2026-05-01 00:00:00,app_store,Android,一线城市,free,0
U001709,2026-05-04 00:00:00,2026-05-04 00:00:00,referral,Web,新一线城市,free,0
U001710,2026-06-28 00:00:00,2026-06-28 00:00:00,short_video_ads,Android,新一线城市,free,0
U001711,2026-05-07 00:00:00,2026-05-07 00:00:00,short_video_ads,iOS,二线城市,free,0
U001712,2026-05-19 00:00:00,2026-05-19 00:00:00,kol,iOS,一线城市,free,0
U001713,2026-06-16 00:00:00,2026-06-15 00:00:00,referral,Android,新一线城市,free,0
U001714,2026-06-27 00:00:00,2026-06-27 00:00:00,search_ads,iOS,海外,free,0
U001715,2026-06-10 00:00:00,2026-06-10 00:00:00,organic,iOS,二线城市,free,0
U001716,2026-06-15 00:00:00,2026-06-15 00:00:00,referral,iOS,新一线城市,free,0
U001717,2026-05-08 00:00:00,2026-05-08 00:00:00,short_video_ads,iOS,新一线城市,payer,1
U001718,2026-05-04 00:00:00,2026-05-04 00:00:00,referral,iOS,二线城市,free,0
U001719,2026-06-02 00:00:00,2026-06-02 00:00:00,app_store,iOS,一线城市,free,0
U001720,2026-06-23 00:00:00,2026-06-23 00:00:00,organic,Android,二线城市,free,0
U001721,2026-05-28 00:00:00,2026-05-28 00:00:00,short_video_ads,iOS,一线城市,free,0
U001722,2026-05-15 00:00:00,2026-05-15 00:00:00,search_ads,Android,二线城市,free,0
U001723,2026-06-24 00:00:00,2026-06-24 00:00:00,short_video_ads,Android,新一线城市,free,0
U001724,2026-05-29 00:00:00,2026-05-29 00:00:00,search_ads,Web,一线城市,free,0
U001725,2026-06-29 00:00:00,2026-06-29 00:00:00,kol,iOS,海外,free,0
U001726,2026-06-09 00:00:00,2026-06-09 00:00:00,referral,iOS,二线城市,free,0
U001727,2026-05-05 00:00:00,2026-05-05 00:00:00,short_video_ads,Android,二线城市,free,0
U001728,2026-05-30 00:00:00,2026-05-30 00:00:00,organic,iOS,一线城市,free,0
U001729,2026-05-27 00:00:00,2026-05-27 00:00:00,app_store,iOS,一线城市,free,0
U001730,2026-06-08 00:00:00,2026-06-08 00:00:00,short_video_ads,iOS,二线城市,free,0
U001731,2026-06-11 00:00:00,2026-06-11 00:00:00,app_store,Android,一线城市,free,0
U001732,2026-06-12 00:00:00,2026-06-12 00:00:00,short_video_ads,Android,海外,free,0
U001733,2026-06-16 00:00:00,2026-06-16 00:00:00,referral,Android,海外,free,0
U001734,2026-05-18 00:00:00,2026-05-18 00:00:00,app_store,Android,海外,free,0
U001735,2026-05-10 00:00:00,2026-05-10 00:00:00,app_store,Web,二线城市,free,0
U001736,2026-05-12 00:00:00,2026-05-12 00:00:00,kol,iOS,二线城市,free,0
U001737,2026-05-06 00:00:00,2026-05-06 00:00:00,kol,iOS,一线城市,free,0
U001738,2026-05-24 00:00:00,2026-05-24 00:00:00,kol,Android,一线城市,free,0
U001739,2026-05-01 00:00:00,2026-05-01 00:00:00,search_ads,Android,新一线城市,free,0
U001740,2026-05-08 00:00:00,2026-05-06 00:00:00,referral,iOS,海外,free,0
U001741,2026-06-03 00:00:00,2026-06-02 00:00:00,referral,Android,海外,free,0
U001742,2026-05-17 00:00:00,2026-05-16 00:00:00,short_video_ads,Web,一线城市,free,0
U001743,2026-05-13 00:00:00,2026-05-13 00:00:00,search_ads,Android,一线城市,payer,1
U001744,2026-06-25 00:00:00,2026-06-25 00:00:00,short_video_ads,iOS,一线城市,free,0
U001745,2026-05-14 00:00:00,2026-05-14 00:00:00,organic,Android,二线城市,free,0
U001746,2026-05-21 00:00:00,2026-05-21 00:00:00,search_ads,iOS,海外,free,0
U001747,2026-06-01 00:00:00,2026-06-01 00:00:00,app_store,Web,新一线城市,payer,1
U001748,2026-05-19 00:00:00,2026-05-19 00:00:00,search_ads,iOS,一线城市,free,0
U001749,2026-06-18 00:00:00,2026-06-18 00:00:00,referral,iOS,海外,free,0
U001750,2026-06-28 00:00:00,2026-06-28 00:00:00,kol,iOS,新一线城市,free,0
U001751,2026-05-24 00:00:00,2026-05-24 00:00:00,short_video_ads,Android,一线城市,free,0
U001752,2026-06-13 00:00:00,2026-06-13 00:00:00,organic,Android,一线城市,free,0
U001753,2026-06-11 00:00:00,2026-06-11 00:00:00,short_video_ads,iOS,二线城市,free,0
U001754,2026-05-22 00:00:00,2026-05-22 00:00:00,app_store,Web,一线城市,free,0
U001755,2026-06-19 00:00:00,2026-06-19 00:00:00,referral,Web,新一线城市,free,0
U001756,2026-06-14 00:00:00,2026-06-14 00:00:00,kol,Web,一线城市,free,0
U001757,2026-06-26 00:00:00,2026-06-26 00:00:00,short_video_ads,Android,一线城市,free,0
U001758,2026-06-19 00:00:00,2026-06-19 00:00:00,referral,Android,新一线城市,free,0
U001759,2026-05-15 00:00:00,2026-05-15 00:00:00,search_ads,Android,新一线城市,free,0
U001760,2026-05-13 00:00:00,2026-05-13 00:00:00,short_video_ads,iOS,二线城市,payer,1
U001761,2026-05-12 00:00:00,2026-05-12 00:00:00,organic,iOS,二线城市,free,0
U001762,2026-06-15 00:00:00,2026-06-15 00:00:00,short_video_ads,Web,新一线城市,free,0
U001763,2026-05-14 00:00:00,2026-05-14 00:00:00,app_store,Web,一线城市,free,0
U001764,2026-05-04 00:00:00,2026-05-04 00:00:00,kol,iOS,二线城市,payer,1
U001765,2026-05-26 00:00:00,2026-05-26 00:00:00,app_store,Web,海外,free,0
U001766,2026-05-29 00:00:00,2026-05-29 00:00:00,app_store,iOS,一线城市,free,0
U001767,2026-06-23 00:00:00,2026-06-23 00:00:00,kol,Web,二线城市,payer,1
U001768,2026-06-22 00:00:00,2026-06-22 00:00:00,organic,Web,新一线城市,free,0
U001769,2026-06-02 00:00:00,2026-06-02 00:00:00,organic,iOS,二线城市,free,0
U001770,2026-06-12 00:00:00,2026-06-11 00:00:00,app_store,Android,一线城市,free,0
U001771,2026-06-22 00:00:00,2026-06-22 00:00:00,app_store,iOS,海外,free,0
U001772,2026-06-27 00:00:00,2026-06-27 00:00:00,kol,iOS,二线城市,free,0
U001773,2026-05-19 00:00:00,2026-05-19 00:00:00,short_video_ads,Android,一线城市,free,0
U001774,2026-06-10 00:00:00,2026-06-10 00:00:00,organic,Android,二线城市,free,0
U001775,2026-05-10 00:00:00,2026-05-10 00:00:00,app_store,Web,新一线城市,free,0
U001776,2026-05-03 00:00:00,2026-05-03 00:00:00,search_ads,iOS,海外,free,0
U001777,2026-06-23 00:00:00,2026-06-23 00:00:00,short_video_ads,iOS,海外,free,0
U001778,2026-06-24 00:00:00,2026-06-24 00:00:00,short_video_ads,Android,一线城市,free,0
U001779,2026-06-15 00:00:00,2026-06-15 00:00:00,organic,Android,新一线城市,free,0
U001780,2026-06-10 00:00:00,2026-06-10 00:00:00,search_ads,iOS,新一线城市,free,0
U001781,2026-06-10 00:00:00,2026-06-10 00:00:00,short_video_ads,Android,一线城市,free,0
U001782,2026-05-05 00:00:00,2026-05-05 00:00:00,kol,Web,新一线城市,payer,1
U001783,2026-05-17 00:00:00,2026-05-17 00:00:00,short_video_ads,iOS,二线城市,free,0
U001784,2026-06-19 00:00:00,2026-06-19 00:00:00,short_video_ads,iOS,一线城市,free,0
U001785,2026-06-04 00:00:00,2026-06-04 00:00:00,kol,Web,新一线城市,free,0
U001786,2026-06-10 00:00:00,2026-06-10 00:00:00,referral,Web,二线城市,free,0
U001787,2026-06-22 00:00:00,2026-06-21 00:00:00,app_store,iOS,新一线城市,free,0
U001788,2026-06-26 00:00:00,2026-06-26 00:00:00,referral,Android,二线城市,free,0
U001789,2026-05-11 00:00:00,2026-05-11 00:00:00,app_store,Android,二线城市,payer,1
U001790,2026-06-14 00:00:00,2026-06-14 00:00:00,organic,Android,二线城市,payer,1
U001791,2026-05-20 00:00:00,2026-05-20 00:00:00,short_video_ads,Android,一线城市,free,0
U001792,2026-06-08 00:00:00,2026-06-07 00:00:00,referral,Android,海外,free,0
U001793,2026-06-02 00:00:00,2026-06-02 00:00:00,organic,iOS,海外,free,0
U001794,2026-06-26 00:00:00,2026-06-26 00:00:00,kol,Android,新一线城市,free,0
U001795,2026-05-26 00:00:00,2026-05-26 00:00:00,kol,Web,一线城市,payer,1
U001796,2026-06-18 00:00:00,2026-06-18 00:00:00,short_video_ads,Web,海外,free,0
U001797,2026-05-19 00:00:00,2026-05-19 00:00:00,organic,Android,一线城市,free,0
U001798,2026-05-11 00:00:00,2026-05-11 00:00:00,app_store,iOS,新一线城市,free,0
U001799,2026-06-11 00:00:00,2026-06-11 00:00:00,short_video_ads,iOS,新一线城市,free,0
U001800,2026-06-18 00:00:00,2026-06-16 00:00:00,organic,iOS,一线城市,payer,1
U001801,2026-05-21 00:00:00,2026-05-21 00:00:00,app_store,iOS,一线城市,payer,1
U001802,2026-06-15 00:00:00,2026-06-15 00:00:00,kol,iOS,二线城市,free,0
U001803,2026-05-25 00:00:00,2026-05-25 00:00:00,organic,iOS,新一线城市,free,0
U001804,2026-05-03 00:00:00,2026-05-03 00:00:00,app_store,Web,一线城市,free,0
U001805,2026-05-12 00:00:00,2026-05-12 00:00:00,short_video_ads,Android,新一线城市,free,0
U001806,2026-05-31 00:00:00,2026-05-30 00:00:00,search_ads,Android,新一线城市,free,0
U001807,2026-06-03 00:00:00,2026-06-03 00:00:00,kol,Android,新一线城市,free,0
U001808,2026-06-11 00:00:00,2026-06-11 00:00:00,search_ads,Web,新一线城市,free,0
U001809,2026-05-21 00:00:00,2026-05-21 00:00:00,search_ads,iOS,新一线城市,free,0
U001810,2026-06-27 00:00:00,2026-06-27 00:00:00,search_ads,Android,二线城市,free,0
U001811,2026-06-14 00:00:00,2026-06-14 00:00:00,organic,Android,一线城市,free,0
U001812,2026-06-05 00:00:00,2026-06-05 00:00:00,referral,iOS,一线城市,payer,1
U001813,2026-05-31 00:00:00,2026-05-31 00:00:00,organic,Web,海外,free,0
U001814,2026-05-15 00:00:00,2026-05-15 00:00:00,organic,iOS,二线城市,free,0
U001815,2026-05-16 00:00:00,2026-05-16 00:00:00,short_video_ads,Web,二线城市,free,0
U001816,2026-05-09 00:00:00,2026-05-07 00:00:00,search_ads,iOS,二线城市,free,0
U001817,2026-06-23 00:00:00,2026-06-23 00:00:00,short_video_ads,Android,海外,free,0
U001818,2026-05-16 00:00:00,2026-05-16 00:00:00,referral,Android,新一线城市,payer,1
U001819,2026-05-15 00:00:00,2026-05-15 00:00:00,app_store,iOS,一线城市,free,0
U001820,2026-06-23 00:00:00,2026-06-23 00:00:00,kol,iOS,一线城市,free,0
U001821,2026-05-16 00:00:00,2026-05-16 00:00:00,organic,iOS,海外,free,0
U001822,2026-06-12 00:00:00,2026-06-12 00:00:00,organic,Web,新一线城市,free,0
U001823,2026-06-26 00:00:00,2026-06-25 00:00:00,app_store,Web,新一线城市,payer,1
U001824,2026-05-15 00:00:00,2026-05-15 00:00:00,search_ads,Android,二线城市,free,0
U001825,2026-06-19 00:00:00,2026-06-19 00:00:00,organic,Android,二线城市,payer,1
U001826,2026-05-08 00:00:00,2026-05-08 00:00:00,organic,iOS,新一线城市,free,0
U001827,2026-06-25 00:00:00,2026-06-25 00:00:00,app_store,Android,海外,free,0
U001828,2026-05-05 00:00:00,2026-05-05 00:00:00,kol,iOS,新一线城市,free,0
U001829,2026-05-08 00:00:00,2026-05-08 00:00:00,search_ads,Web,新一线城市,free,0
U001830,2026-05-06 00:00:00,2026-05-06 00:00:00,short_video_ads,Web,新一线城市,free,0
U001831,2026-06-28 00:00:00,2026-06-28 00:00:00,short_video_ads,Web,新一线城市,free,0
U001832,2026-06-22 00:00:00,2026-06-20 00:00:00,kol,Web,一线城市,free,0
U001833,2026-05-17 00:00:00,2026-05-17 00:00:00,short_video_ads,Web,新一线城市,free,0
U001834,2026-06-21 00:00:00,2026-06-21 00:00:00,organic,iOS,一线城市,free,0
U001835,2026-06-22 00:00:00,2026-06-22 00:00:00,kol,Android,新一线城市,free,0
U001836,2026-06-19 00:00:00,2026-06-19 00:00:00,short_video_ads,iOS,二线城市,free,0
U001837,2026-06-20 00:00:00,2026-06-20 00:00:00,search_ads,iOS,新一线城市,free,0
U001838,2026-05-17 00:00:00,2026-05-16 00:00:00,organic,Web,一线城市,free,0
U001839,2026-05-08 00:00:00,2026-05-08 00:00:00,organic,iOS,一线城市,free,0
U001840,2026-06-27 00:00:00,2026-06-27 00:00:00,short_video_ads,iOS,海外,free,0
U001841,2026-05-12 00:00:00,2026-05-11 00:00:00,organic,Web,新一线城市,free,0
U001842,2026-05-13 00:00:00,2026-05-13 00:00:00,search_ads,Web,新一线城市,free,0
U001843,2026-05-17 00:00:00,2026-05-17 00:00:00,referral,iOS,一线城市,payer,1
U001844,2026-05-13 00:00:00,2026-05-13 00:00:00,short_video_ads,Web,二线城市,free,0
U001845,2026-05-16 00:00:00,2026-05-16 00:00:00,organic,Android,二线城市,free,0
U001846,2026-05-25 00:00:00,2026-05-25 00:00:00,referral,Android,一线城市,free,0
U001847,2026-05-01 00:00:00,2026-05-01 00:00:00,app_store,Android,二线城市,free,0
U001848,2026-05-26 00:00:00,2026-05-26 00:00:00,search_ads,iOS,二线城市,free,0
U001849,2026-06-27 00:00:00,2026-06-27 00:00:00,short_video_ads,iOS,一线城市,free,0
U001850,2026-05-09 00:00:00,2026-05-09 00:00:00,short_video_ads,Web,二线城市,free,0
U001851,2026-06-12 00:00:00,2026-06-11 00:00:00,app_store,Android,一线城市,free,0
U001852,2026-05-01 00:00:00,2026-05-01 00:00:00,organic,Android,一线城市,payer,1
U001853,2026-06-12 00:00:00,2026-06-12 00:00:00,short_video_ads,iOS,新一线城市,free,0
U001854,2026-06-20 00:00:00,2026-06-20 00:00:00,organic,iOS,海外,free,0
U001855,2026-05-12 00:00:00,2026-05-12 00:00:00,referral,Android,一线城市,free,0
U001856,2026-06-27 00:00:00,2026-06-27 00:00:00,short_video_ads,Web,二线城市,free,0
U001857,2026-05-21 00:00:00,2026-05-21 00:00:00,search_ads,Android,一线城市,free,0
U001858,2026-06-04 00:00:00,2026-06-04 00:00:00,app_store,Android,一线城市,free,0
U001859,2026-05-15 00:00:00,2026-05-15 00:00:00,search_ads,iOS,一线城市,free,0
U001860,2026-06-04 00:00:00,2026-06-04 00:00:00,short_video_ads,Android,新一线城市,free,0
U001861,2026-06-19 00:00:00,2026-06-19 00:00:00,app_store,Android,一线城市,free,0
U001862,2026-06-20 00:00:00,2026-06-20 00:00:00,referral,Android,一线城市,free,0
U001863,2026-05-05 00:00:00,2026-05-05 00:00:00,search_ads,iOS,二线城市,payer,1
U001864,2026-06-11 00:00:00,2026-06-11 00:00:00,referral,Android,二线城市,payer,1
U001865,2026-06-27 00:00:00,2026-06-27 00:00:00,search_ads,Android,二线城市,free,0
U001866,2026-06-23 00:00:00,2026-06-21 00:00:00,kol,iOS,二线城市,free,0
U001867,2026-06-24 00:00:00,2026-06-24 00:00:00,referral,iOS,二线城市,free,0
U001868,2026-06-21 00:00:00,2026-06-21 00:00:00,kol,Web,新一线城市,free,0
U001869,2026-06-14 00:00:00,2026-06-14 00:00:00,short_video_ads,Android,新一线城市,free,0
U001870,2026-05-26 00:00:00,2026-05-26 00:00:00,app_store,iOS,新一线城市,free,0
U001871,2026-05-08 00:00:00,2026-05-08 00:00:00,referral,Android,一线城市,free,0
U001872,2026-05-21 00:00:00,2026-05-21 00:00:00,search_ads,Web,二线城市,payer,1
U001873,2026-06-17 00:00:00,2026-06-17 00:00:00,referral,Android,新一线城市,free,0
U001874,2026-05-15 00:00:00,2026-05-15 00:00:00,short_video_ads,Android,一线城市,free,0
U001875,2026-05-13 00:00:00,2026-05-13 00:00:00,organic,Web,新一线城市,free,0
U001876,2026-06-19 00:00:00,2026-06-19 00:00:00,short_video_ads,iOS,一线城市,free,0
U001877,2026-05-27 00:00:00,2026-05-27 00:00:00,short_video_ads,iOS,二线城市,free,0
U001878,2026-05-03 00:00:00,2026-05-03 00:00:00,organic,Android,新一线城市,free,0
U001879,2026-05-08 00:00:00,2026-05-08 00:00:00,kol,iOS,一线城市,free,0
U001880,2026-06-08 00:00:00,2026-06-08 00:00:00,search_ads,Android,一线城市,free,0
U001881,2026-05-16 00:00:00,2026-05-16 00:00:00,referral,Android,二线城市,free,0
U001882,2026-06-09 00:00:00,2026-06-09 00:00:00,organic,Android,新一线城市,free,0
U001883,2026-06-08 00:00:00,2026-06-08 00:00:00,app_store,Android,二线城市,free,0
U001884,2026-05-09 00:00:00,2026-05-09 00:00:00,organic,Android,新一线城市,free,0
U001885,2026-06-22 00:00:00,2026-06-22 00:00:00,short_video_ads,iOS,新一线城市,free,0
U001886,2026-06-10 00:00:00,2026-06-10 00:00:00,app_store,iOS,一线城市,free,0
U001887,2026-05-21 00:00:00,2026-05-21 00:00:00,referral,iOS,新一线城市,free,0
U001888,2026-06-05 00:00:00,2026-06-05 00:00:00,organic,Android,新一线城市,free,0
U001889,2026-06-07 00:00:00,2026-06-07 00:00:00,short_video_ads,Android,海外,free,0
U001890,2026-06-22 00:00:00,2026-06-22 00:00:00,kol,Web,海外,free,0
U001891,2026-05-13 00:00:00,2026-05-13 00:00:00,referral,iOS,一线城市,free,0
U001892,2026-06-08 00:00:00,2026-06-08 00:00:00,organic,Android,新一线城市,free,0
U001893,2026-06-26 00:00:00,2026-06-26 00:00:00,organic,Android,海外,free,0
U001894,2026-06-11 00:00:00,2026-06-11 00:00:00,kol,iOS,新一线城市,free,0
U001895,2026-05-13 00:00:00,2026-05-13 00:00:00,referral,Web,新一线城市,payer,1
U001896,2026-06-03 00:00:00,2026-06-01 00:00:00,referral,Web,海外,free,0
U001897,2026-05-31 00:00:00,2026-05-31 00:00:00,app_store,Android,海外,free,0
U001898,2026-05-30 00:00:00,2026-05-30 00:00:00,organic,iOS,新一线城市,free,0
U001899,2026-05-27 00:00:00,2026-05-27 00:00:00,organic,iOS,二线城市,payer,1
U001900,2026-06-15 00:00:00,2026-06-15 00:00:00,referral,Web,一线城市,free,0
U001901,2026-06-04 00:00:00,2026-06-04 00:00:00,short_video_ads,iOS,二线城市,free,0
U001902,2026-05-15 00:00:00,2026-05-15 00:00:00,organic,iOS,海外,free,0
U001903,2026-06-18 00:00:00,2026-06-18 00:00:00,short_video_ads,Android,海外,free,0
U001904,2026-06-20 00:00:00,2026-06-20 00:00:00,short_video_ads,Web,一线城市,free,0
U001905,2026-06-12 00:00:00,2026-06-12 00:00:00,search_ads,iOS,一线城市,payer,1
U001906,2026-06-25 00:00:00,2026-06-24 00:00:00,organic,Android,一线城市,free,0
U001907,2026-05-25 00:00:00,2026-05-24 00:00:00,app_store,Android,海外,free,0
U001908,2026-05-06 00:00:00,2026-05-06 00:00:00,app_store,iOS,一线城市,free,0
U001909,2026-05-21 00:00:00,2026-05-21 00:00:00,short_video_ads,iOS,海外,free,0
U001910,2026-05-04 00:00:00,2026-05-04 00:00:00,search_ads,iOS,新一线城市,payer,1
U001911,2026-06-18 00:00:00,2026-06-18 00:00:00,short_video_ads,Android,二线城市,free,0
U001912,2026-05-26 00:00:00,2026-05-26 00:00:00,organic,iOS,二线城市,free,0
U001913,2026-05-15 00:00:00,2026-05-15 00:00:00,kol,iOS,新一线城市,free,0
U001914,2026-06-04 00:00:00,2026-06-04 00:00:00,kol,Web,新一线城市,free,0
U001915,2026-05-26 00:00:00,2026-05-26 00:00:00,search_ads,Android,一线城市,free,0
U001916,2026-06-27 00:00:00,2026-06-26 00:00:00,organic,Web,新一线城市,free,0
U001917,2026-06-28 00:00:00,2026-06-28 00:00:00,search_ads,Android,新一线城市,free,0
U001918,2026-06-19 00:00:00,2026-06-19 00:00:00,organic,Android,海外,free,0
U001919,2026-06-07 00:00:00,2026-06-07 00:00:00,short_video_ads,iOS,新一线城市,free,0
U001920,2026-06-27 00:00:00,2026-06-27 00:00:00,short_video_ads,Android,新一线城市,free,0
U001921,2026-05-19 00:00:00,2026-05-19 00:00:00,organic,Android,一线城市,payer,1
U001922,2026-05-20 00:00:00,2026-05-20 00:00:00,organic,Android,新一线城市,free,0
U001923,2026-06-25 00:00:00,2026-06-25 00:00:00,short_video_ads,Android,一线城市,free,0
U001924,2026-06-08 00:00:00,2026-06-08 00:00:00,search_ads,Web,新一线城市,free,0
U001925,2026-05-09 00:00:00,2026-05-09 00:00:00,referral,Web,一线城市,free,0
U001926,2026-06-27 00:00:00,2026-06-27 00:00:00,search_ads,Web,新一线城市,free,0
U001927,2026-05-14 00:00:00,2026-05-13 00:00:00,kol,Android,一线城市,free,0
U001928,2026-06-29 00:00:00,2026-06-29 00:00:00,referral,Web,新一线城市,free,0
U001929,2026-06-23 00:00:00,2026-06-23 00:00:00,kol,Web,二线城市,free,0
U001930,2026-05-02 00:00:00,2026-05-02 00:00:00,short_video_ads,Web,二线城市,free,0
U001931,2026-05-01 00:00:00,2026-05-01 00:00:00,kol,Android,海外,free,0
U001932,2026-05-01 00:00:00,2026-04-30 00:00:00,short_video_ads,Android,一线城市,free,0
U001933,2026-05-15 00:00:00,2026-05-15 00:00:00,search_ads,Web,一线城市,payer,1
U001934,2026-06-07 00:00:00,2026-06-07 00:00:00,search_ads,Web,海外,free,0
U001935,2026-06-11 00:00:00,2026-06-11 00:00:00,short_video_ads,Android,二线城市,free,0
U001936,2026-05-24 00:00:00,2026-05-24 00:00:00,organic,Android,二线城市,free,0
U001937,2026-06-01 00:00:00,2026-06-01 00:00:00,short_video_ads,Web,一线城市,free,0
U001938,2026-06-27 00:00:00,2026-06-27 00:00:00,organic,iOS,海外,payer,1
U001939,2026-06-29 00:00:00,2026-06-29 00:00:00,short_video_ads,Android,二线城市,free,0
U001940,2026-05-10 00:00:00,2026-05-10 00:00:00,organic,Android,二线城市,free,0
U001941,2026-06-16 00:00:00,2026-06-16 00:00:00,referral,Android,一线城市,payer,1
U001942,2026-06-15 00:00:00,2026-06-15 00:00:00,search_ads,Web,新一线城市,free,0
U001943,2026-05-21 00:00:00,2026-05-21 00:00:00,short_video_ads,iOS,新一线城市,free,0
U001944,2026-05-11 00:00:00,2026-05-11 00:00:00,organic,Web,二线城市,free,0
U001945,2026-06-16 00:00:00,2026-06-16 00:00:00,short_video_ads,Android,一线城市,free,0
U001946,2026-05-19 00:00:00,2026-05-19 00:00:00,organic,Android,一线城市,free,0
U001947,2026-05-20 00:00:00,2026-05-20 00:00:00,short_video_ads,iOS,海外,free,0
U001948,2026-06-17 00:00:00,2026-06-17 00:00:00,kol,Android,一线城市,free,0
U001949,2026-06-10 00:00:00,2026-06-10 00:00:00,organic,Web,新一线城市,free,0
U001950,2026-06-08 00:00:00,2026-06-08 00:00:00,app_store,Android,海外,free,0
U001951,2026-06-07 00:00:00,2026-06-07 00:00:00,app_store,Web,海外,free,0
U001952,2026-05-15 00:00:00,2026-05-15 00:00:00,search_ads,iOS,二线城市,free,0
U001953,2026-06-14 00:00:00,2026-06-12 00:00:00,search_ads,Web,二线城市,free,0
U001954,2026-05-05 00:00:00,2026-05-05 00:00:00,organic,iOS,一线城市,free,0
U001955,2026-05-15 00:00:00,2026-05-15 00:00:00,search_ads,iOS,二线城市,free,0
U001956,2026-05-23 00:00:00,2026-05-23 00:00:00,organic,Android,一线城市,payer,1
U001957,2026-05-13 00:00:00,2026-05-13 00:00:00,organic,iOS,一线城市,free,0
U001958,2026-06-29 00:00:00,2026-06-29 00:00:00,search_ads,Android,新一线城市,free,0
U001959,2026-06-14 00:00:00,2026-06-14 00:00:00,search_ads,iOS,二线城市,free,0
U001960,2026-05-01 00:00:00,2026-05-01 00:00:00,kol,iOS,二线城市,payer,1
U001961,2026-06-04 00:00:00,2026-06-04 00:00:00,app_store,iOS,新一线城市,free,0
U001962,2026-05-02 00:00:00,2026-05-02 00:00:00,short_video_ads,Web,二线城市,free,0
U001963,2026-06-27 00:00:00,2026-06-27 00:00:00,referral,iOS,一线城市,free,0
U001964,2026-05-09 00:00:00,2026-05-09 00:00:00,app_store,Android,海外,payer,1
U001965,2026-05-08 00:00:00,2026-05-08 00:00:00,search_ads,Android,海外,free,0
U001966,2026-05-27 00:00:00,2026-05-27 00:00:00,kol,iOS,新一线城市,free,0
U001967,2026-05-15 00:00:00,2026-05-15 00:00:00,kol,iOS,新一线城市,free,0
U001968,2026-05-18 00:00:00,2026-05-18 00:00:00,app_store,Web,新一线城市,payer,1
U001969,2026-06-12 00:00:00,2026-06-12 00:00:00,short_video_ads,Web,新一线城市,free,0
U001970,2026-05-04 00:00:00,2026-05-04 00:00:00,organic,Web,新一线城市,free,0
U001971,2026-05-22 00:00:00,2026-05-20 00:00:00,organic,Android,一线城市,free,0
U001972,2026-05-25 00:00:00,2026-05-25 00:00:00,short_video_ads,Android,二线城市,free,0
U001973,2026-05-23 00:00:00,2026-05-23 00:00:00,short_video_ads,iOS,一线城市,free,0
U001974,2026-05-23 00:00:00,2026-05-23 00:00:00,app_store,Android,一线城市,free,0
U001975,2026-05-27 00:00:00,2026-05-27 00:00:00,referral,Android,新一线城市,free,0
U001976,2026-05-03 00:00:00,2026-05-02 00:00:00,short_video_ads,iOS,新一线城市,free,0
U001977,2026-06-12 00:00:00,2026-06-12 00:00:00,referral,Android,一线城市,payer,1
U001978,2026-06-05 00:00:00,2026-06-05 00:00:00,organic,Web,一线城市,free,0
U001979,2026-05-21 00:00:00,2026-05-21 00:00:00,short_video_ads,Web,二线城市,free,0
U001980,2026-06-20 00:00:00,2026-06-20 00:00:00,app_store,Android,新一线城市,free,0
U001981,2026-06-25 00:00:00,2026-06-25 00:00:00,organic,Android,二线城市,free,0
U001982,2026-06-26 00:00:00,2026-06-24 00:00:00,kol,iOS,一线城市,free,0
U001983,2026-05-27 00:00:00,2026-05-27 00:00:00,organic,iOS,二线城市,payer,1
U001984,2026-06-26 00:00:00,2026-06-26 00:00:00,referral,Android,二线城市,free,0
U001985,2026-06-20 00:00:00,2026-06-20 00:00:00,short_video_ads,Web,新一线城市,free,0
U001986,2026-06-29 00:00:00,2026-06-29 00:00:00,kol,iOS,一线城市,free,0
U001987,2026-05-20 00:00:00,2026-05-20 00:00:00,organic,Web,一线城市,free,0
U001988,2026-06-05 00:00:00,2026-06-05 00:00:00,app_store,Android,新一线城市,free,0
U001989,2026-06-07 00:00:00,2026-06-07 00:00:00,referral,Android,一线城市,free,0
U001990,2026-06-01 00:00:00,2026-06-01 00:00:00,app_store,iOS,一线城市,free,0
U001991,2026-05-03 00:00:00,2026-05-03 00:00:00,organic,Android,一线城市,free,0
U001992,2026-05-25 00:00:00,2026-05-25 00:00:00,kol,iOS,一线城市,free,0
U001993,2026-06-14 00:00:00,2026-06-14 00:00:00,organic,Web,一线城市,free,0
U001994,2026-05-29 00:00:00,2026-05-29 00:00:00,organic,Web,新一线城市,free,0
U001995,2026-05-28 00:00:00,2026-05-28 00:00:00,short_video_ads,Web,一线城市,free,0
U001996,2026-06-15 00:00:00,2026-06-15 00:00:00,kol,Android,一线城市,free,0
U001997,2026-05-15 00:00:00,2026-05-15 00:00:00,app_store,Android,海外,free,0
U001998,2026-06-25 00:00:00,2026-06-25 00:00:00,short_video_ads,Web,海外,free,0
U001999,2026-06-01 00:00:00,2026-06-01 00:00:00,kol,iOS,海外,free,0
U002000,2026-05-14 00:00:00,2026-05-14 00:00:00,short_video_ads,Web,一线城市,free,0
U002001,2026-05-12 00:00:00,2026-05-12 00:00:00,kol,Web,一线城市,free,0
U002002,2026-05-25 00:00:00,2026-05-25 00:00:00,search_ads,Web,一线城市,free,0
U002003,2026-06-03 00:00:00,2026-06-03 00:00:00,short_video_ads,iOS,新一线城市,free,0
U002004,2026-06-24 00:00:00,2026-06-24 00:00:00,search_ads,Android,新一线城市,free,0
U002005,2026-05-02 00:00:00,2026-05-01 00:00:00,organic,Web,新一线城市,free,0
U002006,2026-06-17 00:00:00,2026-06-15 00:00:00,search_ads,iOS,一线城市,payer,1
U002007,2026-06-12 00:00:00,2026-06-12 00:00:00,referral,Android,海外,free,0
U002008,2026-05-05 00:00:00,2026-05-05 00:00:00,short_video_ads,Web,海外,free,0
U002009,2026-05-20 00:00:00,2026-05-20 00:00:00,organic,Android,二线城市,free,0
U002010,2026-05-04 00:00:00,2026-05-04 00:00:00,kol,Web,新一线城市,free,0
U002011,2026-05-09 00:00:00,2026-05-09 00:00:00,search_ads,iOS,海外,payer,1
U002012,2026-06-11 00:00:00,2026-06-11 00:00:00,short_video_ads,Android,二线城市,free,0
U002013,2026-05-03 00:00:00,2026-05-03 00:00:00,referral,Android,海外,free,0
U002014,2026-06-06 00:00:00,2026-06-06 00:00:00,referral,Android,二线城市,free,0
U002015,2026-06-05 00:00:00,2026-06-05 00:00:00,referral,Android,一线城市,free,0
U002016,2026-06-21 00:00:00,2026-06-21 00:00:00,organic,Android,新一线城市,free,0
U002017,2026-05-30 00:00:00,2026-05-30 00:00:00,kol,iOS,新一线城市,payer,1
U002018,2026-06-19 00:00:00,2026-06-19 00:00:00,kol,Android,海外,free,0
U002019,2026-05-09 00:00:00,2026-05-09 00:00:00,short_video_ads,Android,新一线城市,free,0
U002020,2026-05-07 00:00:00,2026-05-07 00:00:00,app_store,Web,二线城市,free,0
U002021,2026-05-27 00:00:00,2026-05-27 00:00:00,short_video_ads,iOS,二线城市,payer,1
U002022,2026-06-14 00:00:00,2026-06-14 00:00:00,kol,Web,一线城市,free,0
U002023,2026-05-19 00:00:00,2026-05-19 00:00:00,organic,iOS,一线城市,payer,1
U002024,2026-06-04 00:00:00,2026-06-04 00:00:00,app_store,Android,新一线城市,free,0
U002025,2026-06-28 00:00:00,2026-06-28 00:00:00,organic,iOS,二线城市,free,0
U002026,2026-06-11 00:00:00,2026-06-11 00:00:00,app_store,Android,一线城市,free,0
U002027,2026-05-29 00:00:00,2026-05-29 00:00:00,short_video_ads,iOS,二线城市,free,0
U002028,2026-06-23 00:00:00,2026-06-23 00:00:00,short_video_ads,iOS,新一线城市,free,0
U002029,2026-05-20 00:00:00,2026-05-20 00:00:00,search_ads,Android,新一线城市,free,0
U002030,2026-05-14 00:00:00,2026-05-14 00:00:00,short_video_ads,Android,一线城市,free,0
U002031,2026-06-26 00:00:00,2026-06-26 00:00:00,short_video_ads,Android,新一线城市,free,0
U002032,2026-06-15 00:00:00,2026-06-15 00:00:00,app_store,Web,一线城市,free,0
U002033,2026-05-18 00:00:00,2026-05-18 00:00:00,app_store,Android,二线城市,free,0
U002034,2026-05-12 00:00:00,2026-05-12 00:00:00,organic,iOS,新一线城市,free,0
U002035,2026-05-07 00:00:00,2026-05-06 00:00:00,organic,Android,新一线城市,free,0
U002036,2026-06-06 00:00:00,2026-06-06 00:00:00,kol,iOS,二线城市,free,0
U002037,2026-06-28 00:00:00,2026-06-28 00:00:00,kol,Android,海外,free,0
U002038,2026-06-18 00:00:00,2026-06-18 00:00:00,kol,iOS,二线城市,free,0
U002039,2026-06-29 00:00:00,2026-06-29 00:00:00,kol,iOS,二线城市,free,0
U002040,2026-06-27 00:00:00,2026-06-27 00:00:00,short_video_ads,Web,二线城市,free,0
U002041,2026-06-14 00:00:00,2026-06-13 00:00:00,organic,iOS,二线城市,free,0
U002042,2026-06-07 00:00:00,2026-06-07 00:00:00,kol,Android,新一线城市,free,0
U002043,2026-06-17 00:00:00,2026-06-17 00:00:00,short_video_ads,Android,一线城市,free,0
U002044,2026-06-11 00:00:00,2026-06-11 00:00:00,organic,Android,新一线城市,free,0
U002045,2026-05-31 00:00:00,2026-05-31 00:00:00,organic,iOS,新一线城市,free,0
U002046,2026-05-06 00:00:00,2026-05-06 00:00:00,kol,Android,一线城市,free,0
U002047,2026-05-06 00:00:00,2026-05-06 00:00:00,search_ads,Android,一线城市,free,0
U002048,2026-06-04 00:00:00,2026-06-04 00:00:00,organic,iOS,海外,payer,1
U002049,2026-06-19 00:00:00,2026-06-19 00:00:00,short_video_ads,Web,新一线城市,free,0
U002050,2026-05-02 00:00:00,2026-05-02 00:00:00,organic,iOS,二线城市,free,0
U002051,2026-05-29 00:00:00,2026-05-29 00:00:00,short_video_ads,iOS,一线城市,free,0
U002052,2026-06-20 00:00:00,2026-06-20 00:00:00,referral,Android,一线城市,free,0
U002053,2026-06-15 00:00:00,2026-06-15 00:00:00,search_ads,Android,一线城市,free,0
U002054,2026-05-12 00:00:00,2026-05-12 00:00:00,organic,Android,新一线城市,free,0
U002055,2026-05-05 00:00:00,2026-05-05 00:00:00,short_video_ads,iOS,新一线城市,free,0
U002056,2026-05-19 00:00:00,2026-05-19 00:00:00,search_ads,Android,二线城市,free,0
U002057,2026-06-07 00:00:00,2026-06-07 00:00:00,app_store,iOS,新一线城市,free,0
U002058,2026-05-06 00:00:00,2026-05-06 00:00:00,organic,Web,一线城市,free,0
U002059,2026-05-19 00:00:00,2026-05-19 00:00:00,app_store,iOS,一线城市,free,0
U002060,2026-05-01 00:00:00,2026-05-01 00:00:00,short_video_ads,Web,二线城市,free,0
U002061,2026-06-20 00:00:00,2026-06-20 00:00:00,short_video_ads,iOS,一线城市,payer,1
U002062,2026-05-09 00:00:00,2026-05-09 00:00:00,referral,Android,新一线城市,payer,1
U002063,2026-06-19 00:00:00,2026-06-19 00:00:00,short_video_ads,Android,新一线城市,free,0
U002064,2026-06-28 00:00:00,2026-06-27 00:00:00,referral,Web,新一线城市,free,0
U002065,2026-06-20 00:00:00,2026-06-20 00:00:00,organic,Android,海外,free,0
U002066,2026-06-28 00:00:00,2026-06-28 00:00:00,search_ads,Android,海外,free,0
U002067,2026-05-14 00:00:00,2026-05-14 00:00:00,kol,Android,二线城市,free,0
U002068,2026-06-28 00:00:00,2026-06-28 00:00:00,kol,Android,一线城市,free,0
U002069,2026-06-27 00:00:00,2026-06-27 00:00:00,referral,Web,二线城市,free,0
U002070,2026-06-17 00:00:00,2026-06-17 00:00:00,app_store,Web,新一线城市,payer,1
U002071,2026-06-20 00:00:00,2026-06-20 00:00:00,search_ads,iOS,二线城市,free,0
U002072,2026-06-20 00:00:00,2026-06-20 00:00:00,short_video_ads,Android,二线城市,free,0
U002073,2026-05-09 00:00:00,2026-05-09 00:00:00,search_ads,Android,新一线城市,payer,1
U002074,2026-05-17 00:00:00,2026-05-17 00:00:00,organic,iOS,一线城市,free,0
U002075,2026-05-11 00:00:00,2026-05-11 00:00:00,organic,Android,新一线城市,free,0
U002076,2026-05-09 00:00:00,2026-05-09 00:00:00,short_video_ads,Android,新一线城市,free,0
U002077,2026-06-03 00:00:00,2026-06-03 00:00:00,organic,iOS,一线城市,free,0
U002078,2026-05-20 00:00:00,2026-05-20 00:00:00,short_video_ads,Android,海外,free,0
U002079,2026-05-28 00:00:00,2026-05-28 00:00:00,organic,Web,新一线城市,free,0
U002080,2026-05-22 00:00:00,2026-05-22 00:00:00,referral,iOS,海外,free,0
U002081,2026-06-15 00:00:00,2026-06-15 00:00:00,organic,Android,一线城市,payer,1
U002082,2026-06-04 00:00:00,2026-06-04 00:00:00,short_video_ads,Web,海外,free,0
U002083,2026-06-21 00:00:00,2026-06-21 00:00:00,app_store,Web,新一线城市,free,0
U002084,2026-06-20 00:00:00,2026-06-20 00:00:00,organic,iOS,二线城市,free,0
U002085,2026-05-12 00:00:00,2026-05-12 00:00:00,referral,Android,二线城市,free,0
U002086,2026-05-09 00:00:00,2026-05-09 00:00:00,search_ads,Web,海外,payer,1
U002087,2026-05-09 00:00:00,2026-05-09 00:00:00,app_store,Web,二线城市,free,0
U002088,2026-06-06 00:00:00,2026-06-06 00:00:00,organic,iOS,一线城市,free,0
U002089,2026-05-08 00:00:00,2026-05-08 00:00:00,kol,iOS,一线城市,free,0
U002090,2026-06-29 00:00:00,2026-06-29 00:00:00,short_video_ads,iOS,一线城市,free,0
U002091,2026-06-01 00:00:00,2026-06-01 00:00:00,referral,iOS,二线城市,free,0
U002092,2026-05-15 00:00:00,2026-05-15 00:00:00,organic,iOS,海外,free,0
U002093,2026-05-19 00:00:00,2026-05-19 00:00:00,kol,Web,一线城市,free,0
U002094,2026-05-06 00:00:00,2026-05-06 00:00:00,short_video_ads,iOS,一线城市,free,0
U002095,2026-05-31 00:00:00,2026-05-31 00:00:00,search_ads,iOS,海外,free,0
U002096,2026-05-22 00:00:00,2026-05-22 00:00:00,short_video_ads,iOS,新一线城市,free,0
U002097,2026-05-15 00:00:00,2026-05-15 00:00:00,app_store,Android,新一线城市,free,0
U002098,2026-06-26 00:00:00,2026-06-26 00:00:00,search_ads,iOS,一线城市,free,0
U002099,2026-06-16 00:00:00,2026-06-16 00:00:00,referral,Android,新一线城市,free,0
U002100,2026-06-26 00:00:00,2026-06-26 00:00:00,short_video_ads,Web,一线城市,free,0
U002101,2026-06-17 00:00:00,2026-06-17 00:00:00,app_store,Web,二线城市,free,0
U002102,2026-06-23 00:00:00,2026-06-23 00:00:00,organic,iOS,海外,free,0
U002103,2026-05-18 00:00:00,2026-05-17 00:00:00,app_store,Android,二线城市,free,0
U002104,2026-05-25 00:00:00,2026-05-25 00:00:00,organic,Android,二线城市,payer,1
U002105,2026-06-22 00:00:00,2026-06-21 00:00:00,search_ads,Android,新一线城市,free,0
U002106,2026-06-07 00:00:00,2026-06-07 00:00:00,referral,iOS,一线城市,free,0
U002107,2026-05-13 00:00:00,2026-05-13 00:00:00,search_ads,Android,一线城市,free,0
U002108,2026-05-10 00:00:00,2026-05-10 00:00:00,short_video_ads,Android,一线城市,payer,1
U002109,2026-05-09 00:00:00,2026-05-09 00:00:00,referral,Android,二线城市,free,0
U002110,2026-05-24 00:00:00,2026-05-24 00:00:00,short_video_ads,iOS,新一线城市,free,0
U002111,2026-06-28 00:00:00,2026-06-28 00:00:00,app_store,Android,二线城市,free,0
U002112,2026-05-12 00:00:00,2026-05-12 00:00:00,short_video_ads,iOS,一线城市,free,0
U002113,2026-05-30 00:00:00,2026-05-30 00:00:00,short_video_ads,Android,新一线城市,payer,1
U002114,2026-05-28 00:00:00,2026-05-28 00:00:00,short_video_ads,Web,一线城市,free,0
U002115,2026-05-18 00:00:00,2026-05-18 00:00:00,app_store,Web,一线城市,free,0
U002116,2026-06-01 00:00:00,2026-06-01 00:00:00,app_store,iOS,二线城市,free,0
U002117,2026-05-28 00:00:00,2026-05-28 00:00:00,referral,Android,新一线城市,payer,1
U002118,2026-05-23 00:00:00,2026-05-23 00:00:00,app_store,Web,海外,payer,1
U002119,2026-05-02 00:00:00,2026-05-02 00:00:00,app_store,Android,一线城市,free,0
U002120,2026-05-23 00:00:00,2026-05-23 00:00:00,organic,Web,海外,free,0
U002121,2026-05-05 00:00:00,2026-05-05 00:00:00,organic,Web,一线城市,free,0
U002122,2026-06-21 00:00:00,2026-06-21 00:00:00,search_ads,Web,海外,free,0
U002123,2026-05-31 00:00:00,2026-05-31 00:00:00,kol,iOS,新一线城市,free,0
U002124,2026-06-08 00:00:00,2026-06-08 00:00:00,kol,Web,一线城市,payer,1
U002125,2026-05-24 00:00:00,2026-05-24 00:00:00,search_ads,Web,二线城市,free,0
U002126,2026-05-07 00:00:00,2026-05-06 00:00:00,kol,Web,新一线城市,free,0
U002127,2026-05-23 00:00:00,2026-05-23 00:00:00,short_video_ads,Web,一线城市,free,0
U002128,2026-05-11 00:00:00,2026-05-10 00:00:00,search_ads,Android,新一线城市,payer,1
U002129,2026-06-13 00:00:00,2026-06-13 00:00:00,referral,Android,二线城市,free,0
U002130,2026-06-03 00:00:00,2026-06-03 00:00:00,organic,iOS,二线城市,free,0
U002131,2026-05-03 00:00:00,2026-05-02 00:00:00,app_store,Android,新一线城市,free,0
U002132,2026-06-15 00:00:00,2026-06-15 00:00:00,app_store,Android,一线城市,free,0
U002133,2026-05-21 00:00:00,2026-05-21 00:00:00,kol,iOS,一线城市,free,0
U002134,2026-06-27 00:00:00,2026-06-27 00:00:00,app_store,iOS,二线城市,free,0
U002135,2026-05-10 00:00:00,2026-05-10 00:00:00,referral,iOS,二线城市,free,0
U002136,2026-05-05 00:00:00,2026-05-05 00:00:00,app_store,Web,二线城市,free,0
U002137,2026-05-03 00:00:00,2026-05-03 00:00:00,organic,Android,一线城市,free,0
U002138,2026-06-17 00:00:00,2026-06-17 00:00:00,short_video_ads,Android,新一线城市,payer,1
U002139,2026-06-17 00:00:00,2026-06-17 00:00:00,organic,iOS,一线城市,free,0
U002140,2026-06-10 00:00:00,2026-06-10 00:00:00,short_video_ads,iOS,新一线城市,free,0
U002141,2026-05-06 00:00:00,2026-05-06 00:00:00,app_store,Web,一线城市,free,0
U002142,2026-06-27 00:00:00,2026-06-27 00:00:00,organic,Android,一线城市,free,0
U002143,2026-05-20 00:00:00,2026-05-20 00:00:00,short_video_ads,iOS,一线城市,free,0
U002144,2026-06-07 00:00:00,2026-06-06 00:00:00,organic,Android,一线城市,free,0
U002145,2026-06-09 00:00:00,2026-06-09 00:00:00,short_video_ads,iOS,新一线城市,free,0
U002146,2026-06-06 00:00:00,2026-06-06 00:00:00,referral,Android,二线城市,free,0
U002147,2026-05-08 00:00:00,2026-05-08 00:00:00,short_video_ads,Android,一线城市,free,0
U002148,2026-06-04 00:00:00,2026-06-04 00:00:00,organic,Android,海外,free,0
U002149,2026-05-15 00:00:00,2026-05-15 00:00:00,organic,Web,一线城市,free,0
U002150,2026-05-29 00:00:00,2026-05-29 00:00:00,referral,Android,二线城市,free,0
U002151,2026-05-04 00:00:00,2026-05-04 00:00:00,short_video_ads,Web,一线城市,payer,1
U002152,2026-05-31 00:00:00,2026-05-31 00:00:00,referral,Android,一线城市,free,0
U002153,2026-05-28 00:00:00,2026-05-28 00:00:00,short_video_ads,Android,新一线城市,free,0
U002154,2026-06-18 00:00:00,2026-06-18 00:00:00,app_store,Android,海外,free,0
U002155,2026-05-20 00:00:00,2026-05-20 00:00:00,organic,iOS,一线城市,free,0
U002156,2026-05-18 00:00:00,2026-05-18 00:00:00,organic,Web,二线城市,free,0
U002157,2026-06-10 00:00:00,2026-06-10 00:00:00,search_ads,Web,海外,free,0
U002158,2026-05-02 00:00:00,2026-05-01 00:00:00,organic,Web,海外,free,0
U002159,2026-06-14 00:00:00,2026-06-12 00:00:00,short_video_ads,Android,新一线城市,free,0
U002160,2026-05-24 00:00:00,2026-05-24 00:00:00,referral,Android,新一线城市,free,0
U002161,2026-06-26 00:00:00,2026-06-26 00:00:00,search_ads,Android,新一线城市,free,0
U002162,2026-05-14 00:00:00,2026-05-14 00:00:00,search_ads,Android,二线城市,free,0
U002163,2026-06-09 00:00:00,2026-06-09 00:00:00,organic,iOS,二线城市,payer,1
U002164,2026-06-13 00:00:00,2026-06-13 00:00:00,search_ads,Android,二线城市,free,0
U002165,2026-06-13 00:00:00,2026-06-13 00:00:00,kol,iOS,一线城市,free,0
U002166,2026-06-14 00:00:00,2026-06-14 00:00:00,referral,iOS,二线城市,free,0
U002167,2026-06-13 00:00:00,2026-06-13 00:00:00,app_store,Android,新一线城市,payer,1
U002168,2026-06-27 00:00:00,2026-06-27 00:00:00,short_video_ads,Android,一线城市,free,0
U002169,2026-06-08 00:00:00,2026-06-08 00:00:00,kol,Android,海外,free,0
U002170,2026-05-26 00:00:00,2026-05-26 00:00:00,app_store,iOS,新一线城市,payer,1
U002171,2026-05-29 00:00:00,2026-05-29 00:00:00,app_store,iOS,新一线城市,free,0
U002172,2026-06-09 00:00:00,2026-06-08 00:00:00,organic,Android,一线城市,free,0
U002173,2026-06-16 00:00:00,2026-06-16 00:00:00,organic,iOS,一线城市,free,0
U002174,2026-06-04 00:00:00,2026-06-04 00:00:00,organic,Android,新一线城市,free,0
U002175,2026-05-17 00:00:00,2026-05-17 00:00:00,search_ads,Web,海外,free,0
U002176,2026-05-04 00:00:00,2026-05-04 00:00:00,referral,iOS,海外,free,0
U002177,2026-05-14 00:00:00,2026-05-14 00:00:00,short_video_ads,Android,一线城市,free,0
U002178,2026-06-29 00:00:00,2026-06-29 00:00:00,short_video_ads,Android,海外,free,0
U002179,2026-05-14 00:00:00,2026-05-14 00:00:00,app_store,iOS,二线城市,free,0
U002180,2026-05-13 00:00:00,2026-05-13 00:00:00,short_video_ads,iOS,二线城市,free,0
U002181,2026-05-12 00:00:00,2026-05-12 00:00:00,search_ads,Android,新一线城市,free,0
U002182,2026-05-06 00:00:00,2026-05-06 00:00:00,app_store,iOS,新一线城市,free,0
U002183,2026-06-22 00:00:00,2026-06-22 00:00:00,organic,iOS,新一线城市,free,0
U002184,2026-06-19 00:00:00,2026-06-19 00:00:00,app_store,iOS,新一线城市,free,0
U002185,2026-06-03 00:00:00,2026-06-03 00:00:00,short_video_ads,Web,一线城市,free,0
U002186,2026-05-18 00:00:00,2026-05-18 00:00:00,kol,Web,海外,free,0
U002187,2026-05-04 00:00:00,2026-05-04 00:00:00,organic,Web,一线城市,free,0
U002188,2026-06-08 00:00:00,2026-06-08 00:00:00,referral,Web,新一线城市,free,0
U002189,2026-05-22 00:00:00,2026-05-22 00:00:00,search_ads,Web,一线城市,free,0
U002190,2026-06-08 00:00:00,2026-06-08 00:00:00,organic,iOS,新一线城市,free,0
U002191,2026-06-07 00:00:00,2026-06-07 00:00:00,kol,Web,二线城市,free,0
U002192,2026-06-03 00:00:00,2026-06-02 00:00:00,short_video_ads,iOS,海外,payer,1
U002193,2026-06-21 00:00:00,2026-06-21 00:00:00,short_video_ads,iOS,新一线城市,free,0
U002194,2026-05-25 00:00:00,2026-05-25 00:00:00,short_video_ads,Android,新一线城市,free,0
U002195,2026-06-02 00:00:00,2026-06-02 00:00:00,app_store,Web,新一线城市,free,0
U002196,2026-05-02 00:00:00,2026-05-02 00:00:00,organic,iOS,新一线城市,free,0
U002197,2026-06-06 00:00:00,2026-06-06 00:00:00,referral,Android,一线城市,payer,1
U002198,2026-06-02 00:00:00,2026-06-02 00:00:00,short_video_ads,Web,新一线城市,free,0
U002199,2026-06-10 00:00:00,2026-06-09 00:00:00,referral,Web,一线城市,free,0
U002200,2026-05-02 00:00:00,2026-05-02 00:00:00,search_ads,Android,二线城市,free,0
U002201,2026-06-10 00:00:00,2026-06-09 00:00:00,app_store,Android,二线城市,free,0
U002202,2026-06-29 00:00:00,2026-06-29 00:00:00,search_ads,Android,海外,free,0
U002203,2026-06-09 00:00:00,2026-06-09 00:00:00,organic,Android,一线城市,free,0
U002204,2026-06-16 00:00:00,2026-06-16 00:00:00,organic,Android,新一线城市,free,0
U002205,2026-05-30 00:00:00,2026-05-30 00:00:00,app_store,Android,二线城市,free,0
U002206,2026-05-31 00:00:00,2026-05-31 00:00:00,organic,Web,新一线城市,payer,1
U002207,2026-05-17 00:00:00,2026-05-17 00:00:00,organic,iOS,新一线城市,payer,1
U002208,2026-05-16 00:00:00,2026-05-16 00:00:00,app_store,Android,二线城市,free,0
U002209,2026-05-13 00:00:00,2026-05-13 00:00:00,organic,Web,新一线城市,free,0
U002210,2026-06-12 00:00:00,2026-06-12 00:00:00,app_store,Web,一线城市,free,0
U002211,2026-05-19 00:00:00,2026-05-19 00:00:00,kol,Web,海外,free,0
U002212,2026-06-26 00:00:00,2026-06-26 00:00:00,organic,iOS,新一线城市,free,0
U002213,2026-06-22 00:00:00,2026-06-22 00:00:00,short_video_ads,iOS,一线城市,free,0
U002214,2026-06-15 00:00:00,2026-06-15 00:00:00,kol,iOS,二线城市,free,0
U002215,2026-05-11 00:00:00,2026-05-11 00:00:00,referral,Web,一线城市,free,0
U002216,2026-06-18 00:00:00,2026-06-18 00:00:00,short_video_ads,Web,一线城市,free,0
U002217,2026-06-01 00:00:00,2026-06-01 00:00:00,referral,iOS,一线城市,free,0
U002218,2026-06-26 00:00:00,2026-06-26 00:00:00,short_video_ads,iOS,海外,free,0
U002219,2026-05-04 00:00:00,2026-05-04 00:00:00,organic,Web,二线城市,payer,1
U002220,2026-06-14 00:00:00,2026-06-14 00:00:00,organic,iOS,新一线城市,payer,1
U002221,2026-06-24 00:00:00,2026-06-24 00:00:00,organic,Android,新一线城市,free,0
U002222,2026-06-06 00:00:00,2026-06-06 00:00:00,short_video_ads,iOS,新一线城市,free,0
U002223,2026-06-29 00:00:00,2026-06-29 00:00:00,search_ads,iOS,二线城市,free,0
U002224,2026-06-18 00:00:00,2026-06-18 00:00:00,short_video_ads,Android,新一线城市,free,0
U002225,2026-06-22 00:00:00,2026-06-22 00:00:00,short_video_ads,Web,二线城市,free,0
U002226,2026-05-29 00:00:00,2026-05-29 00:00:00,short_video_ads,Android,海外,free,0
U002227,2026-05-15 00:00:00,2026-05-15 00:00:00,organic,iOS,一线城市,free,0
U002228,2026-05-22 00:00:00,2026-05-22 00:00:00,short_video_ads,Android,新一线城市,free,0
U002229,2026-06-29 00:00:00,2026-06-29 00:00:00,short_video_ads,Android,新一线城市,free,0
U002230,2026-05-03 00:00:00,2026-05-03 00:00:00,kol,iOS,二线城市,free,0
U002231,2026-06-17 00:00:00,2026-06-17 00:00:00,short_video_ads,Android,新一线城市,free,0
U002232,2026-06-10 00:00:00,2026-06-10 00:00:00,organic,iOS,一线城市,free,0
U002233,2026-06-01 00:00:00,2026-06-01 00:00:00,organic,Android,新一线城市,free,0
U002234,2026-05-17 00:00:00,2026-05-17 00:00:00,referral,Android,二线城市,payer,1
U002235,2026-06-12 00:00:00,2026-06-12 00:00:00,app_store,Web,二线城市,free,0
U002236,2026-05-14 00:00:00,2026-05-14 00:00:00,kol,Android,二线城市,free,0
U002237,2026-06-09 00:00:00,2026-06-07 00:00:00,short_video_ads,Android,海外,free,0
U002238,2026-05-10 00:00:00,2026-05-10 00:00:00,organic,iOS,一线城市,payer,1
U002239,2026-05-05 00:00:00,2026-05-05 00:00:00,search_ads,Web,二线城市,free,0
U002240,2026-05-06 00:00:00,2026-05-06 00:00:00,organic,Web,二线城市,free,0
U002241,2026-05-21 00:00:00,2026-05-21 00:00:00,search_ads,Android,新一线城市,free,0
U002242,2026-05-12 00:00:00,2026-05-12 00:00:00,short_video_ads,Web,一线城市,free,0
U002243,2026-05-04 00:00:00,2026-05-04 00:00:00,short_video_ads,iOS,一线城市,free,0
U002244,2026-06-21 00:00:00,2026-06-21 00:00:00,app_store,iOS,新一线城市,free,0
U002245,2026-06-19 00:00:00,2026-06-19 00:00:00,short_video_ads,iOS,一线城市,free,0
U002246,2026-05-13 00:00:00,2026-05-13 00:00:00,short_video_ads,Android,新一线城市,free,0
U002247,2026-06-05 00:00:00,2026-06-04 00:00:00,short_video_ads,Web,二线城市,free,0
U002248,2026-06-07 00:00:00,2026-06-07 00:00:00,organic,Web,二线城市,free,0
U002249,2026-05-08 00:00:00,2026-05-08 00:00:00,short_video_ads,Android,新一线城市,free,0
U002250,2026-05-29 00:00:00,2026-05-29 00:00:00,organic,iOS,二线城市,payer,1
U002251,2026-06-06 00:00:00,2026-06-06 00:00:00,short_video_ads,Android,新一线城市,free,0
U002252,2026-05-24 00:00:00,2026-05-24 00:00:00,app_store,Android,海外,free,0
U002253,2026-06-13 00:00:00,2026-06-13 00:00:00,app_store,Android,海外,payer,1
U002254,2026-06-29 00:00:00,2026-06-29 00:00:00,kol,iOS,二线城市,free,0
U002255,2026-05-17 00:00:00,2026-05-17 00:00:00,app_store,Android,二线城市,free,0
U002256,2026-05-13 00:00:00,2026-05-13 00:00:00,search_ads,Android,新一线城市,free,0
U002257,2026-05-12 00:00:00,2026-05-12 00:00:00,short_video_ads,Android,新一线城市,free,0
U002258,2026-06-18 00:00:00,2026-06-18 00:00:00,short_video_ads,Android,新一线城市,free,0
U002259,2026-05-08 00:00:00,2026-05-08 00:00:00,organic,Android,一线城市,free,0
U002260,2026-06-13 00:00:00,2026-06-13 00:00:00,search_ads,Android,二线城市,free,0
U002261,2026-06-07 00:00:00,2026-06-07 00:00:00,short_video_ads,Android,海外,free,0
U002262,2026-06-21 00:00:00,2026-06-21 00:00:00,short_video_ads,Android,新一线城市,free,0
U002263,2026-06-14 00:00:00,2026-06-13 00:00:00,short_video_ads,iOS,二线城市,free,0
U002264,2026-06-24 00:00:00,2026-06-24 00:00:00,organic,iOS,一线城市,free,0
U002265,2026-06-10 00:00:00,2026-06-10 00:00:00,app_store,Android,二线城市,free,0
U002266,2026-05-30 00:00:00,2026-05-30 00:00:00,short_video_ads,Android,一线城市,free,0
U002267,2026-05-11 00:00:00,2026-05-11 00:00:00,organic,Web,二线城市,free,0
U002268,2026-05-30 00:00:00,2026-05-30 00:00:00,organic,iOS,二线城市,free,0
U002269,2026-06-12 00:00:00,2026-06-12 00:00:00,short_video_ads,Web,海外,free,0
U002270,2026-06-20 00:00:00,2026-06-20 00:00:00,short_video_ads,iOS,新一线城市,free,0
U002271,2026-05-07 00:00:00,2026-05-07 00:00:00,organic,Android,一线城市,free,0
U002272,2026-06-13 00:00:00,2026-06-13 00:00:00,app_store,Web,一线城市,free,0
U002273,2026-05-22 00:00:00,2026-05-22 00:00:00,short_video_ads,Android,二线城市,free,0
U002274,2026-05-14 00:00:00,2026-05-14 00:00:00,organic,Android,新一线城市,payer,1
U002275,2026-05-19 00:00:00,2026-05-19 00:00:00,short_video_ads,Web,一线城市,free,0
U002276,2026-06-09 00:00:00,2026-06-09 00:00:00,app_store,Android,海外,free,0
U002277,2026-05-27 00:00:00,2026-05-27 00:00:00,referral,iOS,二线城市,free,0
U002278,2026-06-11 00:00:00,2026-06-11 00:00:00,organic,Android,新一线城市,free,0
U002279,2026-06-28 00:00:00,2026-06-28 00:00:00,kol,Android,一线城市,free,0
U002280,2026-06-10 00:00:00,2026-06-09 00:00:00,app_store,iOS,一线城市,free,0
U002281,2026-06-07 00:00:00,2026-06-07 00:00:00,organic,Web,新一线城市,payer,1
U002282,2026-05-02 00:00:00,2026-05-02 00:00:00,organic,Android,二线城市,free,0
U002283,2026-05-14 00:00:00,2026-05-14 00:00:00,referral,iOS,海外,free,0
U002284,2026-06-17 00:00:00,2026-06-17 00:00:00,app_store,iOS,二线城市,free,0
U002285,2026-05-01 00:00:00,2026-05-01 00:00:00,short_video_ads,iOS,新一线城市,free,0
U002286,2026-05-15 00:00:00,2026-05-15 00:00:00,app_store,iOS,一线城市,free,0
U002287,2026-06-03 00:00:00,2026-06-03 00:00:00,organic,iOS,一线城市,free,0
U002288,2026-05-14 00:00:00,2026-05-14 00:00:00,search_ads,Android,一线城市,free,0
U002289,2026-06-09 00:00:00,2026-06-08 00:00:00,short_video_ads,iOS,一线城市,free,0
U002290,2026-06-04 00:00:00,2026-06-04 00:00:00,referral,Android,一线城市,free,0
U002291,2026-06-09 00:00:00,2026-06-09 00:00:00,kol,Web,二线城市,free,0
U002292,2026-06-03 00:00:00,2026-06-03 00:00:00,short_video_ads,Android,新一线城市,free,0
U002293,2026-06-12 00:00:00,2026-06-12 00:00:00,short_video_ads,iOS,二线城市,free,0
U002294,2026-06-09 00:00:00,2026-06-09 00:00:00,short_video_ads,iOS,二线城市,free,0
U002295,2026-06-02 00:00:00,2026-06-02 00:00:00,organic,iOS,新一线城市,free,0
U002296,2026-06-10 00:00:00,2026-06-10 00:00:00,search_ads,iOS,二线城市,free,0
U002297,2026-06-14 00:00:00,2026-06-14 00:00:00,organic,Android,二线城市,free,0
U002298,2026-06-06 00:00:00,2026-06-06 00:00:00,referral,Web,海外,free,0
U002299,2026-05-01 00:00:00,2026-05-01 00:00:00,search_ads,Android,一线城市,free,0
U002300,2026-05-21 00:00:00,2026-05-21 00:00:00,kol,iOS,二线城市,free,0
U002301,2026-05-20 00:00:00,2026-05-20 00:00:00,short_video_ads,Web,海外,free,0
U002302,2026-06-11 00:00:00,2026-06-11 00:00:00,referral,Android,一线城市,free,0
U002303,2026-05-30 00:00:00,2026-05-30 00:00:00,organic,Android,新一线城市,free,0
U002304,2026-05-30 00:00:00,2026-05-30 00:00:00,app_store,iOS,海外,free,0
U002305,2026-05-03 00:00:00,2026-05-03 00:00:00,organic,iOS,一线城市,free,0
U002306,2026-05-20 00:00:00,2026-05-20 00:00:00,search_ads,Android,新一线城市,free,0
U002307,2026-06-04 00:00:00,2026-06-04 00:00:00,app_store,Android,海外,free,0
U002308,2026-05-10 00:00:00,2026-05-10 00:00:00,referral,Android,二线城市,free,0
U002309,2026-06-02 00:00:00,2026-06-02 00:00:00,kol,iOS,新一线城市,free,0
U002310,2026-05-24 00:00:00,2026-05-24 00:00:00,short_video_ads,Web,一线城市,payer,1
U002311,2026-05-20 00:00:00,2026-05-20 00:00:00,search_ads,Android,二线城市,free,0
U002312,2026-06-07 00:00:00,2026-06-07 00:00:00,organic,Web,一线城市,free,0
U002313,2026-06-23 00:00:00,2026-06-23 00:00:00,short_video_ads,Android,一线城市,free,0
U002314,2026-06-03 00:00:00,2026-06-03 00:00:00,referral,Android,二线城市,free,0
U002315,2026-06-07 00:00:00,2026-06-07 00:00:00,kol,iOS,二线城市,free,0
U002316,2026-05-17 00:00:00,2026-05-17 00:00:00,organic,iOS,二线城市,payer,1
U002317,2026-06-02 00:00:00,2026-06-02 00:00:00,short_video_ads,Android,新一线城市,free,0
U002318,2026-06-13 00:00:00,2026-06-13 00:00:00,short_video_ads,Web,二线城市,free,0
U002319,2026-05-31 00:00:00,2026-05-31 00:00:00,organic,Web,二线城市,free,0
U002320,2026-05-15 00:00:00,2026-05-15 00:00:00,short_video_ads,Web,一线城市,free,0
U002321,2026-05-12 00:00:00,2026-05-12 00:00:00,search_ads,Android,二线城市,free,0
U002322,2026-05-16 00:00:00,2026-05-16 00:00:00,organic,Android,新一线城市,free,0
U002323,2026-05-19 00:00:00,2026-05-19 00:00:00,organic,Web,新一线城市,free,0
U002324,2026-05-02 00:00:00,2026-05-02 00:00:00,app_store,Android,一线城市,free,0
U002325,2026-05-15 00:00:00,2026-05-15 00:00:00,short_video_ads,iOS,新一线城市,payer,1
U002326,2026-05-17 00:00:00,2026-05-17 00:00:00,short_video_ads,Web,一线城市,free,0
U002327,2026-05-08 00:00:00,2026-05-08 00:00:00,short_video_ads,Android,一线城市,free,0
U002328,2026-05-01 00:00:00,2026-05-01 00:00:00,organic,Web,二线城市,payer,1
U002329,2026-06-04 00:00:00,2026-06-04 00:00:00,organic,Android,新一线城市,free,0
U002330,2026-05-20 00:00:00,2026-05-20 00:00:00,short_video_ads,iOS,新一线城市,free,0
U002331,2026-06-20 00:00:00,2026-06-20 00:00:00,app_store,Android,二线城市,free,0
U002332,2026-05-05 00:00:00,2026-05-05 00:00:00,app_store,iOS,二线城市,free,0
U002333,2026-05-13 00:00:00,2026-05-13 00:00:00,kol,Web,新一线城市,free,0
U002334,2026-06-13 00:00:00,2026-06-13 00:00:00,search_ads,iOS,新一线城市,free,0
U002335,2026-06-02 00:00:00,2026-06-02 00:00:00,app_store,iOS,一线城市,free,0
U002336,2026-06-16 00:00:00,2026-06-16 00:00:00,organic,Android,一线城市,free,0
U002337,2026-06-03 00:00:00,2026-06-03 00:00:00,referral,Web,二线城市,free,0
U002338,2026-05-01 00:00:00,2026-05-01 00:00:00,kol,Android,一线城市,free,0
U002339,2026-06-14 00:00:00,2026-06-14 00:00:00,organic,iOS,二线城市,free,0
U002340,2026-05-21 00:00:00,2026-05-21 00:00:00,organic,Android,一线城市,free,0
U002341,2026-05-27 00:00:00,2026-05-27 00:00:00,organic,Web,新一线城市,free,0
U002342,2026-05-28 00:00:00,2026-05-28 00:00:00,referral,Android,海外,free,0
U002343,2026-05-05 00:00:00,2026-05-05 00:00:00,short_video_ads,Web,一线城市,free,0
U002344,2026-05-17 00:00:00,2026-05-17 00:00:00,app_store,Android,二线城市,free,0
U002345,2026-05-06 00:00:00,2026-05-06 00:00:00,short_video_ads,iOS,海外,free,0
U002346,2026-05-22 00:00:00,2026-05-22 00:00:00,short_video_ads,Android,新一线城市,payer,1
U002347,2026-06-24 00:00:00,2026-06-24 00:00:00,organic,Web,一线城市,free,0
U002348,2026-06-06 00:00:00,2026-06-06 00:00:00,organic,Web,一线城市,free,0
U002349,2026-06-19 00:00:00,2026-06-19 00:00:00,kol,Android,新一线城市,free,0
U002350,2026-06-12 00:00:00,2026-06-12 00:00:00,app_store,Web,新一线城市,free,0
U002351,2026-06-20 00:00:00,2026-06-20 00:00:00,short_video_ads,Web,二线城市,free,0
U002352,2026-05-03 00:00:00,2026-05-03 00:00:00,referral,iOS,一线城市,free,0
U002353,2026-05-01 00:00:00,2026-05-01 00:00:00,kol,Web,一线城市,free,0
U002354,2026-06-18 00:00:00,2026-06-18 00:00:00,kol,iOS,二线城市,payer,1
U002355,2026-05-19 00:00:00,2026-05-19 00:00:00,search_ads,iOS,海外,free,0
U002356,2026-06-29 00:00:00,2026-06-29 00:00:00,search_ads,iOS,二线城市,free,0
U002357,2026-05-19 00:00:00,2026-05-19 00:00:00,kol,iOS,二线城市,free,0
U002358,2026-06-19 00:00:00,2026-06-17 00:00:00,short_video_ads,iOS,新一线城市,free,0
U002359,2026-06-02 00:00:00,2026-05-31 00:00:00,organic,Web,新一线城市,free,0
U002360,2026-06-05 00:00:00,2026-06-04 00:00:00,kol,Android,二线城市,free,0
U002361,2026-06-11 00:00:00,2026-06-11 00:00:00,kol,iOS,新一线城市,free,0
U002362,2026-05-27 00:00:00,2026-05-27 00:00:00,kol,Web,新一线城市,free,0
U002363,2026-05-23 00:00:00,2026-05-23 00:00:00,organic,Web,二线城市,free,0
U002364,2026-05-20 00:00:00,2026-05-20 00:00:00,organic,Web,一线城市,free,0
U002365,2026-05-03 00:00:00,2026-05-03 00:00:00,app_store,Web,一线城市,free,0
U002366,2026-06-09 00:00:00,2026-06-09 00:00:00,kol,Android,一线城市,free,0
U002367,2026-06-07 00:00:00,2026-06-07 00:00:00,search_ads,iOS,一线城市,free,0
U002368,2026-06-04 00:00:00,2026-06-04 00:00:00,kol,Android,新一线城市,free,0
U002369,2026-05-05 00:00:00,2026-05-05 00:00:00,app_store,Web,新一线城市,free,0
U002370,2026-05-09 00:00:00,2026-05-09 00:00:00,search_ads,Android,新一线城市,free,0
U002371,2026-06-28 00:00:00,2026-06-28 00:00:00,organic,Android,海外,free,0
U002372,2026-06-27 00:00:00,2026-06-27 00:00:00,organic,iOS,一线城市,free,0
U002373,2026-05-30 00:00:00,2026-05-30 00:00:00,search_ads,Android,新一线城市,free,0
U002374,2026-05-12 00:00:00,2026-05-12 00:00:00,app_store,Web,二线城市,payer,1
U002375,2026-05-16 00:00:00,2026-05-16 00:00:00,organic,Android,二线城市,free,0
U002376,2026-05-09 00:00:00,2026-05-09 00:00:00,referral,Android,一线城市,free,0
U002377,2026-05-08 00:00:00,2026-05-08 00:00:00,organic,iOS,一线城市,free,0
U002378,2026-05-23 00:00:00,2026-05-23 00:00:00,app_store,Android,二线城市,free,0
U002379,2026-06-06 00:00:00,2026-06-06 00:00:00,short_video_ads,Android,一线城市,free,0
U002380,2026-06-08 00:00:00,2026-06-08 00:00:00,app_store,Web,二线城市,free,0
U002381,2026-05-12 00:00:00,2026-05-12 00:00:00,organic,Android,新一线城市,free,0
U002382,2026-05-03 00:00:00,2026-05-03 00:00:00,search_ads,Web,一线城市,payer,1
U002383,2026-05-25 00:00:00,2026-05-25 00:00:00,app_store,iOS,一线城市,free,0
U002384,2026-05-17 00:00:00,2026-05-17 00:00:00,organic,Android,一线城市,free,0
U002385,2026-05-07 00:00:00,2026-05-07 00:00:00,kol,Web,二线城市,payer,1
U002386,2026-06-13 00:00:00,2026-06-13 00:00:00,kol,iOS,二线城市,free,0
U002387,2026-05-25 00:00:00,2026-05-25 00:00:00,organic,Android,新一线城市,free,0
U002388,2026-05-10 00:00:00,2026-05-10 00:00:00,app_store,Android,二线城市,free,0
U002389,2026-05-29 00:00:00,2026-05-29 00:00:00,short_video_ads,Android,二线城市,payer,1
U002390,2026-05-21 00:00:00,2026-05-21 00:00:00,search_ads,iOS,海外,free,0
U002391,2026-05-23 00:00:00,2026-05-23 00:00:00,organic,Web,二线城市,free,0
U002392,2026-05-17 00:00:00,2026-05-17 00:00:00,search_ads,Web,二线城市,free,0
U002393,2026-06-09 00:00:00,2026-06-08 00:00:00,kol,iOS,新一线城市,free,0
U002394,2026-05-27 00:00:00,2026-05-27 00:00:00,organic,Android,新一线城市,free,0
U002395,2026-06-22 00:00:00,2026-06-22 00:00:00,kol,Android,二线城市,free,0
U002396,2026-05-12 00:00:00,2026-05-12 00:00:00,referral,Android,新一线城市,free,0
U002397,2026-05-10 00:00:00,2026-05-10 00:00:00,kol,Android,一线城市,free,0
U002398,2026-06-08 00:00:00,2026-06-08 00:00:00,short_video_ads,Android,新一线城市,free,0
U002399,2026-05-25 00:00:00,2026-05-25 00:00:00,organic,Web,海外,free,0
U002400,2026-05-24 00:00:00,2026-05-24 00:00:00,short_video_ads,iOS,新一线城市,free,0
U002401,2026-06-22 00:00:00,2026-06-22 00:00:00,referral,iOS,新一线城市,free,0
U002402,2026-06-05 00:00:00,2026-06-05 00:00:00,short_video_ads,iOS,一线城市,free,0
U002403,2026-06-26 00:00:00,2026-06-26 00:00:00,search_ads,Android,海外,free,0
U002404,2026-05-27 00:00:00,2026-05-26 00:00:00,referral,Web,二线城市,free,0
U002405,2026-05-11 00:00:00,2026-05-11 00:00:00,short_video_ads,Android,二线城市,free,0
U002406,2026-05-23 00:00:00,2026-05-23 00:00:00,short_video_ads,Android,二线城市,free,0
U002407,2026-06-06 00:00:00,2026-06-06 00:00:00,referral,iOS,二线城市,free,0
U002408,2026-05-10 00:00:00,2026-05-10 00:00:00,kol,Android,海外,free,0
U002409,2026-06-10 00:00:00,2026-06-10 00:00:00,search_ads,Web,海外,free,0
U002410,2026-05-19 00:00:00,2026-05-19 00:00:00,search_ads,iOS,一线城市,free,0
U002411,2026-05-26 00:00:00,2026-05-26 00:00:00,kol,iOS,新一线城市,free,0
U002412,2026-05-18 00:00:00,2026-05-18 00:00:00,referral,Web,新一线城市,payer,1
U002413,2026-06-26 00:00:00,2026-06-24 00:00:00,organic,Android,二线城市,free,0
U002414,2026-05-27 00:00:00,2026-05-27 00:00:00,app_store,Android,一线城市,free,0
U002415,2026-05-17 00:00:00,2026-05-17 00:00:00,kol,Web,新一线城市,free,0
U002416,2026-06-17 00:00:00,2026-06-17 00:00:00,kol,iOS,海外,free,0
U002417,2026-05-23 00:00:00,2026-05-23 00:00:00,short_video_ads,iOS,一线城市,free,0
U002418,2026-05-06 00:00:00,2026-05-06 00:00:00,app_store,iOS,新一线城市,payer,1
U002419,2026-05-19 00:00:00,2026-05-19 00:00:00,search_ads,Android,新一线城市,free,0
U002420,2026-06-15 00:00:00,2026-06-15 00:00:00,app_store,iOS,新一线城市,free,0
U002421,2026-05-31 00:00:00,2026-05-31 00:00:00,kol,Android,新一线城市,free,0
U002422,2026-05-15 00:00:00,2026-05-15 00:00:00,app_store,Android,海外,free,0
U002423,2026-05-26 00:00:00,2026-05-26 00:00:00,organic,Web,新一线城市,free,0
U002424,2026-05-15 00:00:00,2026-05-15 00:00:00,short_video_ads,iOS,一线城市,free,0
U002425,2026-06-27 00:00:00,2026-06-27 00:00:00,referral,Android,二线城市,free,0
U002426,2026-05-11 00:00:00,2026-05-11 00:00:00,kol,Android,新一线城市,payer,1
U002427,2026-06-18 00:00:00,2026-06-18 00:00:00,short_video_ads,Android,一线城市,free,0
U002428,2026-06-27 00:00:00,2026-06-27 00:00:00,organic,iOS,一线城市,free,0
U002429,2026-06-04 00:00:00,2026-06-04 00:00:00,organic,Android,新一线城市,free,0
U002430,2026-05-16 00:00:00,2026-05-16 00:00:00,referral,Android,新一线城市,payer,1
U002431,2026-05-11 00:00:00,2026-05-11 00:00:00,organic,Web,新一线城市,free,0
U002432,2026-05-06 00:00:00,2026-05-06 00:00:00,app_store,iOS,二线城市,free,0
U002433,2026-05-29 00:00:00,2026-05-29 00:00:00,app_store,Android,新一线城市,free,0
U002434,2026-06-02 00:00:00,2026-06-02 00:00:00,kol,Web,一线城市,payer,1
U002435,2026-05-09 00:00:00,2026-05-09 00:00:00,app_store,Android,一线城市,free,0
U002436,2026-06-26 00:00:00,2026-06-26 00:00:00,kol,Android,海外,free,0
U002437,2026-06-04 00:00:00,2026-06-04 00:00:00,referral,Web,新一线城市,free,0
U002438,2026-06-11 00:00:00,2026-06-11 00:00:00,organic,iOS,海外,free,0
U002439,2026-06-23 00:00:00,2026-06-23 00:00:00,app_store,iOS,新一线城市,payer,1
U002440,2026-06-04 00:00:00,2026-06-04 00:00:00,organic,Android,海外,free,0
U002441,2026-05-04 00:00:00,2026-05-04 00:00:00,organic,Web,二线城市,payer,1
U002442,2026-06-06 00:00:00,2026-06-06 00:00:00,search_ads,Android,一线城市,free,0
U002443,2026-06-10 00:00:00,2026-06-10 00:00:00,app_store,iOS,二线城市,free,0
U002444,2026-05-26 00:00:00,2026-05-26 00:00:00,app_store,iOS,新一线城市,free,0
U002445,2026-05-23 00:00:00,2026-05-23 00:00:00,organic,iOS,新一线城市,free,0
U002446,2026-06-01 00:00:00,2026-06-01 00:00:00,short_video_ads,Android,一线城市,free,0
U002447,2026-06-12 00:00:00,2026-06-12 00:00:00,referral,Android,二线城市,free,0
U002448,2026-05-14 00:00:00,2026-05-13 00:00:00,app_store,Android,一线城市,free,0
U002449,2026-06-09 00:00:00,2026-06-09 00:00:00,short_video_ads,Web,二线城市,free,0
U002450,2026-05-27 00:00:00,2026-05-27 00:00:00,app_store,Web,新一线城市,payer,1
U002451,2026-05-01 00:00:00,2026-05-01 00:00:00,app_store,iOS,新一线城市,free,0
U002452,2026-06-24 00:00:00,2026-06-24 00:00:00,app_store,iOS,新一线城市,free,0
U002453,2026-05-17 00:00:00,2026-05-17 00:00:00,short_video_ads,Android,新一线城市,free,0
U002454,2026-05-21 00:00:00,2026-05-21 00:00:00,search_ads,iOS,一线城市,free,0
U002455,2026-06-20 00:00:00,2026-06-20 00:00:00,referral,Web,新一线城市,free,0
U002456,2026-05-07 00:00:00,2026-05-07 00:00:00,kol,Web,新一线城市,free,0
U002457,2026-05-21 00:00:00,2026-05-21 00:00:00,organic,Android,一线城市,free,0
U002458,2026-05-05 00:00:00,2026-05-05 00:00:00,organic,Android,一线城市,free,0
U002459,2026-05-18 00:00:00,2026-05-18 00:00:00,short_video_ads,Web,海外,free,0
U002460,2026-06-15 00:00:00,2026-06-15 00:00:00,app_store,iOS,二线城市,free,0
U002461,2026-06-21 00:00:00,2026-06-21 00:00:00,organic,iOS,一线城市,free,0
U002462,2026-06-10 00:00:00,2026-06-10 00:00:00,referral,iOS,二线城市,free,0
U002463,2026-06-11 00:00:00,2026-06-10 00:00:00,short_video_ads,Android,一线城市,free,0
U002464,2026-05-18 00:00:00,2026-05-18 00:00:00,referral,iOS,海外,payer,1
U002465,2026-05-24 00:00:00,2026-05-24 00:00:00,app_store,Android,二线城市,free,0
U002466,2026-06-24 00:00:00,2026-06-24 00:00:00,organic,iOS,新一线城市,free,0
U002467,2026-05-09 00:00:00,2026-05-09 00:00:00,short_video_ads,iOS,二线城市,free,0
U002468,2026-06-16 00:00:00,2026-06-16 00:00:00,search_ads,iOS,一线城市,free,0
U002469,2026-05-17 00:00:00,2026-05-17 00:00:00,search_ads,iOS,一线城市,payer,1
U002470,2026-05-10 00:00:00,2026-05-10 00:00:00,organic,iOS,一线城市,payer,1
U002471,2026-05-11 00:00:00,2026-05-11 00:00:00,search_ads,iOS,一线城市,free,0
U002472,2026-06-06 00:00:00,2026-06-06 00:00:00,kol,Android,二线城市,free,0
U002473,2026-05-06 00:00:00,2026-05-06 00:00:00,short_video_ads,Android,一线城市,free,0
U002474,2026-06-01 00:00:00,2026-06-01 00:00:00,organic,Web,二线城市,free,0
U002475,2026-05-01 00:00:00,2026-05-01 00:00:00,short_video_ads,Web,新一线城市,payer,1
U002476,2026-05-22 00:00:00,2026-05-22 00:00:00,short_video_ads,Android,一线城市,free,0
U002477,2026-05-29 00:00:00,2026-05-29 00:00:00,referral,iOS,新一线城市,free,0
U002478,2026-05-07 00:00:00,2026-05-07 00:00:00,organic,Web,新一线城市,free,0
U002479,2026-06-15 00:00:00,2026-06-15 00:00:00,short_video_ads,Web,海外,free,0
U002480,2026-05-12 00:00:00,2026-05-11 00:00:00,organic,iOS,二线城市,free,0
U002481,2026-06-17 00:00:00,2026-06-17 00:00:00,short_video_ads,Android,二线城市,free,0
U002482,2026-06-17 00:00:00,2026-06-17 00:00:00,organic,Web,二线城市,free,0
U002483,2026-05-18 00:00:00,2026-05-18 00:00:00,short_video_ads,iOS,二线城市,free,0
U002484,2026-06-28 00:00:00,2026-06-28 00:00:00,app_store,Android,海外,free,0
U002485,2026-06-01 00:00:00,2026-06-01 00:00:00,organic,iOS,海外,free,0
U002486,2026-06-10 00:00:00,2026-06-10 00:00:00,kol,Web,海外,free,0
U002487,2026-05-12 00:00:00,2026-05-12 00:00:00,short_video_ads,Android,二线城市,free,0
U002488,2026-05-14 00:00:00,2026-05-14 00:00:00,search_ads,Android,一线城市,payer,1
U002489,2026-06-26 00:00:00,2026-06-26 00:00:00,app_store,Android,新一线城市,free,0
U002490,2026-05-24 00:00:00,2026-05-24 00:00:00,app_store,Android,新一线城市,free,0
U002491,2026-06-28 00:00:00,2026-06-28 00:00:00,organic,iOS,新一线城市,free,0
U002492,2026-05-15 00:00:00,2026-05-15 00:00:00,kol,iOS,新一线城市,free,0
U002493,2026-05-08 00:00:00,2026-05-08 00:00:00,search_ads,Web,二线城市,free,0
U002494,2026-05-25 00:00:00,2026-05-25 00:00:00,organic,Web,新一线城市,free,0
U002495,2026-06-04 00:00:00,2026-06-04 00:00:00,app_store,Android,新一线城市,free,0
U002496,2026-06-23 00:00:00,2026-06-23 00:00:00,short_video_ads,iOS,二线城市,free,0
U002497,2026-06-01 00:00:00,2026-06-01 00:00:00,organic,Web,新一线城市,free,0
U002498,2026-05-20 00:00:00,2026-05-19 00:00:00,search_ads,Android,二线城市,free,0
U002499,2026-06-07 00:00:00,2026-06-07 00:00:00,app_store,Android,一线城市,free,0
U002500,2026-06-02 00:00:00,2026-06-02 00:00:00,search_ads,iOS,一线城市,free,0
U002501,2026-06-12 00:00:00,2026-06-12 00:00:00,kol,Web,一线城市,free,0
U002502,2026-05-31 00:00:00,2026-05-31 00:00:00,kol,iOS,一线城市,free,0
U002503,2026-05-25 00:00:00,2026-05-25 00:00:00,referral,Android,新一线城市,free,0
U002504,2026-06-20 00:00:00,2026-06-20 00:00:00,app_store,Web,一线城市,free,0
U002505,2026-06-23 00:00:00,2026-06-23 00:00:00,search_ads,iOS,新一线城市,free,0
U002506,2026-06-26 00:00:00,2026-06-26 00:00:00,short_video_ads,iOS,新一线城市,free,0
U002507,2026-06-13 00:00:00,2026-06-13 00:00:00,referral,Web,新一线城市,payer,1
U002508,2026-05-04 00:00:00,2026-05-03 00:00:00,organic,iOS,海外,free,0
U002509,2026-06-13 00:00:00,2026-06-13 00:00:00,kol,Web,新一线城市,free,0
U002510,2026-05-22 00:00:00,2026-05-22 00:00:00,organic,iOS,新一线城市,free,0
U002511,2026-05-24 00:00:00,2026-05-24 00:00:00,kol,Android,新一线城市,free,0
U002512,2026-06-27 00:00:00,2026-06-27 00:00:00,short_video_ads,Android,一线城市,free,0
U002513,2026-05-03 00:00:00,2026-05-03 00:00:00,kol,Web,一线城市,free,0
U002514,2026-06-21 00:00:00,2026-06-21 00:00:00,app_store,iOS,新一线城市,free,0
U002515,2026-06-28 00:00:00,2026-06-28 00:00:00,referral,Android,二线城市,free,0
U002516,2026-06-18 00:00:00,2026-06-18 00:00:00,app_store,Web,一线城市,free,0
U002517,2026-05-05 00:00:00,2026-05-05 00:00:00,organic,Android,一线城市,free,0
U002518,2026-06-14 00:00:00,2026-06-12 00:00:00,kol,iOS,二线城市,free,0
U002519,2026-06-02 00:00:00,2026-06-02 00:00:00,search_ads,iOS,海外,free,0
U002520,2026-05-27 00:00:00,2026-05-27 00:00:00,kol,Android,海外,free,0
U002521,2026-05-04 00:00:00,2026-05-04 00:00:00,organic,Android,新一线城市,free,0
U002522,2026-05-26 00:00:00,2026-05-26 00:00:00,app_store,Android,一线城市,free,0
U002523,2026-05-27 00:00:00,2026-05-27 00:00:00,search_ads,Web,一线城市,free,0
U002524,2026-06-13 00:00:00,2026-06-13 00:00:00,organic,Android,新一线城市,free,0
U002525,2026-05-24 00:00:00,2026-05-24 00:00:00,short_video_ads,Web,二线城市,free,0
U002526,2026-05-15 00:00:00,2026-05-15 00:00:00,short_video_ads,Web,二线城市,free,0
U002527,2026-05-08 00:00:00,2026-05-08 00:00:00,search_ads,iOS,新一线城市,free,0
U002528,2026-06-07 00:00:00,2026-06-06 00:00:00,short_video_ads,iOS,新一线城市,free,0
U002529,2026-05-13 00:00:00,2026-05-13 00:00:00,organic,iOS,海外,payer,1
U002530,2026-06-26 00:00:00,2026-06-26 00:00:00,organic,Android,一线城市,free,0
U002531,2026-06-15 00:00:00,2026-06-15 00:00:00,referral,iOS,一线城市,payer,1
U002532,2026-05-13 00:00:00,2026-05-13 00:00:00,short_video_ads,iOS,新一线城市,payer,1
U002533,2026-05-29 00:00:00,2026-05-29 00:00:00,kol,iOS,二线城市,free,0
U002534,2026-06-06 00:00:00,2026-06-06 00:00:00,kol,Web,新一线城市,free,0
U002535,2026-05-25 00:00:00,2026-05-25 00:00:00,short_video_ads,iOS,二线城市,free,0
U002536,2026-05-14 00:00:00,2026-05-14 00:00:00,organic,iOS,二线城市,free,0
U002537,2026-05-12 00:00:00,2026-05-12 00:00:00,search_ads,Android,一线城市,free,0
U002538,2026-05-22 00:00:00,2026-05-22 00:00:00,referral,Android,海外,free,0
U002539,2026-05-25 00:00:00,2026-05-25 00:00:00,app_store,Android,二线城市,free,0
U002540,2026-06-05 00:00:00,2026-06-05 00:00:00,kol,iOS,一线城市,free,0
U002541,2026-05-16 00:00:00,2026-05-16 00:00:00,organic,Android,二线城市,payer,1
U002542,2026-06-21 00:00:00,2026-06-21 00:00:00,short_video_ads,Android,一线城市,free,0
U002543,2026-05-26 00:00:00,2026-05-26 00:00:00,search_ads,Web,海外,free,0
U002544,2026-05-24 00:00:00,2026-05-24 00:00:00,referral,Web,一线城市,payer,1
U002545,2026-05-27 00:00:00,2026-05-27 00:00:00,search_ads,iOS,二线城市,free,0
U002546,2026-05-12 00:00:00,2026-05-12 00:00:00,short_video_ads,iOS,一线城市,free,0
U002547,2026-05-28 00:00:00,2026-05-28 00:00:00,short_video_ads,Android,新一线城市,free,0
U002548,2026-06-24 00:00:00,2026-06-24 00:00:00,short_video_ads,iOS,新一线城市,free,0
U002549,2026-05-11 00:00:00,2026-05-10 00:00:00,short_video_ads,iOS,新一线城市,free,0
U002550,2026-05-07 00:00:00,2026-05-05 00:00:00,search_ads,Android,新一线城市,free,0
U002551,2026-05-11 00:00:00,2026-05-11 00:00:00,organic,Android,新一线城市,free,0
U002552,2026-05-24 00:00:00,2026-05-24 00:00:00,referral,Android,新一线城市,free,0
U002553,2026-05-29 00:00:00,2026-05-29 00:00:00,app_store,Android,二线城市,free,0
U002554,2026-06-09 00:00:00,2026-06-09 00:00:00,short_video_ads,Android,一线城市,free,0
U002555,2026-05-27 00:00:00,2026-05-27 00:00:00,organic,Web,新一线城市,free,0
U002556,2026-05-12 00:00:00,2026-05-12 00:00:00,search_ads,Android,新一线城市,free,0
U002557,2026-05-24 00:00:00,2026-05-24 00:00:00,kol,Android,二线城市,free,0
U002558,2026-05-28 00:00:00,2026-05-28 00:00:00,short_video_ads,Web,二线城市,free,0
U002559,2026-06-23 00:00:00,2026-06-23 00:00:00,app_store,Android,二线城市,free,0
U002560,2026-05-07 00:00:00,2026-05-07 00:00:00,referral,iOS,一线城市,free,0
U002561,2026-05-11 00:00:00,2026-05-11 00:00:00,short_video_ads,iOS,一线城市,free,0
U002562,2026-05-20 00:00:00,2026-05-20 00:00:00,search_ads,iOS,一线城市,free,0
U002563,2026-05-11 00:00:00,2026-05-11 00:00:00,referral,Android,新一线城市,free,0
U002564,2026-05-28 00:00:00,2026-05-28 00:00:00,organic,iOS,海外,free,0
U002565,2026-05-12 00:00:00,2026-05-10 00:00:00,app_store,Web,新一线城市,free,0
U002566,2026-05-26 00:00:00,2026-05-26 00:00:00,organic,Web,海外,free,0
U002567,2026-05-06 00:00:00,2026-05-06 00:00:00,organic,Web,二线城市,free,0
U002568,2026-05-17 00:00:00,2026-05-17 00:00:00,organic,Web,新一线城市,free,0
U002569,2026-05-14 00:00:00,2026-05-14 00:00:00,organic,Web,新一线城市,free,0
U002570,2026-06-02 00:00:00,2026-06-02 00:00:00,organic,Android,新一线城市,free,0
U002571,2026-05-26 00:00:00,2026-05-26 00:00:00,kol,Android,一线城市,free,0
U002572,2026-05-30 00:00:00,2026-05-30 00:00:00,organic,Web,新一线城市,payer,1
U002573,2026-05-23 00:00:00,2026-05-23 00:00:00,short_video_ads,Web,新一线城市,free,0
U002574,2026-05-24 00:00:00,2026-05-24 00:00:00,search_ads,iOS,一线城市,free,0
U002575,2026-05-12 00:00:00,2026-05-12 00:00:00,organic,iOS,新一线城市,free,0
U002576,2026-05-31 00:00:00,2026-05-31 00:00:00,app_store,Web,新一线城市,free,0
U002577,2026-05-14 00:00:00,2026-05-14 00:00:00,organic,Android,一线城市,free,0
U002578,2026-06-10 00:00:00,2026-06-10 00:00:00,short_video_ads,Web,新一线城市,free,0
U002579,2026-05-14 00:00:00,2026-05-14 00:00:00,organic,iOS,一线城市,free,0
U002580,2026-06-01 00:00:00,2026-06-01 00:00:00,short_video_ads,Web,海外,free,0
U002581,2026-05-19 00:00:00,2026-05-19 00:00:00,short_video_ads,iOS,二线城市,free,0
U002582,2026-06-29 00:00:00,2026-06-29 00:00:00,kol,Android,二线城市,free,0
U002583,2026-06-24 00:00:00,2026-06-24 00:00:00,organic,iOS,新一线城市,free,0
U002584,2026-06-18 00:00:00,2026-06-18 00:00:00,organic,Android,一线城市,free,0
U002585,2026-06-23 00:00:00,2026-06-23 00:00:00,referral,Android,一线城市,free,0
U002586,2026-05-27 00:00:00,2026-05-27 00:00:00,short_video_ads,Android,新一线城市,free,0
U002587,2026-06-02 00:00:00,2026-06-02 00:00:00,short_video_ads,Web,新一线城市,payer,1
U002588,2026-06-12 00:00:00,2026-06-12 00:00:00,kol,Web,新一线城市,free,0
U002589,2026-05-18 00:00:00,2026-05-18 00:00:00,short_video_ads,Web,一线城市,free,0
U002590,2026-05-17 00:00:00,2026-05-17 00:00:00,app_store,Android,二线城市,free,0
U002591,2026-05-15 00:00:00,2026-05-15 00:00:00,short_video_ads,iOS,海外,free,0
U002592,2026-06-13 00:00:00,2026-06-13 00:00:00,organic,iOS,二线城市,free,0
U002593,2026-06-25 00:00:00,2026-06-25 00:00:00,search_ads,Android,新一线城市,free,0
U002594,2026-06-03 00:00:00,2026-06-03 00:00:00,kol,iOS,一线城市,free,0
U002595,2026-05-17 00:00:00,2026-05-17 00:00:00,organic,Web,新一线城市,free,0
U002596,2026-05-29 00:00:00,2026-05-29 00:00:00,app_store,iOS,二线城市,free,0
U002597,2026-05-08 00:00:00,2026-05-08 00:00:00,short_video_ads,iOS,二线城市,free,0
U002598,2026-05-26 00:00:00,2026-05-26 00:00:00,organic,Android,新一线城市,free,0
U002599,2026-06-06 00:00:00,2026-06-05 00:00:00,search_ads,Web,二线城市,free,0
U002600,2026-05-23 00:00:00,2026-05-23 00:00:00,search_ads,iOS,一线城市,free,0
U002601,2026-06-28 00:00:00,2026-06-28 00:00:00,search_ads,Android,新一线城市,free,0
U002602,2026-06-14 00:00:00,2026-06-14 00:00:00,organic,Android,一线城市,free,0
U002603,2026-05-27 00:00:00,2026-05-27 00:00:00,organic,Android,二线城市,free,0
U002604,2026-06-01 00:00:00,2026-06-01 00:00:00,referral,Android,一线城市,free,0
U002605,2026-06-25 00:00:00,2026-06-25 00:00:00,short_video_ads,iOS,一线城市,free,0
U002606,2026-06-14 00:00:00,2026-06-14 00:00:00,search_ads,iOS,新一线城市,free,0
U002607,2026-05-07 00:00:00,2026-05-07 00:00:00,kol,Android,二线城市,free,0
U002608,2026-05-15 00:00:00,2026-05-15 00:00:00,referral,Android,一线城市,free,0
U002609,2026-06-04 00:00:00,2026-06-04 00:00:00,referral,Android,二线城市,free,0
U002610,2026-06-09 00:00:00,2026-06-09 00:00:00,search_ads,Android,一线城市,free,0
U002611,2026-06-06 00:00:00,2026-06-06 00:00:00,organic,iOS,一线城市,free,0
U002612,2026-05-29 00:00:00,2026-05-29 00:00:00,organic,iOS,新一线城市,free,0
U002613,2026-05-14 00:00:00,2026-05-14 00:00:00,search_ads,iOS,一线城市,payer,1
U002614,2026-06-08 00:00:00,2026-06-08 00:00:00,short_video_ads,Web,二线城市,payer,1
U002615,2026-05-25 00:00:00,2026-05-25 00:00:00,search_ads,Android,一线城市,free,0
U002616,2026-06-20 00:00:00,2026-06-20 00:00:00,organic,iOS,新一线城市,free,0
U002617,2026-05-24 00:00:00,2026-05-24 00:00:00,app_store,iOS,一线城市,free,0
U002618,2026-05-08 00:00:00,2026-05-08 00:00:00,referral,iOS,新一线城市,free,0
U002619,2026-05-15 00:00:00,2026-05-15 00:00:00,organic,Android,二线城市,free,0
U002620,2026-06-18 00:00:00,2026-06-18 00:00:00,kol,Web,二线城市,free,0
U002621,2026-06-16 00:00:00,2026-06-16 00:00:00,short_video_ads,Web,二线城市,free,0
U002622,2026-06-10 00:00:00,2026-06-10 00:00:00,search_ads,Android,新一线城市,free,0
U002623,2026-06-27 00:00:00,2026-06-27 00:00:00,app_store,Android,新一线城市,free,0
U002624,2026-05-22 00:00:00,2026-05-22 00:00:00,referral,iOS,一线城市,free,0
U002625,2026-06-06 00:00:00,2026-06-06 00:00:00,app_store,iOS,一线城市,free,0
U002626,2026-06-22 00:00:00,2026-06-22 00:00:00,short_video_ads,Android,新一线城市,free,0
U002627,2026-06-03 00:00:00,2026-06-03 00:00:00,kol,iOS,二线城市,free,0
U002628,2026-05-25 00:00:00,2026-05-25 00:00:00,app_store,Android,一线城市,free,0
U002629,2026-06-29 00:00:00,2026-06-29 00:00:00,organic,Android,二线城市,free,0
U002630,2026-05-20 00:00:00,2026-05-20 00:00:00,organic,Android,新一线城市,payer,1
U002631,2026-05-10 00:00:00,2026-05-10 00:00:00,search_ads,Web,一线城市,free,0
U002632,2026-05-22 00:00:00,2026-05-22 00:00:00,kol,Web,一线城市,free,0
U002633,2026-06-01 00:00:00,2026-06-01 00:00:00,search_ads,Web,海外,free,0
U002634,2026-06-10 00:00:00,2026-06-10 00:00:00,referral,Android,二线城市,free,0
U002635,2026-05-08 00:00:00,2026-05-08 00:00:00,referral,iOS,一线城市,free,0
U002636,2026-05-31 00:00:00,2026-05-31 00:00:00,app_store,Android,新一线城市,free,0
U002637,2026-06-08 00:00:00,2026-06-08 00:00:00,search_ads,Android,新一线城市,free,0
U002638,2026-06-16 00:00:00,2026-06-16 00:00:00,app_store,Web,新一线城市,free,0
U002639,2026-05-02 00:00:00,2026-05-02 00:00:00,kol,iOS,海外,payer,1
U002640,2026-06-17 00:00:00,2026-06-17 00:00:00,organic,Web,一线城市,free,0
U002641,2026-05-13 00:00:00,2026-05-13 00:00:00,organic,Android,一线城市,free,0
U002642,2026-06-11 00:00:00,2026-06-11 00:00:00,search_ads,Web,二线城市,free,0
U002643,2026-05-15 00:00:00,2026-05-15 00:00:00,organic,Android,海外,free,0
U002644,2026-06-13 00:00:00,2026-06-13 00:00:00,kol,Web,海外,free,0
U002645,2026-06-24 00:00:00,2026-06-24 00:00:00,short_video_ads,Android,一线城市,free,0
U002646,2026-06-22 00:00:00,2026-06-22 00:00:00,short_video_ads,iOS,一线城市,free,0
U002647,2026-06-18 00:00:00,2026-06-18 00:00:00,short_video_ads,iOS,一线城市,free,0
U002648,2026-05-16 00:00:00,2026-05-16 00:00:00,search_ads,Web,二线城市,free,0
U002649,2026-05-26 00:00:00,2026-05-26 00:00:00,short_video_ads,Web,新一线城市,free,0
U002650,2026-05-06 00:00:00,2026-05-06 00:00:00,search_ads,Android,二线城市,free,0
U002651,2026-05-01 00:00:00,2026-04-30 00:00:00,kol,iOS,新一线城市,payer,1
U002652,2026-05-07 00:00:00,2026-05-07 00:00:00,app_store,Android,一线城市,free,0
U002653,2026-06-10 00:00:00,2026-06-10 00:00:00,organic,iOS,二线城市,free,0
U002654,2026-05-18 00:00:00,2026-05-18 00:00:00,referral,Android,新一线城市,free,0
U002655,2026-05-04 00:00:00,2026-05-04 00:00:00,search_ads,Web,新一线城市,free,0
U002656,2026-06-26 00:00:00,2026-06-26 00:00:00,referral,Android,二线城市,free,0
U002657,2026-06-07 00:00:00,2026-06-07 00:00:00,app_store,iOS,新一线城市,payer,1
U002658,2026-06-07 00:00:00,2026-06-07 00:00:00,search_ads,Web,新一线城市,free,0
U002659,2026-06-21 00:00:00,2026-06-21 00:00:00,organic,Android,二线城市,free,0
U002660,2026-06-06 00:00:00,2026-06-06 00:00:00,organic,Android,新一线城市,free,0
U002661,2026-06-22 00:00:00,2026-06-22 00:00:00,short_video_ads,Android,海外,free,0
U002662,2026-05-21 00:00:00,2026-05-21 00:00:00,kol,iOS,新一线城市,free,0
U002663,2026-05-03 00:00:00,2026-05-03 00:00:00,referral,iOS,海外,free,0
U002664,2026-05-23 00:00:00,2026-05-22 00:00:00,kol,Web,二线城市,free,0
U002665,2026-05-11 00:00:00,2026-05-11 00:00:00,search_ads,iOS,一线城市,free,0
U002666,2026-05-09 00:00:00,2026-05-09 00:00:00,kol,Web,新一线城市,free,0
U002667,2026-06-04 00:00:00,2026-06-04 00:00:00,organic,Android,一线城市,free,0
U002668,2026-05-09 00:00:00,2026-05-09 00:00:00,referral,iOS,一线城市,free,0
U002669,2026-06-21 00:00:00,2026-06-21 00:00:00,app_store,Web,二线城市,free,0
U002670,2026-06-13 00:00:00,2026-06-13 00:00:00,app_store,iOS,新一线城市,free,0
U002671,2026-06-25 00:00:00,2026-06-25 00:00:00,kol,Web,一线城市,free,0
U002672,2026-06-02 00:00:00,2026-06-02 00:00:00,app_store,iOS,二线城市,free,0
U002673,2026-06-05 00:00:00,2026-06-05 00:00:00,organic,iOS,一线城市,free,0
U002674,2026-05-27 00:00:00,2026-05-27 00:00:00,short_video_ads,Android,新一线城市,free,0
U002675,2026-05-02 00:00:00,2026-05-02 00:00:00,app_store,Web,新一线城市,free,0
U002676,2026-05-19 00:00:00,2026-05-19 00:00:00,search_ads,Android,新一线城市,free,0
U002677,2026-05-26 00:00:00,2026-05-26 00:00:00,app_store,Web,二线城市,free,0
U002678,2026-06-04 00:00:00,2026-06-04 00:00:00,organic,Web,一线城市,free,0
U002679,2026-06-21 00:00:00,2026-06-21 00:00:00,organic,Android,二线城市,payer,1
U002680,2026-06-13 00:00:00,2026-06-13 00:00:00,organic,Web,一线城市,free,0
U002681,2026-05-22 00:00:00,2026-05-22 00:00:00,short_video_ads,Web,二线城市,free,0
U002682,2026-05-08 00:00:00,2026-05-08 00:00:00,app_store,Android,新一线城市,payer,1
U002683,2026-05-10 00:00:00,2026-05-10 00:00:00,search_ads,Android,一线城市,free,0
U002684,2026-06-08 00:00:00,2026-06-08 00:00:00,app_store,Android,二线城市,free,0
U002685,2026-05-08 00:00:00,2026-05-08 00:00:00,search_ads,Web,新一线城市,free,0
U002686,2026-06-07 00:00:00,2026-06-07 00:00:00,app_store,Android,一线城市,payer,1
U002687,2026-06-27 00:00:00,2026-06-27 00:00:00,short_video_ads,Web,海外,free,0
U002688,2026-06-22 00:00:00,2026-06-22 00:00:00,app_store,iOS,海外,free,0
U002689,2026-05-04 00:00:00,2026-05-04 00:00:00,organic,iOS,新一线城市,free,0
U002690,2026-05-21 00:00:00,2026-05-21 00:00:00,organic,Android,一线城市,free,0
U002691,2026-05-16 00:00:00,2026-05-16 00:00:00,kol,iOS,一线城市,free,0
U002692,2026-05-11 00:00:00,2026-05-11 00:00:00,app_store,Android,新一线城市,free,0
U002693,2026-05-13 00:00:00,2026-05-13 00:00:00,kol,iOS,一线城市,free,0
U002694,2026-06-16 00:00:00,2026-06-16 00:00:00,referral,iOS,二线城市,free,0
U002695,2026-05-29 00:00:00,2026-05-29 00:00:00,referral,Android,一线城市,payer,1
U002696,2026-06-14 00:00:00,2026-06-14 00:00:00,short_video_ads,iOS,海外,free,0
U002697,2026-06-14 00:00:00,2026-06-13 00:00:00,app_store,Android,二线城市,free,0
U002698,2026-05-30 00:00:00,2026-05-30 00:00:00,short_video_ads,iOS,一线城市,payer,1
U002699,2026-05-16 00:00:00,2026-05-16 00:00:00,short_video_ads,Web,一线城市,free,0
U002700,2026-05-04 00:00:00,2026-05-04 00:00:00,kol,iOS,海外,free,0
U002701,2026-05-04 00:00:00,2026-05-04 00:00:00,short_video_ads,Android,海外,payer,1
U002702,2026-05-31 00:00:00,2026-05-31 00:00:00,short_video_ads,Web,一线城市,payer,1
U002703,2026-05-30 00:00:00,2026-05-30 00:00:00,organic,iOS,一线城市,free,0
U002704,2026-06-15 00:00:00,2026-06-15 00:00:00,short_video_ads,Android,二线城市,free,0
U002705,2026-06-09 00:00:00,2026-06-09 00:00:00,organic,Web,新一线城市,payer,1
U002706,2026-05-20 00:00:00,2026-05-19 00:00:00,kol,iOS,海外,free,0
U002707,2026-05-25 00:00:00,2026-05-24 00:00:00,app_store,Android,二线城市,free,0
U002708,2026-05-26 00:00:00,2026-05-26 00:00:00,app_store,iOS,一线城市,free,0
U002709,2026-05-29 00:00:00,2026-05-29 00:00:00,search_ads,Android,一线城市,free,0
U002710,2026-06-26 00:00:00,2026-06-26 00:00:00,short_video_ads,iOS,海外,free,0
U002711,2026-06-05 00:00:00,2026-06-05 00:00:00,organic,iOS,新一线城市,free,0
U002712,2026-05-27 00:00:00,2026-05-27 00:00:00,search_ads,Android,一线城市,free,0
U002713,2026-06-24 00:00:00,2026-06-24 00:00:00,app_store,Android,新一线城市,free,0
U002714,2026-05-31 00:00:00,2026-05-31 00:00:00,search_ads,iOS,二线城市,free,0
U002715,2026-06-24 00:00:00,2026-06-24 00:00:00,app_store,Web,新一线城市,free,0
U002716,2026-06-29 00:00:00,2026-06-29 00:00:00,short_video_ads,iOS,二线城市,free,0
U002717,2026-05-06 00:00:00,2026-05-06 00:00:00,referral,Android,一线城市,free,0
U002718,2026-06-13 00:00:00,2026-06-13 00:00:00,referral,Android,一线城市,free,0
U002719,2026-06-08 00:00:00,2026-06-08 00:00:00,organic,iOS,二线城市,free,0
U002720,2026-05-31 00:00:00,2026-05-31 00:00:00,short_video_ads,iOS,海外,free,0
U002721,2026-05-28 00:00:00,2026-05-28 00:00:00,short_video_ads,Web,新一线城市,free,0
U002722,2026-05-09 00:00:00,2026-05-09 00:00:00,organic,Android,一线城市,free,0
U002723,2026-05-23 00:00:00,2026-05-23 00:00:00,organic,Android,一线城市,free,0
U002724,2026-06-09 00:00:00,2026-06-09 00:00:00,short_video_ads,iOS,新一线城市,free,0
U002725,2026-06-01 00:00:00,2026-06-01 00:00:00,search_ads,Android,一线城市,free,0
U002726,2026-05-17 00:00:00,2026-05-17 00:00:00,organic,Web,一线城市,free,0
U002727,2026-05-11 00:00:00,2026-05-11 00:00:00,app_store,Web,新一线城市,free,0
U002728,2026-05-13 00:00:00,2026-05-13 00:00:00,short_video_ads,Web,新一线城市,payer,1
U002729,2026-06-20 00:00:00,2026-06-19 00:00:00,short_video_ads,Web,新一线城市,free,0
U002730,2026-06-27 00:00:00,2026-06-27 00:00:00,app_store,iOS,二线城市,free,0
U002731,2026-06-17 00:00:00,2026-06-17 00:00:00,short_video_ads,Web,二线城市,free,0
U002732,2026-05-06 00:00:00,2026-05-06 00:00:00,kol,Android,二线城市,free,0
U002733,2026-06-11 00:00:00,2026-06-11 00:00:00,short_video_ads,Web,新一线城市,free,0
U002734,2026-06-02 00:00:00,2026-06-02 00:00:00,organic,Web,海外,free,0
U002735,2026-06-09 00:00:00,2026-06-09 00:00:00,app_store,Web,新一线城市,free,0
U002736,2026-05-03 00:00:00,2026-05-03 00:00:00,organic,Android,新一线城市,free,0
U002737,2026-05-15 00:00:00,2026-05-15 00:00:00,organic,Web,二线城市,free,0
U002738,2026-05-10 00:00:00,2026-05-09 00:00:00,referral,Android,新一线城市,free,0
U002739,2026-05-21 00:00:00,2026-05-20 00:00:00,organic,Android,海外,free,0
U002740,2026-06-01 00:00:00,2026-06-01 00:00:00,referral,iOS,一线城市,free,0
U002741,2026-05-22 00:00:00,2026-05-22 00:00:00,short_video_ads,iOS,新一线城市,free,0
U002742,2026-06-05 00:00:00,2026-06-05 00:00:00,short_video_ads,Web,二线城市,free,0
U002743,2026-05-12 00:00:00,2026-05-12 00:00:00,organic,iOS,二线城市,free,0
U002744,2026-06-10 00:00:00,2026-06-10 00:00:00,short_video_ads,Web,一线城市,free,0
U002745,2026-05-13 00:00:00,2026-05-13 00:00:00,kol,iOS,新一线城市,free,0
U002746,2026-05-26 00:00:00,2026-05-26 00:00:00,kol,iOS,海外,free,0
U002747,2026-05-17 00:00:00,2026-05-17 00:00:00,short_video_ads,Web,一线城市,free,0
U002748,2026-05-02 00:00:00,2026-05-02 00:00:00,referral,Android,新一线城市,free,0
U002749,2026-06-27 00:00:00,2026-06-25 00:00:00,short_video_ads,Android,新一线城市,free,0
U002750,2026-05-26 00:00:00,2026-05-26 00:00:00,short_video_ads,Android,新一线城市,free,0
U002751,2026-05-17 00:00:00,2026-05-17 00:00:00,referral,Web,一线城市,free,0
U002752,2026-05-26 00:00:00,2026-05-26 00:00:00,short_video_ads,iOS,一线城市,payer,1
U002753,2026-06-03 00:00:00,2026-06-03 00:00:00,search_ads,Android,二线城市,free,0
U002754,2026-05-16 00:00:00,2026-05-16 00:00:00,search_ads,Android,新一线城市,free,0
U002755,2026-05-07 00:00:00,2026-05-07 00:00:00,organic,Android,新一线城市,payer,1
U002756,2026-05-21 00:00:00,2026-05-21 00:00:00,kol,iOS,二线城市,free,0
U002757,2026-06-25 00:00:00,2026-06-25 00:00:00,organic,Web,二线城市,free,0
U002758,2026-06-12 00:00:00,2026-06-12 00:00:00,short_video_ads,Web,新一线城市,free,0
U002759,2026-06-06 00:00:00,2026-06-06 00:00:00,short_video_ads,Android,海外,free,0
U002760,2026-05-17 00:00:00,2026-05-17 00:00:00,search_ads,Web,二线城市,free,0
U002761,2026-06-11 00:00:00,2026-06-10 00:00:00,referral,Web,一线城市,free,0
U002762,2026-05-20 00:00:00,2026-05-20 00:00:00,kol,iOS,一线城市,free,0
U002763,2026-05-30 00:00:00,2026-05-30 00:00:00,short_video_ads,Web,海外,free,0
U002764,2026-06-01 00:00:00,2026-06-01 00:00:00,referral,Web,一线城市,free,0
U002765,2026-05-18 00:00:00,2026-05-18 00:00:00,app_store,Android,一线城市,free,0
U002766,2026-06-01 00:00:00,2026-06-01 00:00:00,organic,Android,新一线城市,free,0
U002767,2026-06-09 00:00:00,2026-06-09 00:00:00,organic,iOS,海外,free,0
U002768,2026-06-18 00:00:00,2026-06-18 00:00:00,kol,Web,二线城市,free,0
U002769,2026-06-07 00:00:00,2026-06-05 00:00:00,kol,iOS,新一线城市,free,0
U002770,2026-05-27 00:00:00,2026-05-27 00:00:00,referral,Android,海外,free,0
U002771,2026-05-23 00:00:00,2026-05-23 00:00:00,app_store,Web,新一线城市,free,0
U002772,2026-06-14 00:00:00,2026-06-14 00:00:00,app_store,iOS,海外,free,0
U002773,2026-06-26 00:00:00,2026-06-26 00:00:00,organic,Web,一线城市,free,0
U002774,2026-05-09 00:00:00,2026-05-09 00:00:00,short_video_ads,iOS,新一线城市,free,0
U002775,2026-06-19 00:00:00,2026-06-19 00:00:00,referral,iOS,一线城市,free,0
U002776,2026-06-27 00:00:00,2026-06-27 00:00:00,organic,iOS,新一线城市,free,0
U002777,2026-06-29 00:00:00,2026-06-29 00:00:00,organic,Android,新一线城市,free,0
U002778,2026-05-17 00:00:00,2026-05-16 00:00:00,organic,Android,新一线城市,payer,1
U002779,2026-05-09 00:00:00,2026-05-09 00:00:00,short_video_ads,iOS,海外,free,0
U002780,2026-05-05 00:00:00,2026-05-04 00:00:00,organic,iOS,新一线城市,payer,1
U002781,2026-06-15 00:00:00,2026-06-15 00:00:00,short_video_ads,Web,一线城市,free,0
U002782,2026-05-16 00:00:00,2026-05-16 00:00:00,app_store,Android,海外,free,0
U002783,2026-05-14 00:00:00,2026-05-14 00:00:00,organic,Web,海外,free,0
U002784,2026-06-26 00:00:00,2026-06-26 00:00:00,organic,Android,新一线城市,free,0
U002785,2026-05-08 00:00:00,2026-05-08 00:00:00,organic,Android,二线城市,free,0
U002786,2026-06-09 00:00:00,2026-06-09 00:00:00,short_video_ads,Web,新一线城市,free,0
U002787,2026-06-25 00:00:00,2026-06-25 00:00:00,short_video_ads,Web,一线城市,free,0
U002788,2026-05-06 00:00:00,2026-05-06 00:00:00,organic,iOS,新一线城市,payer,1
U002789,2026-05-17 00:00:00,2026-05-17 00:00:00,search_ads,Android,海外,payer,1
U002790,2026-05-22 00:00:00,2026-05-22 00:00:00,organic,Android,新一线城市,free,0
U002791,2026-05-08 00:00:00,2026-05-08 00:00:00,search_ads,Android,二线城市,free,0
U002792,2026-05-20 00:00:00,2026-05-20 00:00:00,kol,iOS,一线城市,free,0
U002793,2026-06-28 00:00:00,2026-06-28 00:00:00,organic,iOS,一线城市,free,0
U002794,2026-05-06 00:00:00,2026-05-05 00:00:00,kol,Android,二线城市,free,0
U002795,2026-05-03 00:00:00,2026-05-03 00:00:00,short_video_ads,Android,一线城市,free,0
U002796,2026-06-04 00:00:00,2026-06-03 00:00:00,short_video_ads,Web,二线城市,free,0
U002797,2026-05-20 00:00:00,2026-05-20 00:00:00,short_video_ads,Android,二线城市,payer,1
U002798,2026-05-31 00:00:00,2026-05-31 00:00:00,search_ads,Android,二线城市,payer,1
U002799,2026-05-08 00:00:00,2026-05-08 00:00:00,short_video_ads,iOS,海外,free,0
U002800,2026-06-26 00:00:00,2026-06-26 00:00:00,app_store,iOS,新一线城市,free,0
U002801,2026-06-12 00:00:00,2026-06-12 00:00:00,app_store,Web,二线城市,free,0
U002802,2026-05-19 00:00:00,2026-05-19 00:00:00,search_ads,Android,海外,payer,1
U002803,2026-06-25 00:00:00,2026-06-24 00:00:00,app_store,Android,二线城市,free,0
U002804,2026-06-02 00:00:00,2026-05-31 00:00:00,organic,iOS,新一线城市,free,0
U002805,2026-06-09 00:00:00,2026-06-09 00:00:00,short_video_ads,Web,二线城市,free,0
U002806,2026-06-26 00:00:00,2026-06-26 00:00:00,referral,iOS,海外,payer,1
U002807,2026-05-28 00:00:00,2026-05-28 00:00:00,search_ads,Web,新一线城市,free,0
U002808,2026-06-03 00:00:00,2026-06-02 00:00:00,referral,Web,新一线城市,free,0
U002809,2026-05-20 00:00:00,2026-05-20 00:00:00,referral,Web,新一线城市,free,0
U002810,2026-05-08 00:00:00,2026-05-08 00:00:00,search_ads,Web,一线城市,free,0
U002811,2026-05-06 00:00:00,2026-05-06 00:00:00,organic,Web,新一线城市,free,0
U002812,2026-06-04 00:00:00,2026-06-04 00:00:00,short_video_ads,iOS,二线城市,free,0
U002813,2026-06-12 00:00:00,2026-06-12 00:00:00,short_video_ads,iOS,二线城市,free,0
U002814,2026-05-24 00:00:00,2026-05-24 00:00:00,search_ads,iOS,一线城市,free,0
U002815,2026-05-23 00:00:00,2026-05-23 00:00:00,search_ads,Android,一线城市,free,0
U002816,2026-05-24 00:00:00,2026-05-24 00:00:00,organic,Android,海外,free,0
U002817,2026-05-03 00:00:00,2026-05-03 00:00:00,organic,Android,海外,payer,1
U002818,2026-06-21 00:00:00,2026-06-21 00:00:00,referral,Web,新一线城市,free,0
U002819,2026-05-15 00:00:00,2026-05-15 00:00:00,organic,iOS,一线城市,free,0
U002820,2026-06-16 00:00:00,2026-06-16 00:00:00,organic,Web,一线城市,free,0
U002821,2026-05-30 00:00:00,2026-05-30 00:00:00,organic,Android,一线城市,free,0
U002822,2026-06-04 00:00:00,2026-06-04 00:00:00,referral,Web,新一线城市,free,0
U002823,2026-06-07 00:00:00,2026-06-07 00:00:00,short_video_ads,iOS,一线城市,free,0
U002824,2026-05-02 00:00:00,2026-05-02 00:00:00,short_video_ads,Android,二线城市,free,0
U002825,2026-06-11 00:00:00,2026-06-10 00:00:00,search_ads,Android,二线城市,free,0
U002826,2026-05-11 00:00:00,2026-05-11 00:00:00,organic,iOS,海外,free,0
U002827,2026-06-09 00:00:00,2026-06-09 00:00:00,organic,Android,一线城市,free,0
U002828,2026-06-04 00:00:00,2026-06-04 00:00:00,search_ads,iOS,新一线城市,payer,1
U002829,2026-05-27 00:00:00,2026-05-27 00:00:00,search_ads,Web,新一线城市,free,0
U002830,2026-05-22 00:00:00,2026-05-22 00:00:00,search_ads,Android,二线城市,free,0
U002831,2026-06-15 00:00:00,2026-06-15 00:00:00,search_ads,Web,新一线城市,free,0
U002832,2026-06-05 00:00:00,2026-06-05 00:00:00,search_ads,iOS,一线城市,free,0
U002833,2026-05-18 00:00:00,2026-05-18 00:00:00,organic,iOS,新一线城市,free,0
U002834,2026-06-19 00:00:00,2026-06-19 00:00:00,organic,Web,一线城市,free,0
U002835,2026-05-26 00:00:00,2026-05-25 00:00:00,app_store,iOS,一线城市,payer,1
U002836,2026-06-06 00:00:00,2026-06-06 00:00:00,app_store,iOS,新一线城市,free,0
U002837,2026-06-10 00:00:00,2026-06-10 00:00:00,organic,Android,二线城市,free,0
U002838,2026-06-19 00:00:00,2026-06-19 00:00:00,referral,Web,二线城市,free,0
U002839,2026-06-14 00:00:00,2026-06-14 00:00:00,organic,iOS,二线城市,free,0
U002840,2026-06-19 00:00:00,2026-06-19 00:00:00,app_store,iOS,二线城市,free,0
U002841,2026-06-16 00:00:00,2026-06-16 00:00:00,app_store,iOS,一线城市,free,0
U002842,2026-06-18 00:00:00,2026-06-18 00:00:00,organic,Android,新一线城市,free,0
U002843,2026-06-19 00:00:00,2026-06-19 00:00:00,organic,Web,海外,payer,1
U002844,2026-06-13 00:00:00,2026-06-13 00:00:00,search_ads,Android,新一线城市,free,0
U002845,2026-05-15 00:00:00,2026-05-15 00:00:00,short_video_ads,Web,二线城市,free,0
U002846,2026-05-28 00:00:00,2026-05-28 00:00:00,organic,Android,二线城市,free,0
U002847,2026-05-25 00:00:00,2026-05-25 00:00:00,app_store,Web,一线城市,free,0
U002848,2026-06-07 00:00:00,2026-06-07 00:00:00,short_video_ads,iOS,一线城市,free,0
U002849,2026-06-26 00:00:00,2026-06-26 00:00:00,organic,Web,二线城市,payer,1
U002850,2026-06-20 00:00:00,2026-06-20 00:00:00,organic,Web,一线城市,free,0
U002851,2026-06-18 00:00:00,2026-06-18 00:00:00,short_video_ads,Web,海外,free,0
U002852,2026-05-18 00:00:00,2026-05-18 00:00:00,search_ads,Android,一线城市,free,0
U002853,2026-06-27 00:00:00,2026-06-27 00:00:00,referral,Web,二线城市,free,0
U002854,2026-05-20 00:00:00,2026-05-20 00:00:00,search_ads,Android,一线城市,free,0
U002855,2026-05-30 00:00:00,2026-05-29 00:00:00,search_ads,iOS,新一线城市,payer,1
U002856,2026-06-15 00:00:00,2026-06-14 00:00:00,app_store,Android,一线城市,free,0
U002857,2026-06-05 00:00:00,2026-06-05 00:00:00,kol,Web,一线城市,free,0
U002858,2026-06-26 00:00:00,2026-06-26 00:00:00,organic,iOS,二线城市,free,0
U002859,2026-06-08 00:00:00,2026-06-08 00:00:00,short_video_ads,iOS,二线城市,payer,1
U002860,2026-06-13 00:00:00,2026-06-13 00:00:00,short_video_ads,Android,新一线城市,payer,1
U002861,2026-05-31 00:00:00,2026-05-31 00:00:00,short_video_ads,Web,二线城市,free,0
U002862,2026-06-25 00:00:00,2026-06-25 00:00:00,app_store,iOS,新一线城市,free,0
U002863,2026-06-11 00:00:00,2026-06-11 00:00:00,organic,Android,新一线城市,free,0
U002864,2026-05-18 00:00:00,2026-05-18 00:00:00,search_ads,Web,海外,free,0
U002865,2026-06-01 00:00:00,2026-06-01 00:00:00,kol,iOS,海外,payer,1
U002866,2026-05-08 00:00:00,2026-05-08 00:00:00,referral,Android,一线城市,payer,1
U002867,2026-06-23 00:00:00,2026-06-22 00:00:00,organic,Android,新一线城市,free,0
U002868,2026-06-26 00:00:00,2026-06-25 00:00:00,organic,Web,二线城市,payer,1
U002869,2026-05-03 00:00:00,2026-05-03 00:00:00,organic,Android,一线城市,payer,1
U002870,2026-06-13 00:00:00,2026-06-13 00:00:00,short_video_ads,Web,新一线城市,free,0
U002871,2026-05-12 00:00:00,2026-05-12 00:00:00,app_store,iOS,一线城市,free,0
U002872,2026-05-23 00:00:00,2026-05-23 00:00:00,search_ads,Android,海外,payer,1
U002873,2026-05-21 00:00:00,2026-05-21 00:00:00,organic,Android,新一线城市,free,0
U002874,2026-05-14 00:00:00,2026-05-14 00:00:00,kol,iOS,一线城市,free,0
U002875,2026-06-01 00:00:00,2026-06-01 00:00:00,app_store,Web,新一线城市,free,0
U002876,2026-06-23 00:00:00,2026-06-23 00:00:00,referral,iOS,二线城市,free,0
U002877,2026-05-25 00:00:00,2026-05-25 00:00:00,organic,iOS,一线城市,payer,1
U002878,2026-05-18 00:00:00,2026-05-18 00:00:00,search_ads,Android,新一线城市,free,0
U002879,2026-05-21 00:00:00,2026-05-21 00:00:00,kol,iOS,一线城市,free,0
U002880,2026-06-02 00:00:00,2026-06-02 00:00:00,organic,Android,一线城市,free,0
U002881,2026-06-10 00:00:00,2026-06-10 00:00:00,kol,Web,海外,free,0
U002882,2026-05-16 00:00:00,2026-05-16 00:00:00,organic,iOS,新一线城市,free,0
U002883,2026-05-25 00:00:00,2026-05-25 00:00:00,short_video_ads,iOS,新一线城市,free,0
U002884,2026-05-31 00:00:00,2026-05-31 00:00:00,organic,Android,新一线城市,free,0
U002885,2026-06-12 00:00:00,2026-06-12 00:00:00,app_store,Android,新一线城市,free,0
U002886,2026-05-06 00:00:00,2026-05-06 00:00:00,app_store,Web,一线城市,free,0
U002887,2026-06-15 00:00:00,2026-06-15 00:00:00,kol,Web,海外,free,0
U002888,2026-05-07 00:00:00,2026-05-05 00:00:00,kol,Android,二线城市,free,0
U002889,2026-06-24 00:00:00,2026-06-24 00:00:00,search_ads,Android,新一线城市,free,0
U002890,2026-06-04 00:00:00,2026-06-04 00:00:00,search_ads,Android,海外,free,0
U002891,2026-05-30 00:00:00,2026-05-30 00:00:00,short_video_ads,Android,一线城市,free,0
U002892,2026-06-04 00:00:00,2026-06-04 00:00:00,organic,Android,二线城市,free,0
U002893,2026-05-27 00:00:00,2026-05-25 00:00:00,kol,Web,一线城市,free,0
U002894,2026-05-02 00:00:00,2026-05-02 00:00:00,organic,iOS,二线城市,free,0
U002895,2026-05-07 00:00:00,2026-05-06 00:00:00,organic,Web,新一线城市,free,0
U002896,2026-05-31 00:00:00,2026-05-31 00:00:00,organic,Web,二线城市,payer,1
U002897,2026-05-10 00:00:00,2026-05-10 00:00:00,short_video_ads,Android,一线城市,free,0
U002898,2026-05-02 00:00:00,2026-05-02 00:00:00,organic,Web,一线城市,free,0
U002899,2026-05-03 00:00:00,2026-05-03 00:00:00,app_store,Web,一线城市,free,0
U002900,2026-05-11 00:00:00,2026-05-11 00:00:00,short_video_ads,Web,海外,free,0
U002901,2026-06-28 00:00:00,2026-06-28 00:00:00,organic,Android,二线城市,payer,1
U002902,2026-06-08 00:00:00,2026-06-08 00:00:00,organic,Web,海外,free,0
U002903,2026-05-23 00:00:00,2026-05-23 00:00:00,short_video_ads,iOS,一线城市,free,0
U002904,2026-05-29 00:00:00,2026-05-29 00:00:00,short_video_ads,Android,新一线城市,free,0
U002905,2026-05-06 00:00:00,2026-05-06 00:00:00,search_ads,iOS,新一线城市,free,0
U002906,2026-06-11 00:00:00,2026-06-11 00:00:00,organic,Android,一线城市,free,0
U002907,2026-05-29 00:00:00,2026-05-29 00:00:00,search_ads,Android,一线城市,free,0
U002908,2026-06-13 00:00:00,2026-06-13 00:00:00,referral,iOS,二线城市,payer,1
U002909,2026-05-10 00:00:00,2026-05-10 00:00:00,short_video_ads,Android,新一线城市,free,0
U002910,2026-06-05 00:00:00,2026-06-05 00:00:00,referral,Android,一线城市,free,0
U002911,2026-06-02 00:00:00,2026-06-02 00:00:00,short_video_ads,iOS,一线城市,free,0
U002912,2026-05-28 00:00:00,2026-05-28 00:00:00,search_ads,iOS,二线城市,free,0
U002913,2026-05-15 00:00:00,2026-05-15 00:00:00,short_video_ads,iOS,新一线城市,free,0
U002914,2026-05-12 00:00:00,2026-05-12 00:00:00,app_store,iOS,一线城市,free,0
U002915,2026-06-04 00:00:00,2026-06-04 00:00:00,search_ads,iOS,海外,free,0
U002916,2026-06-15 00:00:00,2026-06-15 00:00:00,organic,iOS,一线城市,free,0
U002917,2026-05-02 00:00:00,2026-05-02 00:00:00,app_store,Android,二线城市,free,0
U002918,2026-06-06 00:00:00,2026-06-06 00:00:00,search_ads,iOS,新一线城市,free,0
U002919,2026-06-22 00:00:00,2026-06-22 00:00:00,app_store,Web,一线城市,free,0
U002920,2026-05-15 00:00:00,2026-05-15 00:00:00,organic,Android,一线城市,free,0
U002921,2026-05-01 00:00:00,2026-05-01 00:00:00,referral,Web,新一线城市,free,0
U002922,2026-05-24 00:00:00,2026-05-24 00:00:00,kol,Android,新一线城市,free,0
U002923,2026-05-25 00:00:00,2026-05-25 00:00:00,search_ads,Web,二线城市,free,0
U002924,2026-05-11 00:00:00,2026-05-11 00:00:00,kol,Web,一线城市,free,0
U002925,2026-06-22 00:00:00,2026-06-22 00:00:00,search_ads,Android,新一线城市,free,0
U002926,2026-06-28 00:00:00,2026-06-28 00:00:00,referral,Web,一线城市,free,0
U002927,2026-06-04 00:00:00,2026-06-04 00:00:00,referral,Android,新一线城市,free,0
U002928,2026-05-09 00:00:00,2026-05-09 00:00:00,referral,Android,二线城市,payer,1
U002929,2026-05-18 00:00:00,2026-05-18 00:00:00,search_ads,Web,海外,free,0
U002930,2026-05-29 00:00:00,2026-05-28 00:00:00,search_ads,Android,海外,free,0
U002931,2026-05-03 00:00:00,2026-05-03 00:00:00,app_store,iOS,二线城市,free,0
U002932,2026-06-28 00:00:00,2026-06-28 00:00:00,kol,Android,新一线城市,free,0
U002933,2026-05-05 00:00:00,2026-05-05 00:00:00,short_video_ads,Web,一线城市,free,0
U002934,2026-05-01 00:00:00,2026-05-01 00:00:00,app_store,Android,一线城市,free,0
U002935,2026-06-05 00:00:00,2026-06-05 00:00:00,app_store,iOS,新一线城市,payer,1
U002936,2026-05-13 00:00:00,2026-05-13 00:00:00,short_video_ads,Web,海外,free,0
U002937,2026-06-04 00:00:00,2026-06-04 00:00:00,short_video_ads,Android,二线城市,free,0
U002938,2026-06-18 00:00:00,2026-06-18 00:00:00,referral,Web,二线城市,payer,1
U002939,2026-05-27 00:00:00,2026-05-27 00:00:00,organic,iOS,新一线城市,free,0
U002940,2026-06-15 00:00:00,2026-06-15 00:00:00,short_video_ads,iOS,一线城市,free,0
U002941,2026-05-10 00:00:00,2026-05-10 00:00:00,organic,Android,新一线城市,free,0
U002942,2026-06-16 00:00:00,2026-06-16 00:00:00,referral,Android,海外,free,0
U002943,2026-06-01 00:00:00,2026-06-01 00:00:00,kol,Web,新一线城市,free,0
U002944,2026-05-20 00:00:00,2026-05-20 00:00:00,short_video_ads,iOS,新一线城市,free,0
U002945,2026-06-23 00:00:00,2026-06-23 00:00:00,organic,iOS,新一线城市,free,0
U002946,2026-06-05 00:00:00,2026-06-05 00:00:00,search_ads,Android,新一线城市,free,0
U002947,2026-05-05 00:00:00,2026-05-05 00:00:00,organic,Android,新一线城市,payer,1
U002948,2026-06-17 00:00:00,2026-06-17 00:00:00,organic,iOS,海外,free,0
U002949,2026-06-09 00:00:00,2026-06-08 00:00:00,app_store,Android,一线城市,free,0
U002950,2026-06-27 00:00:00,2026-06-27 00:00:00,kol,Web,二线城市,free,0
U002951,2026-06-10 00:00:00,2026-06-10 00:00:00,short_video_ads,iOS,二线城市,free,0
U002952,2026-06-14 00:00:00,2026-06-14 00:00:00,referral,Web,新一线城市,payer,1
U002953,2026-06-19 00:00:00,2026-06-19 00:00:00,organic,iOS,二线城市,free,0
U002954,2026-06-25 00:00:00,2026-06-25 00:00:00,search_ads,iOS,新一线城市,free,0
U002955,2026-05-08 00:00:00,2026-05-08 00:00:00,short_video_ads,Android,新一线城市,free,0
U002956,2026-06-12 00:00:00,2026-06-12 00:00:00,short_video_ads,Android,海外,free,0
U002957,2026-05-15 00:00:00,2026-05-15 00:00:00,organic,Web,二线城市,free,0
U002958,2026-06-12 00:00:00,2026-06-12 00:00:00,short_video_ads,Android,一线城市,payer,1
U002959,2026-05-01 00:00:00,2026-05-01 00:00:00,organic,Android,二线城市,payer,1
U002960,2026-05-02 00:00:00,2026-05-02 00:00:00,organic,Android,新一线城市,free,0
U002961,2026-05-04 00:00:00,2026-05-04 00:00:00,app_store,iOS,一线城市,free,0
U002962,2026-05-25 00:00:00,2026-05-23 00:00:00,organic,Android,新一线城市,payer,1
U002963,2026-05-07 00:00:00,2026-05-06 00:00:00,app_store,Android,一线城市,payer,1
U002964,2026-06-08 00:00:00,2026-06-08 00:00:00,kol,iOS,二线城市,free,0
U002965,2026-06-07 00:00:00,2026-06-07 00:00:00,kol,Android,新一线城市,free,0
U002966,2026-05-22 00:00:00,2026-05-21 00:00:00,app_store,iOS,新一线城市,free,0
U002967,2026-06-15 00:00:00,2026-06-15 00:00:00,search_ads,Android,二线城市,free,0
U002968,2026-05-03 00:00:00,2026-05-03 00:00:00,kol,Web,二线城市,payer,1
U002969,2026-06-29 00:00:00,2026-06-29 00:00:00,kol,Android,一线城市,free,0
U002970,2026-06-12 00:00:00,2026-06-12 00:00:00,app_store,Android,一线城市,free,0
U002971,2026-05-18 00:00:00,2026-05-18 00:00:00,short_video_ads,Web,一线城市,free,0
U002972,2026-06-04 00:00:00,2026-06-04 00:00:00,app_store,Android,二线城市,free,0
U002973,2026-06-17 00:00:00,2026-06-17 00:00:00,referral,Android,新一线城市,free,0
U002974,2026-06-20 00:00:00,2026-06-20 00:00:00,organic,iOS,二线城市,free,0
U002975,2026-05-24 00:00:00,2026-05-24 00:00:00,search_ads,Android,一线城市,free,0
U002976,2026-05-09 00:00:00,2026-05-09 00:00:00,referral,Web,海外,free,0
U002977,2026-06-14 00:00:00,2026-06-14 00:00:00,referral,Android,二线城市,free,0
U002978,2026-05-21 00:00:00,2026-05-21 00:00:00,app_store,iOS,一线城市,free,0
U002979,2026-05-30 00:00:00,2026-05-30 00:00:00,kol,Android,海外,free,0
U002980,2026-06-27 00:00:00,2026-06-27 00:00:00,app_store,iOS,海外,free,0
U002981,2026-05-22 00:00:00,2026-05-22 00:00:00,kol,Android,海外,free,0
U002982,2026-06-28 00:00:00,2026-06-28 00:00:00,search_ads,Web,一线城市,free,0
U002983,2026-06-08 00:00:00,2026-06-08 00:00:00,organic,Android,新一线城市,payer,1
U002984,2026-05-02 00:00:00,2026-05-02 00:00:00,short_video_ads,iOS,二线城市,free,0
U002985,2026-05-16 00:00:00,2026-05-16 00:00:00,short_video_ads,Android,二线城市,free,0
U002986,2026-06-14 00:00:00,2026-06-14 00:00:00,organic,Web,一线城市,payer,1
U002987,2026-05-12 00:00:00,2026-05-11 00:00:00,organic,iOS,二线城市,free,0
U002988,2026-06-18 00:00:00,2026-06-18 00:00:00,app_store,Android,一线城市,free,0
U002989,2026-06-07 00:00:00,2026-06-07 00:00:00,kol,Android,海外,free,0
U002990,2026-05-25 00:00:00,2026-05-25 00:00:00,organic,iOS,海外,free,0
U002991,2026-05-19 00:00:00,2026-05-19 00:00:00,referral,iOS,新一线城市,free,0
U002992,2026-05-04 00:00:00,2026-05-04 00:00:00,short_video_ads,Android,二线城市,free,0
U002993,2026-05-19 00:00:00,2026-05-19 00:00:00,kol,iOS,新一线城市,payer,1
U002994,2026-06-03 00:00:00,2026-06-03 00:00:00,organic,Android,二线城市,payer,1
U002995,2026-06-12 00:00:00,2026-06-12 00:00:00,referral,iOS,新一线城市,free,0
U002996,2026-05-15 00:00:00,2026-05-15 00:00:00,organic,Android,一线城市,free,0
U002997,2026-05-30 00:00:00,2026-05-30 00:00:00,search_ads,iOS,二线城市,payer,1
U002998,2026-06-09 00:00:00,2026-06-09 00:00:00,organic,Web,一线城市,free,0
U002999,2026-05-14 00:00:00,2026-05-14 00:00:00,app_store,Web,新一线城市,payer,1
U003000,2026-05-20 00:00:00,2026-05-20 00:00:00,app_store,iOS,海外,free,0
U003001,2026-06-23 00:00:00,2026-06-23 00:00:00,short_video_ads,iOS,新一线城市,free,0
U003002,2026-05-15 00:00:00,2026-05-15 00:00:00,referral,Web,二线城市,free,0
U003003,2026-05-15 00:00:00,2026-05-15 00:00:00,organic,iOS,一线城市,payer,1
U003004,2026-06-07 00:00:00,2026-06-07 00:00:00,kol,Android,一线城市,free,0
U003005,2026-05-21 00:00:00,2026-05-21 00:00:00,app_store,Android,海外,free,0
U003006,2026-05-06 00:00:00,2026-05-06 00:00:00,app_store,Web,新一线城市,free,0
U003007,2026-06-23 00:00:00,2026-06-23 00:00:00,search_ads,Web,一线城市,free,0
U003008,2026-05-09 00:00:00,2026-05-09 00:00:00,search_ads,iOS,一线城市,free,0
U003009,2026-06-28 00:00:00,2026-06-28 00:00:00,app_store,Android,海外,free,0
U003010,2026-06-28 00:00:00,2026-06-28 00:00:00,organic,Android,新一线城市,free,0
U003011,2026-06-27 00:00:00,2026-06-27 00:00:00,search_ads,iOS,海外,free,0
U003012,2026-05-10 00:00:00,2026-05-10 00:00:00,search_ads,Web,新一线城市,free,0
U003013,2026-06-19 00:00:00,2026-06-19 00:00:00,organic,Web,二线城市,free,0
U003014,2026-06-29 00:00:00,2026-06-29 00:00:00,short_video_ads,Android,二线城市,payer,1
U003015,2026-06-25 00:00:00,2026-06-25 00:00:00,organic,Android,新一线城市,free,0
U003016,2026-05-02 00:00:00,2026-05-02 00:00:00,short_video_ads,Android,二线城市,free,0
U003017,2026-06-22 00:00:00,2026-06-22 00:00:00,organic,iOS,二线城市,free,0
U003018,2026-06-25 00:00:00,2026-06-25 00:00:00,app_store,iOS,新一线城市,free,0
U003019,2026-05-27 00:00:00,2026-05-27 00:00:00,kol,Android,新一线城市,payer,1
U003020,2026-05-20 00:00:00,2026-05-20 00:00:00,short_video_ads,iOS,一线城市,free,0
U003021,2026-06-08 00:00:00,2026-06-08 00:00:00,kol,Web,新一线城市,free,0
U003022,2026-05-15 00:00:00,2026-05-15 00:00:00,short_video_ads,Android,海外,free,0
U003023,2026-05-30 00:00:00,2026-05-30 00:00:00,short_video_ads,iOS,新一线城市,free,0
U003024,2026-05-01 00:00:00,2026-05-01 00:00:00,short_video_ads,iOS,二线城市,free,0
U003025,2026-05-22 00:00:00,2026-05-21 00:00:00,short_video_ads,iOS,海外,free,0
U003026,2026-06-28 00:00:00,2026-06-28 00:00:00,short_video_ads,Web,二线城市,free,0
U003027,2026-06-14 00:00:00,2026-06-14 00:00:00,organic,iOS,二线城市,free,0
U003028,2026-06-04 00:00:00,2026-06-04 00:00:00,short_video_ads,Android,一线城市,free,0
U003029,2026-05-06 00:00:00,2026-05-06 00:00:00,referral,Web,新一线城市,free,0
U003030,2026-05-11 00:00:00,2026-05-11 00:00:00,app_store,Android,新一线城市,free,0
U003031,2026-05-28 00:00:00,2026-05-28 00:00:00,search_ads,iOS,海外,free,0
U003032,2026-05-21 00:00:00,2026-05-21 00:00:00,organic,Android,一线城市,free,0
U003033,2026-05-07 00:00:00,2026-05-07 00:00:00,organic,iOS,新一线城市,payer,1
U003034,2026-05-11 00:00:00,2026-05-11 00:00:00,app_store,iOS,二线城市,free,0
U003035,2026-05-18 00:00:00,2026-05-18 00:00:00,short_video_ads,iOS,二线城市,free,0
U003036,2026-06-01 00:00:00,2026-06-01 00:00:00,organic,Web,海外,free,0
U003037,2026-06-11 00:00:00,2026-06-11 00:00:00,app_store,Web,新一线城市,free,0
U003038,2026-05-25 00:00:00,2026-05-25 00:00:00,organic,Android,新一线城市,free,0
U003039,2026-05-31 00:00:00,2026-05-31 00:00:00,organic,iOS,一线城市,free,0
U003040,2026-06-15 00:00:00,2026-06-15 00:00:00,organic,Web,新一线城市,free,0
U003041,2026-06-21 00:00:00,2026-06-21 00:00:00,organic,Web,二线城市,free,0
U003042,2026-05-29 00:00:00,2026-05-29 00:00:00,organic,Android,新一线城市,free,0
U003043,2026-06-28 00:00:00,2026-06-27 00:00:00,app_store,Web,一线城市,free,0
U003044,2026-05-11 00:00:00,2026-05-11 00:00:00,short_video_ads,Web,二线城市,free,0
U003045,2026-06-25 00:00:00,2026-06-25 00:00:00,organic,iOS,二线城市,free,0
U003046,2026-06-08 00:00:00,2026-06-08 00:00:00,app_store,iOS,一线城市,free,0
U003047,2026-05-10 00:00:00,2026-05-10 00:00:00,short_video_ads,Android,新一线城市,free,0
U003048,2026-06-14 00:00:00,2026-06-14 00:00:00,search_ads,iOS,一线城市,free,0
U003049,2026-06-04 00:00:00,2026-06-04 00:00:00,organic,Android,新一线城市,free,0
U003050,2026-05-27 00:00:00,2026-05-27 00:00:00,organic,Android,新一线城市,free,0
U003051,2026-06-21 00:00:00,2026-06-20 00:00:00,organic,Android,海外,free,0
U003052,2026-06-13 00:00:00,2026-06-13 00:00:00,organic,Android,新一线城市,free,0
U003053,2026-05-30 00:00:00,2026-05-30 00:00:00,organic,Android,新一线城市,free,0
U003054,2026-05-03 00:00:00,2026-05-03 00:00:00,organic,Web,海外,free,0
U003055,2026-05-15 00:00:00,2026-05-15 00:00:00,app_store,Web,新一线城市,free,0
U003056,2026-06-11 00:00:00,2026-06-11 00:00:00,search_ads,iOS,二线城市,free,0
U003057,2026-06-09 00:00:00,2026-06-09 00:00:00,search_ads,Web,新一线城市,free,0
U003058,2026-05-29 00:00:00,2026-05-29 00:00:00,search_ads,Web,二线城市,free,0
U003059,2026-06-28 00:00:00,2026-06-28 00:00:00,referral,Web,二线城市,free,0
U003060,2026-05-21 00:00:00,2026-05-21 00:00:00,app_store,Android,二线城市,free,0
U003061,2026-05-23 00:00:00,2026-05-23 00:00:00,organic,Web,新一线城市,payer,1
U003062,2026-06-03 00:00:00,2026-06-02 00:00:00,app_store,Android,二线城市,free,0
U003063,2026-05-04 00:00:00,2026-05-03 00:00:00,search_ads,iOS,一线城市,free,0
U003064,2026-05-13 00:00:00,2026-05-13 00:00:00,search_ads,iOS,二线城市,free,0
U003065,2026-06-15 00:00:00,2026-06-15 00:00:00,short_video_ads,Web,海外,free,0
U003066,2026-06-20 00:00:00,2026-06-20 00:00:00,kol,Android,一线城市,payer,1
U003067,2026-06-18 00:00:00,2026-06-18 00:00:00,app_store,iOS,一线城市,free,0
U003068,2026-06-04 00:00:00,2026-06-04 00:00:00,organic,Android,新一线城市,payer,1
U003069,2026-06-22 00:00:00,2026-06-22 00:00:00,search_ads,Web,新一线城市,free,0
U003070,2026-05-21 00:00:00,2026-05-21 00:00:00,organic,Web,一线城市,free,0
U003071,2026-05-10 00:00:00,2026-05-10 00:00:00,search_ads,Android,新一线城市,free,0
U003072,2026-06-20 00:00:00,2026-06-20 00:00:00,short_video_ads,Android,二线城市,free,0
U003073,2026-05-09 00:00:00,2026-05-09 00:00:00,kol,iOS,一线城市,free,0
U003074,2026-05-31 00:00:00,2026-05-31 00:00:00,organic,Android,新一线城市,free,0
U003075,2026-06-28 00:00:00,2026-06-28 00:00:00,organic,Android,一线城市,free,0
U003076,2026-06-15 00:00:00,2026-06-15 00:00:00,search_ads,iOS,新一线城市,free,0
U003077,2026-06-07 00:00:00,2026-06-07 00:00:00,organic,Android,二线城市,free,0
U003078,2026-05-29 00:00:00,2026-05-29 00:00:00,short_video_ads,Android,新一线城市,free,0
U003079,2026-05-07 00:00:00,2026-05-07 00:00:00,short_video_ads,Android,一线城市,free,0
U003080,2026-05-27 00:00:00,2026-05-27 00:00:00,short_video_ads,iOS,二线城市,free,0
U003081,2026-06-10 00:00:00,2026-06-10 00:00:00,search_ads,Android,二线城市,free,0
U003082,2026-06-17 00:00:00,2026-06-17 00:00:00,app_store,Android,海外,free,0
U003083,2026-06-24 00:00:00,2026-06-24 00:00:00,short_video_ads,Android,二线城市,free,0
U003084,2026-06-21 00:00:00,2026-06-21 00:00:00,kol,iOS,一线城市,free,0
U003085,2026-05-28 00:00:00,2026-05-28 00:00:00,referral,Android,二线城市,free,0
U003086,2026-06-01 00:00:00,2026-06-01 00:00:00,search_ads,iOS,一线城市,free,0
U003087,2026-06-19 00:00:00,2026-06-19 00:00:00,organic,iOS,二线城市,free,0
U003088,2026-06-03 00:00:00,2026-06-03 00:00:00,organic,Android,新一线城市,free,0
U003089,2026-06-14 00:00:00,2026-06-14 00:00:00,app_store,Android,一线城市,free,0
U003090,2026-06-24 00:00:00,2026-06-24 00:00:00,organic,Web,新一线城市,free,0
U003091,2026-05-16 00:00:00,2026-05-16 00:00:00,organic,Android,一线城市,free,0
U003092,2026-05-22 00:00:00,2026-05-22 00:00:00,app_store,Android,海外,free,0
U003093,2026-05-03 00:00:00,2026-05-03 00:00:00,organic,Web,一线城市,free,0
U003094,2026-06-07 00:00:00,2026-06-07 00:00:00,organic,Android,二线城市,free,0
U003095,2026-05-20 00:00:00,2026-05-20 00:00:00,organic,Web,新一线城市,free,0
U003096,2026-06-22 00:00:00,2026-06-22 00:00:00,short_video_ads,Web,新一线城市,free,0
U003097,2026-05-18 00:00:00,2026-05-18 00:00:00,organic,Android,二线城市,payer,1
U003098,2026-05-16 00:00:00,2026-05-15 00:00:00,short_video_ads,iOS,一线城市,free,0
U003099,2026-06-24 00:00:00,2026-06-24 00:00:00,search_ads,Web,新一线城市,free,0
U003100,2026-06-13 00:00:00,2026-06-13 00:00:00,short_video_ads,Web,海外,free,0
U003101,2026-05-15 00:00:00,2026-05-15 00:00:00,organic,Android,二线城市,payer,1
U003102,2026-05-12 00:00:00,2026-05-12 00:00:00,app_store,Android,海外,payer,1
U003103,2026-05-07 00:00:00,2026-05-07 00:00:00,referral,iOS,新一线城市,free,0
U003104,2026-05-26 00:00:00,2026-05-26 00:00:00,short_video_ads,Android,二线城市,free,0
U003105,2026-05-09 00:00:00,2026-05-09 00:00:00,referral,Android,一线城市,free,0
U003106,2026-05-28 00:00:00,2026-05-28 00:00:00,organic,iOS,一线城市,free,0
U003107,2026-06-05 00:00:00,2026-06-05 00:00:00,app_store,iOS,一线城市,free,0
U003108,2026-05-27 00:00:00,2026-05-26 00:00:00,short_video_ads,iOS,二线城市,free,0
U003109,2026-06-08 00:00:00,2026-06-08 00:00:00,organic,Android,新一线城市,free,0
U003110,2026-06-25 00:00:00,2026-06-25 00:00:00,organic,Android,一线城市,free,0
U003111,2026-05-11 00:00:00,2026-05-11 00:00:00,short_video_ads,Android,新一线城市,free,0
U003112,2026-05-03 00:00:00,2026-05-03 00:00:00,app_store,iOS,二线城市,free,0
U003113,2026-05-07 00:00:00,2026-05-07 00:00:00,short_video_ads,Android,新一线城市,free,0
U003114,2026-06-03 00:00:00,2026-06-03 00:00:00,search_ads,iOS,一线城市,free,0
U003115,2026-06-05 00:00:00,2026-06-05 00:00:00,short_video_ads,iOS,新一线城市,free,0
U003116,2026-06-15 00:00:00,2026-06-15 00:00:00,referral,Android,新一线城市,free,0
U003117,2026-05-11 00:00:00,2026-05-11 00:00:00,kol,Android,海外,free,0
U003118,2026-06-26 00:00:00,2026-06-26 00:00:00,search_ads,Web,一线城市,free,0
U003119,2026-06-07 00:00:00,2026-06-07 00:00:00,referral,iOS,海外,free,0
U003120,2026-06-21 00:00:00,2026-06-20 00:00:00,app_store,Web,新一线城市,free,0
U003121,2026-06-08 00:00:00,2026-06-08 00:00:00,organic,Android,二线城市,payer,1
U003122,2026-06-24 00:00:00,2026-06-24 00:00:00,kol,Web,一线城市,free,0
U003123,2026-05-27 00:00:00,2026-05-27 00:00:00,search_ads,Android,新一线城市,free,0
U003124,2026-05-04 00:00:00,2026-05-04 00:00:00,referral,Web,新一线城市,payer,1
U003125,2026-06-21 00:00:00,2026-06-21 00:00:00,short_video_ads,iOS,二线城市,free,0
U003126,2026-06-23 00:00:00,2026-06-23 00:00:00,organic,Web,海外,free,0
U003127,2026-05-28 00:00:00,2026-05-28 00:00:00,referral,Web,新一线城市,free,0
U003128,2026-05-20 00:00:00,2026-05-20 00:00:00,short_video_ads,iOS,一线城市,free,0
U003129,2026-05-16 00:00:00,2026-05-16 00:00:00,app_store,iOS,一线城市,payer,1
U003130,2026-05-21 00:00:00,2026-05-21 00:00:00,app_store,Android,新一线城市,free,0
U003131,2026-05-02 00:00:00,2026-05-02 00:00:00,search_ads,Android,一线城市,payer,1
U003132,2026-06-13 00:00:00,2026-06-13 00:00:00,organic,iOS,新一线城市,free,0
U003133,2026-05-19 00:00:00,2026-05-19 00:00:00,organic,Web,海外,payer,1
U003134,2026-06-13 00:00:00,2026-06-13 00:00:00,short_video_ads,iOS,新一线城市,free,0
U003135,2026-05-07 00:00:00,2026-05-07 00:00:00,referral,Web,新一线城市,free,0
U003136,2026-05-02 00:00:00,2026-05-02 00:00:00,search_ads,Android,二线城市,payer,1
U003137,2026-06-10 00:00:00,2026-06-09 00:00:00,search_ads,Android,一线城市,free,0
U003138,2026-06-26 00:00:00,2026-06-26 00:00:00,organic,Android,一线城市,payer,1
U003139,2026-06-18 00:00:00,2026-06-18 00:00:00,app_store,iOS,海外,free,0
U003140,2026-05-11 00:00:00,2026-05-11 00:00:00,referral,Android,新一线城市,payer,1
U003141,2026-06-06 00:00:00,2026-06-06 00:00:00,organic,iOS,新一线城市,free,0
U003142,2026-05-05 00:00:00,2026-05-05 00:00:00,kol,iOS,新一线城市,free,0
U003143,2026-05-10 00:00:00,2026-05-10 00:00:00,app_store,iOS,海外,free,0
U003144,2026-05-11 00:00:00,2026-05-11 00:00:00,organic,iOS,二线城市,free,0
U003145,2026-05-28 00:00:00,2026-05-28 00:00:00,short_video_ads,Android,一线城市,payer,1
U003146,2026-06-26 00:00:00,2026-06-26 00:00:00,organic,iOS,海外,payer,1
U003147,2026-05-15 00:00:00,2026-05-15 00:00:00,organic,iOS,新一线城市,free,0
U003148,2026-05-16 00:00:00,2026-05-16 00:00:00,short_video_ads,Android,新一线城市,free,0
U003149,2026-06-08 00:00:00,2026-06-08 00:00:00,app_store,Android,一线城市,free,0
U003150,2026-05-10 00:00:00,2026-05-10 00:00:00,short_video_ads,iOS,新一线城市,payer,1
U003151,2026-05-22 00:00:00,2026-05-22 00:00:00,app_store,iOS,二线城市,free,0
U003152,2026-06-18 00:00:00,2026-06-18 00:00:00,search_ads,Android,新一线城市,free,0
U003153,2026-06-28 00:00:00,2026-06-28 00:00:00,organic,iOS,新一线城市,free,0
U003154,2026-05-18 00:00:00,2026-05-18 00:00:00,referral,iOS,一线城市,free,0
U003155,2026-06-13 00:00:00,2026-06-13 00:00:00,organic,Android,二线城市,free,0
U003156,2026-06-15 00:00:00,2026-06-14 00:00:00,kol,Android,一线城市,free,0
U003157,2026-05-30 00:00:00,2026-05-30 00:00:00,app_store,Web,一线城市,free,0
U003158,2026-06-28 00:00:00,2026-06-28 00:00:00,search_ads,iOS,新一线城市,free,0
U003159,2026-05-17 00:00:00,2026-05-17 00:00:00,short_video_ads,Android,一线城市,free,0
U003160,2026-06-25 00:00:00,2026-06-25 00:00:00,short_video_ads,iOS,二线城市,free,0
U003161,2026-06-27 00:00:00,2026-06-27 00:00:00,app_store,Web,二线城市,free,0
U003162,2026-05-14 00:00:00,2026-05-14 00:00:00,organic,iOS,一线城市,free,0
U003163,2026-05-17 00:00:00,2026-05-17 00:00:00,short_video_ads,Web,一线城市,free,0
U003164,2026-05-25 00:00:00,2026-05-25 00:00:00,referral,iOS,新一线城市,payer,1
U003165,2026-06-22 00:00:00,2026-06-22 00:00:00,referral,Android,新一线城市,free,0
U003166,2026-06-02 00:00:00,2026-06-02 00:00:00,organic,iOS,二线城市,free,0
U003167,2026-05-16 00:00:00,2026-05-16 00:00:00,search_ads,iOS,海外,free,0
U003168,2026-06-28 00:00:00,2026-06-28 00:00:00,short_video_ads,iOS,海外,payer,1
U003169,2026-06-11 00:00:00,2026-06-11 00:00:00,kol,Web,二线城市,free,0
U003170,2026-05-30 00:00:00,2026-05-30 00:00:00,organic,iOS,一线城市,free,0
U003171,2026-05-29 00:00:00,2026-05-29 00:00:00,referral,iOS,新一线城市,free,0
U003172,2026-05-28 00:00:00,2026-05-28 00:00:00,search_ads,iOS,一线城市,free,0
U003173,2026-06-02 00:00:00,2026-06-02 00:00:00,short_video_ads,iOS,海外,free,0
U003174,2026-05-15 00:00:00,2026-05-13 00:00:00,short_video_ads,Web,新一线城市,free,0
U003175,2026-06-23 00:00:00,2026-06-23 00:00:00,short_video_ads,iOS,新一线城市,free,0
U003176,2026-05-04 00:00:00,2026-05-04 00:00:00,organic,Web,新一线城市,payer,1
U003177,2026-05-22 00:00:00,2026-05-21 00:00:00,app_store,Web,一线城市,free,0
U003178,2026-05-03 00:00:00,2026-05-03 00:00:00,organic,iOS,新一线城市,free,0
U003179,2026-06-01 00:00:00,2026-06-01 00:00:00,search_ads,Web,一线城市,free,0
U003180,2026-06-04 00:00:00,2026-06-04 00:00:00,app_store,Android,海外,free,0
U003181,2026-06-05 00:00:00,2026-06-05 00:00:00,short_video_ads,Web,海外,free,0
U003182,2026-05-07 00:00:00,2026-05-07 00:00:00,kol,iOS,海外,free,0
U003183,2026-06-14 00:00:00,2026-06-14 00:00:00,organic,Android,海外,free,0
U003184,2026-06-19 00:00:00,2026-06-19 00:00:00,short_video_ads,Android,二线城市,free,0
U003185,2026-06-23 00:00:00,2026-06-21 00:00:00,short_video_ads,Android,海外,free,0
U003186,2026-05-06 00:00:00,2026-05-06 00:00:00,organic,Android,新一线城市,payer,1
U003187,2026-06-04 00:00:00,2026-06-04 00:00:00,organic,iOS,二线城市,payer,1
U003188,2026-06-13 00:00:00,2026-06-13 00:00:00,referral,Web,二线城市,free,0
U003189,2026-05-19 00:00:00,2026-05-18 00:00:00,referral,Android,新一线城市,free,0
U003190,2026-05-03 00:00:00,2026-05-02 00:00:00,search_ads,iOS,一线城市,free,0
U003191,2026-05-02 00:00:00,2026-05-02 00:00:00,search_ads,Web,新一线城市,free,0
U003192,2026-05-09 00:00:00,2026-05-09 00:00:00,app_store,Android,二线城市,free,0
U003193,2026-06-10 00:00:00,2026-06-10 00:00:00,referral,Web,二线城市,free,0
U003194,2026-06-15 00:00:00,2026-06-15 00:00:00,organic,iOS,一线城市,free,0
U003195,2026-05-12 00:00:00,2026-05-12 00:00:00,app_store,Web,海外,free,0
U003196,2026-06-13 00:00:00,2026-06-13 00:00:00,organic,Web,海外,free,0
U003197,2026-05-25 00:00:00,2026-05-23 00:00:00,search_ads,Android,一线城市,free,0
U003198,2026-06-24 00:00:00,2026-06-24 00:00:00,kol,iOS,二线城市,free,0
U003199,2026-05-12 00:00:00,2026-05-12 00:00:00,organic,iOS,一线城市,payer,1
U003200,2026-05-13 00:00:00,2026-05-13 00:00:00,organic,Android,一线城市,free,0
U003201,2026-06-28 00:00:00,2026-06-28 00:00:00,short_video_ads,iOS,一线城市,free,0
U003202,2026-05-29 00:00:00,2026-05-29 00:00:00,organic,Android,一线城市,free,0
U003203,2026-06-01 00:00:00,2026-06-01 00:00:00,app_store,iOS,一线城市,free,0
U003204,2026-05-23 00:00:00,2026-05-23 00:00:00,organic,Web,一线城市,free,0
U003205,2026-05-15 00:00:00,2026-05-15 00:00:00,short_video_ads,Android,二线城市,free,0
U003206,2026-06-09 00:00:00,2026-06-09 00:00:00,kol,iOS,一线城市,free,0
U003207,2026-06-26 00:00:00,2026-06-26 00:00:00,short_video_ads,Android,二线城市,free,0
U003208,2026-06-17 00:00:00,2026-06-17 00:00:00,app_store,Android,新一线城市,free,0
U003209,2026-06-05 00:00:00,2026-06-05 00:00:00,organic,Android,一线城市,payer,1
U003210,2026-06-12 00:00:00,2026-06-12 00:00:00,organic,iOS,二线城市,free,0
U003211,2026-05-19 00:00:00,2026-05-19 00:00:00,search_ads,Web,一线城市,free,0
U003212,2026-06-20 00:00:00,2026-06-20 00:00:00,short_video_ads,iOS,新一线城市,free,0
U003213,2026-05-06 00:00:00,2026-05-06 00:00:00,short_video_ads,iOS,一线城市,free,0
U003214,2026-06-12 00:00:00,2026-06-12 00:00:00,organic,Web,一线城市,free,0
U003215,2026-06-01 00:00:00,2026-06-01 00:00:00,kol,Web,一线城市,free,0
U003216,2026-05-30 00:00:00,2026-05-30 00:00:00,short_video_ads,Android,海外,free,0
U003217,2026-06-13 00:00:00,2026-06-13 00:00:00,app_store,Web,海外,free,0
U003218,2026-05-28 00:00:00,2026-05-27 00:00:00,short_video_ads,iOS,海外,free,0
U003219,2026-06-23 00:00:00,2026-06-23 00:00:00,search_ads,Android,一线城市,free,0
U003220,2026-05-07 00:00:00,2026-05-07 00:00:00,short_video_ads,Android,二线城市,free,0
U003221,2026-06-16 00:00:00,2026-06-16 00:00:00,short_video_ads,Web,新一线城市,payer,1
U003222,2026-05-18 00:00:00,2026-05-18 00:00:00,organic,Web,新一线城市,free,0
U003223,2026-05-11 00:00:00,2026-05-11 00:00:00,organic,iOS,二线城市,free,0
U003224,2026-06-26 00:00:00,2026-06-26 00:00:00,organic,Android,新一线城市,free,0
U003225,2026-06-01 00:00:00,2026-06-01 00:00:00,referral,Android,新一线城市,free,0
U003226,2026-05-10 00:00:00,2026-05-10 00:00:00,organic,Web,一线城市,free,0
U003227,2026-05-19 00:00:00,2026-05-19 00:00:00,referral,Web,二线城市,free,0
U003228,2026-05-20 00:00:00,2026-05-20 00:00:00,kol,Web,新一线城市,free,0
U003229,2026-05-12 00:00:00,2026-05-12 00:00:00,search_ads,iOS,一线城市,payer,1
U003230,2026-06-03 00:00:00,2026-06-03 00:00:00,app_store,iOS,海外,payer,1
U003231,2026-06-09 00:00:00,2026-06-08 00:00:00,short_video_ads,Android,一线城市,free,0
U003232,2026-05-03 00:00:00,2026-05-03 00:00:00,app_store,iOS,二线城市,free,0
U003233,2026-05-02 00:00:00,2026-05-02 00:00:00,organic,Android,二线城市,free,0
U003234,2026-05-20 00:00:00,2026-05-20 00:00:00,kol,iOS,海外,free,0
U003235,2026-06-28 00:00:00,2026-06-28 00:00:00,organic,Android,新一线城市,payer,1
U003236,2026-06-19 00:00:00,2026-06-19 00:00:00,short_video_ads,Web,海外,free,0
U003237,2026-05-26 00:00:00,2026-05-26 00:00:00,app_store,Android,一线城市,free,0
U003238,2026-06-25 00:00:00,2026-06-25 00:00:00,organic,iOS,二线城市,free,0
U003239,2026-06-17 00:00:00,2026-06-17 00:00:00,short_video_ads,iOS,新一线城市,free,0
U003240,2026-05-18 00:00:00,2026-05-18 00:00:00,organic,Android,新一线城市,free,0
U003241,2026-05-03 00:00:00,2026-05-02 00:00:00,short_video_ads,Web,新一线城市,free,0
U003242,2026-05-19 00:00:00,2026-05-19 00:00:00,app_store,Android,二线城市,free,0
U003243,2026-05-22 00:00:00,2026-05-22 00:00:00,organic,Android,二线城市,free,0
U003244,2026-05-05 00:00:00,2026-05-05 00:00:00,short_video_ads,Android,二线城市,payer,1
U003245,2026-05-20 00:00:00,2026-05-20 00:00:00,app_store,Web,二线城市,free,0
U003246,2026-05-10 00:00:00,2026-05-10 00:00:00,app_store,iOS,二线城市,free,0
U003247,2026-06-11 00:00:00,2026-06-10 00:00:00,organic,Android,新一线城市,free,0
U003248,2026-05-31 00:00:00,2026-05-31 00:00:00,app_store,Web,一线城市,free,0
U003249,2026-05-29 00:00:00,2026-05-29 00:00:00,short_video_ads,Android,新一线城市,payer,1
U003250,2026-05-19 00:00:00,2026-05-19 00:00:00,short_video_ads,Android,二线城市,free,0
U003251,2026-05-13 00:00:00,2026-05-13 00:00:00,search_ads,Android,一线城市,free,0
U003252,2026-05-12 00:00:00,2026-05-12 00:00:00,app_store,iOS,一线城市,free,0
U003253,2026-06-22 00:00:00,2026-06-22 00:00:00,referral,Android,新一线城市,free,0
U003254,2026-05-02 00:00:00,2026-05-02 00:00:00,search_ads,Web,二线城市,free,0
U003255,2026-06-17 00:00:00,2026-06-17 00:00:00,organic,Android,海外,free,0
U003256,2026-05-07 00:00:00,2026-05-07 00:00:00,short_video_ads,Android,海外,free,0
U003257,2026-05-01 00:00:00,2026-05-01 00:00:00,search_ads,Web,一线城市,free,0
U003258,2026-06-19 00:00:00,2026-06-19 00:00:00,short_video_ads,Android,一线城市,payer,1
U003259,2026-05-03 00:00:00,2026-05-03 00:00:00,organic,Android,一线城市,free,0
U003260,2026-06-09 00:00:00,2026-06-09 00:00:00,search_ads,iOS,二线城市,free,0
U003261,2026-05-11 00:00:00,2026-05-11 00:00:00,organic,Android,一线城市,free,0
U003262,2026-06-28 00:00:00,2026-06-27 00:00:00,app_store,iOS,二线城市,free,0
U003263,2026-05-23 00:00:00,2026-05-23 00:00:00,app_store,iOS,一线城市,free,0
U003264,2026-05-07 00:00:00,2026-05-07 00:00:00,organic,iOS,二线城市,payer,1
U003265,2026-05-04 00:00:00,2026-05-04 00:00:00,short_video_ads,Android,二线城市,free,0
U003266,2026-06-24 00:00:00,2026-06-24 00:00:00,short_video_ads,iOS,二线城市,free,0
U003267,2026-05-31 00:00:00,2026-05-31 00:00:00,app_store,Web,一线城市,payer,1
U003268,2026-06-06 00:00:00,2026-06-05 00:00:00,organic,iOS,新一线城市,free,0
U003269,2026-05-25 00:00:00,2026-05-25 00:00:00,organic,iOS,新一线城市,free,0
U003270,2026-05-23 00:00:00,2026-05-23 00:00:00,referral,iOS,新一线城市,free,0
U003271,2026-05-29 00:00:00,2026-05-29 00:00:00,referral,iOS,一线城市,free,0
U003272,2026-06-01 00:00:00,2026-05-31 00:00:00,organic,Web,一线城市,free,0
U003273,2026-06-20 00:00:00,2026-06-20 00:00:00,kol,Android,二线城市,free,0
U003274,2026-06-16 00:00:00,2026-06-16 00:00:00,organic,Android,一线城市,free,0
U003275,2026-06-23 00:00:00,2026-06-23 00:00:00,referral,iOS,一线城市,free,0
U003276,2026-06-14 00:00:00,2026-06-14 00:00:00,app_store,Android,新一线城市,free,0
U003277,2026-05-19 00:00:00,2026-05-19 00:00:00,app_store,Android,新一线城市,free,0
U003278,2026-05-29 00:00:00,2026-05-29 00:00:00,app_store,Android,一线城市,free,0
U003279,2026-05-03 00:00:00,2026-05-01 00:00:00,app_store,Web,二线城市,payer,1
U003280,2026-06-20 00:00:00,2026-06-20 00:00:00,short_video_ads,Web,二线城市,free,0
U003281,2026-05-07 00:00:00,2026-05-07 00:00:00,organic,Android,新一线城市,free,0
U003282,2026-06-17 00:00:00,2026-06-16 00:00:00,short_video_ads,Web,海外,free,0
U003283,2026-05-02 00:00:00,2026-05-01 00:00:00,app_store,iOS,二线城市,free,0
U003284,2026-06-07 00:00:00,2026-06-07 00:00:00,organic,Android,海外,free,0
U003285,2026-06-15 00:00:00,2026-06-15 00:00:00,search_ads,Android,新一线城市,free,0
U003286,2026-05-15 00:00:00,2026-05-15 00:00:00,referral,iOS,二线城市,free,0
U003287,2026-05-18 00:00:00,2026-05-18 00:00:00,organic,Android,新一线城市,free,0
U003288,2026-06-18 00:00:00,2026-06-18 00:00:00,short_video_ads,iOS,海外,free,0
U003289,2026-05-10 00:00:00,2026-05-10 00:00:00,organic,Android,新一线城市,free,0
U003290,2026-05-18 00:00:00,2026-05-18 00:00:00,app_store,Android,新一线城市,payer,1
U003291,2026-05-04 00:00:00,2026-05-03 00:00:00,organic,iOS,一线城市,free,0
U003292,2026-05-20 00:00:00,2026-05-20 00:00:00,organic,Web,新一线城市,payer,1
U003293,2026-06-26 00:00:00,2026-06-26 00:00:00,organic,Web,新一线城市,free,0
U003294,2026-05-09 00:00:00,2026-05-09 00:00:00,app_store,Android,二线城市,free,0
U003295,2026-06-29 00:00:00,2026-06-29 00:00:00,organic,iOS,一线城市,free,0
U003296,2026-05-20 00:00:00,2026-05-20 00:00:00,search_ads,iOS,海外,free,0
U003297,2026-05-10 00:00:00,2026-05-10 00:00:00,kol,iOS,新一线城市,free,0
U003298,2026-05-17 00:00:00,2026-05-16 00:00:00,organic,iOS,一线城市,free,0
U003299,2026-05-18 00:00:00,2026-05-17 00:00:00,referral,iOS,新一线城市,free,0
U003300,2026-05-05 00:00:00,2026-05-05 00:00:00,search_ads,Android,二线城市,free,0
U003301,2026-05-18 00:00:00,2026-05-18 00:00:00,organic,iOS,新一线城市,free,0
U003302,2026-06-13 00:00:00,2026-06-12 00:00:00,short_video_ads,iOS,一线城市,free,0
U003303,2026-06-05 00:00:00,2026-06-05 00:00:00,organic,Web,一线城市,payer,1
U003304,2026-05-12 00:00:00,2026-05-12 00:00:00,kol,iOS,一线城市,free,0
U003305,2026-05-29 00:00:00,2026-05-29 00:00:00,kol,Android,新一线城市,free,0
U003306,2026-05-08 00:00:00,2026-05-06 00:00:00,kol,iOS,一线城市,payer,1
U003307,2026-05-27 00:00:00,2026-05-26 00:00:00,organic,Web,海外,free,0
U003308,2026-05-30 00:00:00,2026-05-29 00:00:00,search_ads,iOS,二线城市,payer,1
U003309,2026-05-23 00:00:00,2026-05-23 00:00:00,short_video_ads,iOS,新一线城市,free,0
U003310,2026-06-14 00:00:00,2026-06-14 00:00:00,organic,Android,一线城市,free,0
U003311,2026-05-18 00:00:00,2026-05-18 00:00:00,referral,Web,二线城市,payer,1
U003312,2026-06-03 00:00:00,2026-06-03 00:00:00,search_ads,Android,海外,free,0
U003313,2026-05-10 00:00:00,2026-05-10 00:00:00,organic,iOS,二线城市,free,0
U003314,2026-06-13 00:00:00,2026-06-13 00:00:00,organic,Web,海外,free,0
U003315,2026-06-04 00:00:00,2026-06-04 00:00:00,app_store,iOS,一线城市,free,0
U003316,2026-06-17 00:00:00,2026-06-17 00:00:00,organic,iOS,海外,payer,1
U003317,2026-06-19 00:00:00,2026-06-19 00:00:00,referral,Android,一线城市,free,0
U003318,2026-05-05 00:00:00,2026-05-05 00:00:00,app_store,iOS,一线城市,free,0
U003319,2026-06-19 00:00:00,2026-06-19 00:00:00,short_video_ads,iOS,一线城市,free,0
U003320,2026-06-06 00:00:00,2026-06-06 00:00:00,kol,iOS,一线城市,free,0
U003321,2026-06-09 00:00:00,2026-06-09 00:00:00,organic,Android,二线城市,free,0
U003322,2026-06-09 00:00:00,2026-06-09 00:00:00,referral,Android,新一线城市,free,0
U003323,2026-06-16 00:00:00,2026-06-16 00:00:00,organic,iOS,二线城市,free,0
U003324,2026-05-26 00:00:00,2026-05-26 00:00:00,referral,Android,一线城市,payer,1
U003325,2026-05-01 00:00:00,2026-05-01 00:00:00,short_video_ads,Android,一线城市,payer,1
U003326,2026-05-19 00:00:00,2026-05-19 00:00:00,app_store,Web,海外,free,0
U003327,2026-05-14 00:00:00,2026-05-14 00:00:00,kol,Android,新一线城市,free,0
U003328,2026-05-22 00:00:00,2026-05-22 00:00:00,short_video_ads,Web,一线城市,free,0
U003329,2026-05-08 00:00:00,2026-05-08 00:00:00,app_store,Android,一线城市,free,0
U003330,2026-05-23 00:00:00,2026-05-23 00:00:00,short_video_ads,iOS,新一线城市,free,0
U003331,2026-06-29 00:00:00,2026-06-29 00:00:00,organic,Android,二线城市,free,0
U003332,2026-05-16 00:00:00,2026-05-16 00:00:00,kol,Android,二线城市,free,0
U003333,2026-05-03 00:00:00,2026-05-03 00:00:00,short_video_ads,Android,二线城市,payer,1
U003334,2026-05-15 00:00:00,2026-05-15 00:00:00,kol,iOS,新一线城市,free,0
U003335,2026-06-01 00:00:00,2026-06-01 00:00:00,short_video_ads,iOS,新一线城市,free,0
U003336,2026-06-09 00:00:00,2026-06-09 00:00:00,app_store,Android,一线城市,payer,1
U003337,2026-05-01 00:00:00,2026-05-01 00:00:00,short_video_ads,Android,二线城市,free,0
U003338,2026-05-17 00:00:00,2026-05-17 00:00:00,app_store,iOS,二线城市,free,0
U003339,2026-06-05 00:00:00,2026-06-05 00:00:00,referral,Android,海外,free,0
U003340,2026-05-19 00:00:00,2026-05-18 00:00:00,organic,Android,新一线城市,payer,1
U003341,2026-05-05 00:00:00,2026-05-05 00:00:00,short_video_ads,Android,二线城市,free,0
U003342,2026-05-09 00:00:00,2026-05-09 00:00:00,organic,iOS,新一线城市,free,0
U003343,2026-05-31 00:00:00,2026-05-30 00:00:00,app_store,iOS,二线城市,free,0
U003344,2026-05-24 00:00:00,2026-05-24 00:00:00,short_video_ads,Android,一线城市,free,0
U003345,2026-06-11 00:00:00,2026-06-11 00:00:00,short_video_ads,Web,海外,payer,1
U003346,2026-05-31 00:00:00,2026-05-31 00:00:00,organic,Web,一线城市,payer,1
U003347,2026-05-27 00:00:00,2026-05-27 00:00:00,app_store,Android,二线城市,free,0
U003348,2026-06-28 00:00:00,2026-06-28 00:00:00,app_store,Web,二线城市,free,0
U003349,2026-05-08 00:00:00,2026-05-08 00:00:00,app_store,iOS,二线城市,free,0
U003350,2026-05-14 00:00:00,2026-05-14 00:00:00,app_store,Android,二线城市,payer,1
U003351,2026-06-11 00:00:00,2026-06-11 00:00:00,short_video_ads,Web,新一线城市,free,0
U003352,2026-05-30 00:00:00,2026-05-30 00:00:00,referral,Android,新一线城市,free,0
U003353,2026-06-18 00:00:00,2026-06-18 00:00:00,kol,Web,二线城市,free,0
U003354,2026-06-23 00:00:00,2026-06-23 00:00:00,app_store,Android,新一线城市,free,0
U003355,2026-05-27 00:00:00,2026-05-27 00:00:00,short_video_ads,iOS,海外,free,0
U003356,2026-05-19 00:00:00,2026-05-19 00:00:00,short_video_ads,Android,二线城市,free,0
U003357,2026-06-15 00:00:00,2026-06-15 00:00:00,kol,Android,二线城市,free,0
U003358,2026-06-18 00:00:00,2026-06-18 00:00:00,organic,iOS,二线城市,free,0
U003359,2026-06-07 00:00:00,2026-06-07 00:00:00,organic,Android,一线城市,free,0
U003360,2026-05-01 00:00:00,2026-05-01 00:00:00,short_video_ads,Android,新一线城市,payer,1
U003361,2026-06-21 00:00:00,2026-06-21 00:00:00,kol,Web,二线城市,free,0
U003362,2026-06-29 00:00:00,2026-06-29 00:00:00,organic,Web,二线城市,free,0
U003363,2026-06-17 00:00:00,2026-06-17 00:00:00,organic,iOS,新一线城市,free,0
U003364,2026-05-16 00:00:00,2026-05-14 00:00:00,kol,Android,海外,free,0
U003365,2026-05-13 00:00:00,2026-05-13 00:00:00,app_store,iOS,海外,free,0
U003366,2026-05-13 00:00:00,2026-05-13 00:00:00,search_ads,iOS,海外,free,0
U003367,2026-05-01 00:00:00,2026-05-01 00:00:00,short_video_ads,iOS,一线城市,free,0
U003368,2026-05-01 00:00:00,2026-05-01 00:00:00,kol,Web,一线城市,free,0
U003369,2026-06-18 00:00:00,2026-06-18 00:00:00,short_video_ads,Android,新一线城市,free,0
U003370,2026-06-17 00:00:00,2026-06-17 00:00:00,app_store,Android,一线城市,payer,1
U003371,2026-05-08 00:00:00,2026-05-08 00:00:00,app_store,iOS,一线城市,free,0
U003372,2026-06-27 00:00:00,2026-06-27 00:00:00,short_video_ads,Web,海外,free,0
U003373,2026-06-22 00:00:00,2026-06-22 00:00:00,kol,iOS,海外,free,0
U003374,2026-06-05 00:00:00,2026-06-05 00:00:00,app_store,Android,二线城市,free,0
U003375,2026-05-08 00:00:00,2026-05-08 00:00:00,search_ads,iOS,新一线城市,free,0
U003376,2026-05-24 00:00:00,2026-05-24 00:00:00,short_video_ads,Web,海外,free,0
U003377,2026-05-07 00:00:00,2026-05-07 00:00:00,short_video_ads,iOS,新一线城市,free,0
U003378,2026-05-22 00:00:00,2026-05-22 00:00:00,short_video_ads,iOS,一线城市,free,0
U003379,2026-05-29 00:00:00,2026-05-29 00:00:00,referral,iOS,海外,free,0
U003380,2026-06-27 00:00:00,2026-06-27 00:00:00,kol,iOS,一线城市,free,0
U003381,2026-06-16 00:00:00,2026-06-16 00:00:00,search_ads,iOS,二线城市,free,0
U003382,2026-05-31 00:00:00,2026-05-31 00:00:00,app_store,Web,二线城市,free,0
U003383,2026-06-24 00:00:00,2026-06-24 00:00:00,referral,Web,新一线城市,free,0
U003384,2026-06-20 00:00:00,2026-06-20 00:00:00,search_ads,Android,二线城市,free,0
U003385,2026-06-14 00:00:00,2026-06-14 00:00:00,search_ads,iOS,一线城市,free,0
U003386,2026-05-05 00:00:00,2026-05-05 00:00:00,kol,iOS,新一线城市,free,0
U003387,2026-06-03 00:00:00,2026-06-03 00:00:00,short_video_ads,Android,一线城市,free,0
U003388,2026-05-01 00:00:00,2026-05-01 00:00:00,organic,Android,新一线城市,free,0
U003389,2026-05-25 00:00:00,2026-05-25 00:00:00,referral,Web,一线城市,free,0
U003390,2026-06-14 00:00:00,2026-06-14 00:00:00,search_ads,Android,一线城市,free,0
U003391,2026-05-27 00:00:00,2026-05-27 00:00:00,organic,Android,二线城市,payer,1
U003392,2026-05-10 00:00:00,2026-05-08 00:00:00,organic,Android,新一线城市,free,0
U003393,2026-05-09 00:00:00,2026-05-09 00:00:00,short_video_ads,Web,新一线城市,free,0
U003394,2026-05-28 00:00:00,2026-05-28 00:00:00,organic,Android,一线城市,payer,1
U003395,2026-06-12 00:00:00,2026-06-12 00:00:00,search_ads,Web,新一线城市,free,0
U003396,2026-06-17 00:00:00,2026-06-17 00:00:00,short_video_ads,iOS,二线城市,free,0
U003397,2026-06-22 00:00:00,2026-06-22 00:00:00,short_video_ads,Web,二线城市,free,0
U003398,2026-05-09 00:00:00,2026-05-09 00:00:00,search_ads,Android,二线城市,free,0
U003399,2026-06-22 00:00:00,2026-06-22 00:00:00,referral,Android,一线城市,free,0
U003400,2026-05-20 00:00:00,2026-05-19 00:00:00,organic,iOS,一线城市,payer,1
U003401,2026-05-09 00:00:00,2026-05-09 00:00:00,app_store,Android,海外,free,0
U003402,2026-05-16 00:00:00,2026-05-15 00:00:00,short_video_ads,iOS,一线城市,free,0
U003403,2026-05-01 00:00:00,2026-05-01 00:00:00,organic,Android,新一线城市,free,0
U003404,2026-06-21 00:00:00,2026-06-21 00:00:00,short_video_ads,iOS,新一线城市,free,0
U003405,2026-05-10 00:00:00,2026-05-09 00:00:00,referral,Android,二线城市,free,0
U003406,2026-06-07 00:00:00,2026-06-07 00:00:00,short_video_ads,Android,一线城市,payer,1
U003407,2026-05-01 00:00:00,2026-05-01 00:00:00,kol,Web,一线城市,free,0
U003408,2026-05-16 00:00:00,2026-05-16 00:00:00,app_store,iOS,海外,free,0
U003409,2026-05-11 00:00:00,2026-05-11 00:00:00,short_video_ads,Web,海外,free,0
U003410,2026-06-29 00:00:00,2026-06-29 00:00:00,search_ads,Web,新一线城市,free,0
U003411,2026-05-28 00:00:00,2026-05-28 00:00:00,search_ads,Android,新一线城市,payer,1
U003412,2026-06-20 00:00:00,2026-06-20 00:00:00,organic,Android,新一线城市,free,0
U003413,2026-05-23 00:00:00,2026-05-23 00:00:00,referral,iOS,一线城市,free,0
U003414,2026-05-13 00:00:00,2026-05-13 00:00:00,kol,iOS,新一线城市,free,0
U003415,2026-06-03 00:00:00,2026-06-03 00:00:00,kol,iOS,一线城市,free,0
U003416,2026-05-31 00:00:00,2026-05-31 00:00:00,search_ads,Android,新一线城市,free,0
U003417,2026-05-20 00:00:00,2026-05-20 00:00:00,organic,Android,新一线城市,free,0
U003418,2026-06-27 00:00:00,2026-06-26 00:00:00,organic,Web,新一线城市,free,0
U003419,2026-05-17 00:00:00,2026-05-17 00:00:00,organic,iOS,新一线城市,payer,1
U003420,2026-06-03 00:00:00,2026-06-03 00:00:00,organic,iOS,二线城市,free,0
U003421,2026-05-02 00:00:00,2026-05-02 00:00:00,search_ads,Web,海外,free,0
U003422,2026-05-22 00:00:00,2026-05-21 00:00:00,kol,Android,海外,free,0
U003423,2026-05-05 00:00:00,2026-05-05 00:00:00,referral,Android,新一线城市,free,0
U003424,2026-06-01 00:00:00,2026-06-01 00:00:00,search_ads,Android,海外,free,0
U003425,2026-06-03 00:00:00,2026-06-03 00:00:00,short_video_ads,Android,一线城市,free,0
U003426,2026-05-26 00:00:00,2026-05-26 00:00:00,organic,Android,一线城市,free,0
U003427,2026-06-04 00:00:00,2026-06-04 00:00:00,search_ads,Web,一线城市,free,0
U003428,2026-06-29 00:00:00,2026-06-29 00:00:00,search_ads,Android,二线城市,free,0
U003429,2026-05-09 00:00:00,2026-05-07 00:00:00,organic,iOS,海外,free,0
U003430,2026-05-24 00:00:00,2026-05-24 00:00:00,organic,Web,海外,payer,1
U003431,2026-05-05 00:00:00,2026-05-05 00:00:00,app_store,Android,新一线城市,free,0
U003432,2026-06-20 00:00:00,2026-06-20 00:00:00,kol,iOS,二线城市,free,0
U003433,2026-05-06 00:00:00,2026-05-06 00:00:00,app_store,Android,二线城市,free,0
U003434,2026-06-01 00:00:00,2026-06-01 00:00:00,organic,Web,新一线城市,free,0
U003435,2026-06-11 00:00:00,2026-06-11 00:00:00,search_ads,Android,新一线城市,free,0
U003436,2026-06-10 00:00:00,2026-06-10 00:00:00,search_ads,Android,一线城市,free,0
U003437,2026-05-30 00:00:00,2026-05-30 00:00:00,app_store,iOS,二线城市,free,0
U003438,2026-05-11 00:00:00,2026-05-11 00:00:00,short_video_ads,iOS,海外,free,0
U003439,2026-05-19 00:00:00,2026-05-19 00:00:00,search_ads,Web,海外,free,0
U003440,2026-05-26 00:00:00,2026-05-26 00:00:00,referral,Web,二线城市,free,0
U003441,2026-05-05 00:00:00,2026-05-05 00:00:00,organic,iOS,一线城市,free,0
U003442,2026-05-13 00:00:00,2026-05-13 00:00:00,search_ads,Android,一线城市,free,0
U003443,2026-05-29 00:00:00,2026-05-29 00:00:00,short_video_ads,Web,一线城市,free,0
U003444,2026-05-29 00:00:00,2026-05-29 00:00:00,search_ads,Android,海外,free,0
U003445,2026-06-02 00:00:00,2026-06-02 00:00:00,search_ads,iOS,新一线城市,free,0
U003446,2026-06-23 00:00:00,2026-06-23 00:00:00,search_ads,Android,海外,free,0
U003447,2026-06-13 00:00:00,2026-06-13 00:00:00,short_video_ads,iOS,二线城市,free,0
U003448,2026-06-27 00:00:00,2026-06-26 00:00:00,app_store,iOS,一线城市,free,0
U003449,2026-06-18 00:00:00,2026-06-18 00:00:00,organic,Android,海外,payer,1
U003450,2026-05-22 00:00:00,2026-05-22 00:00:00,organic,Android,一线城市,free,0
U003451,2026-05-26 00:00:00,2026-05-26 00:00:00,search_ads,iOS,新一线城市,free,0
U003452,2026-06-25 00:00:00,2026-06-25 00:00:00,organic,Web,二线城市,free,0
U003453,2026-05-06 00:00:00,2026-05-06 00:00:00,search_ads,iOS,二线城市,free,0
U003454,2026-05-27 00:00:00,2026-05-27 00:00:00,kol,iOS,新一线城市,free,0
U003455,2026-05-17 00:00:00,2026-05-17 00:00:00,search_ads,Web,二线城市,payer,1
U003456,2026-06-12 00:00:00,2026-06-12 00:00:00,kol,iOS,一线城市,free,0
U003457,2026-06-16 00:00:00,2026-06-16 00:00:00,organic,iOS,一线城市,free,0
U003458,2026-06-24 00:00:00,2026-06-24 00:00:00,app_store,iOS,新一线城市,free,0
U003459,2026-06-07 00:00:00,2026-06-07 00:00:00,kol,Android,新一线城市,free,0
U003460,2026-06-27 00:00:00,2026-06-27 00:00:00,organic,Web,新一线城市,free,0
U003461,2026-06-26 00:00:00,2026-06-26 00:00:00,short_video_ads,iOS,一线城市,free,0
U003462,2026-06-08 00:00:00,2026-06-08 00:00:00,search_ads,Android,二线城市,free,0
U003463,2026-05-05 00:00:00,2026-05-05 00:00:00,search_ads,Web,一线城市,free,0
U003464,2026-05-09 00:00:00,2026-05-08 00:00:00,app_store,Web,一线城市,free,0
U003465,2026-06-06 00:00:00,2026-06-06 00:00:00,app_store,Android,海外,free,0
U003466,2026-05-31 00:00:00,2026-05-31 00:00:00,app_store,Web,新一线城市,free,0
U003467,2026-05-06 00:00:00,2026-05-06 00:00:00,app_store,iOS,新一线城市,free,0
U003468,2026-05-15 00:00:00,2026-05-15 00:00:00,search_ads,Android,海外,payer,1
U003469,2026-06-05 00:00:00,2026-06-04 00:00:00,app_store,Web,一线城市,free,0
U003470,2026-05-09 00:00:00,2026-05-09 00:00:00,referral,Android,一线城市,free,0
U003471,2026-05-21 00:00:00,2026-05-21 00:00:00,organic,Android,新一线城市,free,0
U003472,2026-05-13 00:00:00,2026-05-13 00:00:00,referral,iOS,一线城市,free,0
U003473,2026-05-16 00:00:00,2026-05-16 00:00:00,referral,Android,一线城市,free,0
U003474,2026-06-26 00:00:00,2026-06-26 00:00:00,short_video_ads,iOS,新一线城市,free,0
U003475,2026-06-03 00:00:00,2026-06-03 00:00:00,referral,Web,新一线城市,free,0
U003476,2026-06-19 00:00:00,2026-06-19 00:00:00,short_video_ads,Web,二线城市,free,0
U003477,2026-06-24 00:00:00,2026-06-24 00:00:00,app_store,Android,海外,free,0
U003478,2026-05-05 00:00:00,2026-05-05 00:00:00,kol,Web,二线城市,free,0
U003479,2026-06-12 00:00:00,2026-06-12 00:00:00,short_video_ads,iOS,新一线城市,free,0
U003480,2026-05-07 00:00:00,2026-05-07 00:00:00,search_ads,iOS,新一线城市,free,0
U003481,2026-05-16 00:00:00,2026-05-16 00:00:00,search_ads,iOS,新一线城市,free,0
U003482,2026-05-09 00:00:00,2026-05-09 00:00:00,kol,Web,新一线城市,free,0
U003483,2026-05-28 00:00:00,2026-05-28 00:00:00,kol,Web,海外,free,0
U003484,2026-06-16 00:00:00,2026-06-16 00:00:00,short_video_ads,iOS,海外,free,0
U003485,2026-05-02 00:00:00,2026-05-02 00:00:00,search_ads,Web,二线城市,free,0
U003486,2026-06-04 00:00:00,2026-06-04 00:00:00,short_video_ads,Android,一线城市,free,0
U003487,2026-06-11 00:00:00,2026-06-11 00:00:00,organic,Web,一线城市,free,0
U003488,2026-06-27 00:00:00,2026-06-27 00:00:00,organic,Android,一线城市,free,0
U003489,2026-05-04 00:00:00,2026-05-04 00:00:00,search_ads,iOS,二线城市,free,0
U003490,2026-05-23 00:00:00,2026-05-23 00:00:00,search_ads,Android,二线城市,payer,1
U003491,2026-05-24 00:00:00,2026-05-24 00:00:00,app_store,Web,二线城市,payer,1
U003492,2026-06-21 00:00:00,2026-06-21 00:00:00,organic,iOS,一线城市,free,0
U003493,2026-06-08 00:00:00,2026-06-08 00:00:00,short_video_ads,iOS,二线城市,free,0
U003494,2026-06-26 00:00:00,2026-06-26 00:00:00,app_store,iOS,二线城市,free,0
U003495,2026-05-16 00:00:00,2026-05-16 00:00:00,kol,Android,海外,free,0
U003496,2026-05-04 00:00:00,2026-05-04 00:00:00,organic,iOS,二线城市,free,0
U003497,2026-06-24 00:00:00,2026-06-24 00:00:00,search_ads,iOS,海外,free,0
U003498,2026-05-19 00:00:00,2026-05-19 00:00:00,search_ads,Android,海外,free,0
U003499,2026-06-08 00:00:00,2026-06-08 00:00:00,search_ads,Web,一线城市,free,0
U003500,2026-06-18 00:00:00,2026-06-18 00:00:00,app_store,iOS,新一线城市,free,0
U003501,2026-06-09 00:00:00,2026-06-09 00:00:00,short_video_ads,iOS,一线城市,free,0
U003502,2026-05-24 00:00:00,2026-05-24 00:00:00,referral,Web,二线城市,free,0
U003503,2026-06-21 00:00:00,2026-06-21 00:00:00,search_ads,Android,海外,free,0
U003504,2026-06-19 00:00:00,2026-06-19 00:00:00,short_video_ads,Web,新一线城市,payer,1
U003505,2026-05-10 00:00:00,2026-05-08 00:00:00,search_ads,iOS,二线城市,free,0
U003506,2026-06-19 00:00:00,2026-06-19 00:00:00,kol,Android,新一线城市,free,0
U003507,2026-05-22 00:00:00,2026-05-21 00:00:00,search_ads,Android,新一线城市,free,0
U003508,2026-05-16 00:00:00,2026-05-16 00:00:00,referral,Android,海外,free,0
U003509,2026-05-16 00:00:00,2026-05-16 00:00:00,app_store,Android,新一线城市,free,0
U003510,2026-05-04 00:00:00,2026-05-04 00:00:00,kol,Web,海外,payer,1
U003511,2026-06-04 00:00:00,2026-06-04 00:00:00,kol,iOS,一线城市,payer,1
U003512,2026-05-25 00:00:00,2026-05-25 00:00:00,kol,iOS,新一线城市,payer,1
U003513,2026-05-09 00:00:00,2026-05-09 00:00:00,search_ads,Android,海外,free,0
U003514,2026-06-01 00:00:00,2026-06-01 00:00:00,referral,iOS,新一线城市,free,0
U003515,2026-05-26 00:00:00,2026-05-26 00:00:00,organic,Android,一线城市,free,0
U003516,2026-06-06 00:00:00,2026-06-06 00:00:00,referral,iOS,新一线城市,payer,1
U003517,2026-05-15 00:00:00,2026-05-15 00:00:00,referral,iOS,海外,payer,1
U003518,2026-06-18 00:00:00,2026-06-18 00:00:00,organic,Web,新一线城市,free,0
U003519,2026-05-13 00:00:00,2026-05-13 00:00:00,referral,iOS,海外,free,0
U003520,2026-06-06 00:00:00,2026-06-06 00:00:00,kol,Web,二线城市,free,0
U003521,2026-06-13 00:00:00,2026-06-13 00:00:00,short_video_ads,iOS,新一线城市,free,0
U003522,2026-05-04 00:00:00,2026-05-04 00:00:00,kol,iOS,二线城市,free,0
U003523,2026-05-08 00:00:00,2026-05-08 00:00:00,kol,Web,二线城市,free,0
U003524,2026-05-26 00:00:00,2026-05-26 00:00:00,app_store,iOS,新一线城市,free,0
U003525,2026-05-17 00:00:00,2026-05-17 00:00:00,organic,Android,一线城市,free,0
U003526,2026-06-18 00:00:00,2026-06-17 00:00:00,search_ads,iOS,二线城市,free,0
U003527,2026-06-04 00:00:00,2026-06-04 00:00:00,organic,iOS,新一线城市,free,0
U003528,2026-05-26 00:00:00,2026-05-26 00:00:00,organic,Android,二线城市,free,0
U003529,2026-06-13 00:00:00,2026-06-12 00:00:00,referral,iOS,一线城市,free,0
U003530,2026-05-06 00:00:00,2026-05-06 00:00:00,short_video_ads,Web,二线城市,free,0
U003531,2026-05-17 00:00:00,2026-05-17 00:00:00,organic,iOS,二线城市,free,0
U003532,2026-06-24 00:00:00,2026-06-23 00:00:00,kol,Android,新一线城市,payer,1
U003533,2026-06-21 00:00:00,2026-06-21 00:00:00,kol,Android,二线城市,free,0
U003534,2026-06-29 00:00:00,2026-06-29 00:00:00,app_store,Android,海外,free,0
U003535,2026-06-25 00:00:00,2026-06-25 00:00:00,organic,Web,一线城市,free,0
U003536,2026-05-06 00:00:00,2026-05-05 00:00:00,kol,Android,海外,free,0
U003537,2026-05-13 00:00:00,2026-05-13 00:00:00,app_store,Android,一线城市,free,0
U003538,2026-05-04 00:00:00,2026-05-04 00:00:00,short_video_ads,Web,新一线城市,payer,1
U003539,2026-05-28 00:00:00,2026-05-28 00:00:00,short_video_ads,iOS,海外,free,0
U003540,2026-05-28 00:00:00,2026-05-26 00:00:00,app_store,Android,二线城市,free,0
U003541,2026-05-08 00:00:00,2026-05-08 00:00:00,short_video_ads,Web,新一线城市,free,0
U003542,2026-06-12 00:00:00,2026-06-12 00:00:00,app_store,iOS,二线城市,free,0
U003543,2026-06-09 00:00:00,2026-06-09 00:00:00,organic,iOS,一线城市,payer,1
U003544,2026-05-06 00:00:00,2026-05-06 00:00:00,short_video_ads,iOS,新一线城市,free,0
U003545,2026-06-02 00:00:00,2026-06-02 00:00:00,kol,Android,新一线城市,free,0
U003546,2026-05-30 00:00:00,2026-05-30 00:00:00,short_video_ads,Android,二线城市,free,0
U003547,2026-05-21 00:00:00,2026-05-21 00:00:00,short_video_ads,iOS,新一线城市,free,0
U003548,2026-05-06 00:00:00,2026-05-06 00:00:00,app_store,iOS,新一线城市,free,0
U003549,2026-05-10 00:00:00,2026-05-10 00:00:00,search_ads,Android,一线城市,free,0
U003550,2026-05-13 00:00:00,2026-05-13 00:00:00,organic,Android,一线城市,free,0
U003551,2026-06-26 00:00:00,2026-06-26 00:00:00,kol,iOS,一线城市,free,0
U003552,2026-05-03 00:00:00,2026-05-03 00:00:00,organic,iOS,新一线城市,free,0
U003553,2026-06-21 00:00:00,2026-06-20 00:00:00,search_ads,Web,一线城市,free,0
U003554,2026-06-29 00:00:00,2026-06-29 00:00:00,organic,iOS,新一线城市,free,0
U003555,2026-05-13 00:00:00,2026-05-13 00:00:00,kol,Android,二线城市,free,0
U003556,2026-06-12 00:00:00,2026-06-12 00:00:00,short_video_ads,Android,二线城市,free,0
U003557,2026-05-10 00:00:00,2026-05-10 00:00:00,short_video_ads,Android,新一线城市,payer,1
U003558,2026-06-06 00:00:00,2026-06-06 00:00:00,app_store,Android,海外,free,0
U003559,2026-05-08 00:00:00,2026-05-08 00:00:00,search_ads,Web,一线城市,free,0
U003560,2026-05-09 00:00:00,2026-05-09 00:00:00,app_store,Android,一线城市,free,0
U003561,2026-05-07 00:00:00,2026-05-07 00:00:00,search_ads,iOS,一线城市,free,0
U003562,2026-06-07 00:00:00,2026-06-07 00:00:00,organic,Web,二线城市,free,0
U003563,2026-06-23 00:00:00,2026-06-23 00:00:00,kol,Android,海外,free,0
U003564,2026-05-01 00:00:00,2026-05-01 00:00:00,organic,iOS,二线城市,free,0
U003565,2026-06-20 00:00:00,2026-06-20 00:00:00,search_ads,Android,新一线城市,free,0
U003566,2026-05-03 00:00:00,2026-05-03 00:00:00,app_store,Android,新一线城市,free,0
U003567,2026-05-08 00:00:00,2026-05-08 00:00:00,search_ads,iOS,新一线城市,free,0
U003568,2026-06-19 00:00:00,2026-06-19 00:00:00,organic,Android,新一线城市,payer,1
U003569,2026-06-10 00:00:00,2026-06-10 00:00:00,app_store,Android,新一线城市,free,0
U003570,2026-06-26 00:00:00,2026-06-26 00:00:00,short_video_ads,Android,新一线城市,free,0
U003571,2026-05-23 00:00:00,2026-05-23 00:00:00,app_store,Web,新一线城市,free,0
U003572,2026-06-21 00:00:00,2026-06-21 00:00:00,referral,Web,新一线城市,free,0
U003573,2026-05-21 00:00:00,2026-05-21 00:00:00,app_store,Web,新一线城市,free,0
U003574,2026-05-22 00:00:00,2026-05-22 00:00:00,search_ads,iOS,海外,free,0
U003575,2026-06-19 00:00:00,2026-06-19 00:00:00,referral,Android,二线城市,free,0
U003576,2026-06-21 00:00:00,2026-06-21 00:00:00,app_store,iOS,一线城市,free,0
U003577,2026-06-13 00:00:00,2026-06-13 00:00:00,referral,iOS,二线城市,payer,1
U003578,2026-06-14 00:00:00,2026-06-14 00:00:00,search_ads,Android,二线城市,free,0
U003579,2026-06-23 00:00:00,2026-06-23 00:00:00,app_store,Android,海外,free,0
U003580,2026-05-07 00:00:00,2026-05-06 00:00:00,short_video_ads,iOS,一线城市,free,0
U003581,2026-06-19 00:00:00,2026-06-19 00:00:00,app_store,iOS,海外,free,0
U003582,2026-05-19 00:00:00,2026-05-19 00:00:00,referral,Android,新一线城市,free,0
U003583,2026-06-12 00:00:00,2026-06-12 00:00:00,short_video_ads,Android,一线城市,free,0
U003584,2026-05-01 00:00:00,2026-05-01 00:00:00,short_video_ads,iOS,二线城市,free,0
U003585,2026-05-18 00:00:00,2026-05-18 00:00:00,referral,Android,一线城市,payer,1
U003586,2026-06-02 00:00:00,2026-06-02 00:00:00,organic,Web,一线城市,free,0
U003587,2026-05-12 00:00:00,2026-05-12 00:00:00,search_ads,Android,新一线城市,free,0
U003588,2026-05-10 00:00:00,2026-05-10 00:00:00,kol,Web,新一线城市,payer,1
U003589,2026-06-24 00:00:00,2026-06-22 00:00:00,search_ads,Android,二线城市,free,0
U003590,2026-05-24 00:00:00,2026-05-24 00:00:00,referral,iOS,海外,payer,1
U003591,2026-06-08 00:00:00,2026-06-08 00:00:00,search_ads,iOS,新一线城市,free,0
U003592,2026-05-18 00:00:00,2026-05-18 00:00:00,search_ads,Android,新一线城市,free,0
U003593,2026-06-14 00:00:00,2026-06-14 00:00:00,kol,Web,新一线城市,free,0
U003594,2026-05-29 00:00:00,2026-05-28 00:00:00,search_ads,iOS,新一线城市,free,0
U003595,2026-05-10 00:00:00,2026-05-10 00:00:00,app_store,Web,新一线城市,payer,1
U003596,2026-06-19 00:00:00,2026-06-18 00:00:00,search_ads,Android,海外,free,0
U003597,2026-05-04 00:00:00,2026-05-04 00:00:00,kol,Android,海外,free,0
U003598,2026-05-15 00:00:00,2026-05-15 00:00:00,organic,Android,新一线城市,free,0
U003599,2026-05-02 00:00:00,2026-04-30 00:00:00,organic,iOS,二线城市,free,0
U003600,2026-05-30 00:00:00,2026-05-30 00:00:00,search_ads,Android,二线城市,free,0
U003601,2026-05-07 00:00:00,2026-05-07 00:00:00,organic,Web,一线城市,free,0
U003602,2026-05-24 00:00:00,2026-05-24 00:00:00,referral,iOS,一线城市,payer,1
U003603,2026-06-17 00:00:00,2026-06-17 00:00:00,app_store,Web,二线城市,free,0
U003604,2026-06-04 00:00:00,2026-06-03 00:00:00,app_store,Android,一线城市,free,0
U003605,2026-05-23 00:00:00,2026-05-23 00:00:00,organic,Web,新一线城市,free,0
U003606,2026-05-25 00:00:00,2026-05-25 00:00:00,search_ads,iOS,海外,free,0
U003607,2026-06-12 00:00:00,2026-06-11 00:00:00,short_video_ads,Android,二线城市,payer,1
U003608,2026-05-27 00:00:00,2026-05-27 00:00:00,organic,Web,新一线城市,free,0
U003609,2026-06-01 00:00:00,2026-06-01 00:00:00,organic,Android,二线城市,free,0
U003610,2026-05-04 00:00:00,2026-05-03 00:00:00,app_store,iOS,海外,free,0
U003611,2026-05-20 00:00:00,2026-05-20 00:00:00,search_ads,iOS,新一线城市,free,0
U003612,2026-06-12 00:00:00,2026-06-12 00:00:00,organic,Android,二线城市,free,0
U003613,2026-06-23 00:00:00,2026-06-23 00:00:00,app_store,iOS,一线城市,free,0
U003614,2026-05-05 00:00:00,2026-05-05 00:00:00,app_store,iOS,海外,free,0
U003615,2026-05-14 00:00:00,2026-05-14 00:00:00,search_ads,iOS,二线城市,payer,1
U003616,2026-06-21 00:00:00,2026-06-21 00:00:00,short_video_ads,Web,新一线城市,free,0
U003617,2026-05-27 00:00:00,2026-05-27 00:00:00,organic,Android,新一线城市,free,0
U003618,2026-05-13 00:00:00,2026-05-11 00:00:00,app_store,Web,一线城市,free,0
U003619,2026-06-29 00:00:00,2026-06-29 00:00:00,app_store,iOS,二线城市,free,0
U003620,2026-06-18 00:00:00,2026-06-18 00:00:00,search_ads,Web,新一线城市,free,0
U003621,2026-05-22 00:00:00,2026-05-22 00:00:00,app_store,Android,新一线城市,free,0
U003622,2026-06-18 00:00:00,2026-06-17 00:00:00,referral,Android,二线城市,free,0
U003623,2026-05-28 00:00:00,2026-05-28 00:00:00,short_video_ads,Android,海外,free,0
U003624,2026-05-26 00:00:00,2026-05-26 00:00:00,short_video_ads,iOS,新一线城市,payer,1
U003625,2026-06-23 00:00:00,2026-06-23 00:00:00,app_store,Android,海外,free,0
U003626,2026-05-13 00:00:00,2026-05-13 00:00:00,app_store,Android,二线城市,free,0
U003627,2026-05-27 00:00:00,2026-05-27 00:00:00,search_ads,Android,海外,free,0
U003628,2026-05-01 00:00:00,2026-05-01 00:00:00,short_video_ads,iOS,一线城市,free,0
U003629,2026-05-25 00:00:00,2026-05-25 00:00:00,search_ads,Web,海外,free,0
U003630,2026-06-01 00:00:00,2026-06-01 00:00:00,referral,iOS,海外,free,0
U003631,2026-06-02 00:00:00,2026-06-02 00:00:00,referral,Android,一线城市,free,0
U003632,2026-05-25 00:00:00,2026-05-25 00:00:00,referral,iOS,新一线城市,free,0
U003633,2026-05-21 00:00:00,2026-05-19 00:00:00,organic,Web,一线城市,payer,1
U003634,2026-06-03 00:00:00,2026-06-03 00:00:00,kol,Web,一线城市,free,0
U003635,2026-06-24 00:00:00,2026-06-24 00:00:00,organic,Web,新一线城市,free,0
U003636,2026-06-11 00:00:00,2026-06-11 00:00:00,organic,iOS,海外,payer,1
U003637,2026-05-18 00:00:00,2026-05-18 00:00:00,search_ads,Web,二线城市,free,0
U003638,2026-05-18 00:00:00,2026-05-18 00:00:00,search_ads,Android,一线城市,free,0
U003639,2026-05-05 00:00:00,2026-05-05 00:00:00,app_store,iOS,二线城市,free,0
U003640,2026-05-27 00:00:00,2026-05-26 00:00:00,short_video_ads,iOS,二线城市,free,0
U003641,2026-05-23 00:00:00,2026-05-23 00:00:00,organic,iOS,一线城市,free,0
U003642,2026-06-14 00:00:00,2026-06-14 00:00:00,app_store,iOS,一线城市,payer,1
U003643,2026-05-22 00:00:00,2026-05-22 00:00:00,organic,Web,二线城市,free,0
U003644,2026-06-19 00:00:00,2026-06-19 00:00:00,short_video_ads,Android,二线城市,free,0
U003645,2026-05-10 00:00:00,2026-05-10 00:00:00,referral,Android,新一线城市,free,0
U003646,2026-06-19 00:00:00,2026-06-19 00:00:00,kol,iOS,新一线城市,free,0
U003647,2026-06-05 00:00:00,2026-06-05 00:00:00,search_ads,Android,一线城市,free,0
U003648,2026-05-23 00:00:00,2026-05-23 00:00:00,kol,iOS,二线城市,free,0
U003649,2026-05-09 00:00:00,2026-05-09 00:00:00,organic,iOS,一线城市,free,0
U003650,2026-06-09 00:00:00,2026-06-09 00:00:00,short_video_ads,Android,二线城市,free,0
U003651,2026-05-06 00:00:00,2026-05-06 00:00:00,short_video_ads,Web,二线城市,free,0
U003652,2026-06-17 00:00:00,2026-06-17 00:00:00,app_store,Android,新一线城市,free,0
U003653,2026-05-16 00:00:00,2026-05-16 00:00:00,app_store,Android,二线城市,free,0
U003654,2026-06-14 00:00:00,2026-06-14 00:00:00,kol,iOS,一线城市,free,0
U003655,2026-05-17 00:00:00,2026-05-17 00:00:00,short_video_ads,iOS,海外,free,0
U003656,2026-06-08 00:00:00,2026-06-08 00:00:00,kol,Web,一线城市,free,0
U003657,2026-06-06 00:00:00,2026-06-06 00:00:00,organic,iOS,二线城市,free,0
U003658,2026-06-09 00:00:00,2026-06-09 00:00:00,organic,Web,一线城市,free,0
U003659,2026-06-22 00:00:00,2026-06-22 00:00:00,app_store,Android,海外,free,0
U003660,2026-06-19 00:00:00,2026-06-19 00:00:00,short_video_ads,iOS,新一线城市,free,0
U003661,2026-06-11 00:00:00,2026-06-11 00:00:00,app_store,iOS,一线城市,payer,1
U003662,2026-05-08 00:00:00,2026-05-08 00:00:00,short_video_ads,iOS,二线城市,payer,1
U003663,2026-05-01 00:00:00,2026-05-01 00:00:00,short_video_ads,Android,一线城市,free,0
U003664,2026-05-07 00:00:00,2026-05-07 00:00:00,kol,iOS,新一线城市,free,0
U003665,2026-05-11 00:00:00,2026-05-11 00:00:00,organic,iOS,一线城市,free,0
U003666,2026-05-14 00:00:00,2026-05-14 00:00:00,kol,iOS,二线城市,payer,1
U003667,2026-06-28 00:00:00,2026-06-28 00:00:00,short_video_ads,Android,一线城市,free,0
U003668,2026-06-20 00:00:00,2026-06-20 00:00:00,organic,Android,二线城市,free,0
U003669,2026-06-03 00:00:00,2026-06-03 00:00:00,referral,Android,一线城市,free,0
U003670,2026-05-28 00:00:00,2026-05-28 00:00:00,app_store,Android,新一线城市,free,0
U003671,2026-06-18 00:00:00,2026-06-17 00:00:00,organic,Android,海外,free,0
U003672,2026-05-30 00:00:00,2026-05-30 00:00:00,app_store,Android,新一线城市,free,0
U003673,2026-05-22 00:00:00,2026-05-22 00:00:00,organic,iOS,二线城市,free,0
U003674,2026-06-27 00:00:00,2026-06-27 00:00:00,kol,Web,海外,free,0
U003675,2026-05-10 00:00:00,2026-05-10 00:00:00,organic,Web,海外,free,0
U003676,2026-05-09 00:00:00,2026-05-09 00:00:00,organic,iOS,新一线城市,payer,1
U003677,2026-05-02 00:00:00,2026-05-02 00:00:00,search_ads,Web,新一线城市,free,0
U003678,2026-06-13 00:00:00,2026-06-13 00:00:00,short_video_ads,iOS,海外,free,0
U003679,2026-06-10 00:00:00,2026-06-10 00:00:00,app_store,Web,二线城市,free,0
U003680,2026-05-24 00:00:00,2026-05-24 00:00:00,app_store,Web,海外,payer,1
U003681,2026-06-29 00:00:00,2026-06-29 00:00:00,short_video_ads,iOS,新一线城市,free,0
U003682,2026-06-06 00:00:00,2026-06-06 00:00:00,short_video_ads,Web,二线城市,free,0
U003683,2026-06-23 00:00:00,2026-06-23 00:00:00,organic,iOS,一线城市,payer,1
U003684,2026-06-23 00:00:00,2026-06-23 00:00:00,short_video_ads,Android,二线城市,free,0
U003685,2026-06-05 00:00:00,2026-06-05 00:00:00,search_ads,Android,二线城市,free,0
U003686,2026-05-27 00:00:00,2026-05-27 00:00:00,organic,Android,海外,free,0
U003687,2026-05-13 00:00:00,2026-05-13 00:00:00,app_store,iOS,一线城市,free,0
U003688,2026-06-29 00:00:00,2026-06-29 00:00:00,organic,iOS,一线城市,free,0
U003689,2026-06-06 00:00:00,2026-06-06 00:00:00,search_ads,iOS,新一线城市,free,0
U003690,2026-06-03 00:00:00,2026-06-03 00:00:00,short_video_ads,Android,一线城市,payer,1
U003691,2026-06-05 00:00:00,2026-06-05 00:00:00,short_video_ads,iOS,海外,free,0
U003692,2026-06-12 00:00:00,2026-06-12 00:00:00,organic,Android,二线城市,free,0
U003693,2026-06-11 00:00:00,2026-06-11 00:00:00,app_store,iOS,新一线城市,free,0
U003694,2026-06-12 00:00:00,2026-06-12 00:00:00,organic,Android,新一线城市,free,0
U003695,2026-05-04 00:00:00,2026-05-04 00:00:00,kol,Web,一线城市,payer,1
U003696,2026-05-08 00:00:00,2026-05-08 00:00:00,app_store,iOS,二线城市,free,0
U003697,2026-05-27 00:00:00,2026-05-27 00:00:00,short_video_ads,Android,一线城市,free,0
U003698,2026-05-07 00:00:00,2026-05-07 00:00:00,app_store,iOS,海外,payer,1
U003699,2026-06-24 00:00:00,2026-06-24 00:00:00,search_ads,iOS,一线城市,free,0
U003700,2026-06-16 00:00:00,2026-06-16 00:00:00,kol,Web,一线城市,free,0
U003701,2026-05-18 00:00:00,2026-05-18 00:00:00,short_video_ads,Web,新一线城市,free,0
U003702,2026-06-05 00:00:00,2026-06-05 00:00:00,kol,iOS,一线城市,free,0
U003703,2026-05-14 00:00:00,2026-05-14 00:00:00,organic,Android,新一线城市,payer,1
U003704,2026-05-15 00:00:00,2026-05-15 00:00:00,organic,Android,一线城市,free,0
U003705,2026-05-12 00:00:00,2026-05-12 00:00:00,kol,Android,新一线城市,free,0
U003706,2026-06-29 00:00:00,2026-06-29 00:00:00,organic,iOS,一线城市,free,0
U003707,2026-05-17 00:00:00,2026-05-15 00:00:00,kol,iOS,二线城市,free,0
U003708,2026-05-25 00:00:00,2026-05-25 00:00:00,short_video_ads,Android,二线城市,free,0
U003709,2026-06-03 00:00:00,2026-06-03 00:00:00,short_video_ads,Android,海外,payer,1
U003710,2026-06-23 00:00:00,2026-06-23 00:00:00,search_ads,Android,一线城市,free,0
U003711,2026-06-06 00:00:00,2026-06-06 00:00:00,app_store,Web,二线城市,free,0
U003712,2026-05-05 00:00:00,2026-05-05 00:00:00,referral,iOS,海外,free,0
U003713,2026-06-03 00:00:00,2026-06-03 00:00:00,short_video_ads,iOS,一线城市,free,0
U003714,2026-06-28 00:00:00,2026-06-28 00:00:00,referral,Web,新一线城市,free,0
U003715,2026-05-13 00:00:00,2026-05-13 00:00:00,organic,Web,一线城市,free,0
U003716,2026-06-06 00:00:00,2026-06-06 00:00:00,search_ads,Web,新一线城市,payer,1
U003717,2026-05-18 00:00:00,2026-05-18 00:00:00,search_ads,Android,新一线城市,free,0
U003718,2026-06-27 00:00:00,2026-06-27 00:00:00,organic,iOS,海外,payer,1
U003719,2026-05-10 00:00:00,2026-05-10 00:00:00,organic,Web,一线城市,free,0
U003720,2026-06-28 00:00:00,2026-06-28 00:00:00,short_video_ads,Web,一线城市,payer,1
U003721,2026-06-18 00:00:00,2026-06-18 00:00:00,short_video_ads,Android,一线城市,free,0
U003722,2026-06-05 00:00:00,2026-06-05 00:00:00,app_store,Android,海外,free,0
U003723,2026-06-17 00:00:00,2026-06-17 00:00:00,short_video_ads,iOS,一线城市,free,0
U003724,2026-06-04 00:00:00,2026-06-04 00:00:00,kol,Web,新一线城市,free,0
U003725,2026-05-28 00:00:00,2026-05-27 00:00:00,search_ads,Web,二线城市,free,0
U003726,2026-06-29 00:00:00,2026-06-29 00:00:00,app_store,Android,一线城市,free,0
U003727,2026-05-26 00:00:00,2026-05-26 00:00:00,search_ads,Android,一线城市,free,0
U003728,2026-05-05 00:00:00,2026-05-05 00:00:00,short_video_ads,Web,新一线城市,free,0
U003729,2026-05-13 00:00:00,2026-05-13 00:00:00,referral,Android,新一线城市,free,0
U003730,2026-06-14 00:00:00,2026-06-14 00:00:00,organic,Web,二线城市,free,0
U003731,2026-05-23 00:00:00,2026-05-23 00:00:00,kol,Android,新一线城市,free,0
U003732,2026-05-21 00:00:00,2026-05-20 00:00:00,organic,Web,新一线城市,free,0
U003733,2026-05-10 00:00:00,2026-05-10 00:00:00,organic,iOS,二线城市,free,0
U003734,2026-06-03 00:00:00,2026-06-03 00:00:00,app_store,Web,海外,free,0
U003735,2026-05-12 00:00:00,2026-05-12 00:00:00,short_video_ads,Web,新一线城市,payer,1
U003736,2026-06-28 00:00:00,2026-06-28 00:00:00,kol,iOS,一线城市,free,0
U003737,2026-05-13 00:00:00,2026-05-13 00:00:00,short_video_ads,Web,一线城市,free,0
U003738,2026-06-13 00:00:00,2026-06-13 00:00:00,referral,iOS,二线城市,free,0
U003739,2026-05-14 00:00:00,2026-05-14 00:00:00,referral,Android,一线城市,free,0
U003740,2026-05-20 00:00:00,2026-05-20 00:00:00,organic,iOS,新一线城市,free,0
U003741,2026-06-07 00:00:00,2026-06-07 00:00:00,organic,iOS,新一线城市,free,0
U003742,2026-05-04 00:00:00,2026-05-04 00:00:00,short_video_ads,iOS,一线城市,payer,1
U003743,2026-06-10 00:00:00,2026-06-10 00:00:00,organic,Android,海外,free,0
U003744,2026-06-17 00:00:00,2026-06-17 00:00:00,referral,Web,一线城市,payer,1
U003745,2026-05-06 00:00:00,2026-05-06 00:00:00,search_ads,Android,新一线城市,free,0
U003746,2026-05-16 00:00:00,2026-05-16 00:00:00,app_store,Web,海外,free,0
U003747,2026-06-09 00:00:00,2026-06-09 00:00:00,app_store,iOS,二线城市,free,0
U003748,2026-06-09 00:00:00,2026-06-09 00:00:00,app_store,Web,一线城市,free,0
U003749,2026-06-11 00:00:00,2026-06-11 00:00:00,organic,Web,新一线城市,free,0
U003750,2026-05-19 00:00:00,2026-05-19 00:00:00,short_video_ads,Web,一线城市,free,0
U003751,2026-06-12 00:00:00,2026-06-12 00:00:00,organic,iOS,海外,free,0
U003752,2026-06-27 00:00:00,2026-06-27 00:00:00,short_video_ads,Android,一线城市,payer,1
U003753,2026-06-01 00:00:00,2026-06-01 00:00:00,organic,iOS,海外,free,0
U003754,2026-05-20 00:00:00,2026-05-20 00:00:00,organic,Android,一线城市,free,0
U003755,2026-05-03 00:00:00,2026-05-03 00:00:00,short_video_ads,Android,一线城市,payer,1
U003756,2026-05-29 00:00:00,2026-05-29 00:00:00,referral,Web,新一线城市,payer,1
U003757,2026-05-12 00:00:00,2026-05-12 00:00:00,search_ads,Android,一线城市,free,0
U003758,2026-06-11 00:00:00,2026-06-11 00:00:00,organic,Android,二线城市,payer,1
U003759,2026-06-05 00:00:00,2026-06-05 00:00:00,organic,Android,海外,free,0
U003760,2026-06-22 00:00:00,2026-06-22 00:00:00,referral,Web,新一线城市,free,0
U003761,2026-06-14 00:00:00,2026-06-14 00:00:00,kol,Android,二线城市,free,0
U003762,2026-05-10 00:00:00,2026-05-10 00:00:00,organic,iOS,二线城市,free,0
U003763,2026-06-18 00:00:00,2026-06-18 00:00:00,referral,Android,二线城市,free,0
U003764,2026-06-28 00:00:00,2026-06-28 00:00:00,short_video_ads,iOS,一线城市,free,0
U003765,2026-05-20 00:00:00,2026-05-20 00:00:00,referral,Web,新一线城市,free,0
U003766,2026-06-09 00:00:00,2026-06-09 00:00:00,organic,iOS,海外,free,0
U003767,2026-06-03 00:00:00,2026-06-03 00:00:00,short_video_ads,Android,海外,free,0
U003768,2026-06-07 00:00:00,2026-06-06 00:00:00,search_ads,iOS,一线城市,free,0
U003769,2026-05-19 00:00:00,2026-05-18 00:00:00,kol,Web,新一线城市,free,0
U003770,2026-06-20 00:00:00,2026-06-20 00:00:00,app_store,iOS,一线城市,free,0
U003771,2026-05-09 00:00:00,2026-05-09 00:00:00,short_video_ads,iOS,一线城市,free,0
U003772,2026-05-22 00:00:00,2026-05-22 00:00:00,app_store,Web,海外,free,0
U003773,2026-05-20 00:00:00,2026-05-20 00:00:00,app_store,Android,海外,free,0
U003774,2026-05-09 00:00:00,2026-05-09 00:00:00,organic,iOS,新一线城市,free,0
U003775,2026-05-28 00:00:00,2026-05-28 00:00:00,short_video_ads,Android,二线城市,free,0
U003776,2026-05-31 00:00:00,2026-05-31 00:00:00,search_ads,iOS,海外,free,0
U003777,2026-05-18 00:00:00,2026-05-18 00:00:00,app_store,Android,新一线城市,free,0
U003778,2026-05-21 00:00:00,2026-05-21 00:00:00,search_ads,Web,一线城市,free,0
U003779,2026-05-08 00:00:00,2026-05-08 00:00:00,short_video_ads,iOS,二线城市,free,0
U003780,2026-05-29 00:00:00,2026-05-29 00:00:00,organic,iOS,海外,free,0
U003781,2026-06-15 00:00:00,2026-06-15 00:00:00,short_video_ads,iOS,二线城市,free,0
U003782,2026-06-08 00:00:00,2026-06-08 00:00:00,organic,Android,一线城市,payer,1
U003783,2026-06-13 00:00:00,2026-06-13 00:00:00,organic,Android,新一线城市,payer,1
U003784,2026-05-01 00:00:00,2026-05-01 00:00:00,search_ads,Web,二线城市,free,0
U003785,2026-06-09 00:00:00,2026-06-09 00:00:00,organic,Web,二线城市,free,0
U003786,2026-05-01 00:00:00,2026-05-01 00:00:00,search_ads,iOS,一线城市,free,0
U003787,2026-05-01 00:00:00,2026-05-01 00:00:00,kol,iOS,新一线城市,free,0
U003788,2026-05-09 00:00:00,2026-05-09 00:00:00,app_store,Android,新一线城市,free,0
U003789,2026-06-26 00:00:00,2026-06-26 00:00:00,short_video_ads,Android,二线城市,free,0
U003790,2026-05-16 00:00:00,2026-05-16 00:00:00,organic,iOS,二线城市,free,0
U003791,2026-06-28 00:00:00,2026-06-28 00:00:00,organic,iOS,海外,payer,1
U003792,2026-06-29 00:00:00,2026-06-29 00:00:00,search_ads,Android,一线城市,free,0
U003793,2026-06-22 00:00:00,2026-06-21 00:00:00,app_store,Android,二线城市,free,0
U003794,2026-06-23 00:00:00,2026-06-23 00:00:00,app_store,Android,新一线城市,free,0
U003795,2026-05-07 00:00:00,2026-05-07 00:00:00,organic,Android,一线城市,free,0
U003796,2026-05-17 00:00:00,2026-05-17 00:00:00,organic,Android,新一线城市,free,0
U003797,2026-06-29 00:00:00,2026-06-29 00:00:00,short_video_ads,Web,海外,payer,1
U003798,2026-06-21 00:00:00,2026-06-21 00:00:00,search_ads,Web,新一线城市,free,0
U003799,2026-06-11 00:00:00,2026-06-11 00:00:00,kol,Android,新一线城市,free,0
U003800,2026-06-10 00:00:00,2026-06-10 00:00:00,search_ads,Android,新一线城市,free,0
U003801,2026-06-17 00:00:00,2026-06-17 00:00:00,kol,iOS,海外,payer,1
U003802,2026-05-29 00:00:00,2026-05-29 00:00:00,short_video_ads,Web,一线城市,free,0
U003803,2026-06-15 00:00:00,2026-06-15 00:00:00,referral,Android,新一线城市,free,0
U003804,2026-05-03 00:00:00,2026-05-02 00:00:00,organic,Android,一线城市,free,0
U003805,2026-05-03 00:00:00,2026-05-03 00:00:00,app_store,Web,一线城市,free,0
U003806,2026-05-16 00:00:00,2026-05-16 00:00:00,organic,iOS,新一线城市,free,0
U003807,2026-06-09 00:00:00,2026-06-09 00:00:00,kol,iOS,新一线城市,free,0
U003808,2026-06-10 00:00:00,2026-06-10 00:00:00,short_video_ads,Android,一线城市,free,0
U003809,2026-05-16 00:00:00,2026-05-16 00:00:00,organic,Android,新一线城市,free,0
U003810,2026-06-17 00:00:00,2026-06-17 00:00:00,referral,Android,新一线城市,free,0
U003811,2026-05-21 00:00:00,2026-05-21 00:00:00,organic,Android,二线城市,free,0
U003812,2026-06-24 00:00:00,2026-06-24 00:00:00,kol,iOS,一线城市,free,0
U003813,2026-06-23 00:00:00,2026-06-23 00:00:00,short_video_ads,Web,二线城市,payer,1
U003814,2026-06-08 00:00:00,2026-06-08 00:00:00,app_store,Android,一线城市,free,0
U003815,2026-05-08 00:00:00,2026-05-08 00:00:00,app_store,Web,海外,free,0
U003816,2026-06-29 00:00:00,2026-06-29 00:00:00,organic,Android,新一线城市,free,0
U003817,2026-06-18 00:00:00,2026-06-18 00:00:00,referral,Web,一线城市,payer,1
U003818,2026-06-20 00:00:00,2026-06-20 00:00:00,app_store,Android,一线城市,free,0
U003819,2026-05-04 00:00:00,2026-05-04 00:00:00,short_video_ads,Android,新一线城市,free,0
U003820,2026-05-29 00:00:00,2026-05-29 00:00:00,short_video_ads,Android,二线城市,free,0
U003821,2026-05-21 00:00:00,2026-05-21 00:00:00,kol,iOS,一线城市,free,0
U003822,2026-06-09 00:00:00,2026-06-09 00:00:00,kol,Android,新一线城市,free,0
U003823,2026-06-02 00:00:00,2026-06-02 00:00:00,organic,Web,海外,free,0
U003824,2026-05-24 00:00:00,2026-05-24 00:00:00,search_ads,Web,一线城市,free,0
U003825,2026-06-23 00:00:00,2026-06-23 00:00:00,search_ads,iOS,二线城市,free,0
U003826,2026-06-21 00:00:00,2026-06-20 00:00:00,app_store,iOS,一线城市,free,0
U003827,2026-06-11 00:00:00,2026-06-11 00:00:00,organic,Android,海外,free,0
U003828,2026-06-25 00:00:00,2026-06-25 00:00:00,organic,Web,二线城市,free,0
U003829,2026-05-15 00:00:00,2026-05-15 00:00:00,short_video_ads,Android,新一线城市,free,0
U003830,2026-05-01 00:00:00,2026-05-01 00:00:00,kol,iOS,一线城市,free,0
U003831,2026-06-22 00:00:00,2026-06-22 00:00:00,referral,Web,新一线城市,free,0
U003832,2026-06-07 00:00:00,2026-06-07 00:00:00,referral,Web,海外,payer,1
U003833,2026-05-24 00:00:00,2026-05-24 00:00:00,kol,iOS,海外,free,0
U003834,2026-05-19 00:00:00,2026-05-19 00:00:00,organic,Android,二线城市,free,0
U003835,2026-06-21 00:00:00,2026-06-21 00:00:00,app_store,Android,新一线城市,free,0
U003836,2026-06-12 00:00:00,2026-06-12 00:00:00,kol,Web,一线城市,free,0
U003837,2026-06-05 00:00:00,2026-06-05 00:00:00,search_ads,iOS,新一线城市,payer,1
U003838,2026-05-03 00:00:00,2026-05-03 00:00:00,short_video_ads,iOS,新一线城市,free,0
U003839,2026-05-10 00:00:00,2026-05-10 00:00:00,short_video_ads,Android,一线城市,payer,1
U003840,2026-06-16 00:00:00,2026-06-16 00:00:00,organic,Web,新一线城市,free,0
U003841,2026-06-03 00:00:00,2026-06-03 00:00:00,organic,iOS,新一线城市,free,0
U003842,2026-05-07 00:00:00,2026-05-07 00:00:00,referral,iOS,一线城市,free,0
U003843,2026-05-05 00:00:00,2026-05-05 00:00:00,organic,iOS,新一线城市,free,0
U003844,2026-06-17 00:00:00,2026-06-17 00:00:00,organic,iOS,二线城市,free,0
U003845,2026-06-15 00:00:00,2026-06-15 00:00:00,organic,Web,一线城市,free,0
U003846,2026-05-03 00:00:00,2026-05-03 00:00:00,search_ads,iOS,一线城市,free,0
U003847,2026-05-20 00:00:00,2026-05-20 00:00:00,app_store,Android,新一线城市,free,0
U003848,2026-05-09 00:00:00,2026-05-09 00:00:00,organic,Web,一线城市,free,0
U003849,2026-05-23 00:00:00,2026-05-22 00:00:00,referral,Android,海外,free,0
U003850,2026-06-14 00:00:00,2026-06-12 00:00:00,search_ads,Web,一线城市,payer,1
U003851,2026-06-16 00:00:00,2026-06-16 00:00:00,kol,iOS,一线城市,free,0
U003852,2026-05-21 00:00:00,2026-05-21 00:00:00,app_store,Android,新一线城市,free,0
U003853,2026-05-19 00:00:00,2026-05-18 00:00:00,app_store,Web,一线城市,free,0
U003854,2026-05-02 00:00:00,2026-05-02 00:00:00,referral,Web,新一线城市,free,0
U003855,2026-05-28 00:00:00,2026-05-28 00:00:00,search_ads,Android,一线城市,payer,1
U003856,2026-05-16 00:00:00,2026-05-16 00:00:00,organic,iOS,海外,free,0
U003857,2026-06-06 00:00:00,2026-06-06 00:00:00,referral,Android,二线城市,free,0
U003858,2026-06-15 00:00:00,2026-06-15 00:00:00,organic,iOS,二线城市,free,0
U003859,2026-06-08 00:00:00,2026-06-08 00:00:00,app_store,iOS,新一线城市,free,0
U003860,2026-05-03 00:00:00,2026-05-03 00:00:00,referral,Web,二线城市,payer,1
U003861,2026-06-12 00:00:00,2026-06-12 00:00:00,short_video_ads,Web,二线城市,free,0
U003862,2026-05-16 00:00:00,2026-05-16 00:00:00,search_ads,iOS,新一线城市,free,0
U003863,2026-05-04 00:00:00,2026-05-04 00:00:00,app_store,iOS,一线城市,free,0
U003864,2026-06-01 00:00:00,2026-06-01 00:00:00,referral,Web,二线城市,free,0
U003865,2026-06-14 00:00:00,2026-06-14 00:00:00,search_ads,iOS,一线城市,free,0
U003866,2026-06-25 00:00:00,2026-06-25 00:00:00,search_ads,Android,新一线城市,free,0
U003867,2026-05-30 00:00:00,2026-05-30 00:00:00,kol,Web,二线城市,free,0
U003868,2026-05-28 00:00:00,2026-05-28 00:00:00,organic,Android,海外,free,0
U003869,2026-06-21 00:00:00,2026-06-21 00:00:00,referral,Android,二线城市,free,0
U003870,2026-06-27 00:00:00,2026-06-27 00:00:00,search_ads,iOS,二线城市,payer,1
U003871,2026-05-03 00:00:00,2026-05-03 00:00:00,short_video_ads,Web,一线城市,free,0
U003872,2026-05-14 00:00:00,2026-05-14 00:00:00,short_video_ads,Android,一线城市,free,0
U003873,2026-06-13 00:00:00,2026-06-13 00:00:00,short_video_ads,Android,一线城市,free,0
U003874,2026-06-13 00:00:00,2026-06-13 00:00:00,app_store,Android,一线城市,payer,1
U003875,2026-05-14 00:00:00,2026-05-13 00:00:00,kol,iOS,二线城市,free,0
U003876,2026-05-27 00:00:00,2026-05-27 00:00:00,search_ads,iOS,二线城市,free,0
U003877,2026-06-14 00:00:00,2026-06-14 00:00:00,app_store,Android,海外,free,0
U003878,2026-05-13 00:00:00,2026-05-13 00:00:00,short_video_ads,iOS,二线城市,free,0
U003879,2026-06-24 00:00:00,2026-06-24 00:00:00,organic,iOS,二线城市,free,0
U003880,2026-06-29 00:00:00,2026-06-29 00:00:00,kol,iOS,二线城市,free,0
U003881,2026-06-15 00:00:00,2026-06-15 00:00:00,search_ads,Android,一线城市,free,0
U003882,2026-06-05 00:00:00,2026-06-05 00:00:00,short_video_ads,iOS,新一线城市,free,0
U003883,2026-06-28 00:00:00,2026-06-28 00:00:00,short_video_ads,iOS,二线城市,free,0
U003884,2026-06-14 00:00:00,2026-06-14 00:00:00,organic,Web,新一线城市,free,0
U003885,2026-06-18 00:00:00,2026-06-18 00:00:00,organic,iOS,新一线城市,free,0
U003886,2026-06-01 00:00:00,2026-06-01 00:00:00,organic,Android,海外,free,0
U003887,2026-05-09 00:00:00,2026-05-08 00:00:00,app_store,Web,新一线城市,payer,1
U003888,2026-06-25 00:00:00,2026-06-25 00:00:00,organic,Web,一线城市,free,0
U003889,2026-06-13 00:00:00,2026-06-13 00:00:00,app_store,Web,一线城市,payer,1
U003890,2026-05-22 00:00:00,2026-05-22 00:00:00,kol,iOS,新一线城市,free,0
U003891,2026-05-02 00:00:00,2026-05-02 00:00:00,search_ads,iOS,一线城市,free,0
U003892,2026-05-22 00:00:00,2026-05-22 00:00:00,app_store,Android,一线城市,free,0
U003893,2026-06-25 00:00:00,2026-06-24 00:00:00,app_store,Web,一线城市,payer,1
U003894,2026-06-21 00:00:00,2026-06-21 00:00:00,search_ads,Android,海外,payer,1
U003895,2026-05-20 00:00:00,2026-05-20 00:00:00,organic,iOS,二线城市,free,0
U003896,2026-06-06 00:00:00,2026-06-06 00:00:00,app_store,Android,一线城市,free,0
U003897,2026-05-11 00:00:00,2026-05-11 00:00:00,organic,Android,新一线城市,free,0
U003898,2026-06-14 00:00:00,2026-06-14 00:00:00,organic,Web,海外,free,0
U003899,2026-06-14 00:00:00,2026-06-14 00:00:00,short_video_ads,Android,一线城市,free,0
U003900,2026-05-24 00:00:00,2026-05-24 00:00:00,search_ads,iOS,新一线城市,free,0
U003901,2026-06-02 00:00:00,2026-06-02 00:00:00,kol,Android,二线城市,free,0
U003902,2026-05-20 00:00:00,2026-05-20 00:00:00,search_ads,Web,二线城市,free,0
U003903,2026-05-31 00:00:00,2026-05-31 00:00:00,organic,iOS,二线城市,payer,1
U003904,2026-05-21 00:00:00,2026-05-21 00:00:00,referral,iOS,新一线城市,free,0
U003905,2026-05-07 00:00:00,2026-05-07 00:00:00,search_ads,Web,新一线城市,payer,1
U003906,2026-05-28 00:00:00,2026-05-28 00:00:00,app_store,Web,一线城市,free,0
U003907,2026-06-08 00:00:00,2026-06-07 00:00:00,app_store,Web,二线城市,free,0
U003908,2026-05-22 00:00:00,2026-05-22 00:00:00,organic,iOS,海外,free,0
U003909,2026-06-01 00:00:00,2026-06-01 00:00:00,organic,iOS,海外,free,0
U003910,2026-05-08 00:00:00,2026-05-08 00:00:00,organic,Android,新一线城市,free,0
U003911,2026-06-05 00:00:00,2026-06-05 00:00:00,organic,Android,一线城市,free,0
U003912,2026-06-11 00:00:00,2026-06-11 00:00:00,short_video_ads,Android,二线城市,free,0
U003913,2026-06-14 00:00:00,2026-06-14 00:00:00,organic,Android,二线城市,free,0
U003914,2026-06-28 00:00:00,2026-06-28 00:00:00,short_video_ads,Web,二线城市,free,0
U003915,2026-06-02 00:00:00,2026-06-01 00:00:00,app_store,iOS,一线城市,free,0
U003916,2026-06-17 00:00:00,2026-06-17 00:00:00,search_ads,iOS,二线城市,free,0
U003917,2026-06-16 00:00:00,2026-06-16 00:00:00,app_store,Web,新一线城市,payer,1
U003918,2026-06-13 00:00:00,2026-06-13 00:00:00,organic,Web,新一线城市,free,0
U003919,2026-05-01 00:00:00,2026-05-01 00:00:00,short_video_ads,Android,一线城市,payer,1
U003920,2026-06-08 00:00:00,2026-06-08 00:00:00,organic,Android,二线城市,free,0
U003921,2026-06-22 00:00:00,2026-06-22 00:00:00,organic,iOS,一线城市,free,0
U003922,2026-05-13 00:00:00,2026-05-13 00:00:00,kol,iOS,一线城市,free,0
U003923,2026-05-17 00:00:00,2026-05-17 00:00:00,referral,Web,新一线城市,free,0
U003924,2026-06-29 00:00:00,2026-06-29 00:00:00,referral,Web,二线城市,free,0
U003925,2026-05-08 00:00:00,2026-05-08 00:00:00,kol,Web,新一线城市,free,0
U003926,2026-06-16 00:00:00,2026-06-16 00:00:00,organic,Web,新一线城市,free,0
U003927,2026-05-12 00:00:00,2026-05-12 00:00:00,app_store,Web,新一线城市,free,0
U003928,2026-06-18 00:00:00,2026-06-18 00:00:00,search_ads,Web,新一线城市,free,0
U003929,2026-06-18 00:00:00,2026-06-18 00:00:00,referral,iOS,新一线城市,free,0
U003930,2026-05-31 00:00:00,2026-05-31 00:00:00,search_ads,Android,二线城市,free,0
U003931,2026-05-23 00:00:00,2026-05-23 00:00:00,kol,Android,一线城市,free,0
U003932,2026-06-07 00:00:00,2026-06-07 00:00:00,kol,Android,新一线城市,free,0
U003933,2026-05-13 00:00:00,2026-05-12 00:00:00,kol,iOS,新一线城市,free,0
U003934,2026-05-22 00:00:00,2026-05-22 00:00:00,search_ads,iOS,海外,free,0
U003935,2026-05-27 00:00:00,2026-05-27 00:00:00,app_store,iOS,海外,free,0
U003936,2026-06-21 00:00:00,2026-06-21 00:00:00,organic,Android,新一线城市,free,0
U003937,2026-05-23 00:00:00,2026-05-23 00:00:00,kol,iOS,一线城市,free,0
U003938,2026-05-21 00:00:00,2026-05-21 00:00:00,short_video_ads,Web,新一线城市,free,0
U003939,2026-06-14 00:00:00,2026-06-14 00:00:00,short_video_ads,Android,海外,free,0
U003940,2026-05-25 00:00:00,2026-05-25 00:00:00,search_ads,iOS,二线城市,free,0
U003941,2026-05-15 00:00:00,2026-05-15 00:00:00,organic,Android,二线城市,free,0
U003942,2026-06-07 00:00:00,2026-06-07 00:00:00,organic,iOS,一线城市,free,0
U003943,2026-05-18 00:00:00,2026-05-18 00:00:00,organic,Android,新一线城市,free,0
U003944,2026-06-29 00:00:00,2026-06-29 00:00:00,organic,Web,一线城市,free,0
U003945,2026-06-15 00:00:00,2026-06-15 00:00:00,short_video_ads,iOS,一线城市,payer,1
U003946,2026-05-14 00:00:00,2026-05-14 00:00:00,short_video_ads,Android,新一线城市,free,0
U003947,2026-05-31 00:00:00,2026-05-31 00:00:00,organic,Android,一线城市,free,0
U003948,2026-05-11 00:00:00,2026-05-11 00:00:00,organic,Android,新一线城市,free,0
U003949,2026-06-28 00:00:00,2026-06-28 00:00:00,short_video_ads,Android,一线城市,free,0
U003950,2026-05-01 00:00:00,2026-05-01 00:00:00,short_video_ads,Android,海外,free,0
U003951,2026-05-30 00:00:00,2026-05-29 00:00:00,search_ads,Android,新一线城市,free,0
U003952,2026-06-16 00:00:00,2026-06-15 00:00:00,app_store,Web,一线城市,free,0
U003953,2026-06-20 00:00:00,2026-06-20 00:00:00,organic,Web,二线城市,free,0
U003954,2026-05-02 00:00:00,2026-05-02 00:00:00,organic,Android,一线城市,free,0
U003955,2026-05-10 00:00:00,2026-05-10 00:00:00,organic,Web,新一线城市,free,0
U003956,2026-05-26 00:00:00,2026-05-26 00:00:00,organic,Web,海外,free,0
U003957,2026-05-20 00:00:00,2026-05-20 00:00:00,referral,Web,一线城市,payer,1
U003958,2026-05-21 00:00:00,2026-05-21 00:00:00,kol,Android,新一线城市,free,0
U003959,2026-05-28 00:00:00,2026-05-28 00:00:00,organic,iOS,一线城市,free,0
U003960,2026-05-13 00:00:00,2026-05-13 00:00:00,referral,iOS,新一线城市,payer,1
U003961,2026-05-21 00:00:00,2026-05-21 00:00:00,app_store,Android,新一线城市,free,0
U003962,2026-06-07 00:00:00,2026-06-07 00:00:00,organic,Android,二线城市,free,0
U003963,2026-06-28 00:00:00,2026-06-27 00:00:00,referral,Web,一线城市,free,0
U003964,2026-06-10 00:00:00,2026-06-10 00:00:00,short_video_ads,Web,一线城市,free,0
U003965,2026-05-11 00:00:00,2026-05-11 00:00:00,organic,Android,海外,free,0
U003966,2026-06-11 00:00:00,2026-06-11 00:00:00,search_ads,iOS,一线城市,free,0
U003967,2026-06-02 00:00:00,2026-06-02 00:00:00,app_store,Android,一线城市,free,0
U003968,2026-05-02 00:00:00,2026-05-02 00:00:00,search_ads,Android,二线城市,free,0
U003969,2026-06-29 00:00:00,2026-06-29 00:00:00,organic,Web,一线城市,free,0
U003970,2026-05-23 00:00:00,2026-05-22 00:00:00,app_store,iOS,新一线城市,payer,1
U003971,2026-06-12 00:00:00,2026-06-11 00:00:00,short_video_ads,Web,一线城市,free,0
U003972,2026-06-26 00:00:00,2026-06-25 00:00:00,short_video_ads,iOS,新一线城市,free,0
U003973,2026-06-20 00:00:00,2026-06-20 00:00:00,app_store,Android,二线城市,free,0
U003974,2026-05-04 00:00:00,2026-05-03 00:00:00,organic,Web,一线城市,payer,1
U003975,2026-05-10 00:00:00,2026-05-10 00:00:00,short_video_ads,iOS,一线城市,free,0
U003976,2026-05-31 00:00:00,2026-05-31 00:00:00,search_ads,iOS,一线城市,payer,1
U003977,2026-06-17 00:00:00,2026-06-17 00:00:00,organic,iOS,二线城市,free,0
U003978,2026-05-09 00:00:00,2026-05-09 00:00:00,search_ads,Web,一线城市,free,0
U003979,2026-06-21 00:00:00,2026-06-21 00:00:00,organic,iOS,海外,free,0
U003980,2026-06-20 00:00:00,2026-06-20 00:00:00,short_video_ads,Web,一线城市,payer,1
U003981,2026-06-27 00:00:00,2026-06-27 00:00:00,organic,Web,新一线城市,free,0
U003982,2026-05-18 00:00:00,2026-05-18 00:00:00,search_ads,Android,新一线城市,free,0
U003983,2026-06-04 00:00:00,2026-06-04 00:00:00,short_video_ads,Android,新一线城市,free,0
U003984,2026-06-02 00:00:00,2026-06-02 00:00:00,referral,Android,海外,free,0
U003985,2026-05-08 00:00:00,2026-05-08 00:00:00,short_video_ads,iOS,新一线城市,free,0
U003986,2026-06-29 00:00:00,2026-06-29 00:00:00,short_video_ads,Web,一线城市,free,0
U003987,2026-05-03 00:00:00,2026-05-03 00:00:00,app_store,Android,一线城市,free,0
U003988,2026-05-16 00:00:00,2026-05-16 00:00:00,organic,iOS,海外,free,0
U003989,2026-05-04 00:00:00,2026-05-04 00:00:00,organic,iOS,一线城市,free,0
U003990,2026-06-18 00:00:00,2026-06-18 00:00:00,short_video_ads,iOS,一线城市,free,0
U003991,2026-06-22 00:00:00,2026-06-22 00:00:00,kol,Android,新一线城市,free,0
U003992,2026-06-01 00:00:00,2026-06-01 00:00:00,short_video_ads,iOS,海外,free,0
U003993,2026-06-19 00:00:00,2026-06-19 00:00:00,search_ads,iOS,新一线城市,free,0
U003994,2026-06-08 00:00:00,2026-06-06 00:00:00,referral,Android,新一线城市,free,0
U003995,2026-06-11 00:00:00,2026-06-11 00:00:00,organic,iOS,新一线城市,payer,1
U003996,2026-06-13 00:00:00,2026-06-13 00:00:00,organic,Android,新一线城市,free,0
U003997,2026-06-12 00:00:00,2026-06-12 00:00:00,app_store,Web,二线城市,free,0
U003998,2026-05-31 00:00:00,2026-05-30 00:00:00,app_store,iOS,二线城市,free,0
U003999,2026-05-27 00:00:00,2026-05-26 00:00:00,app_store,iOS,新一线城市,free,0
U004000,2026-06-19 00:00:00,2026-06-19 00:00:00,short_video_ads,Android,新一线城市,free,0
U004001,2026-05-01 00:00:00,2026-05-01 00:00:00,organic,iOS,一线城市,free,0
U004002,2026-06-18 00:00:00,2026-06-18 00:00:00,app_store,Android,一线城市,free,0
U004003,2026-05-17 00:00:00,2026-05-17 00:00:00,app_store,iOS,一线城市,free,0
U004004,2026-05-02 00:00:00,2026-04-30 00:00:00,organic,Android,新一线城市,free,0
U004005,2026-05-18 00:00:00,2026-05-18 00:00:00,organic,Web,二线城市,free,0
U004006,2026-05-21 00:00:00,2026-05-20 00:00:00,organic,Web,新一线城市,free,0
U004007,2026-06-26 00:00:00,2026-06-26 00:00:00,app_store,Android,新一线城市,free,0
U004008,2026-06-28 00:00:00,2026-06-28 00:00:00,kol,iOS,一线城市,free,0
U004009,2026-06-11 00:00:00,2026-06-11 00:00:00,kol,Web,二线城市,free,0
U004010,2026-05-18 00:00:00,2026-05-18 00:00:00,organic,Web,一线城市,free,0
U004011,2026-05-29 00:00:00,2026-05-29 00:00:00,organic,iOS,新一线城市,free,0
U004012,2026-06-08 00:00:00,2026-06-08 00:00:00,app_store,iOS,新一线城市,free,0
U004013,2026-05-03 00:00:00,2026-05-03 00:00:00,search_ads,Android,一线城市,payer,1
U004014,2026-05-05 00:00:00,2026-05-05 00:00:00,kol,iOS,一线城市,free,0
U004015,2026-06-26 00:00:00,2026-06-26 00:00:00,kol,iOS,一线城市,free,0
U004016,2026-05-11 00:00:00,2026-05-11 00:00:00,app_store,iOS,一线城市,free,0
U004017,2026-05-03 00:00:00,2026-05-03 00:00:00,search_ads,Android,一线城市,free,0
U004018,2026-05-08 00:00:00,2026-05-08 00:00:00,organic,Android,新一线城市,free,0
U004019,2026-05-27 00:00:00,2026-05-27 00:00:00,short_video_ads,Web,新一线城市,free,0
U004020,2026-05-06 00:00:00,2026-05-06 00:00:00,referral,Android,新一线城市,free,0
U004021,2026-06-20 00:00:00,2026-06-20 00:00:00,organic,iOS,新一线城市,free,0
U004022,2026-05-05 00:00:00,2026-05-05 00:00:00,short_video_ads,Web,一线城市,free,0
U004023,2026-06-27 00:00:00,2026-06-27 00:00:00,search_ads,Android,一线城市,free,0
U004024,2026-05-18 00:00:00,2026-05-18 00:00:00,referral,Web,二线城市,payer,1
U004025,2026-06-25 00:00:00,2026-06-25 00:00:00,kol,Web,二线城市,free,0
U004026,2026-05-21 00:00:00,2026-05-21 00:00:00,short_video_ads,Android,新一线城市,free,0
U004027,2026-06-14 00:00:00,2026-06-14 00:00:00,short_video_ads,iOS,二线城市,free,0
U004028,2026-05-02 00:00:00,2026-05-02 00:00:00,short_video_ads,iOS,二线城市,free,0
U004029,2026-05-14 00:00:00,2026-05-14 00:00:00,short_video_ads,Android,二线城市,free,0
U004030,2026-05-28 00:00:00,2026-05-28 00:00:00,organic,iOS,新一线城市,free,0
U004031,2026-06-04 00:00:00,2026-06-04 00:00:00,referral,iOS,新一线城市,free,0
U004032,2026-06-21 00:00:00,2026-06-21 00:00:00,referral,Web,新一线城市,free,0
U004033,2026-06-15 00:00:00,2026-06-15 00:00:00,kol,iOS,二线城市,free,0
U004034,2026-06-04 00:00:00,2026-06-04 00:00:00,short_video_ads,iOS,一线城市,free,0
U004035,2026-05-17 00:00:00,2026-05-17 00:00:00,app_store,iOS,一线城市,free,0
U004036,2026-06-07 00:00:00,2026-06-07 00:00:00,short_video_ads,Android,二线城市,free,0
U004037,2026-05-30 00:00:00,2026-05-30 00:00:00,search_ads,Android,一线城市,free,0
U004038,2026-06-20 00:00:00,2026-06-20 00:00:00,app_store,Android,新一线城市,free,0
U004039,2026-06-17 00:00:00,2026-06-16 00:00:00,short_video_ads,Web,一线城市,free,0
U004040,2026-05-21 00:00:00,2026-05-20 00:00:00,organic,iOS,一线城市,free,0
U004041,2026-05-27 00:00:00,2026-05-27 00:00:00,referral,Android,海外,payer,1
U004042,2026-05-28 00:00:00,2026-05-28 00:00:00,short_video_ads,Android,新一线城市,free,0
U004043,2026-06-22 00:00:00,2026-06-22 00:00:00,organic,Android,一线城市,free,0
U004044,2026-06-29 00:00:00,2026-06-29 00:00:00,short_video_ads,iOS,二线城市,payer,1
U004045,2026-06-24 00:00:00,2026-06-24 00:00:00,kol,Android,海外,free,0
U004046,2026-06-22 00:00:00,2026-06-22 00:00:00,short_video_ads,iOS,二线城市,free,0
U004047,2026-05-13 00:00:00,2026-05-13 00:00:00,kol,Android,一线城市,free,0
U004048,2026-06-06 00:00:00,2026-06-06 00:00:00,organic,Android,新一线城市,free,0
U004049,2026-06-23 00:00:00,2026-06-23 00:00:00,short_video_ads,Android,新一线城市,free,0
U004050,2026-06-05 00:00:00,2026-06-05 00:00:00,referral,iOS,新一线城市,free,0
U004051,2026-06-25 00:00:00,2026-06-25 00:00:00,organic,iOS,二线城市,free,0
U004052,2026-05-08 00:00:00,2026-05-08 00:00:00,organic,Web,一线城市,free,0
U004053,2026-05-15 00:00:00,2026-05-14 00:00:00,referral,Web,一线城市,free,0
U004054,2026-05-10 00:00:00,2026-05-10 00:00:00,app_store,Android,二线城市,free,0
U004055,2026-06-22 00:00:00,2026-06-22 00:00:00,organic,iOS,一线城市,free,0
U004056,2026-06-26 00:00:00,2026-06-26 00:00:00,kol,Android,海外,free,0
U004057,2026-05-26 00:00:00,2026-05-26 00:00:00,search_ads,Android,二线城市,free,0
U004058,2026-05-10 00:00:00,2026-05-10 00:00:00,short_video_ads,Web,一线城市,free,0
U004059,2026-05-04 00:00:00,2026-05-04 00:00:00,app_store,Web,一线城市,payer,1
U004060,2026-05-23 00:00:00,2026-05-22 00:00:00,organic,Android,海外,free,0
U004061,2026-05-03 00:00:00,2026-05-03 00:00:00,short_video_ads,iOS,新一线城市,free,0
U004062,2026-05-02 00:00:00,2026-05-02 00:00:00,referral,iOS,一线城市,free,0
U004063,2026-06-04 00:00:00,2026-06-04 00:00:00,organic,Android,一线城市,free,0
U004064,2026-06-22 00:00:00,2026-06-22 00:00:00,organic,iOS,一线城市,free,0
U004065,2026-05-21 00:00:00,2026-05-21 00:00:00,app_store,Android,一线城市,free,0
U004066,2026-05-12 00:00:00,2026-05-11 00:00:00,short_video_ads,Android,一线城市,free,0
U004067,2026-05-13 00:00:00,2026-05-13 00:00:00,referral,Android,新一线城市,free,0
U004068,2026-06-17 00:00:00,2026-06-17 00:00:00,referral,iOS,一线城市,free,0
U004069,2026-05-05 00:00:00,2026-05-05 00:00:00,app_store,iOS,新一线城市,free,0
U004070,2026-06-25 00:00:00,2026-06-25 00:00:00,kol,Android,新一线城市,free,0
U004071,2026-05-10 00:00:00,2026-05-10 00:00:00,organic,iOS,新一线城市,free,0
U004072,2026-05-29 00:00:00,2026-05-29 00:00:00,app_store,Android,新一线城市,free,0
U004073,2026-05-02 00:00:00,2026-05-02 00:00:00,short_video_ads,Web,一线城市,free,0
U004074,2026-05-07 00:00:00,2026-05-07 00:00:00,app_store,iOS,海外,free,0
U004075,2026-06-26 00:00:00,2026-06-26 00:00:00,search_ads,Android,新一线城市,free,0
U004076,2026-05-16 00:00:00,2026-05-16 00:00:00,kol,Android,海外,free,0
U004077,2026-06-03 00:00:00,2026-06-03 00:00:00,search_ads,Web,二线城市,free,0
U004078,2026-05-19 00:00:00,2026-05-19 00:00:00,kol,Android,新一线城市,free,0
U004079,2026-06-27 00:00:00,2026-06-27 00:00:00,short_video_ads,Web,新一线城市,free,0
U004080,2026-05-25 00:00:00,2026-05-25 00:00:00,short_video_ads,iOS,新一线城市,payer,1
U004081,2026-05-13 00:00:00,2026-05-13 00:00:00,app_store,Web,一线城市,free,0
U004082,2026-06-15 00:00:00,2026-06-15 00:00:00,referral,iOS,一线城市,free,0
U004083,2026-05-07 00:00:00,2026-05-07 00:00:00,app_store,iOS,新一线城市,free,0
U004084,2026-05-14 00:00:00,2026-05-14 00:00:00,search_ads,Android,一线城市,free,0
U004085,2026-06-21 00:00:00,2026-06-21 00:00:00,app_store,Android,二线城市,free,0
U004086,2026-06-04 00:00:00,2026-06-04 00:00:00,short_video_ads,iOS,海外,free,0
U004087,2026-06-24 00:00:00,2026-06-24 00:00:00,search_ads,Android,二线城市,free,0
U004088,2026-05-09 00:00:00,2026-05-08 00:00:00,short_video_ads,Web,新一线城市,free,0
U004089,2026-05-26 00:00:00,2026-05-24 00:00:00,organic,Android,二线城市,payer,1
U004090,2026-06-10 00:00:00,2026-06-10 00:00:00,organic,Web,新一线城市,free,0
U004091,2026-06-13 00:00:00,2026-06-13 00:00:00,organic,Web,一线城市,free,0
U004092,2026-06-26 00:00:00,2026-06-26 00:00:00,referral,iOS,新一线城市,free,0
U004093,2026-05-20 00:00:00,2026-05-20 00:00:00,kol,Android,新一线城市,free,0
U004094,2026-05-10 00:00:00,2026-05-10 00:00:00,short_video_ads,Web,一线城市,payer,1
U004095,2026-06-29 00:00:00,2026-06-29 00:00:00,organic,Web,新一线城市,payer,1
U004096,2026-06-14 00:00:00,2026-06-14 00:00:00,short_video_ads,iOS,新一线城市,free,0
U004097,2026-05-02 00:00:00,2026-05-02 00:00:00,app_store,iOS,一线城市,free,0
U004098,2026-05-28 00:00:00,2026-05-28 00:00:00,search_ads,iOS,海外,free,0
U004099,2026-05-12 00:00:00,2026-05-12 00:00:00,app_store,Android,二线城市,free,0
U004100,2026-06-01 00:00:00,2026-06-01 00:00:00,short_video_ads,Android,新一线城市,free,0
U004101,2026-05-31 00:00:00,2026-05-31 00:00:00,search_ads,Android,新一线城市,free,0
U004102,2026-06-13 00:00:00,2026-06-12 00:00:00,organic,iOS,二线城市,free,0
U004103,2026-05-28 00:00:00,2026-05-28 00:00:00,organic,Web,新一线城市,free,0
U004104,2026-05-10 00:00:00,2026-05-10 00:00:00,short_video_ads,iOS,二线城市,free,0
U004105,2026-06-26 00:00:00,2026-06-25 00:00:00,organic,Android,一线城市,free,0
U004106,2026-06-24 00:00:00,2026-06-24 00:00:00,search_ads,Android,新一线城市,free,0
U004107,2026-05-10 00:00:00,2026-05-10 00:00:00,app_store,Android,二线城市,free,0
U004108,2026-06-27 00:00:00,2026-06-27 00:00:00,short_video_ads,Web,一线城市,free,0
U004109,2026-05-08 00:00:00,2026-05-08 00:00:00,organic,Web,一线城市,payer,1
U004110,2026-05-05 00:00:00,2026-05-05 00:00:00,kol,Android,新一线城市,payer,1
U004111,2026-05-13 00:00:00,2026-05-13 00:00:00,referral,iOS,新一线城市,free,0
U004112,2026-06-01 00:00:00,2026-06-01 00:00:00,organic,Android,海外,free,0
U004113,2026-05-31 00:00:00,2026-05-31 00:00:00,referral,iOS,二线城市,free,0
U004114,2026-06-26 00:00:00,2026-06-26 00:00:00,short_video_ads,Web,一线城市,free,0
U004115,2026-05-24 00:00:00,2026-05-24 00:00:00,short_video_ads,Web,新一线城市,free,0
U004116,2026-05-29 00:00:00,2026-05-29 00:00:00,app_store,Android,新一线城市,free,0
U004117,2026-05-02 00:00:00,2026-05-02 00:00:00,search_ads,Web,一线城市,free,0
U004118,2026-06-06 00:00:00,2026-06-06 00:00:00,app_store,iOS,二线城市,free,0
U004119,2026-05-09 00:00:00,2026-05-07 00:00:00,organic,Android,新一线城市,free,0
U004120,2026-05-13 00:00:00,2026-05-13 00:00:00,short_video_ads,Web,一线城市,free,0
U004121,2026-05-18 00:00:00,2026-05-18 00:00:00,short_video_ads,Web,一线城市,payer,1
U004122,2026-06-17 00:00:00,2026-06-17 00:00:00,organic,iOS,二线城市,free,0
U004123,2026-05-27 00:00:00,2026-05-27 00:00:00,short_video_ads,Web,新一线城市,free,0
U004124,2026-05-06 00:00:00,2026-05-06 00:00:00,short_video_ads,Android,新一线城市,free,0
U004125,2026-05-09 00:00:00,2026-05-09 00:00:00,search_ads,iOS,新一线城市,free,0
U004126,2026-06-26 00:00:00,2026-06-26 00:00:00,referral,Android,二线城市,free,0
U004127,2026-05-21 00:00:00,2026-05-21 00:00:00,search_ads,Web,新一线城市,free,0
U004128,2026-05-10 00:00:00,2026-05-10 00:00:00,kol,Web,一线城市,payer,1
U004129,2026-05-09 00:00:00,2026-05-09 00:00:00,search_ads,iOS,二线城市,free,0
U004130,2026-06-29 00:00:00,2026-06-29 00:00:00,short_video_ads,iOS,二线城市,free,0
U004131,2026-06-21 00:00:00,2026-06-21 00:00:00,search_ads,iOS,海外,free,0
U004132,2026-05-09 00:00:00,2026-05-09 00:00:00,kol,Web,一线城市,payer,1
U004133,2026-06-26 00:00:00,2026-06-26 00:00:00,app_store,Web,一线城市,free,0
U004134,2026-05-05 00:00:00,2026-05-05 00:00:00,search_ads,Android,二线城市,free,0
U004135,2026-06-18 00:00:00,2026-06-18 00:00:00,organic,iOS,新一线城市,free,0
U004136,2026-06-29 00:00:00,2026-06-29 00:00:00,app_store,iOS,新一线城市,free,0
U004137,2026-06-04 00:00:00,2026-06-04 00:00:00,organic,Android,二线城市,payer,1
U004138,2026-05-11 00:00:00,2026-05-11 00:00:00,organic,iOS,二线城市,free,0
U004139,2026-06-13 00:00:00,2026-06-13 00:00:00,organic,Android,二线城市,free,0
U004140,2026-05-08 00:00:00,2026-05-08 00:00:00,organic,Android,海外,free,0
U004141,2026-06-06 00:00:00,2026-06-06 00:00:00,short_video_ads,iOS,海外,free,0
U004142,2026-06-08 00:00:00,2026-06-08 00:00:00,app_store,iOS,新一线城市,payer,1
U004143,2026-05-14 00:00:00,2026-05-14 00:00:00,app_store,iOS,一线城市,free,0
U004144,2026-06-01 00:00:00,2026-06-01 00:00:00,short_video_ads,iOS,二线城市,free,0
U004145,2026-06-28 00:00:00,2026-06-28 00:00:00,kol,iOS,一线城市,free,0
U004146,2026-05-03 00:00:00,2026-05-03 00:00:00,organic,Android,新一线城市,free,0
U004147,2026-06-11 00:00:00,2026-06-11 00:00:00,kol,iOS,新一线城市,free,0
U004148,2026-05-10 00:00:00,2026-05-09 00:00:00,app_store,Android,新一线城市,free,0
U004149,2026-05-19 00:00:00,2026-05-19 00:00:00,app_store,Android,一线城市,free,0
U004150,2026-05-23 00:00:00,2026-05-23 00:00:00,short_video_ads,Android,二线城市,free,0
U004151,2026-06-19 00:00:00,2026-06-19 00:00:00,short_video_ads,Android,新一线城市,free,0
U004152,2026-06-28 00:00:00,2026-06-28 00:00:00,app_store,Android,新一线城市,free,0
U004153,2026-06-24 00:00:00,2026-06-24 00:00:00,short_video_ads,iOS,新一线城市,free,0
U004154,2026-05-23 00:00:00,2026-05-23 00:00:00,app_store,Android,二线城市,free,0
U004155,2026-06-08 00:00:00,2026-06-08 00:00:00,app_store,Web,一线城市,free,0
U004156,2026-06-24 00:00:00,2026-06-24 00:00:00,search_ads,iOS,新一线城市,free,0
U004157,2026-06-24 00:00:00,2026-06-24 00:00:00,referral,Android,二线城市,free,0
U004158,2026-06-28 00:00:00,2026-06-28 00:00:00,app_store,Web,新一线城市,free,0
U004159,2026-05-27 00:00:00,2026-05-27 00:00:00,organic,Android,新一线城市,free,0
U004160,2026-06-20 00:00:00,2026-06-20 00:00:00,search_ads,Android,一线城市,free,0
U004161,2026-05-28 00:00:00,2026-05-28 00:00:00,kol,Android,海外,free,0
U004162,2026-06-13 00:00:00,2026-06-13 00:00:00,referral,iOS,新一线城市,free,0
U004163,2026-06-03 00:00:00,2026-06-03 00:00:00,kol,Web,二线城市,free,0
U004164,2026-06-05 00:00:00,2026-06-05 00:00:00,kol,Android,二线城市,free,0
U004165,2026-05-13 00:00:00,2026-05-13 00:00:00,organic,Android,二线城市,free,0
U004166,2026-05-02 00:00:00,2026-05-02 00:00:00,referral,iOS,海外,free,0
U004167,2026-06-15 00:00:00,2026-06-15 00:00:00,short_video_ads,Web,一线城市,free,0
U004168,2026-05-11 00:00:00,2026-05-11 00:00:00,organic,iOS,一线城市,free,0
U004169,2026-06-14 00:00:00,2026-06-14 00:00:00,organic,iOS,二线城市,free,0
U004170,2026-06-12 00:00:00,2026-06-12 00:00:00,referral,Android,新一线城市,free,0
U004171,2026-06-26 00:00:00,2026-06-26 00:00:00,referral,iOS,海外,free,0
U004172,2026-06-14 00:00:00,2026-06-14 00:00:00,short_video_ads,Web,一线城市,free,0
U004173,2026-06-05 00:00:00,2026-06-05 00:00:00,search_ads,iOS,一线城市,free,0
U004174,2026-06-27 00:00:00,2026-06-27 00:00:00,short_video_ads,iOS,一线城市,free,0
U004175,2026-05-08 00:00:00,2026-05-08 00:00:00,search_ads,iOS,新一线城市,free,0
U004176,2026-06-28 00:00:00,2026-06-28 00:00:00,search_ads,iOS,一线城市,payer,1
U004177,2026-05-18 00:00:00,2026-05-18 00:00:00,search_ads,iOS,新一线城市,free,0
U004178,2026-05-20 00:00:00,2026-05-20 00:00:00,organic,iOS,新一线城市,payer,1
U004179,2026-06-23 00:00:00,2026-06-23 00:00:00,kol,iOS,二线城市,free,0
U004180,2026-05-22 00:00:00,2026-05-22 00:00:00,organic,Android,新一线城市,free,0
U004181,2026-05-07 00:00:00,2026-05-07 00:00:00,organic,iOS,二线城市,payer,1
U004182,2026-06-24 00:00:00,2026-06-24 00:00:00,search_ads,Android,新一线城市,free,0
U004183,2026-06-17 00:00:00,2026-06-17 00:00:00,organic,Web,一线城市,free,0
U004184,2026-06-11 00:00:00,2026-06-11 00:00:00,organic,iOS,新一线城市,payer,1
U004185,2026-06-10 00:00:00,2026-06-10 00:00:00,kol,Android,二线城市,free,0
U004186,2026-06-22 00:00:00,2026-06-20 00:00:00,search_ads,Android,新一线城市,payer,1
U004187,2026-05-21 00:00:00,2026-05-21 00:00:00,short_video_ads,Android,二线城市,free,0
U004188,2026-06-04 00:00:00,2026-06-04 00:00:00,referral,Android,二线城市,free,0
U004189,2026-06-11 00:00:00,2026-06-11 00:00:00,app_store,Android,二线城市,free,0
U004190,2026-05-26 00:00:00,2026-05-26 00:00:00,short_video_ads,Web,二线城市,free,0
U004191,2026-05-26 00:00:00,2026-05-26 00:00:00,organic,iOS,一线城市,free,0
U004192,2026-06-03 00:00:00,2026-06-03 00:00:00,organic,iOS,一线城市,free,0
U004193,2026-06-23 00:00:00,2026-06-23 00:00:00,app_store,Android,一线城市,free,0
U004194,2026-06-15 00:00:00,2026-06-15 00:00:00,search_ads,iOS,二线城市,free,0
U004195,2026-05-19 00:00:00,2026-05-19 00:00:00,organic,iOS,一线城市,payer,1
U004196,2026-06-28 00:00:00,2026-06-28 00:00:00,app_store,Android,新一线城市,payer,1
U004197,2026-05-13 00:00:00,2026-05-13 00:00:00,short_video_ads,Web,二线城市,payer,1
U004198,2026-05-11 00:00:00,2026-05-11 00:00:00,search_ads,Android,二线城市,free,0
U004199,2026-06-04 00:00:00,2026-06-04 00:00:00,referral,iOS,海外,free,0
U004200,2026-05-11 00:00:00,2026-05-11 00:00:00,short_video_ads,Web,新一线城市,free,0
U004201,2026-05-19 00:00:00,2026-05-19 00:00:00,app_store,iOS,一线城市,free,0
U004202,2026-05-04 00:00:00,2026-05-04 00:00:00,search_ads,iOS,新一线城市,payer,1
U004203,2026-06-15 00:00:00,2026-06-15 00:00:00,search_ads,Web,新一线城市,free,0
U004204,2026-06-19 00:00:00,2026-06-19 00:00:00,search_ads,Web,海外,free,0
U004205,2026-05-01 00:00:00,2026-05-01 00:00:00,organic,iOS,二线城市,payer,1
U004206,2026-05-15 00:00:00,2026-05-15 00:00:00,kol,Web,二线城市,free,0
U004207,2026-05-28 00:00:00,2026-05-28 00:00:00,short_video_ads,iOS,新一线城市,free,0
U004208,2026-06-19 00:00:00,2026-06-19 00:00:00,search_ads,iOS,一线城市,free,0
U004209,2026-06-23 00:00:00,2026-06-21 00:00:00,organic,Web,一线城市,payer,1
U004210,2026-06-26 00:00:00,2026-06-26 00:00:00,app_store,Android,二线城市,payer,1
U004211,2026-06-29 00:00:00,2026-06-28 00:00:00,referral,iOS,二线城市,free,0
U004212,2026-05-25 00:00:00,2026-05-25 00:00:00,short_video_ads,iOS,一线城市,free,0
U004213,2026-05-16 00:00:00,2026-05-16 00:00:00,referral,Android,海外,free,0
U004214,2026-05-26 00:00:00,2026-05-26 00:00:00,short_video_ads,Web,海外,free,0
U004215,2026-05-19 00:00:00,2026-05-19 00:00:00,short_video_ads,iOS,新一线城市,free,0
U004216,2026-06-14 00:00:00,2026-06-14 00:00:00,short_video_ads,iOS,一线城市,free,0
U004217,2026-06-16 00:00:00,2026-06-14 00:00:00,organic,Web,新一线城市,free,0
U004218,2026-05-18 00:00:00,2026-05-17 00:00:00,organic,iOS,二线城市,free,0
U004219,2026-05-08 00:00:00,2026-05-08 00:00:00,short_video_ads,Android,一线城市,free,0
U004220,2026-06-13 00:00:00,2026-06-13 00:00:00,search_ads,Android,新一线城市,free,0
U004221,2026-06-11 00:00:00,2026-06-10 00:00:00,short_video_ads,Web,一线城市,free,0
U004222,2026-06-10 00:00:00,2026-06-10 00:00:00,search_ads,iOS,海外,payer,1
U004223,2026-05-25 00:00:00,2026-05-25 00:00:00,organic,Web,海外,free,0
U004224,2026-06-02 00:00:00,2026-06-02 00:00:00,app_store,iOS,新一线城市,free,0
U004225,2026-06-28 00:00:00,2026-06-28 00:00:00,referral,Android,新一线城市,free,0
U004226,2026-06-16 00:00:00,2026-06-16 00:00:00,app_store,iOS,新一线城市,free,0
U004227,2026-06-04 00:00:00,2026-06-04 00:00:00,organic,iOS,二线城市,free,0
U004228,2026-06-19 00:00:00,2026-06-18 00:00:00,search_ads,Android,一线城市,free,0
U004229,2026-06-03 00:00:00,2026-06-03 00:00:00,short_video_ads,iOS,一线城市,free,0
U004230,2026-05-01 00:00:00,2026-05-01 00:00:00,app_store,iOS,新一线城市,free,0
U004231,2026-06-21 00:00:00,2026-06-21 00:00:00,app_store,iOS,海外,free,0
U004232,2026-06-29 00:00:00,2026-06-29 00:00:00,app_store,Web,新一线城市,free,0
U004233,2026-05-12 00:00:00,2026-05-12 00:00:00,short_video_ads,Web,二线城市,free,0
U004234,2026-06-01 00:00:00,2026-06-01 00:00:00,organic,Android,一线城市,free,0
U004235,2026-06-14 00:00:00,2026-06-14 00:00:00,short_video_ads,iOS,一线城市,free,0
U004236,2026-06-23 00:00:00,2026-06-23 00:00:00,short_video_ads,iOS,二线城市,free,0
U004237,2026-05-27 00:00:00,2026-05-27 00:00:00,short_video_ads,Web,新一线城市,free,0
U004238,2026-06-08 00:00:00,2026-06-08 00:00:00,organic,Web,二线城市,free,0
U004239,2026-05-23 00:00:00,2026-05-23 00:00:00,organic,iOS,二线城市,payer,1
U004240,2026-05-20 00:00:00,2026-05-20 00:00:00,organic,iOS,新一线城市,free,0
U004241,2026-06-28 00:00:00,2026-06-28 00:00:00,search_ads,Web,新一线城市,free,0
U004242,2026-05-24 00:00:00,2026-05-24 00:00:00,organic,Android,二线城市,free,0
U004243,2026-06-17 00:00:00,2026-06-17 00:00:00,organic,Web,新一线城市,free,0
U004244,2026-05-24 00:00:00,2026-05-24 00:00:00,short_video_ads,Android,新一线城市,free,0
U004245,2026-05-27 00:00:00,2026-05-27 00:00:00,app_store,iOS,海外,free,0
U004246,2026-06-22 00:00:00,2026-06-21 00:00:00,app_store,Android,二线城市,free,0
U004247,2026-06-20 00:00:00,2026-06-20 00:00:00,short_video_ads,Web,一线城市,free,0
U004248,2026-05-25 00:00:00,2026-05-25 00:00:00,search_ads,Android,一线城市,free,0
U004249,2026-05-21 00:00:00,2026-05-21 00:00:00,organic,iOS,一线城市,free,0
U004250,2026-05-23 00:00:00,2026-05-23 00:00:00,short_video_ads,Web,新一线城市,free,0
U004251,2026-06-17 00:00:00,2026-06-17 00:00:00,organic,Android,新一线城市,payer,1
U004252,2026-06-21 00:00:00,2026-06-21 00:00:00,referral,Web,二线城市,free,0
U004253,2026-05-17 00:00:00,2026-05-17 00:00:00,search_ads,Android,二线城市,free,0
U004254,2026-05-28 00:00:00,2026-05-28 00:00:00,kol,Web,二线城市,free,0
U004255,2026-06-01 00:00:00,2026-06-01 00:00:00,search_ads,Web,海外,free,0
U004256,2026-05-20 00:00:00,2026-05-20 00:00:00,organic,Android,新一线城市,free,0
U004257,2026-05-01 00:00:00,2026-05-01 00:00:00,organic,Android,二线城市,free,0
U004258,2026-06-22 00:00:00,2026-06-20 00:00:00,referral,Android,海外,free,0
U004259,2026-06-02 00:00:00,2026-06-02 00:00:00,search_ads,Web,新一线城市,free,0
U004260,2026-06-05 00:00:00,2026-06-05 00:00:00,kol,iOS,二线城市,free,0
U004261,2026-05-05 00:00:00,2026-05-05 00:00:00,organic,iOS,二线城市,payer,1
U004262,2026-06-03 00:00:00,2026-06-03 00:00:00,search_ads,Android,新一线城市,payer,1
U004263,2026-05-06 00:00:00,2026-05-06 00:00:00,short_video_ads,Web,海外,free,0
U004264,2026-06-14 00:00:00,2026-06-14 00:00:00,organic,Android,新一线城市,free,0
U004265,2026-05-08 00:00:00,2026-05-08 00:00:00,organic,iOS,海外,payer,1
U004266,2026-05-07 00:00:00,2026-05-07 00:00:00,kol,Android,新一线城市,payer,1
U004267,2026-06-29 00:00:00,2026-06-28 00:00:00,short_video_ads,Android,新一线城市,free,0
U004268,2026-05-22 00:00:00,2026-05-22 00:00:00,short_video_ads,iOS,二线城市,free,0
U004269,2026-05-26 00:00:00,2026-05-26 00:00:00,organic,Web,二线城市,free,0
U004270,2026-06-13 00:00:00,2026-06-13 00:00:00,organic,iOS,二线城市,free,0
U004271,2026-06-01 00:00:00,2026-06-01 00:00:00,organic,Web,二线城市,payer,1
U004272,2026-06-23 00:00:00,2026-06-23 00:00:00,referral,Android,新一线城市,free,0
U004273,2026-06-23 00:00:00,2026-06-23 00:00:00,app_store,Android,海外,free,0
U004274,2026-05-10 00:00:00,2026-05-10 00:00:00,app_store,Web,二线城市,free,0
U004275,2026-05-03 00:00:00,2026-05-03 00:00:00,kol,iOS,二线城市,free,0
U004276,2026-06-22 00:00:00,2026-06-22 00:00:00,short_video_ads,iOS,一线城市,free,0
U004277,2026-06-23 00:00:00,2026-06-23 00:00:00,referral,Android,一线城市,free,0
U004278,2026-05-13 00:00:00,2026-05-13 00:00:00,referral,iOS,新一线城市,free,0
U004279,2026-05-18 00:00:00,2026-05-16 00:00:00,short_video_ads,iOS,二线城市,free,0
U004280,2026-05-29 00:00:00,2026-05-29 00:00:00,short_video_ads,Android,一线城市,free,0
U004281,2026-05-11 00:00:00,2026-05-11 00:00:00,short_video_ads,Android,一线城市,free,0
U004282,2026-05-07 00:00:00,2026-05-06 00:00:00,organic,Android,一线城市,free,0
U004283,2026-06-14 00:00:00,2026-06-14 00:00:00,organic,iOS,二线城市,free,0
U004284,2026-05-10 00:00:00,2026-05-10 00:00:00,search_ads,iOS,新一线城市,free,0
U004285,2026-06-16 00:00:00,2026-06-16 00:00:00,short_video_ads,Android,新一线城市,free,0
U004286,2026-06-29 00:00:00,2026-06-29 00:00:00,organic,iOS,二线城市,free,0
U004287,2026-06-05 00:00:00,2026-06-05 00:00:00,search_ads,iOS,新一线城市,payer,1
U004288,2026-05-26 00:00:00,2026-05-26 00:00:00,short_video_ads,Android,二线城市,payer,1
U004289,2026-06-15 00:00:00,2026-06-15 00:00:00,search_ads,Android,一线城市,free,0
U004290,2026-06-21 00:00:00,2026-06-21 00:00:00,referral,Android,一线城市,free,0
U004291,2026-06-10 00:00:00,2026-06-10 00:00:00,app_store,iOS,海外,payer,1
U004292,2026-06-19 00:00:00,2026-06-19 00:00:00,referral,Android,一线城市,free,0
U004293,2026-05-08 00:00:00,2026-05-08 00:00:00,organic,Web,一线城市,payer,1
U004294,2026-05-29 00:00:00,2026-05-29 00:00:00,short_video_ads,iOS,海外,free,0
U004295,2026-06-09 00:00:00,2026-06-09 00:00:00,organic,Web,二线城市,free,0
U004296,2026-05-11 00:00:00,2026-05-11 00:00:00,referral,iOS,新一线城市,free,0
U004297,2026-06-23 00:00:00,2026-06-23 00:00:00,organic,iOS,新一线城市,free,0
U004298,2026-06-19 00:00:00,2026-06-19 00:00:00,kol,iOS,二线城市,free,0
U004299,2026-06-13 00:00:00,2026-06-13 00:00:00,kol,iOS,一线城市,free,0
U004300,2026-06-08 00:00:00,2026-06-08 00:00:00,app_store,iOS,二线城市,free,0
U004301,2026-05-20 00:00:00,2026-05-20 00:00:00,referral,Android,新一线城市,free,0
U004302,2026-06-25 00:00:00,2026-06-24 00:00:00,app_store,iOS,一线城市,free,0
U004303,2026-06-24 00:00:00,2026-06-24 00:00:00,app_store,Web,一线城市,free,0
U004304,2026-05-02 00:00:00,2026-05-02 00:00:00,app_store,iOS,一线城市,free,0
U004305,2026-05-30 00:00:00,2026-05-30 00:00:00,organic,Web,一线城市,free,0
U004306,2026-06-02 00:00:00,2026-06-02 00:00:00,short_video_ads,Web,海外,free,0
U004307,2026-05-03 00:00:00,2026-05-03 00:00:00,app_store,iOS,新一线城市,free,0
U004308,2026-06-26 00:00:00,2026-06-26 00:00:00,organic,Android,新一线城市,free,0
U004309,2026-06-19 00:00:00,2026-06-19 00:00:00,organic,iOS,新一线城市,free,0
U004310,2026-05-08 00:00:00,2026-05-08 00:00:00,app_store,Android,一线城市,payer,1
U004311,2026-05-16 00:00:00,2026-05-16 00:00:00,organic,Android,一线城市,free,0
U004312,2026-05-29 00:00:00,2026-05-29 00:00:00,short_video_ads,iOS,新一线城市,free,0
U004313,2026-06-17 00:00:00,2026-06-17 00:00:00,short_video_ads,Android,二线城市,payer,1
U004314,2026-05-02 00:00:00,2026-05-02 00:00:00,referral,Android,新一线城市,free,0
U004315,2026-06-03 00:00:00,2026-06-03 00:00:00,search_ads,Web,新一线城市,free,0
U004316,2026-05-27 00:00:00,2026-05-27 00:00:00,organic,Android,新一线城市,free,0
U004317,2026-06-28 00:00:00,2026-06-28 00:00:00,short_video_ads,Android,新一线城市,free,0
U004318,2026-06-17 00:00:00,2026-06-17 00:00:00,search_ads,Android,二线城市,free,0
U004319,2026-06-19 00:00:00,2026-06-19 00:00:00,referral,Web,二线城市,free,0
U004320,2026-06-06 00:00:00,2026-06-06 00:00:00,kol,Android,二线城市,free,0
U004321,2026-05-27 00:00:00,2026-05-27 00:00:00,referral,iOS,新一线城市,free,0
U004322,2026-05-17 00:00:00,2026-05-17 00:00:00,app_store,iOS,海外,free,0
U004323,2026-05-18 00:00:00,2026-05-18 00:00:00,search_ads,Android,新一线城市,free,0
U004324,2026-06-09 00:00:00,2026-06-09 00:00:00,short_video_ads,Web,新一线城市,free,0
U004325,2026-05-10 00:00:00,2026-05-10 00:00:00,short_video_ads,Web,一线城市,free,0
U004326,2026-06-13 00:00:00,2026-06-13 00:00:00,app_store,Web,海外,free,0
U004327,2026-05-27 00:00:00,2026-05-27 00:00:00,organic,Web,一线城市,free,0
U004328,2026-06-29 00:00:00,2026-06-29 00:00:00,kol,Android,二线城市,free,0
U004329,2026-05-11 00:00:00,2026-05-11 00:00:00,short_video_ads,Android,新一线城市,free,0
U004330,2026-05-19 00:00:00,2026-05-19 00:00:00,short_video_ads,Web,新一线城市,free,0
U004331,2026-05-18 00:00:00,2026-05-17 00:00:00,organic,Web,一线城市,free,0
U004332,2026-06-26 00:00:00,2026-06-26 00:00:00,organic,Android,二线城市,free,0
U004333,2026-06-28 00:00:00,2026-06-28 00:00:00,organic,Web,新一线城市,free,0
U004334,2026-05-08 00:00:00,2026-05-08 00:00:00,short_video_ads,Web,一线城市,free,0
U004335,2026-05-26 00:00:00,2026-05-26 00:00:00,organic,Web,二线城市,payer,1
U004336,2026-05-03 00:00:00,2026-05-03 00:00:00,search_ads,Android,海外,free,0
U004337,2026-05-26 00:00:00,2026-05-26 00:00:00,organic,iOS,二线城市,free,0
U004338,2026-05-11 00:00:00,2026-05-11 00:00:00,search_ads,Android,二线城市,free,0
U004339,2026-06-12 00:00:00,2026-06-12 00:00:00,app_store,Android,一线城市,free,0
U004340,2026-05-09 00:00:00,2026-05-09 00:00:00,referral,iOS,海外,free,0
U004341,2026-05-29 00:00:00,2026-05-29 00:00:00,app_store,Android,二线城市,free,0
U004342,2026-06-25 00:00:00,2026-06-25 00:00:00,kol,Android,二线城市,free,0
U004343,2026-05-05 00:00:00,2026-05-05 00:00:00,referral,iOS,新一线城市,free,0
U004344,2026-06-28 00:00:00,2026-06-28 00:00:00,short_video_ads,iOS,新一线城市,free,0
U004345,2026-06-24 00:00:00,2026-06-24 00:00:00,app_store,iOS,新一线城市,free,0
U004346,2026-06-23 00:00:00,2026-06-23 00:00:00,short_video_ads,Web,一线城市,free,0
U004347,2026-06-09 00:00:00,2026-06-09 00:00:00,short_video_ads,iOS,二线城市,free,0
U004348,2026-06-12 00:00:00,2026-06-12 00:00:00,short_video_ads,Android,一线城市,free,0
U004349,2026-05-20 00:00:00,2026-05-20 00:00:00,short_video_ads,Web,一线城市,free,0
U004350,2026-05-15 00:00:00,2026-05-15 00:00:00,organic,Android,二线城市,free,0
U004351,2026-06-25 00:00:00,2026-06-25 00:00:00,short_video_ads,Android,二线城市,free,0
U004352,2026-05-27 00:00:00,2026-05-27 00:00:00,short_video_ads,Android,二线城市,free,0
U004353,2026-05-07 00:00:00,2026-05-07 00:00:00,search_ads,Android,二线城市,free,0
U004354,2026-06-06 00:00:00,2026-06-06 00:00:00,organic,Web,一线城市,free,0
U004355,2026-05-22 00:00:00,2026-05-22 00:00:00,organic,Android,二线城市,free,0
U004356,2026-06-12 00:00:00,2026-06-12 00:00:00,organic,Web,海外,free,0
U004357,2026-06-22 00:00:00,2026-06-22 00:00:00,organic,Android,新一线城市,free,0
U004358,2026-05-21 00:00:00,2026-05-21 00:00:00,search_ads,Web,海外,free,0
U004359,2026-06-23 00:00:00,2026-06-23 00:00:00,kol,Android,海外,free,0
U004360,2026-05-27 00:00:00,2026-05-27 00:00:00,app_store,Android,一线城市,free,0
U004361,2026-06-27 00:00:00,2026-06-27 00:00:00,short_video_ads,iOS,二线城市,free,0
U004362,2026-06-12 00:00:00,2026-06-12 00:00:00,referral,Android,海外,free,0
U004363,2026-05-13 00:00:00,2026-05-13 00:00:00,organic,iOS,一线城市,payer,1
U004364,2026-06-07 00:00:00,2026-06-07 00:00:00,kol,Android,二线城市,free,0
U004365,2026-06-06 00:00:00,2026-06-06 00:00:00,short_video_ads,iOS,海外,free,0
U004366,2026-06-12 00:00:00,2026-06-12 00:00:00,short_video_ads,iOS,新一线城市,free,0
U004367,2026-05-18 00:00:00,2026-05-18 00:00:00,short_video_ads,iOS,一线城市,free,0
U004368,2026-05-17 00:00:00,2026-05-17 00:00:00,app_store,Web,一线城市,free,0
U004369,2026-05-21 00:00:00,2026-05-21 00:00:00,app_store,iOS,二线城市,free,0
U004370,2026-06-15 00:00:00,2026-06-14 00:00:00,organic,iOS,一线城市,free,0
U004371,2026-05-24 00:00:00,2026-05-24 00:00:00,short_video_ads,Android,一线城市,free,0
U004372,2026-06-20 00:00:00,2026-06-20 00:00:00,kol,Android,新一线城市,free,0
U004373,2026-05-19 00:00:00,2026-05-19 00:00:00,organic,Android,海外,free,0
U004374,2026-06-09 00:00:00,2026-06-09 00:00:00,organic,Android,二线城市,free,0
U004375,2026-05-04 00:00:00,2026-05-04 00:00:00,app_store,Android,二线城市,payer,1
U004376,2026-05-26 00:00:00,2026-05-26 00:00:00,short_video_ads,Android,一线城市,free,0
U004377,2026-05-20 00:00:00,2026-05-20 00:00:00,organic,iOS,一线城市,free,0
U004378,2026-05-07 00:00:00,2026-05-07 00:00:00,referral,Web,新一线城市,free,0
U004379,2026-05-12 00:00:00,2026-05-12 00:00:00,search_ads,Web,新一线城市,free,0
U004380,2026-06-04 00:00:00,2026-06-04 00:00:00,short_video_ads,iOS,新一线城市,free,0
U004381,2026-05-17 00:00:00,2026-05-17 00:00:00,referral,Web,新一线城市,free,0
U004382,2026-05-23 00:00:00,2026-05-23 00:00:00,referral,iOS,二线城市,free,0
U004383,2026-05-14 00:00:00,2026-05-14 00:00:00,short_video_ads,Android,新一线城市,free,0
U004384,2026-06-03 00:00:00,2026-06-03 00:00:00,short_video_ads,Web,一线城市,free,0
U004385,2026-05-18 00:00:00,2026-05-18 00:00:00,kol,iOS,一线城市,free,0
U004386,2026-05-29 00:00:00,2026-05-29 00:00:00,short_video_ads,Web,二线城市,free,0
U004387,2026-05-29 00:00:00,2026-05-29 00:00:00,referral,Android,新一线城市,free,0
U004388,2026-05-02 00:00:00,2026-05-02 00:00:00,short_video_ads,Web,二线城市,free,0
U004389,2026-06-09 00:00:00,2026-06-09 00:00:00,short_video_ads,Android,新一线城市,payer,1
U004390,2026-06-02 00:00:00,2026-06-02 00:00:00,short_video_ads,iOS,新一线城市,free,0
U004391,2026-06-14 00:00:00,2026-06-14 00:00:00,referral,Web,二线城市,free,0
U004392,2026-06-23 00:00:00,2026-06-23 00:00:00,kol,iOS,二线城市,free,0
U004393,2026-05-27 00:00:00,2026-05-25 00:00:00,app_store,Web,新一线城市,free,0
U004394,2026-05-16 00:00:00,2026-05-16 00:00:00,referral,Web,一线城市,free,0
U004395,2026-05-03 00:00:00,2026-05-03 00:00:00,short_video_ads,Web,一线城市,payer,1
U004396,2026-05-13 00:00:00,2026-05-13 00:00:00,app_store,Android,海外,free,0
U004397,2026-05-18 00:00:00,2026-05-18 00:00:00,referral,iOS,二线城市,free,0
U004398,2026-05-23 00:00:00,2026-05-23 00:00:00,app_store,Web,新一线城市,payer,1
U004399,2026-05-22 00:00:00,2026-05-22 00:00:00,short_video_ads,Android,一线城市,payer,1
U004400,2026-05-14 00:00:00,2026-05-14 00:00:00,kol,Web,二线城市,free,0
U004401,2026-05-19 00:00:00,2026-05-19 00:00:00,app_store,iOS,海外,free,0
U004402,2026-06-24 00:00:00,2026-06-24 00:00:00,search_ads,iOS,新一线城市,free,0
U004403,2026-05-09 00:00:00,2026-05-09 00:00:00,organic,Android,二线城市,free,0
U004404,2026-06-07 00:00:00,2026-06-07 00:00:00,organic,Web,新一线城市,payer,1
U004405,2026-05-15 00:00:00,2026-05-15 00:00:00,short_video_ads,iOS,二线城市,free,0
U004406,2026-05-11 00:00:00,2026-05-11 00:00:00,app_store,Android,新一线城市,free,0
U004407,2026-06-23 00:00:00,2026-06-23 00:00:00,app_store,Web,海外,payer,1
U004408,2026-06-11 00:00:00,2026-06-11 00:00:00,referral,Web,二线城市,free,0
U004409,2026-06-09 00:00:00,2026-06-09 00:00:00,short_video_ads,iOS,二线城市,free,0
U004410,2026-05-12 00:00:00,2026-05-12 00:00:00,organic,Android,新一线城市,free,0
U004411,2026-06-12 00:00:00,2026-06-12 00:00:00,search_ads,Android,一线城市,free,0
U004412,2026-06-02 00:00:00,2026-06-02 00:00:00,short_video_ads,Android,一线城市,free,0
U004413,2026-06-27 00:00:00,2026-06-27 00:00:00,search_ads,iOS,新一线城市,free,0
U004414,2026-06-06 00:00:00,2026-06-06 00:00:00,short_video_ads,Android,一线城市,free,0
U004415,2026-06-25 00:00:00,2026-06-25 00:00:00,organic,iOS,海外,free,0
U004416,2026-06-22 00:00:00,2026-06-22 00:00:00,referral,Android,二线城市,free,0
U004417,2026-05-02 00:00:00,2026-05-02 00:00:00,kol,iOS,二线城市,free,0
U004418,2026-06-09 00:00:00,2026-06-09 00:00:00,referral,Android,新一线城市,free,0
U004419,2026-06-07 00:00:00,2026-06-07 00:00:00,organic,Android,一线城市,free,0
U004420,2026-06-22 00:00:00,2026-06-22 00:00:00,referral,Android,二线城市,free,0
U004421,2026-05-07 00:00:00,2026-05-07 00:00:00,app_store,iOS,二线城市,payer,1
U004422,2026-05-03 00:00:00,2026-05-03 00:00:00,organic,Web,一线城市,free,0
U004423,2026-06-19 00:00:00,2026-06-19 00:00:00,kol,Android,一线城市,free,0
U004424,2026-06-08 00:00:00,2026-06-08 00:00:00,short_video_ads,Android,二线城市,free,0
U004425,2026-05-04 00:00:00,2026-05-04 00:00:00,organic,Android,新一线城市,payer,1
U004426,2026-05-17 00:00:00,2026-05-17 00:00:00,search_ads,Android,一线城市,free,0
U004427,2026-06-04 00:00:00,2026-06-04 00:00:00,kol,iOS,一线城市,free,0
U004428,2026-05-03 00:00:00,2026-05-03 00:00:00,organic,Android,二线城市,free,0
U004429,2026-06-16 00:00:00,2026-06-15 00:00:00,referral,iOS,新一线城市,free,0
U004430,2026-06-25 00:00:00,2026-06-25 00:00:00,organic,Android,新一线城市,free,0
U004431,2026-05-22 00:00:00,2026-05-21 00:00:00,short_video_ads,iOS,一线城市,free,0
U004432,2026-05-19 00:00:00,2026-05-19 00:00:00,organic,Web,一线城市,free,0
U004433,2026-05-22 00:00:00,2026-05-22 00:00:00,organic,Web,新一线城市,free,0
U004434,2026-05-02 00:00:00,2026-05-02 00:00:00,organic,iOS,一线城市,free,0
U004435,2026-06-26 00:00:00,2026-06-26 00:00:00,app_store,Web,一线城市,free,0
U004436,2026-05-29 00:00:00,2026-05-28 00:00:00,search_ads,Android,一线城市,payer,1
U004437,2026-05-13 00:00:00,2026-05-13 00:00:00,referral,iOS,二线城市,free,0
U004438,2026-05-14 00:00:00,2026-05-14 00:00:00,short_video_ads,Web,新一线城市,free,0
U004439,2026-05-29 00:00:00,2026-05-29 00:00:00,organic,Android,新一线城市,free,0
U004440,2026-06-26 00:00:00,2026-06-26 00:00:00,organic,iOS,新一线城市,free,0
U004441,2026-05-13 00:00:00,2026-05-12 00:00:00,organic,Web,一线城市,free,0
U004442,2026-06-25 00:00:00,2026-06-25 00:00:00,search_ads,iOS,一线城市,payer,1
U004443,2026-05-10 00:00:00,2026-05-10 00:00:00,short_video_ads,Android,新一线城市,free,0
U004444,2026-06-08 00:00:00,2026-06-08 00:00:00,referral,Web,二线城市,free,0
U004445,2026-06-08 00:00:00,2026-06-08 00:00:00,organic,iOS,二线城市,free,0
U004446,2026-06-27 00:00:00,2026-06-26 00:00:00,app_store,iOS,新一线城市,free,0
U004447,2026-06-24 00:00:00,2026-06-24 00:00:00,app_store,Android,海外,free,0
U004448,2026-05-11 00:00:00,2026-05-11 00:00:00,search_ads,Android,新一线城市,free,0
U004449,2026-06-18 00:00:00,2026-06-18 00:00:00,referral,Android,二线城市,free,0
U004450,2026-05-14 00:00:00,2026-05-14 00:00:00,organic,Android,一线城市,free,0
U004451,2026-05-05 00:00:00,2026-05-05 00:00:00,kol,Web,一线城市,free,0
U004452,2026-06-10 00:00:00,2026-06-10 00:00:00,short_video_ads,Web,二线城市,free,0
U004453,2026-05-30 00:00:00,2026-05-30 00:00:00,app_store,iOS,海外,payer,1
U004454,2026-05-07 00:00:00,2026-05-07 00:00:00,organic,iOS,海外,payer,1
U004455,2026-05-24 00:00:00,2026-05-24 00:00:00,short_video_ads,Web,新一线城市,free,0
U004456,2026-06-29 00:00:00,2026-06-29 00:00:00,organic,Web,新一线城市,free,0
U004457,2026-06-06 00:00:00,2026-06-06 00:00:00,organic,Android,二线城市,free,0
U004458,2026-05-15 00:00:00,2026-05-14 00:00:00,kol,Android,海外,free,0
U004459,2026-05-27 00:00:00,2026-05-27 00:00:00,short_video_ads,iOS,一线城市,free,0
U004460,2026-05-11 00:00:00,2026-05-11 00:00:00,kol,iOS,新一线城市,payer,1
U004461,2026-06-06 00:00:00,2026-06-06 00:00:00,app_store,iOS,海外,free,0
U004462,2026-05-21 00:00:00,2026-05-21 00:00:00,search_ads,Web,一线城市,free,0
U004463,2026-05-27 00:00:00,2026-05-27 00:00:00,app_store,Web,新一线城市,free,0
U004464,2026-05-07 00:00:00,2026-05-07 00:00:00,search_ads,Android,海外,free,0
U004465,2026-06-05 00:00:00,2026-06-05 00:00:00,search_ads,Web,新一线城市,free,0
U004466,2026-06-10 00:00:00,2026-06-10 00:00:00,short_video_ads,iOS,海外,free,0
U004467,2026-06-26 00:00:00,2026-06-26 00:00:00,kol,Android,新一线城市,free,0
U004468,2026-06-05 00:00:00,2026-06-05 00:00:00,search_ads,Android,海外,free,0
U004469,2026-06-03 00:00:00,2026-06-03 00:00:00,app_store,Web,新一线城市,free,0
U004470,2026-05-21 00:00:00,2026-05-21 00:00:00,kol,Android,一线城市,free,0
U004471,2026-06-16 00:00:00,2026-06-16 00:00:00,app_store,Android,新一线城市,payer,1
U004472,2026-05-08 00:00:00,2026-05-08 00:00:00,referral,Web,一线城市,free,0
U004473,2026-05-15 00:00:00,2026-05-15 00:00:00,short_video_ads,Android,新一线城市,free,0
U004474,2026-05-18 00:00:00,2026-05-17 00:00:00,referral,Web,一线城市,free,0
U004475,2026-06-26 00:00:00,2026-06-26 00:00:00,app_store,iOS,新一线城市,free,0
U004476,2026-06-17 00:00:00,2026-06-17 00:00:00,short_video_ads,iOS,二线城市,free,0
U004477,2026-06-13 00:00:00,2026-06-13 00:00:00,short_video_ads,Android,二线城市,free,0
U004478,2026-05-14 00:00:00,2026-05-14 00:00:00,app_store,Web,新一线城市,free,0
U004479,2026-05-28 00:00:00,2026-05-28 00:00:00,kol,Android,新一线城市,free,0
U004480,2026-05-30 00:00:00,2026-05-30 00:00:00,search_ads,Android,一线城市,free,0
U004481,2026-05-27 00:00:00,2026-05-27 00:00:00,search_ads,Web,一线城市,free,0
U004482,2026-06-11 00:00:00,2026-06-11 00:00:00,organic,iOS,一线城市,free,0
U004483,2026-06-29 00:00:00,2026-06-29 00:00:00,kol,iOS,二线城市,free,0
U004484,2026-05-08 00:00:00,2026-05-07 00:00:00,short_video_ads,Android,新一线城市,free,0
U004485,2026-06-05 00:00:00,2026-06-05 00:00:00,organic,iOS,海外,payer,1
U004486,2026-05-07 00:00:00,2026-05-07 00:00:00,short_video_ads,iOS,新一线城市,free,0
U004487,2026-05-18 00:00:00,2026-05-18 00:00:00,search_ads,iOS,海外,free,0
U004488,2026-06-27 00:00:00,2026-06-27 00:00:00,app_store,Android,新一线城市,free,0
U004489,2026-05-26 00:00:00,2026-05-26 00:00:00,referral,Android,新一线城市,free,0
U004490,2026-06-25 00:00:00,2026-06-25 00:00:00,app_store,Android,新一线城市,free,0
U004491,2026-05-22 00:00:00,2026-05-22 00:00:00,short_video_ads,Android,一线城市,free,0
U004492,2026-05-17 00:00:00,2026-05-17 00:00:00,short_video_ads,Android,一线城市,free,0
U004493,2026-05-10 00:00:00,2026-05-10 00:00:00,referral,Web,一线城市,free,0
U004494,2026-06-23 00:00:00,2026-06-23 00:00:00,organic,Web,二线城市,free,0
U004495,2026-05-01 00:00:00,2026-05-01 00:00:00,search_ads,Web,一线城市,free,0
U004496,2026-05-31 00:00:00,2026-05-31 00:00:00,organic,Android,新一线城市,free,0
U004497,2026-06-08 00:00:00,2026-06-08 00:00:00,organic,iOS,海外,payer,1
U004498,2026-06-27 00:00:00,2026-06-27 00:00:00,organic,iOS,一线城市,free,0
U004499,2026-06-26 00:00:00,2026-06-26 00:00:00,organic,Android,海外,free,0
U004500,2026-06-03 00:00:00,2026-06-03 00:00:00,short_video_ads,Web,海外,free,0
U004501,2026-06-08 00:00:00,2026-06-06 00:00:00,short_video_ads,iOS,海外,free,0
U004502,2026-05-26 00:00:00,2026-05-26 00:00:00,short_video_ads,iOS,一线城市,free,0
U004503,2026-06-22 00:00:00,2026-06-22 00:00:00,search_ads,Web,新一线城市,free,0
U004504,2026-06-24 00:00:00,2026-06-24 00:00:00,short_video_ads,Web,二线城市,free,0
U004505,2026-05-02 00:00:00,2026-05-02 00:00:00,app_store,Android,二线城市,free,0
U004506,2026-05-26 00:00:00,2026-05-26 00:00:00,organic,iOS,一线城市,free,0
U004507,2026-06-21 00:00:00,2026-06-21 00:00:00,app_store,Android,海外,free,0
U004508,2026-05-30 00:00:00,2026-05-30 00:00:00,search_ads,Android,一线城市,free,0
U004509,2026-06-10 00:00:00,2026-06-10 00:00:00,short_video_ads,Android,新一线城市,free,0
U004510,2026-06-12 00:00:00,2026-06-12 00:00:00,short_video_ads,Web,新一线城市,free,0
U004511,2026-05-25 00:00:00,2026-05-25 00:00:00,kol,Android,一线城市,free,0
U004512,2026-06-18 00:00:00,2026-06-18 00:00:00,app_store,Android,二线城市,free,0
U004513,2026-06-08 00:00:00,2026-06-08 00:00:00,organic,Android,一线城市,free,0
U004514,2026-05-13 00:00:00,2026-05-13 00:00:00,app_store,Android,新一线城市,free,0
U004515,2026-05-16 00:00:00,2026-05-16 00:00:00,search_ads,Android,新一线城市,free,0
U004516,2026-05-22 00:00:00,2026-05-22 00:00:00,search_ads,Android,新一线城市,free,0
U004517,2026-05-25 00:00:00,2026-05-25 00:00:00,app_store,Android,一线城市,free,0
U004518,2026-06-01 00:00:00,2026-06-01 00:00:00,short_video_ads,Android,二线城市,free,0
U004519,2026-06-02 00:00:00,2026-05-31 00:00:00,referral,iOS,新一线城市,free,0
U004520,2026-05-20 00:00:00,2026-05-20 00:00:00,organic,iOS,新一线城市,payer,1
U004521,2026-06-05 00:00:00,2026-06-05 00:00:00,referral,Web,一线城市,free,0
U004522,2026-05-04 00:00:00,2026-05-04 00:00:00,referral,Android,新一线城市,free,0
U004523,2026-05-25 00:00:00,2026-05-25 00:00:00,organic,Web,二线城市,free,0
U004524,2026-05-11 00:00:00,2026-05-11 00:00:00,organic,Web,新一线城市,free,0
U004525,2026-05-09 00:00:00,2026-05-09 00:00:00,organic,iOS,新一线城市,payer,1
U004526,2026-05-06 00:00:00,2026-05-06 00:00:00,referral,Web,二线城市,free,0
U004527,2026-05-19 00:00:00,2026-05-19 00:00:00,app_store,iOS,二线城市,free,0
U004528,2026-06-13 00:00:00,2026-06-13 00:00:00,organic,Android,新一线城市,free,0
U004529,2026-05-26 00:00:00,2026-05-26 00:00:00,short_video_ads,iOS,二线城市,free,0
U004530,2026-06-29 00:00:00,2026-06-29 00:00:00,app_store,Android,一线城市,free,0
U004531,2026-05-20 00:00:00,2026-05-20 00:00:00,short_video_ads,iOS,新一线城市,free,0
U004532,2026-05-04 00:00:00,2026-05-04 00:00:00,short_video_ads,iOS,二线城市,free,0
U004533,2026-05-29 00:00:00,2026-05-29 00:00:00,kol,Android,一线城市,free,0
U004534,2026-05-17 00:00:00,2026-05-17 00:00:00,short_video_ads,iOS,海外,free,0
U004535,2026-05-25 00:00:00,2026-05-25 00:00:00,app_store,Web,海外,free,0
U004536,2026-05-20 00:00:00,2026-05-18 00:00:00,organic,iOS,海外,free,0
U004537,2026-06-10 00:00:00,2026-06-09 00:00:00,short_video_ads,Android,新一线城市,free,0
U004538,2026-06-03 00:00:00,2026-06-03 00:00:00,organic,Android,海外,free,0
U004539,2026-05-11 00:00:00,2026-05-11 00:00:00,app_store,Android,一线城市,free,0
U004540,2026-05-25 00:00:00,2026-05-25 00:00:00,kol,iOS,新一线城市,free,0
U004541,2026-05-04 00:00:00,2026-05-04 00:00:00,organic,iOS,二线城市,free,0
U004542,2026-06-14 00:00:00,2026-06-14 00:00:00,app_store,iOS,一线城市,free,0
U004543,2026-06-04 00:00:00,2026-06-04 00:00:00,app_store,Web,二线城市,payer,1
U004544,2026-06-13 00:00:00,2026-06-13 00:00:00,app_store,iOS,一线城市,free,0
U004545,2026-06-14 00:00:00,2026-06-14 00:00:00,organic,iOS,一线城市,free,0
U004546,2026-06-06 00:00:00,2026-06-06 00:00:00,organic,iOS,一线城市,free,0
U004547,2026-05-06 00:00:00,2026-05-06 00:00:00,search_ads,Android,二线城市,free,0
U004548,2026-06-09 00:00:00,2026-06-08 00:00:00,search_ads,Android,二线城市,free,0
U004549,2026-05-09 00:00:00,2026-05-09 00:00:00,organic,Android,新一线城市,free,0
U004550,2026-06-17 00:00:00,2026-06-17 00:00:00,app_store,Android,二线城市,free,0
U004551,2026-05-25 00:00:00,2026-05-25 00:00:00,app_store,Android,一线城市,free,0
U004552,2026-05-09 00:00:00,2026-05-09 00:00:00,search_ads,iOS,二线城市,payer,1
U004553,2026-05-16 00:00:00,2026-05-16 00:00:00,search_ads,iOS,一线城市,free,0
U004554,2026-05-07 00:00:00,2026-05-07 00:00:00,organic,iOS,新一线城市,free,0
U004555,2026-05-13 00:00:00,2026-05-13 00:00:00,search_ads,iOS,二线城市,free,0
U004556,2026-05-01 00:00:00,2026-05-01 00:00:00,short_video_ads,Android,新一线城市,free,0
U004557,2026-05-17 00:00:00,2026-05-17 00:00:00,referral,iOS,一线城市,free,0
U004558,2026-05-31 00:00:00,2026-05-31 00:00:00,search_ads,Web,新一线城市,free,0
U004559,2026-06-21 00:00:00,2026-06-21 00:00:00,short_video_ads,Web,一线城市,free,0
U004560,2026-06-26 00:00:00,2026-06-26 00:00:00,organic,Android,新一线城市,free,0
U004561,2026-05-14 00:00:00,2026-05-14 00:00:00,organic,iOS,新一线城市,free,0
U004562,2026-05-26 00:00:00,2026-05-26 00:00:00,organic,iOS,一线城市,free,0
U004563,2026-05-22 00:00:00,2026-05-21 00:00:00,kol,iOS,一线城市,payer,1
U004564,2026-05-13 00:00:00,2026-05-13 00:00:00,organic,iOS,一线城市,payer,1
U004565,2026-05-26 00:00:00,2026-05-26 00:00:00,organic,Web,海外,free,0
U004566,2026-05-20 00:00:00,2026-05-20 00:00:00,referral,iOS,二线城市,free,0
U004567,2026-06-09 00:00:00,2026-06-09 00:00:00,search_ads,Android,新一线城市,free,0
U004568,2026-06-25 00:00:00,2026-06-25 00:00:00,short_video_ads,Web,二线城市,free,0
U004569,2026-06-14 00:00:00,2026-06-14 00:00:00,organic,Android,一线城市,free,0
U004570,2026-05-16 00:00:00,2026-05-16 00:00:00,short_video_ads,Web,一线城市,free,0
U004571,2026-06-22 00:00:00,2026-06-22 00:00:00,kol,Web,一线城市,free,0
U004572,2026-05-02 00:00:00,2026-05-02 00:00:00,search_ads,iOS,二线城市,free,0
U004573,2026-06-06 00:00:00,2026-06-06 00:00:00,search_ads,Android,新一线城市,free,0
U004574,2026-06-26 00:00:00,2026-06-26 00:00:00,organic,iOS,一线城市,free,0
U004575,2026-05-29 00:00:00,2026-05-29 00:00:00,referral,iOS,二线城市,payer,1
U004576,2026-05-28 00:00:00,2026-05-28 00:00:00,short_video_ads,Android,新一线城市,free,0
U004577,2026-05-22 00:00:00,2026-05-22 00:00:00,short_video_ads,Web,新一线城市,free,0
U004578,2026-06-07 00:00:00,2026-06-07 00:00:00,organic,iOS,二线城市,free,0
U004579,2026-05-30 00:00:00,2026-05-30 00:00:00,app_store,Web,二线城市,payer,1
U004580,2026-05-07 00:00:00,2026-05-07 00:00:00,organic,iOS,二线城市,free,0
U004581,2026-06-04 00:00:00,2026-06-04 00:00:00,app_store,Android,二线城市,free,0
U004582,2026-05-27 00:00:00,2026-05-27 00:00:00,short_video_ads,Web,二线城市,free,0
U004583,2026-05-14 00:00:00,2026-05-14 00:00:00,short_video_ads,iOS,一线城市,free,0
U004584,2026-06-07 00:00:00,2026-06-06 00:00:00,search_ads,Android,新一线城市,free,0
U004585,2026-05-24 00:00:00,2026-05-24 00:00:00,referral,Android,一线城市,payer,1
U004586,2026-06-08 00:00:00,2026-06-08 00:00:00,referral,Android,新一线城市,free,0
U004587,2026-05-27 00:00:00,2026-05-27 00:00:00,short_video_ads,Web,二线城市,free,0
U004588,2026-05-04 00:00:00,2026-05-04 00:00:00,short_video_ads,Android,海外,free,0
U004589,2026-05-13 00:00:00,2026-05-13 00:00:00,organic,Android,一线城市,free,0
U004590,2026-06-24 00:00:00,2026-06-24 00:00:00,organic,Android,海外,free,0
U004591,2026-06-05 00:00:00,2026-06-05 00:00:00,search_ads,iOS,海外,free,0
U004592,2026-06-02 00:00:00,2026-06-02 00:00:00,search_ads,Android,海外,free,0
U004593,2026-05-16 00:00:00,2026-05-16 00:00:00,app_store,Android,一线城市,free,0
U004594,2026-06-11 00:00:00,2026-06-11 00:00:00,referral,iOS,一线城市,payer,1
U004595,2026-05-06 00:00:00,2026-05-05 00:00:00,short_video_ads,iOS,海外,payer,1
U004596,2026-06-13 00:00:00,2026-06-12 00:00:00,referral,iOS,海外,free,0
U004597,2026-06-26 00:00:00,2026-06-26 00:00:00,kol,Android,新一线城市,free,0
U004598,2026-05-14 00:00:00,2026-05-14 00:00:00,search_ads,iOS,二线城市,free,0
U004599,2026-06-10 00:00:00,2026-06-10 00:00:00,referral,iOS,海外,payer,1
U004600,2026-06-27 00:00:00,2026-06-26 00:00:00,short_video_ads,Web,新一线城市,free,0
U004601,2026-06-25 00:00:00,2026-06-25 00:00:00,referral,Web,新一线城市,free,0
U004602,2026-06-03 00:00:00,2026-06-03 00:00:00,app_store,Web,新一线城市,free,0
U004603,2026-06-06 00:00:00,2026-06-06 00:00:00,short_video_ads,iOS,二线城市,free,0
U004604,2026-06-07 00:00:00,2026-06-07 00:00:00,organic,Android,新一线城市,payer,1
U004605,2026-05-01 00:00:00,2026-05-01 00:00:00,app_store,Web,海外,free,0
U004606,2026-05-27 00:00:00,2026-05-27 00:00:00,organic,iOS,一线城市,payer,1
U004607,2026-05-23 00:00:00,2026-05-23 00:00:00,kol,iOS,新一线城市,free,0
U004608,2026-06-12 00:00:00,2026-06-12 00:00:00,organic,iOS,新一线城市,free,0
U004609,2026-05-04 00:00:00,2026-05-04 00:00:00,referral,Web,新一线城市,free,0
U004610,2026-06-13 00:00:00,2026-06-13 00:00:00,short_video_ads,Android,新一线城市,free,0
U004611,2026-06-20 00:00:00,2026-06-20 00:00:00,search_ads,iOS,二线城市,free,0
U004612,2026-05-12 00:00:00,2026-05-12 00:00:00,referral,Web,新一线城市,free,0
U004613,2026-06-17 00:00:00,2026-06-17 00:00:00,organic,Web,一线城市,free,0
U004614,2026-06-03 00:00:00,2026-06-03 00:00:00,short_video_ads,Android,新一线城市,free,0
U004615,2026-06-01 00:00:00,2026-06-01 00:00:00,short_video_ads,iOS,海外,free,0
U004616,2026-05-04 00:00:00,2026-05-04 00:00:00,short_video_ads,iOS,新一线城市,free,0
U004617,2026-06-29 00:00:00,2026-06-29 00:00:00,short_video_ads,iOS,二线城市,free,0
U004618,2026-05-13 00:00:00,2026-05-13 00:00:00,organic,iOS,一线城市,free,0
U004619,2026-05-23 00:00:00,2026-05-23 00:00:00,organic,Android,一线城市,free,0
U004620,2026-05-08 00:00:00,2026-05-07 00:00:00,short_video_ads,Android,二线城市,free,0
U004621,2026-05-03 00:00:00,2026-05-03 00:00:00,short_video_ads,Android,新一线城市,free,0
U004622,2026-06-28 00:00:00,2026-06-28 00:00:00,short_video_ads,iOS,新一线城市,free,0
U004623,2026-05-10 00:00:00,2026-05-10 00:00:00,short_video_ads,iOS,新一线城市,payer,1
U004624,2026-06-13 00:00:00,2026-06-12 00:00:00,search_ads,Android,二线城市,free,0
U004625,2026-05-15 00:00:00,2026-05-14 00:00:00,organic,iOS,一线城市,free,0
U004626,2026-05-27 00:00:00,2026-05-27 00:00:00,referral,Web,二线城市,free,0
U004627,2026-05-07 00:00:00,2026-05-07 00:00:00,app_store,Android,海外,free,0
U004628,2026-06-27 00:00:00,2026-06-27 00:00:00,kol,Web,新一线城市,free,0
U004629,2026-05-20 00:00:00,2026-05-19 00:00:00,app_store,iOS,新一线城市,free,0
U004630,2026-05-05 00:00:00,2026-05-05 00:00:00,search_ads,iOS,一线城市,free,0
U004631,2026-06-19 00:00:00,2026-06-19 00:00:00,short_video_ads,Android,新一线城市,free,0
U004632,2026-06-26 00:00:00,2026-06-26 00:00:00,short_video_ads,iOS,海外,free,0
U004633,2026-05-26 00:00:00,2026-05-26 00:00:00,referral,Android,一线城市,free,0
U004634,2026-06-16 00:00:00,2026-06-16 00:00:00,short_video_ads,iOS,海外,free,0
U004635,2026-06-17 00:00:00,2026-06-17 00:00:00,organic,Web,一线城市,payer,1
U004636,2026-06-22 00:00:00,2026-06-20 00:00:00,app_store,Android,一线城市,free,0
U004637,2026-06-26 00:00:00,2026-06-26 00:00:00,kol,iOS,二线城市,free,0
U004638,2026-06-22 00:00:00,2026-06-22 00:00:00,app_store,iOS,一线城市,free,0
U004639,2026-05-03 00:00:00,2026-05-03 00:00:00,referral,iOS,二线城市,payer,1
U004640,2026-06-26 00:00:00,2026-06-26 00:00:00,app_store,iOS,二线城市,free,0
U004641,2026-05-11 00:00:00,2026-05-11 00:00:00,organic,iOS,新一线城市,free,0
U004642,2026-05-25 00:00:00,2026-05-25 00:00:00,search_ads,Android,二线城市,payer,1
U004643,2026-06-11 00:00:00,2026-06-11 00:00:00,short_video_ads,iOS,二线城市,free,0
U004644,2026-06-08 00:00:00,2026-06-08 00:00:00,short_video_ads,iOS,二线城市,free,0
U004645,2026-06-13 00:00:00,2026-06-13 00:00:00,search_ads,iOS,海外,payer,1
U004646,2026-06-08 00:00:00,2026-06-08 00:00:00,organic,Android,一线城市,free,0
U004647,2026-06-25 00:00:00,2026-06-25 00:00:00,kol,iOS,二线城市,free,0
U004648,2026-05-28 00:00:00,2026-05-28 00:00:00,app_store,Web,二线城市,free,0
U004649,2026-06-29 00:00:00,2026-06-29 00:00:00,organic,Android,新一线城市,free,0
U004650,2026-05-14 00:00:00,2026-05-14 00:00:00,short_video_ads,Android,海外,free,0
U004651,2026-05-29 00:00:00,2026-05-29 00:00:00,kol,iOS,一线城市,free,0
U004652,2026-05-17 00:00:00,2026-05-17 00:00:00,organic,iOS,新一线城市,free,0
U004653,2026-06-19 00:00:00,2026-06-19 00:00:00,short_video_ads,Android,一线城市,free,0
U004654,2026-06-27 00:00:00,2026-06-27 00:00:00,app_store,iOS,新一线城市,free,0
U004655,2026-05-26 00:00:00,2026-05-26 00:00:00,search_ads,Web,海外,free,0
U004656,2026-05-02 00:00:00,2026-05-02 00:00:00,organic,Web,二线城市,payer,1
U004657,2026-06-28 00:00:00,2026-06-28 00:00:00,kol,Android,新一线城市,free,0
U004658,2026-05-05 00:00:00,2026-05-05 00:00:00,search_ads,Android,海外,free,0
U004659,2026-05-01 00:00:00,2026-05-01 00:00:00,organic,iOS,新一线城市,free,0
U004660,2026-06-17 00:00:00,2026-06-17 00:00:00,app_store,iOS,新一线城市,free,0
U004661,2026-05-12 00:00:00,2026-05-12 00:00:00,organic,Android,海外,free,0
U004662,2026-06-06 00:00:00,2026-06-06 00:00:00,kol,Android,新一线城市,free,0
U004663,2026-05-04 00:00:00,2026-05-04 00:00:00,app_store,Android,二线城市,free,0
U004664,2026-06-06 00:00:00,2026-06-06 00:00:00,kol,Android,一线城市,free,0
U004665,2026-06-10 00:00:00,2026-06-10 00:00:00,organic,iOS,二线城市,free,0
U004666,2026-05-25 00:00:00,2026-05-23 00:00:00,referral,Android,新一线城市,free,0
U004667,2026-06-11 00:00:00,2026-06-11 00:00:00,organic,iOS,新一线城市,free,0
U004668,2026-05-01 00:00:00,2026-05-01 00:00:00,short_video_ads,Android,海外,free,0
U004669,2026-06-18 00:00:00,2026-06-18 00:00:00,short_video_ads,iOS,新一线城市,free,0
U004670,2026-05-12 00:00:00,2026-05-12 00:00:00,organic,Android,二线城市,free,0
U004671,2026-06-29 00:00:00,2026-06-29 00:00:00,kol,Android,新一线城市,free,0
U004672,2026-05-25 00:00:00,2026-05-25 00:00:00,app_store,Android,一线城市,free,0
U004673,2026-06-18 00:00:00,2026-06-18 00:00:00,organic,Android,新一线城市,free,0
U004674,2026-06-12 00:00:00,2026-06-12 00:00:00,short_video_ads,Web,一线城市,payer,1
U004675,2026-06-25 00:00:00,2026-06-25 00:00:00,referral,Android,二线城市,free,0
U004676,2026-06-10 00:00:00,2026-06-10 00:00:00,organic,Web,一线城市,free,0
U004677,2026-05-26 00:00:00,2026-05-26 00:00:00,organic,Android,新一线城市,free,0
U004678,2026-06-03 00:00:00,2026-06-03 00:00:00,app_store,Web,一线城市,free,0
U004679,2026-06-19 00:00:00,2026-06-19 00:00:00,short_video_ads,Android,新一线城市,free,0
U004680,2026-05-19 00:00:00,2026-05-19 00:00:00,organic,Android,新一线城市,free,0
U004681,2026-05-31 00:00:00,2026-05-31 00:00:00,kol,Web,一线城市,free,0
U004682,2026-05-26 00:00:00,2026-05-26 00:00:00,search_ads,iOS,一线城市,free,0
U004683,2026-06-04 00:00:00,2026-06-04 00:00:00,referral,Web,海外,free,0
U004684,2026-05-03 00:00:00,2026-05-03 00:00:00,organic,Web,海外,free,0
U004685,2026-06-20 00:00:00,2026-06-20 00:00:00,organic,Web,海外,payer,1
U004686,2026-05-02 00:00:00,2026-05-02 00:00:00,kol,Web,一线城市,free,0
U004687,2026-06-29 00:00:00,2026-06-29 00:00:00,organic,Android,一线城市,free,0
U004688,2026-06-05 00:00:00,2026-06-04 00:00:00,organic,Android,新一线城市,payer,1
U004689,2026-06-05 00:00:00,2026-06-05 00:00:00,referral,Web,海外,free,0
U004690,2026-05-18 00:00:00,2026-05-18 00:00:00,short_video_ads,Android,新一线城市,free,0
U004691,2026-05-03 00:00:00,2026-05-03 00:00:00,kol,Android,一线城市,free,0
U004692,2026-05-24 00:00:00,2026-05-24 00:00:00,short_video_ads,iOS,一线城市,free,0
U004693,2026-06-29 00:00:00,2026-06-29 00:00:00,short_video_ads,iOS,新一线城市,free,0
U004694,2026-06-16 00:00:00,2026-06-16 00:00:00,short_video_ads,Web,新一线城市,free,0
U004695,2026-05-25 00:00:00,2026-05-25 00:00:00,short_video_ads,iOS,一线城市,payer,1
U004696,2026-06-14 00:00:00,2026-06-13 00:00:00,search_ads,Web,一线城市,free,0
U004697,2026-06-29 00:00:00,2026-06-29 00:00:00,search_ads,iOS,二线城市,free,0
U004698,2026-05-16 00:00:00,2026-05-15 00:00:00,short_video_ads,Android,新一线城市,free,0
U004699,2026-05-12 00:00:00,2026-05-12 00:00:00,search_ads,Android,海外,free,0
U004700,2026-05-28 00:00:00,2026-05-28 00:00:00,short_video_ads,iOS,新一线城市,free,0
U004701,2026-05-16 00:00:00,2026-05-16 00:00:00,referral,Web,新一线城市,free,0
U004702,2026-06-19 00:00:00,2026-06-19 00:00:00,short_video_ads,Android,一线城市,free,0
U004703,2026-05-29 00:00:00,2026-05-29 00:00:00,organic,iOS,一线城市,free,0
U004704,2026-06-21 00:00:00,2026-06-21 00:00:00,app_store,iOS,海外,free,0
U004705,2026-06-01 00:00:00,2026-06-01 00:00:00,organic,Web,海外,free,0
U004706,2026-06-05 00:00:00,2026-06-05 00:00:00,organic,Web,新一线城市,free,0
U004707,2026-05-13 00:00:00,2026-05-13 00:00:00,short_video_ads,Android,一线城市,free,0
U004708,2026-05-07 00:00:00,2026-05-07 00:00:00,short_video_ads,Web,新一线城市,payer,1
U004709,2026-06-24 00:00:00,2026-06-24 00:00:00,organic,iOS,新一线城市,free,0
U004710,2026-06-07 00:00:00,2026-06-07 00:00:00,app_store,iOS,新一线城市,free,0
U004711,2026-05-16 00:00:00,2026-05-16 00:00:00,kol,Android,一线城市,free,0
U004712,2026-05-25 00:00:00,2026-05-25 00:00:00,app_store,Web,一线城市,free,0
U004713,2026-05-06 00:00:00,2026-05-04 00:00:00,referral,iOS,新一线城市,free,0
U004714,2026-05-17 00:00:00,2026-05-17 00:00:00,organic,Android,二线城市,free,0
U004715,2026-05-01 00:00:00,2026-05-01 00:00:00,short_video_ads,Android,新一线城市,free,0
U004716,2026-05-14 00:00:00,2026-05-14 00:00:00,search_ads,Android,新一线城市,free,0
U004717,2026-05-16 00:00:00,2026-05-16 00:00:00,app_store,Android,一线城市,free,0
U004718,2026-05-08 00:00:00,2026-05-08 00:00:00,short_video_ads,Android,一线城市,free,0
U004719,2026-06-29 00:00:00,2026-06-29 00:00:00,short_video_ads,iOS,新一线城市,free,0
U004720,2026-06-12 00:00:00,2026-06-12 00:00:00,referral,Android,二线城市,free,0
U004721,2026-06-15 00:00:00,2026-06-15 00:00:00,kol,iOS,海外,free,0
U004722,2026-05-05 00:00:00,2026-05-05 00:00:00,short_video_ads,Android,新一线城市,free,0
U004723,2026-05-29 00:00:00,2026-05-29 00:00:00,organic,iOS,二线城市,free,0
U004724,2026-05-17 00:00:00,2026-05-17 00:00:00,search_ads,iOS,二线城市,payer,1
U004725,2026-06-09 00:00:00,2026-06-09 00:00:00,search_ads,Android,一线城市,free,0
U004726,2026-05-02 00:00:00,2026-05-02 00:00:00,short_video_ads,Android,新一线城市,free,0
U004727,2026-06-28 00:00:00,2026-06-28 00:00:00,referral,Android,一线城市,free,0
U004728,2026-06-27 00:00:00,2026-06-27 00:00:00,short_video_ads,iOS,新一线城市,free,0
U004729,2026-06-13 00:00:00,2026-06-11 00:00:00,search_ads,iOS,新一线城市,free,0
U004730,2026-06-09 00:00:00,2026-06-09 00:00:00,organic,Web,一线城市,free,0
U004731,2026-05-16 00:00:00,2026-05-16 00:00:00,short_video_ads,Android,二线城市,free,0
U004732,2026-05-31 00:00:00,2026-05-31 00:00:00,referral,Web,二线城市,free,0
U004733,2026-05-05 00:00:00,2026-05-05 00:00:00,kol,iOS,二线城市,free,0
U004734,2026-06-19 00:00:00,2026-06-19 00:00:00,organic,iOS,二线城市,free,0
U004735,2026-05-16 00:00:00,2026-05-16 00:00:00,kol,Web,海外,free,0
U004736,2026-05-11 00:00:00,2026-05-11 00:00:00,app_store,iOS,二线城市,free,0
U004737,2026-06-02 00:00:00,2026-06-02 00:00:00,kol,iOS,一线城市,free,0
U004738,2026-06-09 00:00:00,2026-06-09 00:00:00,short_video_ads,iOS,一线城市,free,0
U004739,2026-05-02 00:00:00,2026-04-30 00:00:00,search_ads,iOS,新一线城市,free,0
U004740,2026-05-24 00:00:00,2026-05-24 00:00:00,short_video_ads,iOS,一线城市,free,0
U004741,2026-06-16 00:00:00,2026-06-16 00:00:00,organic,Web,一线城市,free,0
U004742,2026-05-02 00:00:00,2026-05-02 00:00:00,organic,Web,二线城市,free,0
U004743,2026-06-15 00:00:00,2026-06-15 00:00:00,app_store,Web,二线城市,free,0
U004744,2026-05-20 00:00:00,2026-05-20 00:00:00,kol,iOS,二线城市,free,0
U004745,2026-06-02 00:00:00,2026-06-02 00:00:00,short_video_ads,iOS,一线城市,free,0
U004746,2026-05-25 00:00:00,2026-05-25 00:00:00,kol,Web,新一线城市,free,0
U004747,2026-06-06 00:00:00,2026-06-06 00:00:00,kol,Web,海外,free,0
U004748,2026-06-28 00:00:00,2026-06-28 00:00:00,short_video_ads,Web,一线城市,free,0
U004749,2026-05-18 00:00:00,2026-05-18 00:00:00,search_ads,Android,一线城市,free,0
U004750,2026-05-14 00:00:00,2026-05-14 00:00:00,short_video_ads,Android,海外,payer,1
U004751,2026-05-29 00:00:00,2026-05-29 00:00:00,organic,Web,一线城市,free,0
U004752,2026-05-15 00:00:00,2026-05-15 00:00:00,referral,Web,新一线城市,free,0
U004753,2026-05-28 00:00:00,2026-05-28 00:00:00,search_ads,Web,二线城市,free,0
U004754,2026-05-01 00:00:00,2026-05-01 00:00:00,short_video_ads,iOS,二线城市,free,0
U004755,2026-05-26 00:00:00,2026-05-26 00:00:00,organic,iOS,二线城市,free,0
U004756,2026-05-27 00:00:00,2026-05-27 00:00:00,referral,Android,一线城市,free,0
U004757,2026-06-29 00:00:00,2026-06-29 00:00:00,organic,Android,新一线城市,free,0
U004758,2026-05-20 00:00:00,2026-05-20 00:00:00,short_video_ads,iOS,二线城市,free,0
U004759,2026-05-31 00:00:00,2026-05-31 00:00:00,organic,Android,一线城市,free,0
U004760,2026-05-31 00:00:00,2026-05-31 00:00:00,search_ads,Android,海外,payer,1
U004761,2026-05-26 00:00:00,2026-05-26 00:00:00,organic,Android,一线城市,free,0
U004762,2026-05-15 00:00:00,2026-05-15 00:00:00,short_video_ads,Web,一线城市,free,0
U004763,2026-05-30 00:00:00,2026-05-29 00:00:00,organic,iOS,二线城市,free,0
U004764,2026-06-15 00:00:00,2026-06-15 00:00:00,short_video_ads,iOS,一线城市,free,0
U004765,2026-06-15 00:00:00,2026-06-15 00:00:00,kol,Android,新一线城市,free,0
U004766,2026-05-22 00:00:00,2026-05-22 00:00:00,short_video_ads,Android,二线城市,payer,1
U004767,2026-06-26 00:00:00,2026-06-26 00:00:00,app_store,Android,新一线城市,free,0
U004768,2026-06-12 00:00:00,2026-06-12 00:00:00,referral,Web,一线城市,free,0
U004769,2026-05-16 00:00:00,2026-05-16 00:00:00,short_video_ads,iOS,海外,free,0
U004770,2026-06-15 00:00:00,2026-06-15 00:00:00,kol,iOS,新一线城市,free,0
U004771,2026-06-13 00:00:00,2026-06-13 00:00:00,search_ads,Web,一线城市,free,0
U004772,2026-05-11 00:00:00,2026-05-11 00:00:00,short_video_ads,iOS,新一线城市,free,0
U004773,2026-06-29 00:00:00,2026-06-29 00:00:00,organic,Web,二线城市,free,0
U004774,2026-05-02 00:00:00,2026-05-02 00:00:00,app_store,Android,一线城市,free,0
U004775,2026-05-27 00:00:00,2026-05-27 00:00:00,kol,iOS,二线城市,payer,1
U004776,2026-05-10 00:00:00,2026-05-10 00:00:00,organic,iOS,二线城市,free,0
U004777,2026-05-16 00:00:00,2026-05-16 00:00:00,short_video_ads,Web,新一线城市,free,0
U004778,2026-05-02 00:00:00,2026-05-02 00:00:00,search_ads,iOS,新一线城市,free,0
U004779,2026-05-10 00:00:00,2026-05-10 00:00:00,search_ads,Android,一线城市,free,0
U004780,2026-06-04 00:00:00,2026-06-04 00:00:00,referral,Android,一线城市,free,0
U004781,2026-05-24 00:00:00,2026-05-24 00:00:00,organic,iOS,新一线城市,free,0
U004782,2026-06-04 00:00:00,2026-06-04 00:00:00,app_store,Web,一线城市,free,0
U004783,2026-06-22 00:00:00,2026-06-22 00:00:00,organic,Web,一线城市,free,0
U004784,2026-06-27 00:00:00,2026-06-27 00:00:00,search_ads,Web,一线城市,payer,1
U004785,2026-05-20 00:00:00,2026-05-20 00:00:00,organic,iOS,一线城市,free,0
U004786,2026-05-22 00:00:00,2026-05-22 00:00:00,short_video_ads,Web,二线城市,free,0
U004787,2026-05-24 00:00:00,2026-05-24 00:00:00,organic,iOS,新一线城市,free,0
U004788,2026-05-03 00:00:00,2026-05-03 00:00:00,organic,Android,海外,free,0
U004789,2026-05-08 00:00:00,2026-05-08 00:00:00,app_store,iOS,海外,free,0
U004790,2026-06-11 00:00:00,2026-06-11 00:00:00,referral,iOS,一线城市,free,0
U004791,2026-05-29 00:00:00,2026-05-29 00:00:00,app_store,Web,一线城市,free,0
U004792,2026-05-08 00:00:00,2026-05-08 00:00:00,kol,Android,二线城市,free,0
U004793,2026-05-12 00:00:00,2026-05-12 00:00:00,app_store,iOS,二线城市,free,0
U004794,2026-05-13 00:00:00,2026-05-12 00:00:00,organic,Web,二线城市,free,0
U004795,2026-06-10 00:00:00,2026-06-10 00:00:00,app_store,iOS,新一线城市,free,0
U004796,2026-06-25 00:00:00,2026-06-25 00:00:00,search_ads,Web,一线城市,free,0
U004797,2026-06-15 00:00:00,2026-06-15 00:00:00,kol,iOS,海外,free,0
U004798,2026-05-04 00:00:00,2026-05-04 00:00:00,app_store,Web,海外,free,0
U004799,2026-06-16 00:00:00,2026-06-16 00:00:00,kol,iOS,新一线城市,free,0
U004800,2026-06-15 00:00:00,2026-06-14 00:00:00,kol,iOS,新一线城市,free,0
U004801,2026-06-11 00:00:00,2026-06-11 00:00:00,short_video_ads,Android,新一线城市,free,0
U004802,2026-05-14 00:00:00,2026-05-14 00:00:00,app_store,Web,二线城市,free,0
U004803,2026-06-07 00:00:00,2026-06-07 00:00:00,short_video_ads,Web,一线城市,free,0
U004804,2026-06-26 00:00:00,2026-06-26 00:00:00,app_store,Android,新一线城市,free,0
U004805,2026-05-05 00:00:00,2026-05-05 00:00:00,search_ads,Android,二线城市,free,0
U004806,2026-06-22 00:00:00,2026-06-22 00:00:00,search_ads,Web,一线城市,free,0
U004807,2026-05-23 00:00:00,2026-05-23 00:00:00,organic,Web,二线城市,free,0
U004808,2026-06-07 00:00:00,2026-06-07 00:00:00,search_ads,Android,一线城市,free,0
U004809,2026-05-31 00:00:00,2026-05-31 00:00:00,organic,Android,一线城市,free,0
U004810,2026-05-12 00:00:00,2026-05-12 00:00:00,organic,Android,新一线城市,free,0
U004811,2026-06-19 00:00:00,2026-06-19 00:00:00,short_video_ads,Android,新一线城市,free,0
U004812,2026-06-03 00:00:00,2026-06-03 00:00:00,referral,iOS,一线城市,payer,1
U004813,2026-06-13 00:00:00,2026-06-13 00:00:00,app_store,iOS,二线城市,free,0
U004814,2026-05-29 00:00:00,2026-05-29 00:00:00,short_video_ads,Android,新一线城市,free,0
U004815,2026-05-18 00:00:00,2026-05-18 00:00:00,kol,Android,一线城市,payer,1
U004816,2026-05-22 00:00:00,2026-05-22 00:00:00,short_video_ads,iOS,新一线城市,free,0
U004817,2026-06-10 00:00:00,2026-06-10 00:00:00,organic,Web,海外,free,0
U004818,2026-05-01 00:00:00,2026-05-01 00:00:00,app_store,iOS,海外,free,0
U004819,2026-06-06 00:00:00,2026-06-06 00:00:00,kol,Android,一线城市,payer,1
U004820,2026-06-23 00:00:00,2026-06-23 00:00:00,app_store,Web,新一线城市,free,0
U004821,2026-05-15 00:00:00,2026-05-15 00:00:00,organic,Web,新一线城市,free,0
U004822,2026-06-24 00:00:00,2026-06-24 00:00:00,search_ads,Web,一线城市,free,0
U004823,2026-06-21 00:00:00,2026-06-21 00:00:00,app_store,iOS,新一线城市,free,0
U004824,2026-06-09 00:00:00,2026-06-09 00:00:00,app_store,iOS,一线城市,free,0
U004825,2026-05-09 00:00:00,2026-05-09 00:00:00,search_ads,Android,新一线城市,free,0
U004826,2026-05-25 00:00:00,2026-05-25 00:00:00,referral,Android,新一线城市,free,0
U004827,2026-05-06 00:00:00,2026-05-06 00:00:00,short_video_ads,iOS,一线城市,free,0
U004828,2026-05-17 00:00:00,2026-05-16 00:00:00,kol,Android,新一线城市,free,0
U004829,2026-06-13 00:00:00,2026-06-13 00:00:00,short_video_ads,Android,海外,free,0
U004830,2026-06-10 00:00:00,2026-06-10 00:00:00,organic,Web,海外,free,0
U004831,2026-05-07 00:00:00,2026-05-05 00:00:00,search_ads,Android,海外,free,0
U004832,2026-06-21 00:00:00,2026-06-21 00:00:00,organic,Android,一线城市,free,0
U004833,2026-06-05 00:00:00,2026-06-05 00:00:00,short_video_ads,Web,新一线城市,free,0
U004834,2026-05-27 00:00:00,2026-05-27 00:00:00,app_store,Android,海外,free,0
U004835,2026-06-09 00:00:00,2026-06-09 00:00:00,search_ads,Android,一线城市,free,0
U004836,2026-05-26 00:00:00,2026-05-26 00:00:00,short_video_ads,iOS,新一线城市,free,0
U004837,2026-06-13 00:00:00,2026-06-13 00:00:00,search_ads,Android,二线城市,free,0
U004838,2026-05-15 00:00:00,2026-05-15 00:00:00,kol,Android,新一线城市,free,0
U004839,2026-05-06 00:00:00,2026-05-06 00:00:00,organic,iOS,新一线城市,free,0
U004840,2026-06-23 00:00:00,2026-06-23 00:00:00,organic,Android,新一线城市,free,0
U004841,2026-05-10 00:00:00,2026-05-10 00:00:00,referral,iOS,新一线城市,free,0
U004842,2026-05-28 00:00:00,2026-05-28 00:00:00,short_video_ads,Android,新一线城市,free,0
U004843,2026-05-05 00:00:00,2026-05-05 00:00:00,app_store,iOS,二线城市,free,0
U004844,2026-05-06 00:00:00,2026-05-06 00:00:00,app_store,iOS,二线城市,free,0
U004845,2026-06-03 00:00:00,2026-06-03 00:00:00,search_ads,Web,海外,free,0
U004846,2026-05-29 00:00:00,2026-05-29 00:00:00,referral,iOS,新一线城市,free,0
U004847,2026-05-05 00:00:00,2026-05-05 00:00:00,search_ads,Web,海外,free,0
U004848,2026-06-03 00:00:00,2026-06-03 00:00:00,organic,iOS,新一线城市,free,0
U004849,2026-06-13 00:00:00,2026-06-13 00:00:00,organic,iOS,二线城市,free,0
U004850,2026-05-20 00:00:00,2026-05-20 00:00:00,organic,Web,新一线城市,free,0
U004851,2026-05-28 00:00:00,2026-05-28 00:00:00,referral,Web,新一线城市,free,0
U004852,2026-05-06 00:00:00,2026-05-06 00:00:00,organic,Android,二线城市,free,0
U004853,2026-06-22 00:00:00,2026-06-22 00:00:00,kol,Web,新一线城市,free,0
U004854,2026-05-05 00:00:00,2026-05-05 00:00:00,referral,iOS,一线城市,free,0
U004855,2026-05-14 00:00:00,2026-05-14 00:00:00,app_store,iOS,新一线城市,free,0
U004856,2026-06-25 00:00:00,2026-06-24 00:00:00,short_video_ads,Android,一线城市,free,0
U004857,2026-06-18 00:00:00,2026-06-18 00:00:00,organic,Android,新一线城市,free,0
U004858,2026-06-27 00:00:00,2026-06-27 00:00:00,search_ads,Web,一线城市,free,0
U004859,2026-05-17 00:00:00,2026-05-17 00:00:00,referral,Android,新一线城市,free,0
U004860,2026-06-04 00:00:00,2026-06-04 00:00:00,organic,iOS,新一线城市,free,0
U004861,2026-05-26 00:00:00,2026-05-26 00:00:00,kol,Android,一线城市,payer,1
U004862,2026-05-03 00:00:00,2026-05-03 00:00:00,kol,Android,一线城市,free,0
U004863,2026-06-20 00:00:00,2026-06-20 00:00:00,search_ads,iOS,新一线城市,free,0
U004864,2026-06-11 00:00:00,2026-06-11 00:00:00,kol,Web,一线城市,free,0
U004865,2026-06-27 00:00:00,2026-06-27 00:00:00,organic,Android,二线城市,free,0
U004866,2026-06-17 00:00:00,2026-06-17 00:00:00,referral,Android,一线城市,free,0
U004867,2026-05-27 00:00:00,2026-05-27 00:00:00,referral,Android,二线城市,free,0
U004868,2026-05-20 00:00:00,2026-05-20 00:00:00,app_store,Android,一线城市,free,0
U004869,2026-05-09 00:00:00,2026-05-09 00:00:00,short_video_ads,Android,一线城市,free,0
U004870,2026-06-09 00:00:00,2026-06-09 00:00:00,organic,Android,新一线城市,payer,1
U004871,2026-05-21 00:00:00,2026-05-19 00:00:00,search_ads,iOS,新一线城市,free,0
U004872,2026-05-29 00:00:00,2026-05-29 00:00:00,search_ads,Android,新一线城市,free,0
U004873,2026-05-30 00:00:00,2026-05-30 00:00:00,search_ads,Web,一线城市,free,0
U004874,2026-05-23 00:00:00,2026-05-22 00:00:00,organic,Web,一线城市,free,0
U004875,2026-05-15 00:00:00,2026-05-15 00:00:00,organic,Web,一线城市,free,0
U004876,2026-05-10 00:00:00,2026-05-10 00:00:00,app_store,Android,海外,free,0
U004877,2026-05-10 00:00:00,2026-05-10 00:00:00,referral,iOS,二线城市,free,0
U004878,2026-06-22 00:00:00,2026-06-22 00:00:00,search_ads,Android,一线城市,free,0
U004879,2026-06-03 00:00:00,2026-06-03 00:00:00,referral,Android,一线城市,free,0
U004880,2026-06-18 00:00:00,2026-06-18 00:00:00,app_store,Web,一线城市,free,0
U004881,2026-06-07 00:00:00,2026-06-07 00:00:00,short_video_ads,Web,一线城市,free,0
U004882,2026-05-08 00:00:00,2026-05-08 00:00:00,kol,iOS,二线城市,free,0
U004883,2026-06-14 00:00:00,2026-06-14 00:00:00,organic,Android,一线城市,free,0
U004884,2026-06-21 00:00:00,2026-06-21 00:00:00,referral,Web,二线城市,free,0
U004885,2026-05-02 00:00:00,2026-05-02 00:00:00,organic,Android,新一线城市,free,0
U004886,2026-06-18 00:00:00,2026-06-18 00:00:00,search_ads,Web,二线城市,free,0
U004887,2026-05-25 00:00:00,2026-05-25 00:00:00,organic,iOS,一线城市,free,0
U004888,2026-06-16 00:00:00,2026-06-16 00:00:00,app_store,Android,二线城市,free,0
U004889,2026-05-13 00:00:00,2026-05-13 00:00:00,kol,Web,一线城市,free,0
U004890,2026-05-20 00:00:00,2026-05-20 00:00:00,short_video_ads,Android,海外,free,0
U004891,2026-05-11 00:00:00,2026-05-11 00:00:00,short_video_ads,iOS,一线城市,free,0
U004892,2026-05-02 00:00:00,2026-05-02 00:00:00,kol,iOS,一线城市,payer,1
U004893,2026-05-03 00:00:00,2026-05-03 00:00:00,search_ads,Android,一线城市,free,0
U004894,2026-05-13 00:00:00,2026-05-13 00:00:00,short_video_ads,Android,二线城市,free,0
U004895,2026-06-16 00:00:00,2026-06-16 00:00:00,search_ads,Android,一线城市,free,0
U004896,2026-05-17 00:00:00,2026-05-17 00:00:00,referral,Android,二线城市,free,0
U004897,2026-06-23 00:00:00,2026-06-23 00:00:00,short_video_ads,Android,海外,free,0
U004898,2026-05-17 00:00:00,2026-05-17 00:00:00,organic,iOS,海外,free,0
U004899,2026-05-18 00:00:00,2026-05-18 00:00:00,short_video_ads,iOS,新一线城市,free,0
U004900,2026-06-19 00:00:00,2026-06-19 00:00:00,short_video_ads,Android,新一线城市,free,0
U004901,2026-06-16 00:00:00,2026-06-16 00:00:00,referral,Web,新一线城市,free,0
U004902,2026-06-05 00:00:00,2026-06-05 00:00:00,organic,Android,一线城市,free,0
U004903,2026-05-16 00:00:00,2026-05-16 00:00:00,app_store,Web,新一线城市,free,0
U004904,2026-05-25 00:00:00,2026-05-25 00:00:00,referral,iOS,新一线城市,free,0
U004905,2026-06-08 00:00:00,2026-06-08 00:00:00,app_store,iOS,一线城市,free,0
U004906,2026-05-23 00:00:00,2026-05-23 00:00:00,kol,Web,一线城市,payer,1
U004907,2026-06-01 00:00:00,2026-06-01 00:00:00,referral,Android,一线城市,payer,1
U004908,2026-05-04 00:00:00,2026-05-04 00:00:00,search_ads,iOS,海外,free,0
U004909,2026-06-25 00:00:00,2026-06-25 00:00:00,app_store,Web,新一线城市,free,0
U004910,2026-06-05 00:00:00,2026-06-04 00:00:00,app_store,Web,一线城市,free,0
U004911,2026-06-19 00:00:00,2026-06-19 00:00:00,organic,Web,海外,payer,1
U004912,2026-05-31 00:00:00,2026-05-31 00:00:00,short_video_ads,iOS,二线城市,free,0
U004913,2026-06-13 00:00:00,2026-06-13 00:00:00,short_video_ads,Web,一线城市,free,0
U004914,2026-05-16 00:00:00,2026-05-16 00:00:00,app_store,iOS,一线城市,free,0
U004915,2026-06-13 00:00:00,2026-06-13 00:00:00,organic,Web,新一线城市,free,0
U004916,2026-05-08 00:00:00,2026-05-08 00:00:00,referral,Android,新一线城市,payer,1
U004917,2026-05-23 00:00:00,2026-05-23 00:00:00,search_ads,Web,海外,free,0
U004918,2026-06-21 00:00:00,2026-06-20 00:00:00,kol,Web,新一线城市,payer,1
U004919,2026-05-02 00:00:00,2026-05-02 00:00:00,kol,iOS,二线城市,free,0
U004920,2026-06-25 00:00:00,2026-06-25 00:00:00,short_video_ads,Web,一线城市,free,0
U004921,2026-05-12 00:00:00,2026-05-12 00:00:00,app_store,iOS,海外,free,0
U004922,2026-06-09 00:00:00,2026-06-08 00:00:00,referral,iOS,新一线城市,free,0
U004923,2026-05-16 00:00:00,2026-05-16 00:00:00,organic,Android,一线城市,payer,1
U004924,2026-05-29 00:00:00,2026-05-28 00:00:00,app_store,Android,新一线城市,payer,1
U004925,2026-05-03 00:00:00,2026-05-03 00:00:00,short_video_ads,iOS,二线城市,free,0
U004926,2026-05-30 00:00:00,2026-05-30 00:00:00,search_ads,iOS,新一线城市,payer,1
U004927,2026-05-11 00:00:00,2026-05-11 00:00:00,referral,iOS,新一线城市,free,0
U004928,2026-06-11 00:00:00,2026-06-11 00:00:00,search_ads,iOS,新一线城市,free,0
U004929,2026-06-06 00:00:00,2026-06-06 00:00:00,referral,iOS,一线城市,free,0
U004930,2026-05-01 00:00:00,2026-05-01 00:00:00,kol,Android,二线城市,free,0
U004931,2026-06-06 00:00:00,2026-06-06 00:00:00,organic,iOS,二线城市,free,0
U004932,2026-05-15 00:00:00,2026-05-15 00:00:00,kol,Web,一线城市,free,0
U004933,2026-06-04 00:00:00,2026-06-04 00:00:00,organic,iOS,二线城市,free,0
U004934,2026-05-01 00:00:00,2026-05-01 00:00:00,organic,iOS,新一线城市,free,0
U004935,2026-06-03 00:00:00,2026-06-03 00:00:00,kol,Android,新一线城市,free,0
U004936,2026-05-25 00:00:00,2026-05-24 00:00:00,app_store,iOS,二线城市,free,0
U004937,2026-05-03 00:00:00,2026-05-03 00:00:00,kol,iOS,一线城市,free,0
U004938,2026-06-10 00:00:00,2026-06-10 00:00:00,organic,Android,二线城市,free,0
U004939,2026-05-26 00:00:00,2026-05-26 00:00:00,app_store,iOS,新一线城市,free,0
U004940,2026-06-27 00:00:00,2026-06-27 00:00:00,kol,Web,二线城市,free,0
U004941,2026-05-02 00:00:00,2026-05-02 00:00:00,organic,Android,一线城市,free,0
U004942,2026-05-02 00:00:00,2026-05-02 00:00:00,organic,Web,新一线城市,free,0
U004943,2026-05-07 00:00:00,2026-05-07 00:00:00,short_video_ads,iOS,二线城市,free,0
U004944,2026-05-24 00:00:00,2026-05-24 00:00:00,short_video_ads,iOS,二线城市,free,0
U004945,2026-05-21 00:00:00,2026-05-21 00:00:00,app_store,iOS,一线城市,free,0
U004946,2026-05-21 00:00:00,2026-05-21 00:00:00,organic,Android,新一线城市,free,0
U004947,2026-05-07 00:00:00,2026-05-07 00:00:00,search_ads,Android,新一线城市,free,0
U004948,2026-06-26 00:00:00,2026-06-26 00:00:00,organic,Web,新一线城市,free,0
U004949,2026-06-15 00:00:00,2026-06-15 00:00:00,organic,iOS,新一线城市,free,0
U004950,2026-05-28 00:00:00,2026-05-28 00:00:00,app_store,Android,二线城市,free,0
U004951,2026-05-14 00:00:00,2026-05-14 00:00:00,app_store,iOS,新一线城市,payer,1
U004952,2026-06-08 00:00:00,2026-06-08 00:00:00,app_store,Web,一线城市,free,0
U004953,2026-05-31 00:00:00,2026-05-31 00:00:00,referral,iOS,一线城市,free,0
U004954,2026-06-06 00:00:00,2026-06-06 00:00:00,kol,iOS,二线城市,free,0
U004955,2026-06-04 00:00:00,2026-06-04 00:00:00,short_video_ads,Web,一线城市,payer,1
U004956,2026-05-09 00:00:00,2026-05-09 00:00:00,organic,iOS,新一线城市,free,0
U004957,2026-05-08 00:00:00,2026-05-08 00:00:00,app_store,Android,二线城市,free,0
U004958,2026-05-23 00:00:00,2026-05-23 00:00:00,search_ads,Android,新一线城市,free,0
U004959,2026-06-01 00:00:00,2026-05-31 00:00:00,app_store,iOS,新一线城市,payer,1
U004960,2026-05-09 00:00:00,2026-05-09 00:00:00,referral,Android,二线城市,free,0
U004961,2026-06-12 00:00:00,2026-06-12 00:00:00,organic,Android,一线城市,free,0
U004962,2026-06-03 00:00:00,2026-06-03 00:00:00,short_video_ads,iOS,一线城市,free,0
U004963,2026-05-02 00:00:00,2026-05-02 00:00:00,referral,Android,二线城市,payer,1
U004964,2026-05-22 00:00:00,2026-05-22 00:00:00,short_video_ads,iOS,新一线城市,free,0
U004965,2026-05-04 00:00:00,2026-05-04 00:00:00,search_ads,iOS,二线城市,free,0
U004966,2026-05-15 00:00:00,2026-05-15 00:00:00,kol,iOS,二线城市,free,0
U004967,2026-06-12 00:00:00,2026-06-12 00:00:00,search_ads,iOS,二线城市,free,0
U004968,2026-06-23 00:00:00,2026-06-23 00:00:00,short_video_ads,Android,一线城市,free,0
U004969,2026-05-21 00:00:00,2026-05-21 00:00:00,app_store,Android,一线城市,free,0
U004970,2026-06-10 00:00:00,2026-06-10 00:00:00,app_store,Android,一线城市,free,0
U004971,2026-05-03 00:00:00,2026-05-02 00:00:00,search_ads,iOS,二线城市,payer,1
U004972,2026-06-10 00:00:00,2026-06-10 00:00:00,organic,Android,二线城市,free,0
U004973,2026-05-16 00:00:00,2026-05-16 00:00:00,organic,Android,新一线城市,free,0
U004974,2026-06-10 00:00:00,2026-06-10 00:00:00,referral,iOS,新一线城市,free,0
U004975,2026-06-20 00:00:00,2026-06-20 00:00:00,organic,Android,新一线城市,free,0
U004976,2026-05-11 00:00:00,2026-05-11 00:00:00,referral,iOS,新一线城市,free,0
U004977,2026-05-11 00:00:00,2026-05-11 00:00:00,short_video_ads,iOS,海外,free,0
U004978,2026-05-13 00:00:00,2026-05-13 00:00:00,kol,iOS,一线城市,free,0
U004979,2026-06-28 00:00:00,2026-06-28 00:00:00,search_ads,iOS,二线城市,free,0
U004980,2026-06-06 00:00:00,2026-06-06 00:00:00,kol,Web,一线城市,free,0
U004981,2026-05-09 00:00:00,2026-05-09 00:00:00,kol,Android,二线城市,free,0
U004982,2026-06-29 00:00:00,2026-06-29 00:00:00,organic,iOS,海外,free,0
U004983,2026-05-30 00:00:00,2026-05-30 00:00:00,search_ads,Web,海外,free,0
U004984,2026-05-01 00:00:00,2026-05-01 00:00:00,organic,Android,海外,free,0
U004985,2026-05-03 00:00:00,2026-05-03 00:00:00,short_video_ads,Web,一线城市,payer,1
U004986,2026-05-06 00:00:00,2026-05-06 00:00:00,short_video_ads,iOS,新一线城市,free,0
U004987,2026-06-01 00:00:00,2026-06-01 00:00:00,referral,Web,一线城市,free,0
U004988,2026-05-02 00:00:00,2026-05-02 00:00:00,kol,iOS,新一线城市,free,0
U004989,2026-06-27 00:00:00,2026-06-27 00:00:00,app_store,Web,二线城市,free,0
U004990,2026-05-12 00:00:00,2026-05-12 00:00:00,search_ads,Android,新一线城市,free,0
U004991,2026-06-20 00:00:00,2026-06-20 00:00:00,app_store,Android,新一线城市,free,0
U004992,2026-05-02 00:00:00,2026-05-02 00:00:00,short_video_ads,Android,二线城市,free,0
U004993,2026-06-18 00:00:00,2026-06-18 00:00:00,app_store,Android,二线城市,free,0
U004994,2026-05-12 00:00:00,2026-05-12 00:00:00,organic,iOS,海外,free,0
U004995,2026-06-19 00:00:00,2026-06-19 00:00:00,app_store,iOS,海外,free,0
U004996,2026-06-12 00:00:00,2026-06-12 00:00:00,short_video_ads,Android,二线城市,free,0
U004997,2026-06-08 00:00:00,2026-06-08 00:00:00,organic,Android,一线城市,free,0
U004998,2026-05-13 00:00:00,2026-05-13 00:00:00,kol,Web,海外,free,0
U004999,2026-05-02 00:00:00,2026-05-02 00:00:00,app_store,Android,一线城市,free,0
U005000,2026-05-29 00:00:00,2026-05-29 00:00:00,organic,iOS,海外,free,0
